<?xml version="1.0" encoding="UTF-8"?>
<gpx xmlns:gpxdata="http://www.cluetrust.com/XML/GPXDATA/1/0" xmlns:xsi="http://www.w3.org/2001/XMLSchema-instance" xmlns="http://www.topografix.com/GPX/1/1" version="1.1" creator="http://ridewithgps.com/" xsi:schemaLocation="http://www.topografix.com/GPX/1/1 http://www.topografix.com/GPX/1/1/gpx.xsd http://www.cluetrust.com/XML/GPXDATA/1/0 http://www.cluetrust.com/Schemas/gpxdata10.xsd">
  <metadata>
    <name>Official Cheq Short &amp; Fat </name>
    <link href="https://ridewithgps.com/routes/37117417">
      <text>Official Cheq Short &amp; Fat </text>
    </link>
    <time>2021-08-11T16:31:47Z</time>
  </metadata>
  <trk>
    <name>Official Cheq Short &amp; Fat </name>
    <trkseg>
      <trkpt lat="46.193318" lon="-91.257636">
        <ele>416.2</ele>
      </trkpt>
      <trkpt lat="46.193264" lon="-91.258758">
        <ele>418.4</ele>
      </trkpt>
      <trkpt lat="46.19321" lon="-91.25875">
        <ele>419.1</ele>
      </trkpt>
      <trkpt lat="46.19318" lon="-91.25902">
        <ele>418.8</ele>
      </trkpt>
      <trkpt lat="46.19318" lon="-91.25902">
        <ele>418.8</ele>
      </trkpt>
      <trkpt lat="46.1931" lon="-91.25974">
        <ele>421.8</ele>
      </trkpt>
      <trkpt lat="46.193069" lon="-91.259732">
        <ele>421.9</ele>
      </trkpt>
      <trkpt lat="46.193069" lon="-91.259732">
        <ele>421.9</ele>
      </trkpt>
      <trkpt lat="46.193119" lon="-91.261744">
        <ele>421.1</ele>
      </trkpt>
      <trkpt lat="46.193119" lon="-91.261744">
        <ele>421.1</ele>
      </trkpt>
      <trkpt lat="46.193113" lon="-91.26415">
        <ele>416.5</ele>
      </trkpt>
      <trkpt lat="46.192991" lon="-91.26462">
        <ele>417.0</ele>
      </trkpt>
      <trkpt lat="46.192752" lon="-91.264814">
        <ele>417.8</ele>
      </trkpt>
      <trkpt lat="46.192463" lon="-91.264879">
        <ele>419.0</ele>
      </trkpt>
      <trkpt lat="46.192018" lon="-91.264761">
        <ele>420.2</ele>
      </trkpt>
      <trkpt lat="46.191784" lon="-91.264913">
        <ele>421.3</ele>
      </trkpt>
      <trkpt lat="46.191675" lon="-91.265021">
        <ele>422.1</ele>
      </trkpt>
      <trkpt lat="46.191524" lon="-91.265087">
        <ele>422.7</ele>
      </trkpt>
      <trkpt lat="46.191189" lon="-91.265308">
        <ele>425.0</ele>
      </trkpt>
      <trkpt lat="46.191078" lon="-91.265623">
        <ele>427.6</ele>
      </trkpt>
      <trkpt lat="46.191047" lon="-91.266202">
        <ele>430.3</ele>
      </trkpt>
      <trkpt lat="46.190996" lon="-91.266416">
        <ele>431.5</ele>
      </trkpt>
      <trkpt lat="46.190909" lon="-91.266736">
        <ele>432.2</ele>
      </trkpt>
      <trkpt lat="46.190813" lon="-91.267032">
        <ele>433.2</ele>
      </trkpt>
      <trkpt lat="46.190841" lon="-91.267672">
        <ele>438.1</ele>
      </trkpt>
      <trkpt lat="46.190829" lon="-91.267901">
        <ele>439.6</ele>
      </trkpt>
      <trkpt lat="46.190798" lon="-91.268124">
        <ele>439.3</ele>
      </trkpt>
      <trkpt lat="46.190758" lon="-91.268221">
        <ele>438.6</ele>
      </trkpt>
      <trkpt lat="46.190749" lon="-91.268396">
        <ele>437.4</ele>
      </trkpt>
      <trkpt lat="46.190749" lon="-91.268554">
        <ele>437.2</ele>
      </trkpt>
      <trkpt lat="46.190763" lon="-91.268628">
        <ele>437.0</ele>
      </trkpt>
      <trkpt lat="46.19078" lon="-91.268715">
        <ele>436.7</ele>
      </trkpt>
      <trkpt lat="46.19081" lon="-91.268883">
        <ele>435.5</ele>
      </trkpt>
      <trkpt lat="46.190817" lon="-91.268937">
        <ele>435.4</ele>
      </trkpt>
      <trkpt lat="46.190833" lon="-91.269056">
        <ele>435.4</ele>
      </trkpt>
      <trkpt lat="46.190823" lon="-91.26921">
        <ele>436.1</ele>
      </trkpt>
      <trkpt lat="46.190807" lon="-91.269272">
        <ele>436.3</ele>
      </trkpt>
      <trkpt lat="46.190788" lon="-91.269344">
        <ele>436.2</ele>
      </trkpt>
      <trkpt lat="46.190728" lon="-91.269486">
        <ele>435.2</ele>
      </trkpt>
      <trkpt lat="46.190689" lon="-91.269643">
        <ele>433.3</ele>
      </trkpt>
      <trkpt lat="46.190645" lon="-91.269772">
        <ele>432.6</ele>
      </trkpt>
      <trkpt lat="46.190634" lon="-91.269806">
        <ele>432.7</ele>
      </trkpt>
      <trkpt lat="46.190566" lon="-91.269953">
        <ele>432.9</ele>
      </trkpt>
      <trkpt lat="46.190523" lon="-91.270094">
        <ele>432.7</ele>
      </trkpt>
      <trkpt lat="46.190513" lon="-91.270198">
        <ele>432.3</ele>
      </trkpt>
      <trkpt lat="46.190508" lon="-91.270248">
        <ele>432.2</ele>
      </trkpt>
      <trkpt lat="46.190514" lon="-91.270405">
        <ele>431.9</ele>
      </trkpt>
      <trkpt lat="46.190507" lon="-91.270543">
        <ele>431.7</ele>
      </trkpt>
      <trkpt lat="46.190505" lon="-91.270685">
        <ele>431.5</ele>
      </trkpt>
      <trkpt lat="46.190526" lon="-91.270852">
        <ele>431.3</ele>
      </trkpt>
      <trkpt lat="46.190526" lon="-91.270993">
        <ele>432.0</ele>
      </trkpt>
      <trkpt lat="46.190537" lon="-91.271138">
        <ele>432.2</ele>
      </trkpt>
      <trkpt lat="46.190554" lon="-91.271278">
        <ele>431.8</ele>
      </trkpt>
      <trkpt lat="46.190556" lon="-91.271291">
        <ele>431.8</ele>
      </trkpt>
      <trkpt lat="46.190605" lon="-91.271432">
        <ele>433.7</ele>
      </trkpt>
      <trkpt lat="46.190682" lon="-91.271558">
        <ele>435.9</ele>
      </trkpt>
      <trkpt lat="46.190735" lon="-91.271657">
        <ele>436.8</ele>
      </trkpt>
      <trkpt lat="46.190796" lon="-91.271781">
        <ele>437.0</ele>
      </trkpt>
      <trkpt lat="46.190814" lon="-91.271864">
        <ele>437.4</ele>
      </trkpt>
      <trkpt lat="46.190827" lon="-91.271921">
        <ele>437.8</ele>
      </trkpt>
      <trkpt lat="46.190827" lon="-91.272053">
        <ele>438.9</ele>
      </trkpt>
      <trkpt lat="46.190843" lon="-91.272179">
        <ele>439.7</ele>
      </trkpt>
      <trkpt lat="46.190835" lon="-91.272288">
        <ele>440.6</ele>
      </trkpt>
      <trkpt lat="46.190843" lon="-91.27241">
        <ele>441.6</ele>
      </trkpt>
      <trkpt lat="46.190857" lon="-91.272494">
        <ele>442.1</ele>
      </trkpt>
      <trkpt lat="46.190866" lon="-91.272547">
        <ele>442.3</ele>
      </trkpt>
      <trkpt lat="46.190929" lon="-91.272651">
        <ele>442.8</ele>
      </trkpt>
      <trkpt lat="46.19098" lon="-91.272745">
        <ele>443.2</ele>
      </trkpt>
      <trkpt lat="46.191033" lon="-91.272833">
        <ele>443.9</ele>
      </trkpt>
      <trkpt lat="46.191056" lon="-91.272891">
        <ele>444.3</ele>
      </trkpt>
      <trkpt lat="46.191073" lon="-91.272933">
        <ele>444.5</ele>
      </trkpt>
      <trkpt lat="46.191103" lon="-91.273023">
        <ele>444.9</ele>
      </trkpt>
      <trkpt lat="46.191106" lon="-91.273155">
        <ele>444.8</ele>
      </trkpt>
      <trkpt lat="46.191089" lon="-91.273291">
        <ele>445.1</ele>
      </trkpt>
      <trkpt lat="46.191085" lon="-91.273373">
        <ele>445.8</ele>
      </trkpt>
      <trkpt lat="46.191084" lon="-91.273407">
        <ele>446.2</ele>
      </trkpt>
      <trkpt lat="46.191032" lon="-91.273484">
        <ele>447.5</ele>
      </trkpt>
      <trkpt lat="46.190954" lon="-91.273529">
        <ele>448.1</ele>
      </trkpt>
      <trkpt lat="46.190873" lon="-91.273568">
        <ele>448.4</ele>
      </trkpt>
      <trkpt lat="46.190785" lon="-91.273627">
        <ele>449.1</ele>
      </trkpt>
      <trkpt lat="46.190702" lon="-91.273646">
        <ele>449.2</ele>
      </trkpt>
      <trkpt lat="46.19062" lon="-91.273697">
        <ele>449.4</ele>
      </trkpt>
      <trkpt lat="46.190539" lon="-91.273775">
        <ele>449.5</ele>
      </trkpt>
      <trkpt lat="46.190459" lon="-91.273876">
        <ele>449.7</ele>
      </trkpt>
      <trkpt lat="46.190411" lon="-91.273949">
        <ele>450.0</ele>
      </trkpt>
      <trkpt lat="46.190367" lon="-91.274014">
        <ele>450.2</ele>
      </trkpt>
      <trkpt lat="46.19029" lon="-91.274119">
        <ele>450.5</ele>
      </trkpt>
      <trkpt lat="46.190208" lon="-91.274226">
        <ele>449.7</ele>
      </trkpt>
      <trkpt lat="46.190134" lon="-91.274313">
        <ele>448.8</ele>
      </trkpt>
      <trkpt lat="46.19007" lon="-91.274413">
        <ele>448.0</ele>
      </trkpt>
      <trkpt lat="46.190024" lon="-91.274524">
        <ele>448.0</ele>
      </trkpt>
      <trkpt lat="46.190016" lon="-91.274557">
        <ele>448.1</ele>
      </trkpt>
      <trkpt lat="46.189991" lon="-91.274658">
        <ele>448.3</ele>
      </trkpt>
      <trkpt lat="46.189953" lon="-91.274815">
        <ele>448.9</ele>
      </trkpt>
      <trkpt lat="46.189947" lon="-91.275006">
        <ele>449.4</ele>
      </trkpt>
      <trkpt lat="46.189952" lon="-91.275184">
        <ele>449.9</ele>
      </trkpt>
      <trkpt lat="46.189944" lon="-91.275284">
        <ele>450.2</ele>
      </trkpt>
      <trkpt lat="46.18994" lon="-91.275339">
        <ele>450.3</ele>
      </trkpt>
      <trkpt lat="46.189944" lon="-91.275496">
        <ele>450.4</ele>
      </trkpt>
      <trkpt lat="46.18995" lon="-91.275658">
        <ele>450.3</ele>
      </trkpt>
      <trkpt lat="46.189933" lon="-91.27582">
        <ele>450.6</ele>
      </trkpt>
      <trkpt lat="46.18992" lon="-91.27597">
        <ele>451.1</ele>
      </trkpt>
      <trkpt lat="46.189876" lon="-91.276137">
        <ele>451.0</ele>
      </trkpt>
      <trkpt lat="46.189876" lon="-91.276137">
        <ele>451.0</ele>
      </trkpt>
      <trkpt lat="46.18984" lon="-91.276311">
        <ele>450.4</ele>
      </trkpt>
      <trkpt lat="46.189809" lon="-91.276474">
        <ele>450.6</ele>
      </trkpt>
      <trkpt lat="46.189779" lon="-91.276622">
        <ele>451.1</ele>
      </trkpt>
      <trkpt lat="46.189728" lon="-91.276781">
        <ele>451.4</ele>
      </trkpt>
      <trkpt lat="46.189671" lon="-91.276918">
        <ele>451.3</ele>
      </trkpt>
      <trkpt lat="46.189628" lon="-91.27705">
        <ele>451.2</ele>
      </trkpt>
      <trkpt lat="46.189583" lon="-91.27717">
        <ele>451.1</ele>
      </trkpt>
      <trkpt lat="46.189543" lon="-91.277292">
        <ele>450.7</ele>
      </trkpt>
      <trkpt lat="46.189477" lon="-91.277444">
        <ele>450.2</ele>
      </trkpt>
      <trkpt lat="46.189425" lon="-91.277571">
        <ele>450.9</ele>
      </trkpt>
      <trkpt lat="46.189359" lon="-91.277687">
        <ele>451.2</ele>
      </trkpt>
      <trkpt lat="46.189301" lon="-91.277815">
        <ele>451.2</ele>
      </trkpt>
      <trkpt lat="46.189244" lon="-91.27794">
        <ele>451.2</ele>
      </trkpt>
      <trkpt lat="46.189171" lon="-91.278066">
        <ele>451.1</ele>
      </trkpt>
      <trkpt lat="46.189097" lon="-91.278205">
        <ele>450.3</ele>
      </trkpt>
      <trkpt lat="46.189028" lon="-91.278345">
        <ele>449.6</ele>
      </trkpt>
      <trkpt lat="46.188973" lon="-91.278478">
        <ele>449.4</ele>
      </trkpt>
      <trkpt lat="46.188922" lon="-91.278649">
        <ele>448.8</ele>
      </trkpt>
      <trkpt lat="46.18886" lon="-91.278798">
        <ele>447.7</ele>
      </trkpt>
      <trkpt lat="46.188791" lon="-91.278956">
        <ele>446.3</ele>
      </trkpt>
      <trkpt lat="46.188732" lon="-91.279108">
        <ele>447.0</ele>
      </trkpt>
      <trkpt lat="46.188689" lon="-91.27922">
        <ele>448.2</ele>
      </trkpt>
      <trkpt lat="46.188632" lon="-91.279322">
        <ele>448.9</ele>
      </trkpt>
      <trkpt lat="46.188576" lon="-91.279433">
        <ele>449.5</ele>
      </trkpt>
      <trkpt lat="46.188518" lon="-91.279548">
        <ele>450.4</ele>
      </trkpt>
      <trkpt lat="46.188468" lon="-91.279648">
        <ele>450.9</ele>
      </trkpt>
      <trkpt lat="46.188414" lon="-91.279751">
        <ele>450.1</ele>
      </trkpt>
      <trkpt lat="46.188371" lon="-91.27986">
        <ele>448.6</ele>
      </trkpt>
      <trkpt lat="46.188316" lon="-91.279988">
        <ele>446.5</ele>
      </trkpt>
      <trkpt lat="46.188253" lon="-91.280156">
        <ele>443.7</ele>
      </trkpt>
      <trkpt lat="46.188148" lon="-91.280309">
        <ele>441.6</ele>
      </trkpt>
      <trkpt lat="46.188101" lon="-91.280459">
        <ele>442.9</ele>
      </trkpt>
      <trkpt lat="46.188039" lon="-91.280544">
        <ele>445.4</ele>
      </trkpt>
      <trkpt lat="46.188004" lon="-91.280632">
        <ele>447.1</ele>
      </trkpt>
      <trkpt lat="46.187958" lon="-91.280736">
        <ele>448.2</ele>
      </trkpt>
      <trkpt lat="46.187945" lon="-91.280876">
        <ele>449.3</ele>
      </trkpt>
      <trkpt lat="46.187917" lon="-91.280996">
        <ele>450.3</ele>
      </trkpt>
      <trkpt lat="46.187887" lon="-91.281107">
        <ele>451.1</ele>
      </trkpt>
      <trkpt lat="46.187851" lon="-91.281207">
        <ele>451.6</ele>
      </trkpt>
      <trkpt lat="46.187801" lon="-91.281312">
        <ele>451.9</ele>
      </trkpt>
      <trkpt lat="46.187759" lon="-91.28141">
        <ele>451.6</ele>
      </trkpt>
      <trkpt lat="46.18772" lon="-91.281505">
        <ele>451.0</ele>
      </trkpt>
      <trkpt lat="46.187657" lon="-91.28162">
        <ele>449.5</ele>
      </trkpt>
      <trkpt lat="46.187579" lon="-91.281738">
        <ele>448.1</ele>
      </trkpt>
      <trkpt lat="46.187493" lon="-91.281817">
        <ele>448.6</ele>
      </trkpt>
      <trkpt lat="46.187424" lon="-91.281886">
        <ele>449.8</ele>
      </trkpt>
      <trkpt lat="46.187355" lon="-91.282013">
        <ele>450.1</ele>
      </trkpt>
      <trkpt lat="46.187298" lon="-91.282152">
        <ele>448.5</ele>
      </trkpt>
      <trkpt lat="46.187251" lon="-91.282267">
        <ele>446.7</ele>
      </trkpt>
      <trkpt lat="46.18718" lon="-91.282388">
        <ele>445.2</ele>
      </trkpt>
      <trkpt lat="46.18711" lon="-91.282534">
        <ele>443.3</ele>
      </trkpt>
      <trkpt lat="46.187037" lon="-91.282704">
        <ele>441.2</ele>
      </trkpt>
      <trkpt lat="46.186949" lon="-91.282872">
        <ele>439.7</ele>
      </trkpt>
      <trkpt lat="46.186865" lon="-91.283068">
        <ele>439.7</ele>
      </trkpt>
      <trkpt lat="46.186788" lon="-91.28321">
        <ele>441.5</ele>
      </trkpt>
      <trkpt lat="46.186754" lon="-91.283316">
        <ele>443.1</ele>
      </trkpt>
      <trkpt lat="46.186697" lon="-91.283428">
        <ele>444.4</ele>
      </trkpt>
      <trkpt lat="46.186646" lon="-91.283564">
        <ele>445.8</ele>
      </trkpt>
      <trkpt lat="46.186579" lon="-91.283655">
        <ele>447.2</ele>
      </trkpt>
      <trkpt lat="46.186532" lon="-91.283751">
        <ele>448.6</ele>
      </trkpt>
      <trkpt lat="46.186488" lon="-91.283855">
        <ele>450.3</ele>
      </trkpt>
      <trkpt lat="46.186431" lon="-91.283965">
        <ele>451.6</ele>
      </trkpt>
      <trkpt lat="46.186388" lon="-91.284082">
        <ele>452.4</ele>
      </trkpt>
      <trkpt lat="46.186337" lon="-91.284194">
        <ele>453.3</ele>
      </trkpt>
      <trkpt lat="46.186283" lon="-91.284318">
        <ele>454.3</ele>
      </trkpt>
      <trkpt lat="46.186211" lon="-91.284459">
        <ele>455.0</ele>
      </trkpt>
      <trkpt lat="46.186158" lon="-91.28458">
        <ele>455.3</ele>
      </trkpt>
      <trkpt lat="46.186095" lon="-91.284722">
        <ele>455.0</ele>
      </trkpt>
      <trkpt lat="46.186015" lon="-91.284894">
        <ele>454.2</ele>
      </trkpt>
      <trkpt lat="46.18594" lon="-91.285067">
        <ele>454.5</ele>
      </trkpt>
      <trkpt lat="46.185868" lon="-91.285215">
        <ele>454.7</ele>
      </trkpt>
      <trkpt lat="46.18581" lon="-91.285343">
        <ele>454.4</ele>
      </trkpt>
      <trkpt lat="46.185755" lon="-91.285468">
        <ele>453.4</ele>
      </trkpt>
      <trkpt lat="46.185684" lon="-91.285621">
        <ele>451.3</ele>
      </trkpt>
      <trkpt lat="46.185594" lon="-91.285795">
        <ele>449.3</ele>
      </trkpt>
      <trkpt lat="46.185521" lon="-91.28598">
        <ele>450.2</ele>
      </trkpt>
      <trkpt lat="46.185452" lon="-91.286116">
        <ele>451.8</ele>
      </trkpt>
      <trkpt lat="46.185401" lon="-91.286238">
        <ele>452.3</ele>
      </trkpt>
      <trkpt lat="46.185339" lon="-91.286359">
        <ele>451.3</ele>
      </trkpt>
      <trkpt lat="46.185271" lon="-91.286508">
        <ele>448.9</ele>
      </trkpt>
      <trkpt lat="46.185192" lon="-91.286676">
        <ele>447.7</ele>
      </trkpt>
      <trkpt lat="46.185106" lon="-91.286808">
        <ele>451.3</ele>
      </trkpt>
      <trkpt lat="46.185055" lon="-91.286924">
        <ele>453.0</ele>
      </trkpt>
      <trkpt lat="46.185012" lon="-91.28704">
        <ele>453.9</ele>
      </trkpt>
      <trkpt lat="46.184973" lon="-91.287143">
        <ele>452.4</ele>
      </trkpt>
      <trkpt lat="46.184903" lon="-91.287279">
        <ele>449.7</ele>
      </trkpt>
      <trkpt lat="46.184828" lon="-91.287448">
        <ele>447.9</ele>
      </trkpt>
      <trkpt lat="46.184761" lon="-91.287614">
        <ele>447.5</ele>
      </trkpt>
      <trkpt lat="46.18469" lon="-91.287767">
        <ele>447.7</ele>
      </trkpt>
      <trkpt lat="46.184615" lon="-91.287913">
        <ele>448.0</ele>
      </trkpt>
      <trkpt lat="46.184549" lon="-91.288066">
        <ele>448.0</ele>
      </trkpt>
      <trkpt lat="46.18447" lon="-91.288222">
        <ele>447.7</ele>
      </trkpt>
      <trkpt lat="46.1844" lon="-91.28839">
        <ele>447.5</ele>
      </trkpt>
      <trkpt lat="46.18433" lon="-91.288549">
        <ele>446.9</ele>
      </trkpt>
      <trkpt lat="46.184269" lon="-91.288691">
        <ele>446.4</ele>
      </trkpt>
      <trkpt lat="46.184209" lon="-91.288814">
        <ele>445.7</ele>
      </trkpt>
      <trkpt lat="46.18416" lon="-91.288934">
        <ele>445.3</ele>
      </trkpt>
      <trkpt lat="46.184112" lon="-91.28903">
        <ele>444.7</ele>
      </trkpt>
      <trkpt lat="46.184073" lon="-91.28913">
        <ele>443.8</ele>
      </trkpt>
      <trkpt lat="46.184082" lon="-91.289237">
        <ele>443.4</ele>
      </trkpt>
      <trkpt lat="46.184096" lon="-91.289312">
        <ele>443.2</ele>
      </trkpt>
      <trkpt lat="46.184108" lon="-91.289393">
        <ele>442.8</ele>
      </trkpt>
      <trkpt lat="46.184092" lon="-91.289493">
        <ele>442.0</ele>
      </trkpt>
      <trkpt lat="46.184061" lon="-91.289594">
        <ele>441.8</ele>
      </trkpt>
      <trkpt lat="46.184021" lon="-91.289688">
        <ele>442.2</ele>
      </trkpt>
      <trkpt lat="46.183984" lon="-91.28974">
        <ele>442.4</ele>
      </trkpt>
      <trkpt lat="46.18396" lon="-91.289774">
        <ele>442.3</ele>
      </trkpt>
      <trkpt lat="46.183892" lon="-91.289855">
        <ele>441.9</ele>
      </trkpt>
      <trkpt lat="46.183819" lon="-91.289891">
        <ele>441.8</ele>
      </trkpt>
      <trkpt lat="46.18375" lon="-91.289925">
        <ele>441.7</ele>
      </trkpt>
      <trkpt lat="46.183681" lon="-91.289965">
        <ele>441.5</ele>
      </trkpt>
      <trkpt lat="46.183605" lon="-91.290008">
        <ele>441.1</ele>
      </trkpt>
      <trkpt lat="46.183531" lon="-91.290044">
        <ele>441.0</ele>
      </trkpt>
      <trkpt lat="46.183457" lon="-91.290072">
        <ele>440.7</ele>
      </trkpt>
      <trkpt lat="46.183389" lon="-91.290111">
        <ele>440.2</ele>
      </trkpt>
      <trkpt lat="46.183318" lon="-91.290131">
        <ele>439.8</ele>
      </trkpt>
      <trkpt lat="46.183245" lon="-91.29015">
        <ele>439.4</ele>
      </trkpt>
      <trkpt lat="46.183184" lon="-91.290162">
        <ele>439.4</ele>
      </trkpt>
      <trkpt lat="46.183105" lon="-91.29019">
        <ele>439.4</ele>
      </trkpt>
      <trkpt lat="46.183015" lon="-91.29022">
        <ele>439.7</ele>
      </trkpt>
      <trkpt lat="46.182943" lon="-91.290244">
        <ele>439.8</ele>
      </trkpt>
      <trkpt lat="46.182869" lon="-91.290286">
        <ele>439.4</ele>
      </trkpt>
      <trkpt lat="46.182798" lon="-91.290309">
        <ele>438.7</ele>
      </trkpt>
      <trkpt lat="46.182737" lon="-91.290334">
        <ele>437.7</ele>
      </trkpt>
      <trkpt lat="46.18268" lon="-91.290396">
        <ele>436.2</ele>
      </trkpt>
      <trkpt lat="46.182642" lon="-91.290502">
        <ele>434.4</ele>
      </trkpt>
      <trkpt lat="46.182637" lon="-91.290584">
        <ele>433.2</ele>
      </trkpt>
      <trkpt lat="46.182641" lon="-91.290703">
        <ele>432.3</ele>
      </trkpt>
      <trkpt lat="46.182623" lon="-91.290805">
        <ele>431.8</ele>
      </trkpt>
      <trkpt lat="46.182636" lon="-91.290927">
        <ele>431.2</ele>
      </trkpt>
      <trkpt lat="46.182638" lon="-91.291022">
        <ele>430.7</ele>
      </trkpt>
      <trkpt lat="46.182672" lon="-91.291114">
        <ele>430.4</ele>
      </trkpt>
      <trkpt lat="46.182694" lon="-91.291191">
        <ele>430.2</ele>
      </trkpt>
      <trkpt lat="46.182717" lon="-91.291277">
        <ele>429.9</ele>
      </trkpt>
      <trkpt lat="46.182759" lon="-91.291342">
        <ele>429.8</ele>
      </trkpt>
      <trkpt lat="46.182803" lon="-91.291402">
        <ele>429.6</ele>
      </trkpt>
      <trkpt lat="46.182833" lon="-91.291454">
        <ele>429.2</ele>
      </trkpt>
      <trkpt lat="46.182883" lon="-91.291505">
        <ele>428.7</ele>
      </trkpt>
      <trkpt lat="46.182899" lon="-91.291567">
        <ele>428.0</ele>
      </trkpt>
      <trkpt lat="46.182871" lon="-91.291615">
        <ele>428.0</ele>
      </trkpt>
      <trkpt lat="46.182817" lon="-91.291625">
        <ele>428.3</ele>
      </trkpt>
      <trkpt lat="46.182759" lon="-91.291576">
        <ele>428.7</ele>
      </trkpt>
      <trkpt lat="46.182692" lon="-91.291518">
        <ele>429.1</ele>
      </trkpt>
      <trkpt lat="46.182604" lon="-91.291432">
        <ele>429.2</ele>
      </trkpt>
      <trkpt lat="46.182578" lon="-91.291407">
        <ele>429.2</ele>
      </trkpt>
      <trkpt lat="46.18257" lon="-91.29141">
        <ele>429.2</ele>
      </trkpt>
      <trkpt lat="46.18227" lon="-91.2912">
        <ele>429.7</ele>
      </trkpt>
      <trkpt lat="46.18175" lon="-91.29064">
        <ele>431.8</ele>
      </trkpt>
      <trkpt lat="46.18081" lon="-91.28963">
        <ele>437.6</ele>
      </trkpt>
      <trkpt lat="46.1803" lon="-91.28921">
        <ele>440.8</ele>
      </trkpt>
      <trkpt lat="46.17965" lon="-91.28882">
        <ele>446.3</ele>
      </trkpt>
      <trkpt lat="46.17907" lon="-91.28857">
        <ele>452.1</ele>
      </trkpt>
      <trkpt lat="46.17854" lon="-91.28868">
        <ele>458.8</ele>
      </trkpt>
      <trkpt lat="46.17714" lon="-91.28932">
        <ele>465.0</ele>
      </trkpt>
      <trkpt lat="46.17647" lon="-91.29036">
        <ele>460.4</ele>
      </trkpt>
      <trkpt lat="46.17617" lon="-91.29051">
        <ele>459.5</ele>
      </trkpt>
      <trkpt lat="46.1758" lon="-91.2904">
        <ele>461.5</ele>
      </trkpt>
      <trkpt lat="46.17515" lon="-91.29026">
        <ele>461.9</ele>
      </trkpt>
      <trkpt lat="46.1745" lon="-91.29032">
        <ele>462.7</ele>
      </trkpt>
      <trkpt lat="46.17425" lon="-91.29028">
        <ele>462.5</ele>
      </trkpt>
      <trkpt lat="46.174252" lon="-91.290273">
        <ele>462.5</ele>
      </trkpt>
      <trkpt lat="46.17425" lon="-91.29028">
        <ele>462.5</ele>
      </trkpt>
      <trkpt lat="46.17267" lon="-91.29005">
        <ele>464.7</ele>
      </trkpt>
      <trkpt lat="46.17254" lon="-91.28974">
        <ele>463.9</ele>
      </trkpt>
      <trkpt lat="46.17235" lon="-91.2893">
        <ele>462.5</ele>
      </trkpt>
      <trkpt lat="46.17217" lon="-91.2891">
        <ele>461.5</ele>
      </trkpt>
      <trkpt lat="46.17125" lon="-91.28908">
        <ele>465.8</ele>
      </trkpt>
      <trkpt lat="46.17073" lon="-91.28876">
        <ele>465.4</ele>
      </trkpt>
      <trkpt lat="46.16905" lon="-91.28605">
        <ele>465.3</ele>
      </trkpt>
      <trkpt lat="46.16871" lon="-91.28571">
        <ele>473.0</ele>
      </trkpt>
      <trkpt lat="46.167753" lon="-91.285593">
        <ele>476.1</ele>
      </trkpt>
      <trkpt lat="46.16765" lon="-91.28558">
        <ele>476.3</ele>
      </trkpt>
      <trkpt lat="46.16705" lon="-91.28529">
        <ele>477.0</ele>
      </trkpt>
      <trkpt lat="46.16681" lon="-91.28492">
        <ele>476.3</ele>
      </trkpt>
      <trkpt lat="46.16625" lon="-91.28481">
        <ele>474.9</ele>
      </trkpt>
      <trkpt lat="46.16566" lon="-91.28452">
        <ele>472.7</ele>
      </trkpt>
      <trkpt lat="46.16525" lon="-91.28442">
        <ele>474.5</ele>
      </trkpt>
      <trkpt lat="46.16435" lon="-91.28368">
        <ele>473.6</ele>
      </trkpt>
      <trkpt lat="46.16411" lon="-91.28329">
        <ele>473.4</ele>
      </trkpt>
      <trkpt lat="46.16371" lon="-91.28325">
        <ele>476.8</ele>
      </trkpt>
      <trkpt lat="46.16305" lon="-91.28273">
        <ele>481.3</ele>
      </trkpt>
      <trkpt lat="46.163015" lon="-91.282834">
        <ele>479.9</ele>
      </trkpt>
      <trkpt lat="46.16305" lon="-91.28273">
        <ele>481.3</ele>
      </trkpt>
      <trkpt lat="46.16275" lon="-91.28249">
        <ele>482.9</ele>
      </trkpt>
      <trkpt lat="46.1623" lon="-91.28256">
        <ele>485.4</ele>
      </trkpt>
      <trkpt lat="46.16214" lon="-91.28258">
        <ele>487.2</ele>
      </trkpt>
      <trkpt lat="46.16141" lon="-91.28297">
        <ele>489.7</ele>
      </trkpt>
      <trkpt lat="46.16088" lon="-91.28299">
        <ele>489.2</ele>
      </trkpt>
      <trkpt lat="46.16031" lon="-91.28279">
        <ele>486.4</ele>
      </trkpt>
      <trkpt lat="46.15971" lon="-91.28296">
        <ele>487.9</ele>
      </trkpt>
      <trkpt lat="46.15907" lon="-91.28388">
        <ele>486.0</ele>
      </trkpt>
      <trkpt lat="46.15873" lon="-91.28457">
        <ele>482.1</ele>
      </trkpt>
      <trkpt lat="46.15807" lon="-91.28463">
        <ele>487.6</ele>
      </trkpt>
      <trkpt lat="46.15696" lon="-91.28562">
        <ele>490.9</ele>
      </trkpt>
      <trkpt lat="46.156926" lon="-91.285524">
        <ele>490.7</ele>
      </trkpt>
      <trkpt lat="46.15696" lon="-91.28562">
        <ele>490.9</ele>
      </trkpt>
      <trkpt lat="46.15693" lon="-91.28565">
        <ele>491.2</ele>
      </trkpt>
      <trkpt lat="46.15658" lon="-91.28569">
        <ele>493.2</ele>
      </trkpt>
      <trkpt lat="46.15658" lon="-91.2856">
        <ele>493.2</ele>
      </trkpt>
      <trkpt lat="46.15655" lon="-91.28551">
        <ele>493.5</ele>
      </trkpt>
      <trkpt lat="46.15649" lon="-91.28547">
        <ele>494.0</ele>
      </trkpt>
      <trkpt lat="46.15629" lon="-91.28541">
        <ele>494.9</ele>
      </trkpt>
      <trkpt lat="46.15606" lon="-91.28518">
        <ele>495.6</ele>
      </trkpt>
      <trkpt lat="46.15597" lon="-91.28504">
        <ele>495.9</ele>
      </trkpt>
      <trkpt lat="46.15592" lon="-91.28493">
        <ele>496.1</ele>
      </trkpt>
      <trkpt lat="46.15589" lon="-91.28484">
        <ele>496.5</ele>
      </trkpt>
      <trkpt lat="46.15577" lon="-91.28432">
        <ele>499.0</ele>
      </trkpt>
      <trkpt lat="46.15568" lon="-91.28408">
        <ele>499.9</ele>
      </trkpt>
      <trkpt lat="46.15558" lon="-91.28396">
        <ele>501.1</ele>
      </trkpt>
      <trkpt lat="46.15526" lon="-91.28379">
        <ele>501.0</ele>
      </trkpt>
      <trkpt lat="46.15515" lon="-91.28369">
        <ele>500.5</ele>
      </trkpt>
      <trkpt lat="46.15503" lon="-91.28354">
        <ele>499.3</ele>
      </trkpt>
      <trkpt lat="46.15491" lon="-91.28344">
        <ele>498.7</ele>
      </trkpt>
      <trkpt lat="46.15461" lon="-91.28334">
        <ele>498.4</ele>
      </trkpt>
      <trkpt lat="46.15449" lon="-91.28324">
        <ele>497.7</ele>
      </trkpt>
      <trkpt lat="46.15443" lon="-91.28315">
        <ele>496.8</ele>
      </trkpt>
      <trkpt lat="46.15437" lon="-91.28301">
        <ele>496.1</ele>
      </trkpt>
      <trkpt lat="46.15428" lon="-91.28241">
        <ele>496.4</ele>
      </trkpt>
      <trkpt lat="46.15423" lon="-91.28153">
        <ele>496.1</ele>
      </trkpt>
      <trkpt lat="46.15431" lon="-91.28085">
        <ele>496.0</ele>
      </trkpt>
      <trkpt lat="46.15429" lon="-91.28066">
        <ele>496.2</ele>
      </trkpt>
      <trkpt lat="46.15425" lon="-91.28051">
        <ele>495.9</ele>
      </trkpt>
      <trkpt lat="46.15407" lon="-91.27997">
        <ele>496.1</ele>
      </trkpt>
      <trkpt lat="46.154" lon="-91.27949">
        <ele>497.7</ele>
      </trkpt>
      <trkpt lat="46.15396" lon="-91.27901">
        <ele>496.4</ele>
      </trkpt>
      <trkpt lat="46.15392" lon="-91.27841">
        <ele>493.7</ele>
      </trkpt>
      <trkpt lat="46.153922" lon="-91.278406">
        <ele>493.7</ele>
      </trkpt>
      <trkpt lat="46.15392" lon="-91.27841">
        <ele>493.7</ele>
      </trkpt>
      <trkpt lat="46.1539" lon="-91.27771">
        <ele>489.2</ele>
      </trkpt>
      <trkpt lat="46.15391" lon="-91.27752">
        <ele>488.0</ele>
      </trkpt>
      <trkpt lat="46.15398" lon="-91.27723">
        <ele>486.1</ele>
      </trkpt>
      <trkpt lat="46.1544" lon="-91.2761">
        <ele>485.7</ele>
      </trkpt>
      <trkpt lat="46.15448" lon="-91.27592">
        <ele>485.0</ele>
      </trkpt>
      <trkpt lat="46.15522" lon="-91.27486">
        <ele>483.2</ele>
      </trkpt>
      <trkpt lat="46.15536" lon="-91.27459">
        <ele>483.8</ele>
      </trkpt>
      <trkpt lat="46.15545" lon="-91.27428">
        <ele>483.6</ele>
      </trkpt>
      <trkpt lat="46.15549" lon="-91.27392">
        <ele>480.9</ele>
      </trkpt>
      <trkpt lat="46.15551" lon="-91.27355">
        <ele>480.8</ele>
      </trkpt>
      <trkpt lat="46.1554" lon="-91.27274">
        <ele>485.7</ele>
      </trkpt>
      <trkpt lat="46.1553" lon="-91.27227">
        <ele>484.9</ele>
      </trkpt>
      <trkpt lat="46.15518" lon="-91.27193">
        <ele>484.9</ele>
      </trkpt>
      <trkpt lat="46.15434" lon="-91.26994">
        <ele>485.1</ele>
      </trkpt>
      <trkpt lat="46.15425" lon="-91.2696">
        <ele>486.3</ele>
      </trkpt>
      <trkpt lat="46.15414" lon="-91.26895">
        <ele>489.4</ele>
      </trkpt>
      <trkpt lat="46.15407" lon="-91.26864">
        <ele>490.4</ele>
      </trkpt>
      <trkpt lat="46.15396" lon="-91.26828">
        <ele>491.4</ele>
      </trkpt>
      <trkpt lat="46.1535" lon="-91.2671">
        <ele>493.1</ele>
      </trkpt>
      <trkpt lat="46.15331" lon="-91.26626">
        <ele>486.6</ele>
      </trkpt>
      <trkpt lat="46.15321" lon="-91.26596">
        <ele>484.7</ele>
      </trkpt>
      <trkpt lat="46.15308" lon="-91.26561">
        <ele>483.9</ele>
      </trkpt>
      <trkpt lat="46.15297" lon="-91.26542">
        <ele>483.1</ele>
      </trkpt>
      <trkpt lat="46.15286" lon="-91.26532">
        <ele>482.5</ele>
      </trkpt>
      <trkpt lat="46.15261" lon="-91.26517">
        <ele>480.5</ele>
      </trkpt>
      <trkpt lat="46.15249" lon="-91.26502">
        <ele>479.6</ele>
      </trkpt>
      <trkpt lat="46.15237" lon="-91.26482">
        <ele>477.9</ele>
      </trkpt>
      <trkpt lat="46.15225" lon="-91.26454">
        <ele>476.3</ele>
      </trkpt>
      <trkpt lat="46.15219" lon="-91.26417">
        <ele>474.1</ele>
      </trkpt>
      <trkpt lat="46.15217" lon="-91.26392">
        <ele>475.0</ele>
      </trkpt>
      <trkpt lat="46.1521" lon="-91.26335">
        <ele>477.6</ele>
      </trkpt>
      <trkpt lat="46.15204" lon="-91.26224">
        <ele>476.0</ele>
      </trkpt>
      <trkpt lat="46.15197" lon="-91.2618">
        <ele>473.8</ele>
      </trkpt>
      <trkpt lat="46.15173" lon="-91.26079">
        <ele>470.8</ele>
      </trkpt>
      <trkpt lat="46.15171" lon="-91.26045">
        <ele>472.6</ele>
      </trkpt>
      <trkpt lat="46.15172" lon="-91.26029">
        <ele>472.1</ele>
      </trkpt>
      <trkpt lat="46.15167" lon="-91.260272">
        <ele>472.1</ele>
      </trkpt>
      <trkpt lat="46.151675" lon="-91.260222">
        <ele>471.9</ele>
      </trkpt>
      <trkpt lat="46.151651" lon="-91.260137">
        <ele>471.8</ele>
      </trkpt>
      <trkpt lat="46.151635" lon="-91.260014">
        <ele>471.9</ele>
      </trkpt>
      <trkpt lat="46.151653" lon="-91.259877">
        <ele>471.8</ele>
      </trkpt>
      <trkpt lat="46.151675" lon="-91.259777">
        <ele>471.6</ele>
      </trkpt>
      <trkpt lat="46.151695" lon="-91.259701">
        <ele>471.4</ele>
      </trkpt>
      <trkpt lat="46.151693" lon="-91.25963">
        <ele>471.4</ele>
      </trkpt>
      <trkpt lat="46.151704" lon="-91.259533">
        <ele>471.4</ele>
      </trkpt>
      <trkpt lat="46.151704" lon="-91.259428">
        <ele>471.4</ele>
      </trkpt>
      <trkpt lat="46.151711" lon="-91.259312">
        <ele>471.5</ele>
      </trkpt>
      <trkpt lat="46.151718" lon="-91.259212">
        <ele>472.0</ele>
      </trkpt>
      <trkpt lat="46.151713" lon="-91.259076">
        <ele>473.1</ele>
      </trkpt>
      <trkpt lat="46.151702" lon="-91.258991">
        <ele>473.7</ele>
      </trkpt>
      <trkpt lat="46.151684" lon="-91.258913">
        <ele>474.1</ele>
      </trkpt>
      <trkpt lat="46.151666" lon="-91.258838">
        <ele>474.4</ele>
      </trkpt>
      <trkpt lat="46.151667" lon="-91.258793">
        <ele>474.5</ele>
      </trkpt>
      <trkpt lat="46.15167" lon="-91.258682">
        <ele>474.5</ele>
      </trkpt>
      <trkpt lat="46.151681" lon="-91.258606">
        <ele>474.4</ele>
      </trkpt>
      <trkpt lat="46.151661" lon="-91.258503">
        <ele>474.8</ele>
      </trkpt>
      <trkpt lat="46.151671" lon="-91.25842">
        <ele>474.7</ele>
      </trkpt>
      <trkpt lat="46.151689" lon="-91.258348">
        <ele>474.8</ele>
      </trkpt>
      <trkpt lat="46.151724" lon="-91.258246">
        <ele>475.2</ele>
      </trkpt>
      <trkpt lat="46.151717" lon="-91.25811">
        <ele>476.1</ele>
      </trkpt>
      <trkpt lat="46.151696" lon="-91.257969">
        <ele>476.7</ele>
      </trkpt>
      <trkpt lat="46.151701" lon="-91.257839">
        <ele>476.7</ele>
      </trkpt>
      <trkpt lat="46.1517" lon="-91.25776">
        <ele>476.5</ele>
      </trkpt>
      <trkpt lat="46.151695" lon="-91.257684">
        <ele>476.0</ele>
      </trkpt>
      <trkpt lat="46.151702" lon="-91.257608">
        <ele>475.2</ele>
      </trkpt>
      <trkpt lat="46.151717" lon="-91.257487">
        <ele>474.0</ele>
      </trkpt>
      <trkpt lat="46.151712" lon="-91.257371">
        <ele>473.6</ele>
      </trkpt>
      <trkpt lat="46.151721" lon="-91.257246">
        <ele>473.8</ele>
      </trkpt>
      <trkpt lat="46.151726" lon="-91.257164">
        <ele>474.4</ele>
      </trkpt>
      <trkpt lat="46.151743" lon="-91.257086">
        <ele>475.1</ele>
      </trkpt>
      <trkpt lat="46.151729" lon="-91.256994">
        <ele>475.9</ele>
      </trkpt>
      <trkpt lat="46.151763" lon="-91.256892">
        <ele>476.3</ele>
      </trkpt>
      <trkpt lat="46.151789" lon="-91.256809">
        <ele>476.3</ele>
      </trkpt>
      <trkpt lat="46.151852" lon="-91.256816">
        <ele>475.8</ele>
      </trkpt>
      <trkpt lat="46.151936" lon="-91.256836">
        <ele>474.3</ele>
      </trkpt>
      <trkpt lat="46.152062" lon="-91.25686">
        <ele>472.1</ele>
      </trkpt>
      <trkpt lat="46.152077" lon="-91.25686">
        <ele>471.9</ele>
      </trkpt>
      <trkpt lat="46.15206" lon="-91.25694">
        <ele>472.4</ele>
      </trkpt>
      <trkpt lat="46.15218" lon="-91.25697">
        <ele>470.5</ele>
      </trkpt>
      <trkpt lat="46.1524" lon="-91.25693">
        <ele>468.2</ele>
      </trkpt>
      <trkpt lat="46.15279" lon="-91.25673">
        <ele>465.2</ele>
      </trkpt>
      <trkpt lat="46.15332" lon="-91.25648">
        <ele>467.7</ele>
      </trkpt>
      <trkpt lat="46.15354" lon="-91.25633">
        <ele>468.0</ele>
      </trkpt>
      <trkpt lat="46.15363" lon="-91.25625">
        <ele>468.0</ele>
      </trkpt>
      <trkpt lat="46.1537" lon="-91.25615">
        <ele>467.5</ele>
      </trkpt>
      <trkpt lat="46.15375" lon="-91.25603">
        <ele>466.5</ele>
      </trkpt>
      <trkpt lat="46.15379" lon="-91.25573">
        <ele>465.2</ele>
      </trkpt>
      <trkpt lat="46.15378" lon="-91.25553">
        <ele>464.9</ele>
      </trkpt>
      <trkpt lat="46.15373" lon="-91.25533">
        <ele>464.9</ele>
      </trkpt>
      <trkpt lat="46.15365" lon="-91.2551">
        <ele>465.0</ele>
      </trkpt>
      <trkpt lat="46.15363" lon="-91.255">
        <ele>465.3</ele>
      </trkpt>
      <trkpt lat="46.1536" lon="-91.25472">
        <ele>467.0</ele>
      </trkpt>
      <trkpt lat="46.15364" lon="-91.25452">
        <ele>467.1</ele>
      </trkpt>
      <trkpt lat="46.15369" lon="-91.2544">
        <ele>467.5</ele>
      </trkpt>
      <trkpt lat="46.15376" lon="-91.25429">
        <ele>468.3</ele>
      </trkpt>
      <trkpt lat="46.15388" lon="-91.2542">
        <ele>469.5</ele>
      </trkpt>
      <trkpt lat="46.15431" lon="-91.25399">
        <ele>468.5</ele>
      </trkpt>
      <trkpt lat="46.15442" lon="-91.25392">
        <ele>468.4</ele>
      </trkpt>
      <trkpt lat="46.154422" lon="-91.253902">
        <ele>468.5</ele>
      </trkpt>
      <trkpt lat="46.15442" lon="-91.25392">
        <ele>468.4</ele>
      </trkpt>
      <trkpt lat="46.15506" lon="-91.25341">
        <ele>467.3</ele>
      </trkpt>
      <trkpt lat="46.15527" lon="-91.25322">
        <ele>467.7</ele>
      </trkpt>
      <trkpt lat="46.15544" lon="-91.25301">
        <ele>468.3</ele>
      </trkpt>
      <trkpt lat="46.15561" lon="-91.25275">
        <ele>469.4</ele>
      </trkpt>
      <trkpt lat="46.15573" lon="-91.2525">
        <ele>469.4</ele>
      </trkpt>
      <trkpt lat="46.15588" lon="-91.25207">
        <ele>466.8</ele>
      </trkpt>
      <trkpt lat="46.15597" lon="-91.2519">
        <ele>465.0</ele>
      </trkpt>
      <trkpt lat="46.15612" lon="-91.25175">
        <ele>464.1</ele>
      </trkpt>
      <trkpt lat="46.15627" lon="-91.2517">
        <ele>463.3</ele>
      </trkpt>
      <trkpt lat="46.15648" lon="-91.25164">
        <ele>461.2</ele>
      </trkpt>
      <trkpt lat="46.15662" lon="-91.25157">
        <ele>460.8</ele>
      </trkpt>
      <trkpt lat="46.15681" lon="-91.2514">
        <ele>461.3</ele>
      </trkpt>
      <trkpt lat="46.15692" lon="-91.25122">
        <ele>462.5</ele>
      </trkpt>
      <trkpt lat="46.15705" lon="-91.25095">
        <ele>463.2</ele>
      </trkpt>
      <trkpt lat="46.15727" lon="-91.2504">
        <ele>465.5</ele>
      </trkpt>
      <trkpt lat="46.15749" lon="-91.24965">
        <ele>464.8</ele>
      </trkpt>
      <trkpt lat="46.15762" lon="-91.24914">
        <ele>463.9</ele>
      </trkpt>
      <trkpt lat="46.15769" lon="-91.24896">
        <ele>461.9</ele>
      </trkpt>
      <trkpt lat="46.1579" lon="-91.24721">
        <ele>464.9</ele>
      </trkpt>
      <trkpt lat="46.15808" lon="-91.24669">
        <ele>461.9</ele>
      </trkpt>
      <trkpt lat="46.15891" lon="-91.2455">
        <ele>454.5</ele>
      </trkpt>
      <trkpt lat="46.15923" lon="-91.24399">
        <ele>451.4</ele>
      </trkpt>
      <trkpt lat="46.15946" lon="-91.24376">
        <ele>450.9</ele>
      </trkpt>
      <trkpt lat="46.16035" lon="-91.24366">
        <ele>447.5</ele>
      </trkpt>
      <trkpt lat="46.16062" lon="-91.24347">
        <ele>447.4</ele>
      </trkpt>
      <trkpt lat="46.16115" lon="-91.24251">
        <ele>444.8</ele>
      </trkpt>
      <trkpt lat="46.16167" lon="-91.24232">
        <ele>441.6</ele>
      </trkpt>
      <trkpt lat="46.1619" lon="-91.24182">
        <ele>441.1</ele>
      </trkpt>
      <trkpt lat="46.16375" lon="-91.23825">
        <ele>426.9</ele>
      </trkpt>
      <trkpt lat="46.16387" lon="-91.23834">
        <ele>426.0</ele>
      </trkpt>
      <trkpt lat="46.16395" lon="-91.23838">
        <ele>425.0</ele>
      </trkpt>
      <trkpt lat="46.163953" lon="-91.238404">
        <ele>425.1</ele>
      </trkpt>
      <trkpt lat="46.16395" lon="-91.23838">
        <ele>425.0</ele>
      </trkpt>
      <trkpt lat="46.16428" lon="-91.23854">
        <ele>423.8</ele>
      </trkpt>
      <trkpt lat="46.16573" lon="-91.23914">
        <ele>422.8</ele>
      </trkpt>
      <trkpt lat="46.16606" lon="-91.23933">
        <ele>423.7</ele>
      </trkpt>
      <trkpt lat="46.16625" lon="-91.23956">
        <ele>423.8</ele>
      </trkpt>
      <trkpt lat="46.16674" lon="-91.24029">
        <ele>426.7</ele>
      </trkpt>
      <trkpt lat="46.16687" lon="-91.24065">
        <ele>425.9</ele>
      </trkpt>
      <trkpt lat="46.16689" lon="-91.2411">
        <ele>425.2</ele>
      </trkpt>
      <trkpt lat="46.16679" lon="-91.24225">
        <ele>429.7</ele>
      </trkpt>
      <trkpt lat="46.16676" lon="-91.24309">
        <ele>428.5</ele>
      </trkpt>
      <trkpt lat="46.16681" lon="-91.24408">
        <ele>428.5</ele>
      </trkpt>
      <trkpt lat="46.16693" lon="-91.24562">
        <ele>433.7</ele>
      </trkpt>
      <trkpt lat="46.1669" lon="-91.24579">
        <ele>434.7</ele>
      </trkpt>
      <trkpt lat="46.166915" lon="-91.245787">
        <ele>434.9</ele>
      </trkpt>
      <trkpt lat="46.1669" lon="-91.24579">
        <ele>434.7</ele>
      </trkpt>
      <trkpt lat="46.16685" lon="-91.24604">
        <ele>432.9</ele>
      </trkpt>
      <trkpt lat="46.16707" lon="-91.24614">
        <ele>433.8</ele>
      </trkpt>
      <trkpt lat="46.16716" lon="-91.24612">
        <ele>434.7</ele>
      </trkpt>
      <trkpt lat="46.16737" lon="-91.24606">
        <ele>434.9</ele>
      </trkpt>
      <trkpt lat="46.16769" lon="-91.24685">
        <ele>434.9</ele>
      </trkpt>
      <trkpt lat="46.168" lon="-91.24701">
        <ele>436.9</ele>
      </trkpt>
      <trkpt lat="46.16799" lon="-91.247051">
        <ele>436.6</ele>
      </trkpt>
      <trkpt lat="46.168" lon="-91.24701">
        <ele>436.9</ele>
      </trkpt>
      <trkpt lat="46.16867" lon="-91.24737">
        <ele>437.7</ele>
      </trkpt>
      <trkpt lat="46.16879" lon="-91.24751">
        <ele>437.9</ele>
      </trkpt>
      <trkpt lat="46.16946" lon="-91.24833">
        <ele>439.0</ele>
      </trkpt>
      <trkpt lat="46.16949" lon="-91.24842">
        <ele>438.6</ele>
      </trkpt>
      <trkpt lat="46.169473" lon="-91.248428">
        <ele>438.2</ele>
      </trkpt>
      <trkpt lat="46.16949" lon="-91.24842">
        <ele>438.6</ele>
      </trkpt>
      <trkpt lat="46.16973" lon="-91.24925">
        <ele>439.4</ele>
      </trkpt>
      <trkpt lat="46.16998" lon="-91.2496">
        <ele>440.4</ele>
      </trkpt>
      <trkpt lat="46.17005" lon="-91.24975">
        <ele>439.2</ele>
      </trkpt>
      <trkpt lat="46.17029" lon="-91.25026">
        <ele>442.5</ele>
      </trkpt>
      <trkpt lat="46.17064" lon="-91.25053">
        <ele>444.6</ele>
      </trkpt>
      <trkpt lat="46.170641" lon="-91.250548">
        <ele>444.6</ele>
      </trkpt>
      <trkpt lat="46.170645" lon="-91.250551">
        <ele>444.6</ele>
      </trkpt>
      <trkpt lat="46.170708" lon="-91.250583">
        <ele>443.1</ele>
      </trkpt>
      <trkpt lat="46.17076" lon="-91.250621">
        <ele>442.3</ele>
      </trkpt>
      <trkpt lat="46.170845" lon="-91.250659">
        <ele>441.4</ele>
      </trkpt>
      <trkpt lat="46.170935" lon="-91.250715">
        <ele>439.6</ele>
      </trkpt>
      <trkpt lat="46.171006" lon="-91.250763">
        <ele>438.4</ele>
      </trkpt>
      <trkpt lat="46.17108" lon="-91.250868">
        <ele>438.7</ele>
      </trkpt>
      <trkpt lat="46.171155" lon="-91.250972">
        <ele>439.5</ele>
      </trkpt>
      <trkpt lat="46.171228" lon="-91.251085">
        <ele>439.7</ele>
      </trkpt>
      <trkpt lat="46.171248" lon="-91.251126">
        <ele>439.6</ele>
      </trkpt>
      <trkpt lat="46.171276" lon="-91.251182">
        <ele>440.1</ele>
      </trkpt>
      <trkpt lat="46.171308" lon="-91.25124">
        <ele>441.0</ele>
      </trkpt>
      <trkpt lat="46.17132" lon="-91.251299">
        <ele>441.6</ele>
      </trkpt>
      <trkpt lat="46.171325" lon="-91.251337">
        <ele>441.8</ele>
      </trkpt>
      <trkpt lat="46.171328" lon="-91.251368">
        <ele>442.0</ele>
      </trkpt>
      <trkpt lat="46.171336" lon="-91.251423">
        <ele>442.0</ele>
      </trkpt>
      <trkpt lat="46.171336" lon="-91.251423">
        <ele>442.1</ele>
      </trkpt>
      <trkpt lat="46.171342" lon="-91.251488">
        <ele>441.8</ele>
      </trkpt>
      <trkpt lat="46.171353" lon="-91.251565">
        <ele>441.4</ele>
      </trkpt>
      <trkpt lat="46.171375" lon="-91.251641">
        <ele>441.4</ele>
      </trkpt>
      <trkpt lat="46.171396" lon="-91.251697">
        <ele>441.3</ele>
      </trkpt>
      <trkpt lat="46.171407" lon="-91.251748">
        <ele>441.0</ele>
      </trkpt>
      <trkpt lat="46.171419" lon="-91.251799">
        <ele>440.8</ele>
      </trkpt>
      <trkpt lat="46.171452" lon="-91.251901">
        <ele>440.3</ele>
      </trkpt>
      <trkpt lat="46.17149" lon="-91.252002">
        <ele>440.0</ele>
      </trkpt>
      <trkpt lat="46.171526" lon="-91.252114">
        <ele>440.0</ele>
      </trkpt>
      <trkpt lat="46.171569" lon="-91.252191">
        <ele>439.9</ele>
      </trkpt>
      <trkpt lat="46.171582" lon="-91.252214">
        <ele>439.8</ele>
      </trkpt>
      <trkpt lat="46.171595" lon="-91.252301">
        <ele>440.0</ele>
      </trkpt>
      <trkpt lat="46.1716" lon="-91.252404">
        <ele>439.9</ele>
      </trkpt>
      <trkpt lat="46.171615" lon="-91.25251">
        <ele>438.9</ele>
      </trkpt>
      <trkpt lat="46.171606" lon="-91.252604">
        <ele>438.3</ele>
      </trkpt>
      <trkpt lat="46.171598" lon="-91.252703">
        <ele>438.0</ele>
      </trkpt>
      <trkpt lat="46.171602" lon="-91.252769">
        <ele>438.1</ele>
      </trkpt>
      <trkpt lat="46.171605" lon="-91.252834">
        <ele>438.3</ele>
      </trkpt>
      <trkpt lat="46.171609" lon="-91.252958">
        <ele>438.7</ele>
      </trkpt>
      <trkpt lat="46.171627" lon="-91.253073">
        <ele>438.9</ele>
      </trkpt>
      <trkpt lat="46.171669" lon="-91.25319">
        <ele>439.1</ele>
      </trkpt>
      <trkpt lat="46.171712" lon="-91.253276">
        <ele>439.6</ele>
      </trkpt>
      <trkpt lat="46.171752" lon="-91.253325">
        <ele>439.9</ele>
      </trkpt>
      <trkpt lat="46.1718" lon="-91.253411">
        <ele>439.4</ele>
      </trkpt>
      <trkpt lat="46.171817" lon="-91.253448">
        <ele>439.0</ele>
      </trkpt>
      <trkpt lat="46.171849" lon="-91.253514">
        <ele>438.2</ele>
      </trkpt>
      <trkpt lat="46.171888" lon="-91.253621">
        <ele>436.8</ele>
      </trkpt>
      <trkpt lat="46.171956" lon="-91.253729">
        <ele>436.3</ele>
      </trkpt>
      <trkpt lat="46.172035" lon="-91.253825">
        <ele>437.0</ele>
      </trkpt>
      <trkpt lat="46.172082" lon="-91.253887">
        <ele>437.6</ele>
      </trkpt>
      <trkpt lat="46.17211" lon="-91.253928">
        <ele>438.0</ele>
      </trkpt>
      <trkpt lat="46.172135" lon="-91.253966">
        <ele>438.2</ele>
      </trkpt>
      <trkpt lat="46.172185" lon="-91.254065">
        <ele>437.5</ele>
      </trkpt>
      <trkpt lat="46.17225" lon="-91.254165">
        <ele>437.0</ele>
      </trkpt>
      <trkpt lat="46.172312" lon="-91.254289">
        <ele>436.2</ele>
      </trkpt>
      <trkpt lat="46.172381" lon="-91.254391">
        <ele>437.0</ele>
      </trkpt>
      <trkpt lat="46.172437" lon="-91.254469">
        <ele>438.1</ele>
      </trkpt>
      <trkpt lat="46.172453" lon="-91.254492">
        <ele>438.3</ele>
      </trkpt>
      <trkpt lat="46.172512" lon="-91.254564">
        <ele>439.0</ele>
      </trkpt>
      <trkpt lat="46.172598" lon="-91.254626">
        <ele>439.9</ele>
      </trkpt>
      <trkpt lat="46.172675" lon="-91.254656">
        <ele>440.9</ele>
      </trkpt>
      <trkpt lat="46.172762" lon="-91.254674">
        <ele>441.5</ele>
      </trkpt>
      <trkpt lat="46.17283" lon="-91.25468">
        <ele>442.4</ele>
      </trkpt>
      <trkpt lat="46.172903" lon="-91.254689">
        <ele>443.4</ele>
      </trkpt>
      <trkpt lat="46.172978" lon="-91.254716">
        <ele>444.2</ele>
      </trkpt>
      <trkpt lat="46.173015" lon="-91.254729">
        <ele>444.2</ele>
      </trkpt>
      <trkpt lat="46.173059" lon="-91.254744">
        <ele>444.3</ele>
      </trkpt>
      <trkpt lat="46.173118" lon="-91.254785">
        <ele>444.3</ele>
      </trkpt>
      <trkpt lat="46.173196" lon="-91.254803">
        <ele>443.7</ele>
      </trkpt>
      <trkpt lat="46.173265" lon="-91.254766">
        <ele>442.9</ele>
      </trkpt>
      <trkpt lat="46.173365" lon="-91.254705">
        <ele>442.0</ele>
      </trkpt>
      <trkpt lat="46.173394" lon="-91.254688">
        <ele>442.1</ele>
      </trkpt>
      <trkpt lat="46.173419" lon="-91.254674">
        <ele>442.0</ele>
      </trkpt>
      <trkpt lat="46.173518" lon="-91.254635">
        <ele>441.1</ele>
      </trkpt>
      <trkpt lat="46.173619" lon="-91.25463">
        <ele>440.8</ele>
      </trkpt>
      <trkpt lat="46.173691" lon="-91.25463">
        <ele>441.1</ele>
      </trkpt>
      <trkpt lat="46.17375" lon="-91.254669">
        <ele>442.0</ele>
      </trkpt>
      <trkpt lat="46.173836" lon="-91.254683">
        <ele>442.2</ele>
      </trkpt>
      <trkpt lat="46.173913" lon="-91.254681">
        <ele>441.7</ele>
      </trkpt>
      <trkpt lat="46.173929" lon="-91.25468">
        <ele>441.5</ele>
      </trkpt>
      <trkpt lat="46.174008" lon="-91.254692">
        <ele>440.8</ele>
      </trkpt>
      <trkpt lat="46.174101" lon="-91.254669">
        <ele>440.7</ele>
      </trkpt>
      <trkpt lat="46.174171" lon="-91.254666">
        <ele>441.5</ele>
      </trkpt>
      <trkpt lat="46.174252" lon="-91.254646">
        <ele>442.4</ele>
      </trkpt>
      <trkpt lat="46.174349" lon="-91.254639">
        <ele>443.0</ele>
      </trkpt>
      <trkpt lat="46.174415" lon="-91.254642">
        <ele>442.9</ele>
      </trkpt>
      <trkpt lat="46.174442" lon="-91.254643">
        <ele>442.8</ele>
      </trkpt>
      <trkpt lat="46.17451" lon="-91.254647">
        <ele>442.3</ele>
      </trkpt>
      <trkpt lat="46.174591" lon="-91.254667">
        <ele>441.8</ele>
      </trkpt>
      <trkpt lat="46.174664" lon="-91.254691">
        <ele>441.7</ele>
      </trkpt>
      <trkpt lat="46.174732" lon="-91.254709">
        <ele>441.9</ele>
      </trkpt>
      <trkpt lat="46.174798" lon="-91.254731">
        <ele>443.0</ele>
      </trkpt>
      <trkpt lat="46.174819" lon="-91.254738">
        <ele>443.3</ele>
      </trkpt>
      <trkpt lat="46.174863" lon="-91.254788">
        <ele>443.8</ele>
      </trkpt>
      <trkpt lat="46.174915" lon="-91.25485">
        <ele>443.8</ele>
      </trkpt>
      <trkpt lat="46.174953" lon="-91.2549">
        <ele>443.3</ele>
      </trkpt>
      <trkpt lat="46.175008" lon="-91.254938">
        <ele>443.0</ele>
      </trkpt>
      <trkpt lat="46.175055" lon="-91.254987">
        <ele>443.2</ele>
      </trkpt>
      <trkpt lat="46.17508" lon="-91.255036">
        <ele>443.4</ele>
      </trkpt>
      <trkpt lat="46.175105" lon="-91.255077">
        <ele>443.7</ele>
      </trkpt>
      <trkpt lat="46.175131" lon="-91.25513">
        <ele>444.1</ele>
      </trkpt>
      <trkpt lat="46.175151" lon="-91.255187">
        <ele>444.3</ele>
      </trkpt>
      <trkpt lat="46.175174" lon="-91.255242">
        <ele>444.5</ele>
      </trkpt>
      <trkpt lat="46.175179" lon="-91.255267">
        <ele>444.5</ele>
      </trkpt>
      <trkpt lat="46.17519" lon="-91.255316">
        <ele>444.5</ele>
      </trkpt>
      <trkpt lat="46.17521" lon="-91.255431">
        <ele>444.7</ele>
      </trkpt>
      <trkpt lat="46.175234" lon="-91.255537">
        <ele>445.1</ele>
      </trkpt>
      <trkpt lat="46.175268" lon="-91.255638">
        <ele>445.5</ele>
      </trkpt>
      <trkpt lat="46.175303" lon="-91.25573">
        <ele>446.2</ele>
      </trkpt>
      <trkpt lat="46.175346" lon="-91.255814">
        <ele>447.1</ele>
      </trkpt>
      <trkpt lat="46.175348" lon="-91.255818">
        <ele>447.1</ele>
      </trkpt>
      <trkpt lat="46.175387" lon="-91.255888">
        <ele>447.3</ele>
      </trkpt>
      <trkpt lat="46.17542" lon="-91.255957">
        <ele>447.4</ele>
      </trkpt>
      <trkpt lat="46.175455" lon="-91.255984">
        <ele>447.5</ele>
      </trkpt>
      <trkpt lat="46.175487" lon="-91.25606">
        <ele>447.5</ele>
      </trkpt>
      <trkpt lat="46.175484" lon="-91.256163">
        <ele>447.6</ele>
      </trkpt>
      <trkpt lat="46.175496" lon="-91.256246">
        <ele>447.6</ele>
      </trkpt>
      <trkpt lat="46.175493" lon="-91.256346">
        <ele>447.6</ele>
      </trkpt>
      <trkpt lat="46.175491" lon="-91.256435">
        <ele>447.5</ele>
      </trkpt>
      <trkpt lat="46.17549" lon="-91.256476">
        <ele>447.4</ele>
      </trkpt>
      <trkpt lat="46.17552" lon="-91.256603">
        <ele>447.4</ele>
      </trkpt>
      <trkpt lat="46.175523" lon="-91.25667">
        <ele>447.5</ele>
      </trkpt>
      <trkpt lat="46.175534" lon="-91.256747">
        <ele>447.6</ele>
      </trkpt>
      <trkpt lat="46.175553" lon="-91.256806">
        <ele>447.7</ele>
      </trkpt>
      <trkpt lat="46.175572" lon="-91.256889">
        <ele>447.9</ele>
      </trkpt>
      <trkpt lat="46.175583" lon="-91.256964">
        <ele>448.3</ele>
      </trkpt>
      <trkpt lat="46.175582" lon="-91.256996">
        <ele>448.5</ele>
      </trkpt>
      <trkpt lat="46.175581" lon="-91.257046">
        <ele>448.9</ele>
      </trkpt>
      <trkpt lat="46.175601" lon="-91.257145">
        <ele>449.8</ele>
      </trkpt>
      <trkpt lat="46.175614" lon="-91.257253">
        <ele>450.5</ele>
      </trkpt>
      <trkpt lat="46.17563" lon="-91.257322">
        <ele>450.8</ele>
      </trkpt>
      <trkpt lat="46.175641" lon="-91.257407">
        <ele>451.0</ele>
      </trkpt>
      <trkpt lat="46.175652" lon="-91.257482">
        <ele>451.0</ele>
      </trkpt>
      <trkpt lat="46.175645" lon="-91.257529">
        <ele>450.8</ele>
      </trkpt>
      <trkpt lat="46.175639" lon="-91.257571">
        <ele>450.6</ele>
      </trkpt>
      <trkpt lat="46.175628" lon="-91.257677">
        <ele>449.8</ele>
      </trkpt>
      <trkpt lat="46.175592" lon="-91.257732">
        <ele>448.9</ele>
      </trkpt>
      <trkpt lat="46.175539" lon="-91.257852">
        <ele>447.9</ele>
      </trkpt>
      <trkpt lat="46.175524" lon="-91.257929">
        <ele>448.4</ele>
      </trkpt>
      <trkpt lat="46.175519" lon="-91.257964">
        <ele>448.7</ele>
      </trkpt>
      <trkpt lat="46.175509" lon="-91.258037">
        <ele>449.6</ele>
      </trkpt>
      <trkpt lat="46.175523" lon="-91.258155">
        <ele>451.8</ele>
      </trkpt>
      <trkpt lat="46.17552" lon="-91.258244">
        <ele>453.3</ele>
      </trkpt>
      <trkpt lat="46.175509" lon="-91.258349">
        <ele>454.2</ele>
      </trkpt>
      <trkpt lat="46.17551" lon="-91.258448">
        <ele>454.8</ele>
      </trkpt>
      <trkpt lat="46.175513" lon="-91.258532">
        <ele>455.2</ele>
      </trkpt>
      <trkpt lat="46.175513" lon="-91.258536">
        <ele>455.3</ele>
      </trkpt>
      <trkpt lat="46.17553" lon="-91.258618">
        <ele>455.7</ele>
      </trkpt>
      <trkpt lat="46.175559" lon="-91.258703">
        <ele>455.6</ele>
      </trkpt>
      <trkpt lat="46.175582" lon="-91.258796">
        <ele>455.5</ele>
      </trkpt>
      <trkpt lat="46.175609" lon="-91.258891">
        <ele>455.6</ele>
      </trkpt>
      <trkpt lat="46.175622" lon="-91.258992">
        <ele>455.9</ele>
      </trkpt>
      <trkpt lat="46.175619" lon="-91.259085">
        <ele>456.3</ele>
      </trkpt>
      <trkpt lat="46.175599" lon="-91.259147">
        <ele>456.6</ele>
      </trkpt>
      <trkpt lat="46.175585" lon="-91.259188">
        <ele>456.7</ele>
      </trkpt>
      <trkpt lat="46.175544" lon="-91.259351">
        <ele>457.4</ele>
      </trkpt>
      <trkpt lat="46.175514" lon="-91.259453">
        <ele>458.1</ele>
      </trkpt>
      <trkpt lat="46.175502" lon="-91.259555">
        <ele>458.7</ele>
      </trkpt>
      <trkpt lat="46.175493" lon="-91.259664">
        <ele>459.1</ele>
      </trkpt>
      <trkpt lat="46.175495" lon="-91.259761">
        <ele>459.4</ele>
      </trkpt>
      <trkpt lat="46.175509" lon="-91.259805">
        <ele>459.4</ele>
      </trkpt>
      <trkpt lat="46.175527" lon="-91.259865">
        <ele>459.6</ele>
      </trkpt>
      <trkpt lat="46.175565" lon="-91.259949">
        <ele>459.9</ele>
      </trkpt>
      <trkpt lat="46.175626" lon="-91.260046">
        <ele>460.1</ele>
      </trkpt>
      <trkpt lat="46.175695" lon="-91.260127">
        <ele>459.2</ele>
      </trkpt>
      <trkpt lat="46.175764" lon="-91.260189">
        <ele>458.2</ele>
      </trkpt>
      <trkpt lat="46.17584" lon="-91.26023">
        <ele>457.5</ele>
      </trkpt>
      <trkpt lat="46.175876" lon="-91.260242">
        <ele>457.5</ele>
      </trkpt>
      <trkpt lat="46.175893" lon="-91.260248">
        <ele>457.4</ele>
      </trkpt>
      <trkpt lat="46.175963" lon="-91.260268">
        <ele>457.4</ele>
      </trkpt>
      <trkpt lat="46.176042" lon="-91.260294">
        <ele>457.4</ele>
      </trkpt>
      <trkpt lat="46.17613" lon="-91.260352">
        <ele>457.3</ele>
      </trkpt>
      <trkpt lat="46.176198" lon="-91.260447">
        <ele>457.0</ele>
      </trkpt>
      <trkpt lat="46.176225" lon="-91.260523">
        <ele>456.8</ele>
      </trkpt>
      <trkpt lat="46.176236" lon="-91.260548">
        <ele>456.7</ele>
      </trkpt>
      <trkpt lat="46.176238" lon="-91.260564">
        <ele>456.6</ele>
      </trkpt>
      <trkpt lat="46.176252" lon="-91.260586">
        <ele>456.6</ele>
      </trkpt>
      <trkpt lat="46.176248" lon="-91.260597">
        <ele>456.6</ele>
      </trkpt>
      <trkpt lat="46.176259" lon="-91.260638">
        <ele>456.5</ele>
      </trkpt>
      <trkpt lat="46.176287" lon="-91.260664">
        <ele>456.5</ele>
      </trkpt>
      <trkpt lat="46.176283" lon="-91.2607">
        <ele>456.4</ele>
      </trkpt>
      <trkpt lat="46.17629" lon="-91.260708">
        <ele>456.4</ele>
      </trkpt>
      <trkpt lat="46.176271" lon="-91.2607">
        <ele>456.4</ele>
      </trkpt>
      <trkpt lat="46.176263" lon="-91.260616">
        <ele>456.6</ele>
      </trkpt>
      <trkpt lat="46.176261" lon="-91.260584">
        <ele>456.7</ele>
      </trkpt>
      <trkpt lat="46.17626" lon="-91.260565">
        <ele>456.7</ele>
      </trkpt>
      <trkpt lat="46.176261" lon="-91.260557">
        <ele>456.7</ele>
      </trkpt>
      <trkpt lat="46.176254" lon="-91.260577">
        <ele>456.7</ele>
      </trkpt>
      <trkpt lat="46.176243" lon="-91.260597">
        <ele>456.5</ele>
      </trkpt>
      <trkpt lat="46.176278" lon="-91.260684">
        <ele>456.4</ele>
      </trkpt>
      <trkpt lat="46.176319" lon="-91.260701">
        <ele>456.6</ele>
      </trkpt>
      <trkpt lat="46.176352" lon="-91.260733">
        <ele>456.7</ele>
      </trkpt>
      <trkpt lat="46.17637" lon="-91.260795">
        <ele>456.7</ele>
      </trkpt>
      <trkpt lat="46.176409" lon="-91.260857">
        <ele>456.8</ele>
      </trkpt>
      <trkpt lat="46.176434" lon="-91.260935">
        <ele>456.8</ele>
      </trkpt>
      <trkpt lat="46.176445" lon="-91.260999">
        <ele>456.7</ele>
      </trkpt>
      <trkpt lat="46.176462" lon="-91.2611">
        <ele>456.5</ele>
      </trkpt>
      <trkpt lat="46.176483" lon="-91.261204">
        <ele>456.5</ele>
      </trkpt>
      <trkpt lat="46.176512" lon="-91.261298">
        <ele>456.7</ele>
      </trkpt>
      <trkpt lat="46.176536" lon="-91.261397">
        <ele>456.9</ele>
      </trkpt>
      <trkpt lat="46.176561" lon="-91.26149">
        <ele>457.2</ele>
      </trkpt>
      <trkpt lat="46.176593" lon="-91.261581">
        <ele>457.7</ele>
      </trkpt>
      <trkpt lat="46.176603" lon="-91.261624">
        <ele>457.8</ele>
      </trkpt>
      <trkpt lat="46.176614" lon="-91.26167">
        <ele>457.9</ele>
      </trkpt>
      <trkpt lat="46.176635" lon="-91.261764">
        <ele>458.1</ele>
      </trkpt>
      <trkpt lat="46.176676" lon="-91.261858">
        <ele>458.3</ele>
      </trkpt>
      <trkpt lat="46.176722" lon="-91.261939">
        <ele>458.4</ele>
      </trkpt>
      <trkpt lat="46.176768" lon="-91.262015">
        <ele>458.5</ele>
      </trkpt>
      <trkpt lat="46.176846" lon="-91.26205">
        <ele>458.9</ele>
      </trkpt>
      <trkpt lat="46.176929" lon="-91.262079">
        <ele>459.2</ele>
      </trkpt>
      <trkpt lat="46.176999" lon="-91.2621">
        <ele>459.3</ele>
      </trkpt>
      <trkpt lat="46.177045" lon="-91.262117">
        <ele>459.4</ele>
      </trkpt>
      <trkpt lat="46.177164" lon="-91.262094">
        <ele>459.8</ele>
      </trkpt>
      <trkpt lat="46.177237" lon="-91.262086">
        <ele>459.9</ele>
      </trkpt>
      <trkpt lat="46.177341" lon="-91.262053">
        <ele>460.2</ele>
      </trkpt>
      <trkpt lat="46.177427" lon="-91.262019">
        <ele>460.5</ele>
      </trkpt>
      <trkpt lat="46.17752" lon="-91.261956">
        <ele>460.8</ele>
      </trkpt>
      <trkpt lat="46.177606" lon="-91.261884">
        <ele>460.7</ele>
      </trkpt>
      <trkpt lat="46.177695" lon="-91.261814">
        <ele>460.5</ele>
      </trkpt>
      <trkpt lat="46.177763" lon="-91.261736">
        <ele>460.1</ele>
      </trkpt>
      <trkpt lat="46.177841" lon="-91.261663">
        <ele>459.4</ele>
      </trkpt>
      <trkpt lat="46.177921" lon="-91.261594">
        <ele>458.7</ele>
      </trkpt>
      <trkpt lat="46.177984" lon="-91.261529">
        <ele>458.2</ele>
      </trkpt>
      <trkpt lat="46.178049" lon="-91.261465">
        <ele>457.7</ele>
      </trkpt>
      <trkpt lat="46.178124" lon="-91.261396">
        <ele>457.1</ele>
      </trkpt>
      <trkpt lat="46.178164" lon="-91.261298">
        <ele>456.4</ele>
      </trkpt>
      <trkpt lat="46.178215" lon="-91.261242">
        <ele>455.8</ele>
      </trkpt>
      <trkpt lat="46.178261" lon="-91.261166">
        <ele>455.3</ele>
      </trkpt>
      <trkpt lat="46.178318" lon="-91.261124">
        <ele>454.9</ele>
      </trkpt>
      <trkpt lat="46.178375" lon="-91.261071">
        <ele>454.4</ele>
      </trkpt>
      <trkpt lat="46.178429" lon="-91.261022">
        <ele>453.9</ele>
      </trkpt>
      <trkpt lat="46.178486" lon="-91.260969">
        <ele>453.1</ele>
      </trkpt>
      <trkpt lat="46.178548" lon="-91.260946">
        <ele>452.3</ele>
      </trkpt>
      <trkpt lat="46.178593" lon="-91.260919">
        <ele>451.8</ele>
      </trkpt>
      <trkpt lat="46.178641" lon="-91.260908">
        <ele>451.4</ele>
      </trkpt>
      <trkpt lat="46.178686" lon="-91.26089">
        <ele>451.2</ele>
      </trkpt>
      <trkpt lat="46.178695" lon="-91.260891">
        <ele>451.1</ele>
      </trkpt>
      <trkpt lat="46.178706" lon="-91.260888">
        <ele>451.0</ele>
      </trkpt>
      <trkpt lat="46.178718" lon="-91.260887">
        <ele>451.0</ele>
      </trkpt>
      <trkpt lat="46.17873" lon="-91.26089">
        <ele>451.0</ele>
      </trkpt>
      <trkpt lat="46.178739" lon="-91.260884">
        <ele>450.9</ele>
      </trkpt>
      <trkpt lat="46.17884" lon="-91.260881">
        <ele>450.7</ele>
      </trkpt>
      <trkpt lat="46.178862" lon="-91.260876">
        <ele>450.7</ele>
      </trkpt>
      <trkpt lat="46.178905" lon="-91.260879">
        <ele>450.8</ele>
      </trkpt>
      <trkpt lat="46.178948" lon="-91.260905">
        <ele>451.2</ele>
      </trkpt>
      <trkpt lat="46.178959" lon="-91.260962">
        <ele>451.3</ele>
      </trkpt>
      <trkpt lat="46.178976" lon="-91.26102">
        <ele>451.4</ele>
      </trkpt>
      <trkpt lat="46.17899" lon="-91.261075">
        <ele>451.4</ele>
      </trkpt>
      <trkpt lat="46.178996" lon="-91.261137">
        <ele>451.3</ele>
      </trkpt>
      <trkpt lat="46.179004" lon="-91.261211">
        <ele>451.2</ele>
      </trkpt>
      <trkpt lat="46.179007" lon="-91.261288">
        <ele>450.9</ele>
      </trkpt>
      <trkpt lat="46.179007" lon="-91.261352">
        <ele>450.8</ele>
      </trkpt>
      <trkpt lat="46.17901" lon="-91.261442">
        <ele>450.5</ele>
      </trkpt>
      <trkpt lat="46.179017" lon="-91.26151">
        <ele>450.4</ele>
      </trkpt>
      <trkpt lat="46.179034" lon="-91.261567">
        <ele>450.4</ele>
      </trkpt>
      <trkpt lat="46.179061" lon="-91.261588">
        <ele>450.4</ele>
      </trkpt>
      <trkpt lat="46.179099" lon="-91.261607">
        <ele>450.4</ele>
      </trkpt>
      <trkpt lat="46.17914" lon="-91.261632">
        <ele>450.3</ele>
      </trkpt>
      <trkpt lat="46.179164" lon="-91.26167">
        <ele>450.2</ele>
      </trkpt>
      <trkpt lat="46.179234" lon="-91.261707">
        <ele>449.8</ele>
      </trkpt>
      <trkpt lat="46.179305" lon="-91.261737">
        <ele>449.4</ele>
      </trkpt>
      <trkpt lat="46.179367" lon="-91.261763">
        <ele>449.2</ele>
      </trkpt>
      <trkpt lat="46.179434" lon="-91.26182">
        <ele>449.1</ele>
      </trkpt>
      <trkpt lat="46.179504" lon="-91.261853">
        <ele>448.7</ele>
      </trkpt>
      <trkpt lat="46.179566" lon="-91.261887">
        <ele>448.0</ele>
      </trkpt>
      <trkpt lat="46.179609" lon="-91.261921">
        <ele>447.5</ele>
      </trkpt>
      <trkpt lat="46.179663" lon="-91.261967">
        <ele>447.0</ele>
      </trkpt>
      <trkpt lat="46.179705" lon="-91.262012">
        <ele>446.7</ele>
      </trkpt>
      <trkpt lat="46.179753" lon="-91.262052">
        <ele>446.6</ele>
      </trkpt>
      <trkpt lat="46.179814" lon="-91.262093">
        <ele>446.5</ele>
      </trkpt>
      <trkpt lat="46.179867" lon="-91.262108">
        <ele>446.3</ele>
      </trkpt>
      <trkpt lat="46.179908" lon="-91.262138">
        <ele>446.2</ele>
      </trkpt>
      <trkpt lat="46.179938" lon="-91.26221">
        <ele>446.4</ele>
      </trkpt>
      <trkpt lat="46.180004" lon="-91.262238">
        <ele>446.2</ele>
      </trkpt>
      <trkpt lat="46.180036" lon="-91.262295">
        <ele>446.4</ele>
      </trkpt>
      <trkpt lat="46.180093" lon="-91.262315">
        <ele>446.3</ele>
      </trkpt>
      <trkpt lat="46.180131" lon="-91.262346">
        <ele>446.3</ele>
      </trkpt>
      <trkpt lat="46.180182" lon="-91.262395">
        <ele>446.4</ele>
      </trkpt>
      <trkpt lat="46.180229" lon="-91.262444">
        <ele>446.5</ele>
      </trkpt>
      <trkpt lat="46.180291" lon="-91.262475">
        <ele>446.4</ele>
      </trkpt>
      <trkpt lat="46.180361" lon="-91.262505">
        <ele>446.3</ele>
      </trkpt>
      <trkpt lat="46.180384" lon="-91.262515">
        <ele>446.3</ele>
      </trkpt>
      <trkpt lat="46.180469" lon="-91.262572">
        <ele>446.3</ele>
      </trkpt>
      <trkpt lat="46.180549" lon="-91.262621">
        <ele>446.7</ele>
      </trkpt>
      <trkpt lat="46.180633" lon="-91.262651">
        <ele>447.0</ele>
      </trkpt>
      <trkpt lat="46.18071" lon="-91.262704">
        <ele>447.3</ele>
      </trkpt>
      <trkpt lat="46.180799" lon="-91.262749">
        <ele>447.5</ele>
      </trkpt>
      <trkpt lat="46.180876" lon="-91.262824">
        <ele>447.6</ele>
      </trkpt>
      <trkpt lat="46.180927" lon="-91.262898">
        <ele>447.6</ele>
      </trkpt>
      <trkpt lat="46.180991" lon="-91.262959">
        <ele>447.5</ele>
      </trkpt>
      <trkpt lat="46.181052" lon="-91.262995">
        <ele>447.4</ele>
      </trkpt>
      <trkpt lat="46.181097" lon="-91.263043">
        <ele>447.3</ele>
      </trkpt>
      <trkpt lat="46.181147" lon="-91.2631">
        <ele>447.0</ele>
      </trkpt>
      <trkpt lat="46.181209" lon="-91.26316">
        <ele>446.6</ele>
      </trkpt>
      <trkpt lat="46.181245" lon="-91.263221">
        <ele>446.4</ele>
      </trkpt>
      <trkpt lat="46.181281" lon="-91.263271">
        <ele>446.1</ele>
      </trkpt>
      <trkpt lat="46.181297" lon="-91.263293">
        <ele>446.0</ele>
      </trkpt>
      <trkpt lat="46.181346" lon="-91.263356">
        <ele>445.6</ele>
      </trkpt>
      <trkpt lat="46.181414" lon="-91.263426">
        <ele>445.1</ele>
      </trkpt>
      <trkpt lat="46.181439" lon="-91.26353">
        <ele>445.9</ele>
      </trkpt>
      <trkpt lat="46.181486" lon="-91.263592">
        <ele>445.9</ele>
      </trkpt>
      <trkpt lat="46.18151" lon="-91.263689">
        <ele>446.7</ele>
      </trkpt>
      <trkpt lat="46.181566" lon="-91.263804">
        <ele>447.5</ele>
      </trkpt>
      <trkpt lat="46.181594" lon="-91.263857">
        <ele>447.8</ele>
      </trkpt>
      <trkpt lat="46.181618" lon="-91.263903">
        <ele>448.2</ele>
      </trkpt>
      <trkpt lat="46.181675" lon="-91.263982">
        <ele>449.1</ele>
      </trkpt>
      <trkpt lat="46.181737" lon="-91.264022">
        <ele>450.4</ele>
      </trkpt>
      <trkpt lat="46.181771" lon="-91.264038">
        <ele>450.9</ele>
      </trkpt>
      <trkpt lat="46.181812" lon="-91.264085">
        <ele>451.1</ele>
      </trkpt>
      <trkpt lat="46.181877" lon="-91.264109">
        <ele>451.1</ele>
      </trkpt>
      <trkpt lat="46.181931" lon="-91.264112">
        <ele>450.9</ele>
      </trkpt>
      <trkpt lat="46.181981" lon="-91.264119">
        <ele>450.7</ele>
      </trkpt>
      <trkpt lat="46.18199" lon="-91.264119">
        <ele>450.7</ele>
      </trkpt>
      <trkpt lat="46.18205" lon="-91.264121">
        <ele>450.4</ele>
      </trkpt>
      <trkpt lat="46.182161" lon="-91.2641">
        <ele>449.7</ele>
      </trkpt>
      <trkpt lat="46.182235" lon="-91.264099">
        <ele>448.9</ele>
      </trkpt>
      <trkpt lat="46.182263" lon="-91.264084">
        <ele>448.6</ele>
      </trkpt>
      <trkpt lat="46.182306" lon="-91.264125">
        <ele>448.2</ele>
      </trkpt>
      <trkpt lat="46.182359" lon="-91.264175">
        <ele>447.7</ele>
      </trkpt>
      <trkpt lat="46.182455" lon="-91.264159">
        <ele>446.7</ele>
      </trkpt>
      <trkpt lat="46.18252" lon="-91.264212">
        <ele>446.1</ele>
      </trkpt>
      <trkpt lat="46.182553" lon="-91.264246">
        <ele>445.9</ele>
      </trkpt>
      <trkpt lat="46.182608" lon="-91.264277">
        <ele>445.7</ele>
      </trkpt>
      <trkpt lat="46.182621" lon="-91.264294">
        <ele>445.6</ele>
      </trkpt>
      <trkpt lat="46.182656" lon="-91.264339">
        <ele>445.5</ele>
      </trkpt>
      <trkpt lat="46.182709" lon="-91.264399">
        <ele>445.4</ele>
      </trkpt>
      <trkpt lat="46.18275" lon="-91.264535">
        <ele>446.1</ele>
      </trkpt>
      <trkpt lat="46.182775" lon="-91.264616">
        <ele>446.7</ele>
      </trkpt>
      <trkpt lat="46.182812" lon="-91.2647">
        <ele>447.2</ele>
      </trkpt>
      <trkpt lat="46.18284" lon="-91.264774">
        <ele>448.0</ele>
      </trkpt>
      <trkpt lat="46.182864" lon="-91.264863">
        <ele>449.6</ele>
      </trkpt>
      <trkpt lat="46.182866" lon="-91.264872">
        <ele>449.8</ele>
      </trkpt>
      <trkpt lat="46.182876" lon="-91.264933">
        <ele>451.0</ele>
      </trkpt>
      <trkpt lat="46.182896" lon="-91.265013">
        <ele>452.5</ele>
      </trkpt>
      <trkpt lat="46.182898" lon="-91.265147">
        <ele>454.7</ele>
      </trkpt>
      <trkpt lat="46.182896" lon="-91.265208">
        <ele>455.6</ele>
      </trkpt>
      <trkpt lat="46.182894" lon="-91.265254">
        <ele>456.3</ele>
      </trkpt>
      <trkpt lat="46.182881" lon="-91.265313">
        <ele>457.0</ele>
      </trkpt>
      <trkpt lat="46.182858" lon="-91.265402">
        <ele>457.7</ele>
      </trkpt>
      <trkpt lat="46.182835" lon="-91.265489">
        <ele>458.1</ele>
      </trkpt>
      <trkpt lat="46.18282" lon="-91.265553">
        <ele>458.3</ele>
      </trkpt>
      <trkpt lat="46.182788" lon="-91.265642">
        <ele>458.5</ele>
      </trkpt>
      <trkpt lat="46.18277" lon="-91.265826">
        <ele>459.2</ele>
      </trkpt>
      <trkpt lat="46.182751" lon="-91.265888">
        <ele>459.3</ele>
      </trkpt>
      <trkpt lat="46.182734" lon="-91.265946">
        <ele>459.3</ele>
      </trkpt>
      <trkpt lat="46.182711" lon="-91.266065">
        <ele>459.6</ele>
      </trkpt>
      <trkpt lat="46.182682" lon="-91.266194">
        <ele>459.7</ele>
      </trkpt>
      <trkpt lat="46.182661" lon="-91.266313">
        <ele>459.7</ele>
      </trkpt>
      <trkpt lat="46.182628" lon="-91.266417">
        <ele>459.4</ele>
      </trkpt>
      <trkpt lat="46.182606" lon="-91.266486">
        <ele>459.3</ele>
      </trkpt>
      <trkpt lat="46.182559" lon="-91.266585">
        <ele>459.1</ele>
      </trkpt>
      <trkpt lat="46.182495" lon="-91.266669">
        <ele>458.9</ele>
      </trkpt>
      <trkpt lat="46.182403" lon="-91.266745">
        <ele>459.2</ele>
      </trkpt>
      <trkpt lat="46.182335" lon="-91.266807">
        <ele>459.6</ele>
      </trkpt>
      <trkpt lat="46.182309" lon="-91.266874">
        <ele>460.1</ele>
      </trkpt>
      <trkpt lat="46.182243" lon="-91.266936">
        <ele>460.9</ele>
      </trkpt>
      <trkpt lat="46.182192" lon="-91.267032">
        <ele>462.2</ele>
      </trkpt>
      <trkpt lat="46.182179" lon="-91.267049">
        <ele>462.3</ele>
      </trkpt>
      <trkpt lat="46.182127" lon="-91.267118">
        <ele>462.7</ele>
      </trkpt>
      <trkpt lat="46.182082" lon="-91.267197">
        <ele>463.4</ele>
      </trkpt>
      <trkpt lat="46.182015" lon="-91.267266">
        <ele>463.7</ele>
      </trkpt>
      <trkpt lat="46.181949" lon="-91.267355">
        <ele>463.6</ele>
      </trkpt>
      <trkpt lat="46.181893" lon="-91.267441">
        <ele>463.3</ele>
      </trkpt>
      <trkpt lat="46.181818" lon="-91.267539">
        <ele>463.6</ele>
      </trkpt>
      <trkpt lat="46.181755" lon="-91.267606">
        <ele>464.5</ele>
      </trkpt>
      <trkpt lat="46.181718" lon="-91.267656">
        <ele>465.2</ele>
      </trkpt>
      <trkpt lat="46.181701" lon="-91.267678">
        <ele>465.5</ele>
      </trkpt>
      <trkpt lat="46.181655" lon="-91.267715">
        <ele>466.0</ele>
      </trkpt>
      <trkpt lat="46.181565" lon="-91.267754">
        <ele>466.7</ele>
      </trkpt>
      <trkpt lat="46.181472" lon="-91.267747">
        <ele>466.8</ele>
      </trkpt>
      <trkpt lat="46.181403" lon="-91.267769">
        <ele>466.9</ele>
      </trkpt>
      <trkpt lat="46.181308" lon="-91.267797">
        <ele>466.5</ele>
      </trkpt>
      <trkpt lat="46.181218" lon="-91.267837">
        <ele>465.8</ele>
      </trkpt>
      <trkpt lat="46.181139" lon="-91.267905">
        <ele>465.0</ele>
      </trkpt>
      <trkpt lat="46.181043" lon="-91.267991">
        <ele>464.3</ele>
      </trkpt>
      <trkpt lat="46.180938" lon="-91.268074">
        <ele>464.1</ele>
      </trkpt>
      <trkpt lat="46.180848" lon="-91.268128">
        <ele>465.2</ele>
      </trkpt>
      <trkpt lat="46.180833" lon="-91.268138">
        <ele>465.4</ele>
      </trkpt>
      <trkpt lat="46.180793" lon="-91.268166">
        <ele>466.0</ele>
      </trkpt>
      <trkpt lat="46.180748" lon="-91.268207">
        <ele>467.0</ele>
      </trkpt>
      <trkpt lat="46.180696" lon="-91.268234">
        <ele>468.4</ele>
      </trkpt>
      <trkpt lat="46.180629" lon="-91.268255">
        <ele>470.1</ele>
      </trkpt>
      <trkpt lat="46.180546" lon="-91.268255">
        <ele>470.8</ele>
      </trkpt>
      <trkpt lat="46.180451" lon="-91.268271">
        <ele>471.1</ele>
      </trkpt>
      <trkpt lat="46.18037" lon="-91.268269">
        <ele>470.7</ele>
      </trkpt>
      <trkpt lat="46.180351" lon="-91.268271">
        <ele>470.7</ele>
      </trkpt>
      <trkpt lat="46.180285" lon="-91.268276">
        <ele>470.8</ele>
      </trkpt>
      <trkpt lat="46.180194" lon="-91.268307">
        <ele>471.3</ele>
      </trkpt>
      <trkpt lat="46.180115" lon="-91.268341">
        <ele>471.3</ele>
      </trkpt>
      <trkpt lat="46.180032" lon="-91.268345">
        <ele>471.0</ele>
      </trkpt>
      <trkpt lat="46.179968" lon="-91.268393">
        <ele>471.1</ele>
      </trkpt>
      <trkpt lat="46.179895" lon="-91.268398">
        <ele>471.4</ele>
      </trkpt>
      <trkpt lat="46.1798" lon="-91.268423">
        <ele>472.3</ele>
      </trkpt>
      <trkpt lat="46.179755" lon="-91.268437">
        <ele>472.4</ele>
      </trkpt>
      <trkpt lat="46.179703" lon="-91.268454">
        <ele>472.5</ele>
      </trkpt>
      <trkpt lat="46.179623" lon="-91.268505">
        <ele>472.6</ele>
      </trkpt>
      <trkpt lat="46.179559" lon="-91.268541">
        <ele>472.5</ele>
      </trkpt>
      <trkpt lat="46.179518" lon="-91.268619">
        <ele>472.1</ele>
      </trkpt>
      <trkpt lat="46.179441" lon="-91.268623">
        <ele>471.3</ele>
      </trkpt>
      <trkpt lat="46.179392" lon="-91.268647">
        <ele>470.4</ele>
      </trkpt>
      <trkpt lat="46.179279" lon="-91.268643">
        <ele>469.1</ele>
      </trkpt>
      <trkpt lat="46.179202" lon="-91.268656">
        <ele>468.5</ele>
      </trkpt>
      <trkpt lat="46.179162" lon="-91.268693">
        <ele>468.1</ele>
      </trkpt>
      <trkpt lat="46.179099" lon="-91.26869">
        <ele>467.8</ele>
      </trkpt>
      <trkpt lat="46.17902" lon="-91.268722">
        <ele>467.5</ele>
      </trkpt>
      <trkpt lat="46.17902" lon="-91.268722">
        <ele>467.5</ele>
      </trkpt>
      <trkpt lat="46.178939" lon="-91.268768">
        <ele>467.6</ele>
      </trkpt>
      <trkpt lat="46.178865" lon="-91.268819">
        <ele>468.1</ele>
      </trkpt>
      <trkpt lat="46.178799" lon="-91.268859">
        <ele>468.8</ele>
      </trkpt>
      <trkpt lat="46.178751" lon="-91.268904">
        <ele>469.3</ele>
      </trkpt>
      <trkpt lat="46.178669" lon="-91.268928">
        <ele>469.6</ele>
      </trkpt>
      <trkpt lat="46.178622" lon="-91.268972">
        <ele>469.9</ele>
      </trkpt>
      <trkpt lat="46.178607" lon="-91.268985">
        <ele>470.0</ele>
      </trkpt>
      <trkpt lat="46.17855" lon="-91.269055">
        <ele>470.3</ele>
      </trkpt>
      <trkpt lat="46.178485" lon="-91.269111">
        <ele>470.0</ele>
      </trkpt>
      <trkpt lat="46.178427" lon="-91.269162">
        <ele>469.4</ele>
      </trkpt>
      <trkpt lat="46.17836" lon="-91.269235">
        <ele>468.7</ele>
      </trkpt>
      <trkpt lat="46.17829" lon="-91.269285">
        <ele>468.2</ele>
      </trkpt>
      <trkpt lat="46.178244" lon="-91.269353">
        <ele>468.0</ele>
      </trkpt>
      <trkpt lat="46.178171" lon="-91.269417">
        <ele>467.4</ele>
      </trkpt>
      <trkpt lat="46.178139" lon="-91.269516">
        <ele>467.0</ele>
      </trkpt>
      <trkpt lat="46.178137" lon="-91.269522">
        <ele>467.0</ele>
      </trkpt>
      <trkpt lat="46.178086" lon="-91.269651">
        <ele>466.4</ele>
      </trkpt>
      <trkpt lat="46.178062" lon="-91.269746">
        <ele>466.2</ele>
      </trkpt>
      <trkpt lat="46.17807" lon="-91.269848">
        <ele>466.2</ele>
      </trkpt>
      <trkpt lat="46.178091" lon="-91.269909">
        <ele>466.2</ele>
      </trkpt>
      <trkpt lat="46.178098" lon="-91.27">
        <ele>466.2</ele>
      </trkpt>
      <trkpt lat="46.178084" lon="-91.27012">
        <ele>466.1</ele>
      </trkpt>
      <trkpt lat="46.178041" lon="-91.270315">
        <ele>466.2</ele>
      </trkpt>
      <trkpt lat="46.178037" lon="-91.270326">
        <ele>466.2</ele>
      </trkpt>
      <trkpt lat="46.177999" lon="-91.270426">
        <ele>466.4</ele>
      </trkpt>
      <trkpt lat="46.177943" lon="-91.270561">
        <ele>466.7</ele>
      </trkpt>
      <trkpt lat="46.17793" lon="-91.270646">
        <ele>466.9</ele>
      </trkpt>
      <trkpt lat="46.177897" lon="-91.270761">
        <ele>467.5</ele>
      </trkpt>
      <trkpt lat="46.17788" lon="-91.270901">
        <ele>467.9</ele>
      </trkpt>
      <trkpt lat="46.177895" lon="-91.270965">
        <ele>467.8</ele>
      </trkpt>
      <trkpt lat="46.177888" lon="-91.271008">
        <ele>467.9</ele>
      </trkpt>
      <trkpt lat="46.177888" lon="-91.271085">
        <ele>467.8</ele>
      </trkpt>
      <trkpt lat="46.177883" lon="-91.271129">
        <ele>467.9</ele>
      </trkpt>
      <trkpt lat="46.177864" lon="-91.271177">
        <ele>468.1</ele>
      </trkpt>
      <trkpt lat="46.17786" lon="-91.271193">
        <ele>468.1</ele>
      </trkpt>
      <trkpt lat="46.17786" lon="-91.271193">
        <ele>468.1</ele>
      </trkpt>
      <trkpt lat="46.177852" lon="-91.271211">
        <ele>468.2</ele>
      </trkpt>
      <trkpt lat="46.177851" lon="-91.271209">
        <ele>468.2</ele>
      </trkpt>
      <trkpt lat="46.17784" lon="-91.271216">
        <ele>468.3</ele>
      </trkpt>
      <trkpt lat="46.177834" lon="-91.271231">
        <ele>468.4</ele>
      </trkpt>
      <trkpt lat="46.177678" lon="-91.271194">
        <ele>469.8</ele>
      </trkpt>
      <trkpt lat="46.177616" lon="-91.271134">
        <ele>470.4</ele>
      </trkpt>
      <trkpt lat="46.177541" lon="-91.271046">
        <ele>471.0</ele>
      </trkpt>
      <trkpt lat="46.177471" lon="-91.270966">
        <ele>471.4</ele>
      </trkpt>
      <trkpt lat="46.177414" lon="-91.270904">
        <ele>471.7</ele>
      </trkpt>
      <trkpt lat="46.177352" lon="-91.270834">
        <ele>472.0</ele>
      </trkpt>
      <trkpt lat="46.177339" lon="-91.270825">
        <ele>472.1</ele>
      </trkpt>
      <trkpt lat="46.17733" lon="-91.27085">
        <ele>472.3</ele>
      </trkpt>
      <trkpt lat="46.17723" lon="-91.27076">
        <ele>472.7</ele>
      </trkpt>
      <trkpt lat="46.17636" lon="-91.27069">
        <ele>474.4</ele>
      </trkpt>
      <trkpt lat="46.176" lon="-91.2705">
        <ele>474.2</ele>
      </trkpt>
      <trkpt lat="46.17544" lon="-91.27001">
        <ele>473.1</ele>
      </trkpt>
      <trkpt lat="46.17525" lon="-91.27">
        <ele>472.0</ele>
      </trkpt>
      <trkpt lat="46.17504" lon="-91.26999">
        <ele>472.2</ele>
      </trkpt>
      <trkpt lat="46.17466" lon="-91.26962">
        <ele>473.0</ele>
      </trkpt>
      <trkpt lat="46.17446" lon="-91.26964">
        <ele>473.7</ele>
      </trkpt>
      <trkpt lat="46.17349" lon="-91.27011">
        <ele>475.2</ele>
      </trkpt>
      <trkpt lat="46.17295" lon="-91.27">
        <ele>478.3</ele>
      </trkpt>
      <trkpt lat="46.172956" lon="-91.270009">
        <ele>478.3</ele>
      </trkpt>
      <trkpt lat="46.172936" lon="-91.270006">
        <ele>478.3</ele>
      </trkpt>
      <trkpt lat="46.172854" lon="-91.270015">
        <ele>478.3</ele>
      </trkpt>
      <trkpt lat="46.172772" lon="-91.269972">
        <ele>478.3</ele>
      </trkpt>
      <trkpt lat="46.172718" lon="-91.269922">
        <ele>478.4</ele>
      </trkpt>
      <trkpt lat="46.172648" lon="-91.269858">
        <ele>478.7</ele>
      </trkpt>
      <trkpt lat="46.172596" lon="-91.26978">
        <ele>478.8</ele>
      </trkpt>
      <trkpt lat="46.17253" lon="-91.269729">
        <ele>478.7</ele>
      </trkpt>
      <trkpt lat="46.172449" lon="-91.269712">
        <ele>478.6</ele>
      </trkpt>
      <trkpt lat="46.172397" lon="-91.269702">
        <ele>478.5</ele>
      </trkpt>
      <trkpt lat="46.17232" lon="-91.269661">
        <ele>478.5</ele>
      </trkpt>
      <trkpt lat="46.1723" lon="-91.26975">
        <ele>478.3</ele>
      </trkpt>
      <trkpt lat="46.17221" lon="-91.26971">
        <ele>478.0</ele>
      </trkpt>
      <trkpt lat="46.17205" lon="-91.26936">
        <ele>476.1</ele>
      </trkpt>
      <trkpt lat="46.17122" lon="-91.26868">
        <ele>477.5</ele>
      </trkpt>
      <trkpt lat="46.17099" lon="-91.26838">
        <ele>476.6</ele>
      </trkpt>
      <trkpt lat="46.17084" lon="-91.26814">
        <ele>476.8</ele>
      </trkpt>
      <trkpt lat="46.17071" lon="-91.26793">
        <ele>478.1</ele>
      </trkpt>
      <trkpt lat="46.17052" lon="-91.26707">
        <ele>474.5</ele>
      </trkpt>
      <trkpt lat="46.17031" lon="-91.26675">
        <ele>474.2</ele>
      </trkpt>
      <trkpt lat="46.17022" lon="-91.2661">
        <ele>475.3</ele>
      </trkpt>
      <trkpt lat="46.17026" lon="-91.26565">
        <ele>475.3</ele>
      </trkpt>
      <trkpt lat="46.170261" lon="-91.265642">
        <ele>475.3</ele>
      </trkpt>
      <trkpt lat="46.170262" lon="-91.265635">
        <ele>475.3</ele>
      </trkpt>
      <trkpt lat="46.170251" lon="-91.26553">
        <ele>474.8</ele>
      </trkpt>
      <trkpt lat="46.170233" lon="-91.265415">
        <ele>474.0</ele>
      </trkpt>
      <trkpt lat="46.170198" lon="-91.265298">
        <ele>473.0</ele>
      </trkpt>
      <trkpt lat="46.170149" lon="-91.265179">
        <ele>472.4</ele>
      </trkpt>
      <trkpt lat="46.170097" lon="-91.265095">
        <ele>472.8</ele>
      </trkpt>
      <trkpt lat="46.170029" lon="-91.265032">
        <ele>473.2</ele>
      </trkpt>
      <trkpt lat="46.16995" lon="-91.265006">
        <ele>473.5</ele>
      </trkpt>
      <trkpt lat="46.169907" lon="-91.26499">
        <ele>473.7</ele>
      </trkpt>
      <trkpt lat="46.16984" lon="-91.264984">
        <ele>473.8</ele>
      </trkpt>
      <trkpt lat="46.169787" lon="-91.265013">
        <ele>473.6</ele>
      </trkpt>
      <trkpt lat="46.169785" lon="-91.265033">
        <ele>473.5</ele>
      </trkpt>
      <trkpt lat="46.169774" lon="-91.265034">
        <ele>473.5</ele>
      </trkpt>
      <trkpt lat="46.16975" lon="-91.265017">
        <ele>473.4</ele>
      </trkpt>
      <trkpt lat="46.169751" lon="-91.264988">
        <ele>473.4</ele>
      </trkpt>
      <trkpt lat="46.16976" lon="-91.265009">
        <ele>473.4</ele>
      </trkpt>
      <trkpt lat="46.169756" lon="-91.265017">
        <ele>473.4</ele>
      </trkpt>
      <trkpt lat="46.169754" lon="-91.26503">
        <ele>473.4</ele>
      </trkpt>
      <trkpt lat="46.169763" lon="-91.265064">
        <ele>473.4</ele>
      </trkpt>
      <trkpt lat="46.169692" lon="-91.265212">
        <ele>474.2</ele>
      </trkpt>
      <trkpt lat="46.169672" lon="-91.265269">
        <ele>474.8</ele>
      </trkpt>
      <trkpt lat="46.169648" lon="-91.265332">
        <ele>475.3</ele>
      </trkpt>
      <trkpt lat="46.169643" lon="-91.265378">
        <ele>475.6</ele>
      </trkpt>
      <trkpt lat="46.169628" lon="-91.265435">
        <ele>476.0</ele>
      </trkpt>
      <trkpt lat="46.169618" lon="-91.265508">
        <ele>476.5</ele>
      </trkpt>
      <trkpt lat="46.169605" lon="-91.265584">
        <ele>477.0</ele>
      </trkpt>
      <trkpt lat="46.169588" lon="-91.26567">
        <ele>477.4</ele>
      </trkpt>
      <trkpt lat="46.169572" lon="-91.265761">
        <ele>477.7</ele>
      </trkpt>
      <trkpt lat="46.169555" lon="-91.265845">
        <ele>477.8</ele>
      </trkpt>
      <trkpt lat="46.169548" lon="-91.265873">
        <ele>477.9</ele>
      </trkpt>
      <trkpt lat="46.169534" lon="-91.265926">
        <ele>478.0</ele>
      </trkpt>
      <trkpt lat="46.169512" lon="-91.266004">
        <ele>478.4</ele>
      </trkpt>
      <trkpt lat="46.169486" lon="-91.266081">
        <ele>478.7</ele>
      </trkpt>
      <trkpt lat="46.169461" lon="-91.266173">
        <ele>478.8</ele>
      </trkpt>
      <trkpt lat="46.16944" lon="-91.266254">
        <ele>478.7</ele>
      </trkpt>
      <trkpt lat="46.169435" lon="-91.266317">
        <ele>478.6</ele>
      </trkpt>
      <trkpt lat="46.16943" lon="-91.266396">
        <ele>478.4</ele>
      </trkpt>
      <trkpt lat="46.169441" lon="-91.266468">
        <ele>478.3</ele>
      </trkpt>
      <trkpt lat="46.169443" lon="-91.266566">
        <ele>478.3</ele>
      </trkpt>
      <trkpt lat="46.169446" lon="-91.266654">
        <ele>478.3</ele>
      </trkpt>
      <trkpt lat="46.169453" lon="-91.266732">
        <ele>478.3</ele>
      </trkpt>
      <trkpt lat="46.169445" lon="-91.266814">
        <ele>478.5</ele>
      </trkpt>
      <trkpt lat="46.169442" lon="-91.266867">
        <ele>478.7</ele>
      </trkpt>
      <trkpt lat="46.169414" lon="-91.26694">
        <ele>479.2</ele>
      </trkpt>
      <trkpt lat="46.169409" lon="-91.266959">
        <ele>479.3</ele>
      </trkpt>
      <trkpt lat="46.169387" lon="-91.267043">
        <ele>479.2</ele>
      </trkpt>
      <trkpt lat="46.169358" lon="-91.267123">
        <ele>478.7</ele>
      </trkpt>
      <trkpt lat="46.169352" lon="-91.267178">
        <ele>478.5</ele>
      </trkpt>
      <trkpt lat="46.169345" lon="-91.267245">
        <ele>478.3</ele>
      </trkpt>
      <trkpt lat="46.169338" lon="-91.267318">
        <ele>478.4</ele>
      </trkpt>
      <trkpt lat="46.169339" lon="-91.267369">
        <ele>478.4</ele>
      </trkpt>
      <trkpt lat="46.169347" lon="-91.26742">
        <ele>478.4</ele>
      </trkpt>
      <trkpt lat="46.169351" lon="-91.267473">
        <ele>478.5</ele>
      </trkpt>
      <trkpt lat="46.169334" lon="-91.267535">
        <ele>479.0</ele>
      </trkpt>
      <trkpt lat="46.169318" lon="-91.2676">
        <ele>479.4</ele>
      </trkpt>
      <trkpt lat="46.169304" lon="-91.267686">
        <ele>480.1</ele>
      </trkpt>
      <trkpt lat="46.169288" lon="-91.267758">
        <ele>480.9</ele>
      </trkpt>
      <trkpt lat="46.169286" lon="-91.267815">
        <ele>481.4</ele>
      </trkpt>
      <trkpt lat="46.169279" lon="-91.267883">
        <ele>482.0</ele>
      </trkpt>
      <trkpt lat="46.169278" lon="-91.267959">
        <ele>482.4</ele>
      </trkpt>
      <trkpt lat="46.169294" lon="-91.268025">
        <ele>482.6</ele>
      </trkpt>
      <trkpt lat="46.169308" lon="-91.268091">
        <ele>482.9</ele>
      </trkpt>
      <trkpt lat="46.169312" lon="-91.268164">
        <ele>483.4</ele>
      </trkpt>
      <trkpt lat="46.169312" lon="-91.268174">
        <ele>483.4</ele>
      </trkpt>
      <trkpt lat="46.169312" lon="-91.268225">
        <ele>483.8</ele>
      </trkpt>
      <trkpt lat="46.169305" lon="-91.268293">
        <ele>484.4</ele>
      </trkpt>
      <trkpt lat="46.169291" lon="-91.268364">
        <ele>485.1</ele>
      </trkpt>
      <trkpt lat="46.16927" lon="-91.268434">
        <ele>485.8</ele>
      </trkpt>
      <trkpt lat="46.169246" lon="-91.268499">
        <ele>486.5</ele>
      </trkpt>
      <trkpt lat="46.169229" lon="-91.268567">
        <ele>487.1</ele>
      </trkpt>
      <trkpt lat="46.169213" lon="-91.268623">
        <ele>487.3</ele>
      </trkpt>
      <trkpt lat="46.169197" lon="-91.268675">
        <ele>487.4</ele>
      </trkpt>
      <trkpt lat="46.169172" lon="-91.268742">
        <ele>487.3</ele>
      </trkpt>
      <trkpt lat="46.169138" lon="-91.268805">
        <ele>487.0</ele>
      </trkpt>
      <trkpt lat="46.169114" lon="-91.268853">
        <ele>486.8</ele>
      </trkpt>
      <trkpt lat="46.169089" lon="-91.268933">
        <ele>486.3</ele>
      </trkpt>
      <trkpt lat="46.169081" lon="-91.26896">
        <ele>486.1</ele>
      </trkpt>
      <trkpt lat="46.169074" lon="-91.268971">
        <ele>486.0</ele>
      </trkpt>
      <trkpt lat="46.169053" lon="-91.269007">
        <ele>485.7</ele>
      </trkpt>
      <trkpt lat="46.169029" lon="-91.269055">
        <ele>485.3</ele>
      </trkpt>
      <trkpt lat="46.169003" lon="-91.269124">
        <ele>485.0</ele>
      </trkpt>
      <trkpt lat="46.168979" lon="-91.269186">
        <ele>484.7</ele>
      </trkpt>
      <trkpt lat="46.16895" lon="-91.269289">
        <ele>484.1</ele>
      </trkpt>
      <trkpt lat="46.168928" lon="-91.269366">
        <ele>483.9</ele>
      </trkpt>
      <trkpt lat="46.168884" lon="-91.269422">
        <ele>483.8</ele>
      </trkpt>
      <trkpt lat="46.168847" lon="-91.26945">
        <ele>484.0</ele>
      </trkpt>
      <trkpt lat="46.168823" lon="-91.269508">
        <ele>484.3</ele>
      </trkpt>
      <trkpt lat="46.168816" lon="-91.269562">
        <ele>484.6</ele>
      </trkpt>
      <trkpt lat="46.168809" lon="-91.269622">
        <ele>484.7</ele>
      </trkpt>
      <trkpt lat="46.168809" lon="-91.269696">
        <ele>484.8</ele>
      </trkpt>
      <trkpt lat="46.168807" lon="-91.269724">
        <ele>484.9</ele>
      </trkpt>
      <trkpt lat="46.168805" lon="-91.269764">
        <ele>484.9</ele>
      </trkpt>
      <trkpt lat="46.168816" lon="-91.269821">
        <ele>484.7</ele>
      </trkpt>
      <trkpt lat="46.16884" lon="-91.269871">
        <ele>484.3</ele>
      </trkpt>
      <trkpt lat="46.168859" lon="-91.269918">
        <ele>483.7</ele>
      </trkpt>
      <trkpt lat="46.168889" lon="-91.269986">
        <ele>482.6</ele>
      </trkpt>
      <trkpt lat="46.168897" lon="-91.270067">
        <ele>482.0</ele>
      </trkpt>
      <trkpt lat="46.168898" lon="-91.270148">
        <ele>481.9</ele>
      </trkpt>
      <trkpt lat="46.168899" lon="-91.270197">
        <ele>482.0</ele>
      </trkpt>
      <trkpt lat="46.168879" lon="-91.27026">
        <ele>482.3</ele>
      </trkpt>
      <trkpt lat="46.168856" lon="-91.270311">
        <ele>482.5</ele>
      </trkpt>
      <trkpt lat="46.168837" lon="-91.270347">
        <ele>482.5</ele>
      </trkpt>
      <trkpt lat="46.168846" lon="-91.270339">
        <ele>482.6</ele>
      </trkpt>
      <trkpt lat="46.168821" lon="-91.270372">
        <ele>482.5</ele>
      </trkpt>
      <trkpt lat="46.168782" lon="-91.270399">
        <ele>482.4</ele>
      </trkpt>
      <trkpt lat="46.168781" lon="-91.2704">
        <ele>482.3</ele>
      </trkpt>
      <trkpt lat="46.168747" lon="-91.270421">
        <ele>482.1</ele>
      </trkpt>
      <trkpt lat="46.168721" lon="-91.270455">
        <ele>481.8</ele>
      </trkpt>
      <trkpt lat="46.168691" lon="-91.270509">
        <ele>481.6</ele>
      </trkpt>
      <trkpt lat="46.168661" lon="-91.27057">
        <ele>481.5</ele>
      </trkpt>
      <trkpt lat="46.168644" lon="-91.27061">
        <ele>481.4</ele>
      </trkpt>
      <trkpt lat="46.168634" lon="-91.270655">
        <ele>481.4</ele>
      </trkpt>
      <trkpt lat="46.168635" lon="-91.270686">
        <ele>481.4</ele>
      </trkpt>
      <trkpt lat="46.16864" lon="-91.27067">
        <ele>481.5</ele>
      </trkpt>
      <trkpt lat="46.16938" lon="-91.27096">
        <ele>486.8</ele>
      </trkpt>
      <trkpt lat="46.16996" lon="-91.27204">
        <ele>489.8</ele>
      </trkpt>
      <trkpt lat="46.17003" lon="-91.27229">
        <ele>489.5</ele>
      </trkpt>
      <trkpt lat="46.17019" lon="-91.27284">
        <ele>484.2</ele>
      </trkpt>
      <trkpt lat="46.17013" lon="-91.27297">
        <ele>484.1</ele>
      </trkpt>
      <trkpt lat="46.170137" lon="-91.272971">
        <ele>484.0</ele>
      </trkpt>
      <trkpt lat="46.17013" lon="-91.27297">
        <ele>484.1</ele>
      </trkpt>
      <trkpt lat="46.16984" lon="-91.27361">
        <ele>477.4</ele>
      </trkpt>
      <trkpt lat="46.16861" lon="-91.27406">
        <ele>479.0</ele>
      </trkpt>
      <trkpt lat="46.16856" lon="-91.27452">
        <ele>477.8</ele>
      </trkpt>
      <trkpt lat="46.16905" lon="-91.27471">
        <ele>479.2</ele>
      </trkpt>
      <trkpt lat="46.169" lon="-91.27547">
        <ele>478.9</ele>
      </trkpt>
      <trkpt lat="46.16936" lon="-91.27629">
        <ele>479.1</ele>
      </trkpt>
      <trkpt lat="46.16931" lon="-91.27683">
        <ele>480.0</ele>
      </trkpt>
      <trkpt lat="46.16904" lon="-91.27738">
        <ele>485.2</ele>
      </trkpt>
      <trkpt lat="46.16901" lon="-91.27774">
        <ele>483.5</ele>
      </trkpt>
      <trkpt lat="46.16922" lon="-91.2782">
        <ele>482.1</ele>
      </trkpt>
      <trkpt lat="46.16961" lon="-91.27868">
        <ele>486.5</ele>
      </trkpt>
      <trkpt lat="46.17011" lon="-91.27877">
        <ele>493.3</ele>
      </trkpt>
      <trkpt lat="46.17053" lon="-91.27873">
        <ele>499.4</ele>
      </trkpt>
      <trkpt lat="46.17067" lon="-91.27811">
        <ele>499.0</ele>
      </trkpt>
      <trkpt lat="46.17129" lon="-91.27799">
        <ele>500.5</ele>
      </trkpt>
      <trkpt lat="46.17198" lon="-91.27757">
        <ele>493.8</ele>
      </trkpt>
      <trkpt lat="46.1729" lon="-91.27745">
        <ele>492.8</ele>
      </trkpt>
      <trkpt lat="46.17295" lon="-91.27632">
        <ele>480.7</ele>
      </trkpt>
      <trkpt lat="46.172903" lon="-91.276315">
        <ele>480.7</ele>
      </trkpt>
      <trkpt lat="46.17295" lon="-91.27632">
        <ele>480.7</ele>
      </trkpt>
      <trkpt lat="46.17296" lon="-91.27596">
        <ele>483.0</ele>
      </trkpt>
      <trkpt lat="46.17348" lon="-91.27536">
        <ele>481.6</ele>
      </trkpt>
      <trkpt lat="46.17441" lon="-91.27538">
        <ele>487.7</ele>
      </trkpt>
      <trkpt lat="46.17506" lon="-91.27594">
        <ele>482.4</ele>
      </trkpt>
      <trkpt lat="46.17638" lon="-91.27459">
        <ele>475.0</ele>
      </trkpt>
      <trkpt lat="46.17665" lon="-91.27461">
        <ele>475.9</ele>
      </trkpt>
      <trkpt lat="46.17717" lon="-91.27464">
        <ele>473.2</ele>
      </trkpt>
      <trkpt lat="46.17765" lon="-91.27492">
        <ele>477.7</ele>
      </trkpt>
      <trkpt lat="46.17792" lon="-91.27508">
        <ele>480.6</ele>
      </trkpt>
      <trkpt lat="46.17863" lon="-91.27467">
        <ele>478.9</ele>
      </trkpt>
      <trkpt lat="46.17932" lon="-91.27512">
        <ele>479.3</ele>
      </trkpt>
      <trkpt lat="46.1795" lon="-91.27563">
        <ele>477.0</ele>
      </trkpt>
      <trkpt lat="46.17974" lon="-91.27631">
        <ele>472.4</ele>
      </trkpt>
      <trkpt lat="46.18034" lon="-91.27671">
        <ele>468.9</ele>
      </trkpt>
      <trkpt lat="46.18048" lon="-91.27741">
        <ele>471.6</ele>
      </trkpt>
      <trkpt lat="46.18059" lon="-91.27762">
        <ele>472.4</ele>
      </trkpt>
      <trkpt lat="46.18081" lon="-91.27803">
        <ele>472.0</ele>
      </trkpt>
      <trkpt lat="46.18106" lon="-91.27831">
        <ele>469.3</ele>
      </trkpt>
      <trkpt lat="46.18112" lon="-91.27887">
        <ele>472.2</ele>
      </trkpt>
      <trkpt lat="46.18111" lon="-91.27909">
        <ele>471.0</ele>
      </trkpt>
      <trkpt lat="46.181088" lon="-91.279082">
        <ele>471.2</ele>
      </trkpt>
      <trkpt lat="46.18111" lon="-91.27909">
        <ele>471.0</ele>
      </trkpt>
      <trkpt lat="46.18104" lon="-91.27999">
        <ele>471.8</ele>
      </trkpt>
      <trkpt lat="46.1808" lon="-91.28089">
        <ele>472.0</ele>
      </trkpt>
      <trkpt lat="46.18083" lon="-91.28186">
        <ele>466.1</ele>
      </trkpt>
      <trkpt lat="46.18123" lon="-91.28248">
        <ele>465.8</ele>
      </trkpt>
      <trkpt lat="46.1815" lon="-91.2833">
        <ele>460.4</ele>
      </trkpt>
      <trkpt lat="46.18182" lon="-91.28382">
        <ele>457.8</ele>
      </trkpt>
      <trkpt lat="46.18262" lon="-91.28436">
        <ele>455.3</ele>
      </trkpt>
      <trkpt lat="46.18299" lon="-91.28444">
        <ele>455.1</ele>
      </trkpt>
      <trkpt lat="46.18359" lon="-91.28497">
        <ele>457.2</ele>
      </trkpt>
      <trkpt lat="46.18402" lon="-91.28544">
        <ele>454.9</ele>
      </trkpt>
      <trkpt lat="46.18407" lon="-91.28564">
        <ele>453.1</ele>
      </trkpt>
      <trkpt lat="46.18412" lon="-91.28585">
        <ele>452.1</ele>
      </trkpt>
      <trkpt lat="46.18367" lon="-91.28661">
        <ele>456.4</ele>
      </trkpt>
      <trkpt lat="46.18347" lon="-91.28727">
        <ele>457.1</ele>
      </trkpt>
      <trkpt lat="46.18305" lon="-91.28801">
        <ele>452.9</ele>
      </trkpt>
      <trkpt lat="46.18285" lon="-91.28906">
        <ele>450.0</ele>
      </trkpt>
      <trkpt lat="46.18297" lon="-91.28968">
        <ele>447.4</ele>
      </trkpt>
      <trkpt lat="46.18329" lon="-91.2898">
        <ele>444.9</ele>
      </trkpt>
      <trkpt lat="46.18358" lon="-91.28959">
        <ele>446.3</ele>
      </trkpt>
      <trkpt lat="46.183591" lon="-91.289612">
        <ele>446.0</ele>
      </trkpt>
      <trkpt lat="46.18358" lon="-91.28959">
        <ele>446.3</ele>
      </trkpt>
      <trkpt lat="46.18405" lon="-91.28924">
        <ele>443.0</ele>
      </trkpt>
      <trkpt lat="46.18411" lon="-91.28938">
        <ele>442.9</ele>
      </trkpt>
      <trkpt lat="46.18396" lon="-91.28978">
        <ele>442.3</ele>
      </trkpt>
      <trkpt lat="46.18357" lon="-91.29">
        <ele>441.2</ele>
      </trkpt>
      <trkpt lat="46.18278" lon="-91.2903">
        <ele>438.8</ele>
      </trkpt>
      <trkpt lat="46.18269" lon="-91.29049">
        <ele>434.5</ele>
      </trkpt>
      <trkpt lat="46.18267" lon="-91.29089">
        <ele>431.4</ele>
      </trkpt>
      <trkpt lat="46.18272" lon="-91.29129">
        <ele>429.9</ele>
      </trkpt>
      <trkpt lat="46.18291" lon="-91.29151">
        <ele>428.6</ele>
      </trkpt>
      <trkpt lat="46.18327" lon="-91.29164">
        <ele>427.1</ele>
      </trkpt>
      <trkpt lat="46.18346" lon="-91.29164">
        <ele>426.4</ele>
      </trkpt>
      <trkpt lat="46.18382" lon="-91.29153">
        <ele>425.3</ele>
      </trkpt>
      <trkpt lat="46.184" lon="-91.29169">
        <ele>423.5</ele>
      </trkpt>
      <trkpt lat="46.18476" lon="-91.29203">
        <ele>421.1</ele>
      </trkpt>
      <trkpt lat="46.18491" lon="-91.29182">
        <ele>421.0</ele>
      </trkpt>
      <trkpt lat="46.18464" lon="-91.2914">
        <ele>424.0</ele>
      </trkpt>
      <trkpt lat="46.1842" lon="-91.29114">
        <ele>426.1</ele>
      </trkpt>
      <trkpt lat="46.18435" lon="-91.29088">
        <ele>427.7</ele>
      </trkpt>
      <trkpt lat="46.18468" lon="-91.29078">
        <ele>430.9</ele>
      </trkpt>
      <trkpt lat="46.18531" lon="-91.29011">
        <ele>429.8</ele>
      </trkpt>
      <trkpt lat="46.1857" lon="-91.28954">
        <ele>434.5</ele>
      </trkpt>
      <trkpt lat="46.18584" lon="-91.28897">
        <ele>433.7</ele>
      </trkpt>
      <trkpt lat="46.18595" lon="-91.28882">
        <ele>430.6</ele>
      </trkpt>
      <trkpt lat="46.18653" lon="-91.28891">
        <ele>425.5</ele>
      </trkpt>
      <trkpt lat="46.18682" lon="-91.28848">
        <ele>421.9</ele>
      </trkpt>
      <trkpt lat="46.18702" lon="-91.28843">
        <ele>420.3</ele>
      </trkpt>
      <trkpt lat="46.18722" lon="-91.28845">
        <ele>419.9</ele>
      </trkpt>
      <trkpt lat="46.18751" lon="-91.28848">
        <ele>417.5</ele>
      </trkpt>
      <trkpt lat="46.18795" lon="-91.28871">
        <ele>417.5</ele>
      </trkpt>
      <trkpt lat="46.18816" lon="-91.28871">
        <ele>417.1</ele>
      </trkpt>
      <trkpt lat="46.18833" lon="-91.28803">
        <ele>418.0</ele>
      </trkpt>
      <trkpt lat="46.188313" lon="-91.288012">
        <ele>418.1</ele>
      </trkpt>
      <trkpt lat="46.18833" lon="-91.28803">
        <ele>418.0</ele>
      </trkpt>
      <trkpt lat="46.18838" lon="-91.28786">
        <ele>418.4</ele>
      </trkpt>
      <trkpt lat="46.18859" lon="-91.28729">
        <ele>418.2</ele>
      </trkpt>
      <trkpt lat="46.18901" lon="-91.28697">
        <ele>420.1</ele>
      </trkpt>
      <trkpt lat="46.18938" lon="-91.28631">
        <ele>424.7</ele>
      </trkpt>
      <trkpt lat="46.19007" lon="-91.28589">
        <ele>423.1</ele>
      </trkpt>
      <trkpt lat="46.19034" lon="-91.28591">
        <ele>423.1</ele>
      </trkpt>
      <trkpt lat="46.19089" lon="-91.28573">
        <ele>421.8</ele>
      </trkpt>
      <trkpt lat="46.19119" lon="-91.28519">
        <ele>424.8</ele>
      </trkpt>
      <trkpt lat="46.19101" lon="-91.28394">
        <ele>430.6</ele>
      </trkpt>
      <trkpt lat="46.19123" lon="-91.28315">
        <ele>431.5</ele>
      </trkpt>
      <trkpt lat="46.1911" lon="-91.28238">
        <ele>433.7</ele>
      </trkpt>
      <trkpt lat="46.19127" lon="-91.2816">
        <ele>438.6</ele>
      </trkpt>
      <trkpt lat="46.19102" lon="-91.28089">
        <ele>439.2</ele>
      </trkpt>
      <trkpt lat="46.19098" lon="-91.28077">
        <ele>439.8</ele>
      </trkpt>
      <trkpt lat="46.19087" lon="-91.27995">
        <ele>439.9</ele>
      </trkpt>
      <trkpt lat="46.19099" lon="-91.27917">
        <ele>443.6</ele>
      </trkpt>
      <trkpt lat="46.19127" lon="-91.27872">
        <ele>442.5</ele>
      </trkpt>
      <trkpt lat="46.19141" lon="-91.27885">
        <ele>441.9</ele>
      </trkpt>
      <trkpt lat="46.191413" lon="-91.278834">
        <ele>441.8</ele>
      </trkpt>
      <trkpt lat="46.19141" lon="-91.27885">
        <ele>441.9</ele>
      </trkpt>
      <trkpt lat="46.19158" lon="-91.279">
        <ele>440.3</ele>
      </trkpt>
      <trkpt lat="46.19189" lon="-91.27906">
        <ele>437.6</ele>
      </trkpt>
      <trkpt lat="46.19271" lon="-91.27838">
        <ele>433.4</ele>
      </trkpt>
      <trkpt lat="46.19311" lon="-91.27828">
        <ele>434.1</ele>
      </trkpt>
      <trkpt lat="46.19318" lon="-91.27788">
        <ele>435.2</ele>
      </trkpt>
      <trkpt lat="46.19309" lon="-91.27743">
        <ele>437.1</ele>
      </trkpt>
      <trkpt lat="46.19299" lon="-91.27665">
        <ele>435.2</ele>
      </trkpt>
      <trkpt lat="46.19306" lon="-91.27627">
        <ele>432.3</ele>
      </trkpt>
      <trkpt lat="46.19376" lon="-91.27541">
        <ele>429.7</ele>
      </trkpt>
      <trkpt lat="46.19367" lon="-91.27346">
        <ele>429.3</ele>
      </trkpt>
      <trkpt lat="46.19355" lon="-91.27298">
        <ele>426.5</ele>
      </trkpt>
      <trkpt lat="46.19354" lon="-91.27294">
        <ele>426.4</ele>
      </trkpt>
      <trkpt lat="46.19366" lon="-91.27242">
        <ele>427.2</ele>
      </trkpt>
      <trkpt lat="46.19362" lon="-91.27194">
        <ele>428.7</ele>
      </trkpt>
      <trkpt lat="46.19372" lon="-91.27142">
        <ele>430.7</ele>
      </trkpt>
      <trkpt lat="46.193626" lon="-91.270944">
        <ele>432.2</ele>
      </trkpt>
      <trkpt lat="46.1936" lon="-91.27081">
        <ele>432.1</ele>
      </trkpt>
      <trkpt lat="46.19371" lon="-91.2705">
        <ele>431.4</ele>
      </trkpt>
      <trkpt lat="46.1937" lon="-91.26938">
        <ele>424.4</ele>
      </trkpt>
      <trkpt lat="46.19347" lon="-91.26782">
        <ele>426.0</ele>
      </trkpt>
      <trkpt lat="46.193422" lon="-91.267525">
        <ele>424.1</ele>
      </trkpt>
      <trkpt lat="46.19334" lon="-91.26702">
        <ele>424.2</ele>
      </trkpt>
      <trkpt lat="46.19334" lon="-91.266">
        <ele>421.8</ele>
      </trkpt>
      <trkpt lat="46.1933" lon="-91.2653">
        <ele>417.7</ele>
      </trkpt>
      <trkpt lat="46.193254" lon="-91.265302">
        <ele>418.0</ele>
      </trkpt>
      <trkpt lat="46.193224" lon="-91.264394">
        <ele>415.6</ele>
      </trkpt>
      <trkpt lat="46.19315" lon="-91.26439">
        <ele>415.9</ele>
      </trkpt>
      <trkpt lat="46.19315" lon="-91.26434">
        <ele>416.0</ele>
      </trkpt>
      <trkpt lat="46.19315" lon="-91.2643">
        <ele>416.1</ele>
      </trkpt>
      <trkpt lat="46.19315" lon="-91.26413">
        <ele>416.5</ele>
      </trkpt>
      <trkpt lat="46.19316" lon="-91.26387">
        <ele>417.0</ele>
      </trkpt>
      <trkpt lat="46.19316" lon="-91.26335">
        <ele>418.3</ele>
      </trkpt>
      <trkpt lat="46.19316" lon="-91.2633">
        <ele>418.5</ele>
      </trkpt>
      <trkpt lat="46.19316" lon="-91.26283">
        <ele>420.7</ele>
      </trkpt>
      <trkpt lat="46.19317" lon="-91.26248">
        <ele>421.2</ele>
      </trkpt>
      <trkpt lat="46.19317" lon="-91.26247">
        <ele>421.2</ele>
      </trkpt>
      <trkpt lat="46.19311" lon="-91.2618">
        <ele>421.3</ele>
      </trkpt>
      <trkpt lat="46.19307" lon="-91.26128">
        <ele>420.4</ele>
      </trkpt>
      <trkpt lat="46.19305" lon="-91.2611">
        <ele>421.2</ele>
      </trkpt>
      <trkpt lat="46.19305" lon="-91.26102">
        <ele>421.6</ele>
      </trkpt>
      <trkpt lat="46.19302" lon="-91.25988">
        <ele>422.5</ele>
      </trkpt>
      <trkpt lat="46.19301" lon="-91.25972">
        <ele>422.1</ele>
      </trkpt>
      <trkpt lat="46.19308" lon="-91.25921">
        <ele>420.0</ele>
      </trkpt>
      <trkpt lat="46.19314" lon="-91.25875">
        <ele>419.9</ele>
      </trkpt>
      <trkpt lat="46.19319" lon="-91.25846">
        <ele>418.6</ele>
      </trkpt>
      <trkpt lat="46.19329" lon="-91.25781">
        <ele>415.2</ele>
      </trkpt>
      <trkpt lat="46.19329" lon="-91.2578">
        <ele>415.2</ele>
      </trkpt>
      <trkpt lat="46.19334" lon="-91.25767">
        <ele>415.4</ele>
      </trkpt>
    </trkseg>
  </trk>
</gpx>
