<?xml version="1.0" encoding="UTF-8" standalone="yes"?>
<gpx xmlns="http://www.topografix.com/GPX/1/1" xmlns:gpxx="http://www.garmin.com/xmlschemas/GpxExtensions/v3" xmlns:gpxtpx="http://www.garmin.com/xmlschemas/TrackPointExtension/v1" creator="TCX Converter" version="1.1" xmlns:xsi="http://www.w3.org/2001/XMLSchema-instance" xsi:schemaLocation="http://www.topografix.com/GPX/1/1 http://www.topografix.com/GPX/1/1/gpx.xsd http://www.garmin.com/xmlschemas/GpxExtensions/v3 http://www.garmin.com/xmlschemas/GpxExtensions/v3/GpxExtensionsv3.xsd http://www.garmin.com/xmlschemas/TrackPointExtension/v1 http://www.garmin.com/xmlschemas/TrackPointExtension/v1/TrackPointExtensionv1.xsd">
<metadata>
<link href="http://www.teambikeolympo.it">
<text>Team Bike Olympo, The house of TCX Converter</text>
</link>
<time>2009-04-06T19:08:57Z</time>
</metadata>
  <wpt lat="45.72126" lon="7.28974">
    <name>Start of route</name>
    <desc>2026-04-14T14:30:20Z</desc>
  </wpt>
  <wpt lat="45.713122" lon="7.284776">
    <name>KM_15</name>
    <desc>2026-04-14T14:43:39Z</desc>
  </wpt>
  <wpt lat="45.708657" lon="7.307445">
    <name>KM_10</name>
    <desc>2026-04-14T15:48:39Z</desc>
  </wpt>
  <wpt lat="45.704551" lon="7.302691">
    <name>KM_9</name>
    <desc>2026-04-14T16:02:29Z</desc>
  </wpt>
  <wpt lat="45.706549" lon="7.310912">
    <name>HALF_WAY</name>
    <desc>2026-04-14T16:12:09Z</desc>
  </wpt>
  <wpt lat="45.706164" lon="7.312640">
    <name>KM_8</name>
    <desc>2026-04-14T16:17:09Z</desc>
  </wpt>
  <wpt lat="45.701130" lon="7.302716">
    <name>KM_7</name>
    <desc>2026-04-14T16:32:19Z</desc>
  </wpt>
  <wpt lat="45.702300" lon="7.307920">
    <name>KM_6</name>
    <desc>2026-04-14T16:50:59Z</desc>
  </wpt>
  <wpt lat="45.700460" lon="7.308021">
    <name>KM_5</name>
    <desc>2026-04-14T17:06:19Z</desc>
  </wpt>
  <wpt lat="45.694650" lon="7.301973">
    <name>KM_4</name>
    <desc>2026-04-14T17:20:29Z</desc>
  </wpt>
  <wpt lat="45.695214" lon="7.305429">
    <name>KM_3</name>
    <desc>2026-04-14T17:38:39Z</desc>
  </wpt>
  <wpt lat="45.694120" lon="7.310420">
    <name>KM_2</name>
    <desc>2026-04-14T17:57:49Z</desc>
  </wpt>
  <wpt lat="45.690806" lon="7.305845">
    <name>KM_1</name>
    <desc>2026-04-14T18:15:49Z</desc>
  </wpt>
  <wpt lat="45.68721" lon="7.31064">
    <name>End of route</name>
    <desc>2026-04-14T18:39:00Z</desc>
  </wpt>
  <trk>
    <name>G26_SAL06_Pila</name>
    <trkseg>
      <trkpt lat="45.721260" lon="7.289740">
        <ele>624.00</ele>
        <time>2026-04-14T14:30:20Z</time>
      </trkpt>
      <trkpt lat="45.721140" lon="7.289660">
        <ele>625.50</ele>
        <time>2026-04-14T14:30:30Z</time>
      </trkpt>
      <trkpt lat="45.720840" lon="7.289470">
        <ele>629.20</ele>
        <time>2026-04-14T14:30:40Z</time>
      </trkpt>
      <trkpt lat="45.720540" lon="7.289270">
        <ele>631.40</ele>
        <time>2026-04-14T14:30:50Z</time>
      </trkpt>
      <trkpt lat="45.720260" lon="7.289100">
        <ele>632.60</ele>
        <time>2026-04-14T14:31:00Z</time>
      </trkpt>
      <trkpt lat="45.720040" lon="7.288960">
        <ele>633.30</ele>
        <time>2026-04-14T14:31:10Z</time>
      </trkpt>
      <trkpt lat="45.719550" lon="7.288650">
        <ele>637.30</ele>
        <time>2026-04-14T14:31:20Z</time>
      </trkpt>
      <trkpt lat="45.718530" lon="7.288010">
        <ele>644.60</ele>
        <time>2026-04-14T14:31:30Z</time>
      </trkpt>
      <trkpt lat="45.718340" lon="7.287860">
        <ele>645.80</ele>
        <time>2026-04-14T14:31:40Z</time>
      </trkpt>
      <trkpt lat="45.718180" lon="7.287730">
        <ele>647.20</ele>
        <time>2026-04-14T14:31:50Z</time>
      </trkpt>
      <trkpt lat="45.717430" lon="7.287020">
        <ele>653.40</ele>
        <time>2026-04-14T14:32:00Z</time>
      </trkpt>
      <trkpt lat="45.717100" lon="7.286820">
        <ele>654.70</ele>
        <time>2026-04-14T14:32:10Z</time>
      </trkpt>
      <trkpt lat="45.716610" lon="7.286520">
        <ele>655.90</ele>
        <time>2026-04-14T14:32:20Z</time>
      </trkpt>
      <trkpt lat="45.716590" lon="7.286510">
        <ele>656.00</ele>
        <time>2026-04-14T14:32:30Z</time>
      </trkpt>
      <trkpt lat="45.715970" lon="7.286150">
        <ele>658.60</ele>
        <time>2026-04-14T14:32:40Z</time>
      </trkpt>
      <trkpt lat="45.715850" lon="7.286080">
        <ele>659.10</ele>
        <time>2026-04-14T14:32:50Z</time>
      </trkpt>
      <trkpt lat="45.715680" lon="7.285990">
        <ele>660.30</ele>
        <time>2026-04-14T14:33:00Z</time>
      </trkpt>
      <trkpt lat="45.715340" lon="7.285800">
        <ele>663.20</ele>
        <time>2026-04-14T14:33:10Z</time>
      </trkpt>
      <trkpt lat="45.715190" lon="7.285710">
        <ele>664.40</ele>
        <time>2026-04-14T14:33:20Z</time>
      </trkpt>
      <trkpt lat="45.714920" lon="7.285560">
        <ele>667.40</ele>
        <time>2026-04-14T14:33:30Z</time>
      </trkpt>
      <trkpt lat="45.714830" lon="7.285500">
        <ele>668.60</ele>
        <time>2026-04-14T14:33:40Z</time>
      </trkpt>
      <trkpt lat="45.714720" lon="7.285360">
        <ele>669.80</ele>
        <time>2026-04-14T14:33:50Z</time>
      </trkpt>
      <trkpt lat="45.714670" lon="7.285290">
        <ele>670.20</ele>
        <time>2026-04-14T14:34:00Z</time>
      </trkpt>
      <trkpt lat="45.714630" lon="7.285210">
        <ele>670.40</ele>
        <time>2026-04-14T14:34:10Z</time>
      </trkpt>
      <trkpt lat="45.714490" lon="7.284970">
        <ele>671.20</ele>
        <time>2026-04-14T14:34:20Z</time>
      </trkpt>
      <trkpt lat="45.714310" lon="7.284600">
        <ele>672.70</ele>
        <time>2026-04-14T14:34:30Z</time>
      </trkpt>
      <trkpt lat="45.714260" lon="7.284470">
        <ele>673.20</ele>
        <time>2026-04-14T14:34:40Z</time>
      </trkpt>
      <trkpt lat="45.714260" lon="7.284460">
        <ele>673.10</ele>
        <time>2026-04-14T14:34:50Z</time>
      </trkpt>
      <trkpt lat="45.714220" lon="7.284360">
        <ele>673.50</ele>
        <time>2026-04-14T14:35:00Z</time>
      </trkpt>
      <trkpt lat="45.714180" lon="7.284210">
        <ele>673.90</ele>
        <time>2026-04-14T14:35:10Z</time>
      </trkpt>
      <trkpt lat="45.714160" lon="7.284100">
        <ele>674.40</ele>
        <time>2026-04-14T14:35:20Z</time>
      </trkpt>
      <trkpt lat="45.714150" lon="7.283980">
        <ele>675.00</ele>
        <time>2026-04-14T14:35:30Z</time>
      </trkpt>
      <trkpt lat="45.714140" lon="7.283840">
        <ele>675.70</ele>
        <time>2026-04-14T14:35:40Z</time>
      </trkpt>
      <trkpt lat="45.714130" lon="7.283720">
        <ele>676.40</ele>
        <time>2026-04-14T14:35:50Z</time>
      </trkpt>
      <trkpt lat="45.714130" lon="7.283680">
        <ele>676.50</ele>
        <time>2026-04-14T14:36:00Z</time>
      </trkpt>
      <trkpt lat="45.714110" lon="7.283540">
        <ele>677.40</ele>
        <time>2026-04-14T14:36:10Z</time>
      </trkpt>
      <trkpt lat="45.714090" lon="7.283370">
        <ele>678.40</ele>
        <time>2026-04-14T14:36:20Z</time>
      </trkpt>
      <trkpt lat="45.714050" lon="7.283180">
        <ele>679.30</ele>
        <time>2026-04-14T14:36:30Z</time>
      </trkpt>
      <trkpt lat="45.713980" lon="7.282870">
        <ele>680.60</ele>
        <time>2026-04-14T14:36:40Z</time>
      </trkpt>
      <trkpt lat="45.713880" lon="7.282450">
        <ele>682.70</ele>
        <time>2026-04-14T14:36:50Z</time>
      </trkpt>
      <trkpt lat="45.713800" lon="7.282070">
        <ele>683.00</ele>
        <time>2026-04-14T14:37:00Z</time>
      </trkpt>
      <trkpt lat="45.713780" lon="7.281990">
        <ele>683.10</ele>
        <time>2026-04-14T14:37:10Z</time>
      </trkpt>
      <trkpt lat="45.713740" lon="7.281820">
        <ele>683.40</ele>
        <time>2026-04-14T14:37:20Z</time>
      </trkpt>
      <trkpt lat="45.713670" lon="7.281500">
        <ele>684.20</ele>
        <time>2026-04-14T14:37:30Z</time>
      </trkpt>
      <trkpt lat="45.713660" lon="7.281440">
        <ele>684.30</ele>
        <time>2026-04-14T14:37:40Z</time>
      </trkpt>
      <trkpt lat="45.713560" lon="7.280990">
        <ele>685.90</ele>
        <time>2026-04-14T14:37:50Z</time>
      </trkpt>
      <trkpt lat="45.713520" lon="7.280820">
        <ele>686.60</ele>
        <time>2026-04-14T14:38:00Z</time>
      </trkpt>
      <trkpt lat="45.713500" lon="7.280770">
        <ele>687.30</ele>
        <time>2026-04-14T14:38:10Z</time>
      </trkpt>
      <trkpt lat="45.713490" lon="7.280750">
        <ele>687.60</ele>
        <time>2026-04-14T14:38:20Z</time>
      </trkpt>
      <trkpt lat="45.713460" lon="7.280710">
        <ele>688.50</ele>
        <time>2026-04-14T14:38:30Z</time>
      </trkpt>
      <trkpt lat="45.713410" lon="7.280680">
        <ele>689.90</ele>
        <time>2026-04-14T14:38:40Z</time>
      </trkpt>
      <trkpt lat="45.713350" lon="7.280660">
        <ele>691.40</ele>
        <time>2026-04-14T14:38:50Z</time>
      </trkpt>
      <trkpt lat="45.713300" lon="7.280660">
        <ele>692.70</ele>
        <time>2026-04-14T14:39:00Z</time>
      </trkpt>
      <trkpt lat="45.713250" lon="7.280690">
        <ele>693.80</ele>
        <time>2026-04-14T14:39:10Z</time>
      </trkpt>
      <trkpt lat="45.713220" lon="7.280740">
        <ele>694.40</ele>
        <time>2026-04-14T14:39:20Z</time>
      </trkpt>
      <trkpt lat="45.713200" lon="7.280780">
        <ele>694.80</ele>
        <time>2026-04-14T14:39:30Z</time>
      </trkpt>
      <trkpt lat="45.713200" lon="7.280790">
        <ele>694.80</ele>
        <time>2026-04-14T14:39:40Z</time>
      </trkpt>
      <trkpt lat="45.713190" lon="7.280830">
        <ele>695.00</ele>
        <time>2026-04-14T14:39:50Z</time>
      </trkpt>
      <trkpt lat="45.713180" lon="7.280910">
        <ele>695.50</ele>
        <time>2026-04-14T14:40:00Z</time>
      </trkpt>
      <trkpt lat="45.713180" lon="7.280950">
        <ele>695.60</ele>
        <time>2026-04-14T14:40:10Z</time>
      </trkpt>
      <trkpt lat="45.713190" lon="7.281040">
        <ele>695.70</ele>
        <time>2026-04-14T14:40:20Z</time>
      </trkpt>
      <trkpt lat="45.713200" lon="7.281100">
        <ele>695.60</ele>
        <time>2026-04-14T14:40:30Z</time>
      </trkpt>
      <trkpt lat="45.713200" lon="7.281180">
        <ele>695.80</ele>
        <time>2026-04-14T14:40:40Z</time>
      </trkpt>
      <trkpt lat="45.713220" lon="7.281420">
        <ele>696.00</ele>
        <time>2026-04-14T14:40:50Z</time>
      </trkpt>
      <trkpt lat="45.713260" lon="7.281700">
        <ele>695.60</ele>
        <time>2026-04-14T14:41:00Z</time>
      </trkpt>
      <trkpt lat="45.713270" lon="7.281870">
        <ele>695.80</ele>
        <time>2026-04-14T14:41:10Z</time>
      </trkpt>
      <trkpt lat="45.713280" lon="7.282020">
        <ele>696.00</ele>
        <time>2026-04-14T14:41:20Z</time>
      </trkpt>
      <trkpt lat="45.713270" lon="7.282220">
        <ele>697.10</ele>
        <time>2026-04-14T14:41:30Z</time>
      </trkpt>
      <trkpt lat="45.713260" lon="7.282380">
        <ele>698.00</ele>
        <time>2026-04-14T14:41:40Z</time>
      </trkpt>
      <trkpt lat="45.713250" lon="7.282490">
        <ele>698.70</ele>
        <time>2026-04-14T14:41:50Z</time>
      </trkpt>
      <trkpt lat="45.713250" lon="7.282540">
        <ele>698.60</ele>
        <time>2026-04-14T14:42:00Z</time>
      </trkpt>
      <trkpt lat="45.713250" lon="7.282580">
        <ele>698.50</ele>
        <time>2026-04-14T14:42:10Z</time>
      </trkpt>
      <trkpt lat="45.713240" lon="7.282640">
        <ele>698.70</ele>
        <time>2026-04-14T14:42:20Z</time>
      </trkpt>
      <trkpt lat="45.713210" lon="7.283000">
        <ele>699.00</ele>
        <time>2026-04-14T14:42:30Z</time>
      </trkpt>
      <trkpt lat="45.713190" lon="7.283150">
        <ele>699.40</ele>
        <time>2026-04-14T14:42:40Z</time>
      </trkpt>
      <trkpt lat="45.713180" lon="7.283230">
        <ele>699.50</ele>
        <time>2026-04-14T14:42:50Z</time>
      </trkpt>
      <trkpt lat="45.713160" lon="7.283660">
        <ele>699.20</ele>
        <time>2026-04-14T14:43:00Z</time>
      </trkpt>
      <trkpt lat="45.713140" lon="7.284020">
        <ele>699.10</ele>
        <time>2026-04-14T14:43:10Z</time>
      </trkpt>
      <trkpt lat="45.713130" lon="7.284360">
        <ele>699.40</ele>
        <time>2026-04-14T14:43:20Z</time>
      </trkpt>
      <trkpt lat="45.713130" lon="7.284530">
        <ele>699.70</ele>
        <time>2026-04-14T14:43:30Z</time>
      </trkpt>
      <trkpt lat="45.713122" lon="7.284776">
        <ele>698.99</ele>
        <time>2026-04-14T14:43:39Z</time>
      </trkpt>
      <trkpt lat="45.713110" lon="7.285120">
        <ele>701.40</ele>
        <time>2026-04-14T14:43:40Z</time>
      </trkpt>
      <trkpt lat="45.713120" lon="7.285390">
        <ele>701.40</ele>
        <time>2026-04-14T14:43:50Z</time>
      </trkpt>
      <trkpt lat="45.713120" lon="7.285640">
        <ele>701.60</ele>
        <time>2026-04-14T14:44:00Z</time>
      </trkpt>
      <trkpt lat="45.713130" lon="7.285780">
        <ele>701.60</ele>
        <time>2026-04-14T14:44:10Z</time>
      </trkpt>
      <trkpt lat="45.713110" lon="7.285920">
        <ele>702.60</ele>
        <time>2026-04-14T14:44:20Z</time>
      </trkpt>
      <trkpt lat="45.713120" lon="7.286160">
        <ele>703.80</ele>
        <time>2026-04-14T14:44:30Z</time>
      </trkpt>
      <trkpt lat="45.713130" lon="7.286740">
        <ele>707.00</ele>
        <time>2026-04-14T14:44:40Z</time>
      </trkpt>
      <trkpt lat="45.713120" lon="7.287180">
        <ele>709.80</ele>
        <time>2026-04-14T14:44:50Z</time>
      </trkpt>
      <trkpt lat="45.713120" lon="7.287190">
        <ele>709.90</ele>
        <time>2026-04-14T14:45:00Z</time>
      </trkpt>
      <trkpt lat="45.713120" lon="7.287590">
        <ele>712.40</ele>
        <time>2026-04-14T14:45:10Z</time>
      </trkpt>
      <trkpt lat="45.713130" lon="7.287840">
        <ele>713.90</ele>
        <time>2026-04-14T14:45:20Z</time>
      </trkpt>
      <trkpt lat="45.713130" lon="7.287960">
        <ele>714.80</ele>
        <time>2026-04-14T14:45:30Z</time>
      </trkpt>
      <trkpt lat="45.713130" lon="7.288050">
        <ele>715.40</ele>
        <time>2026-04-14T14:45:40Z</time>
      </trkpt>
      <trkpt lat="45.713180" lon="7.288230">
        <ele>714.70</ele>
        <time>2026-04-14T14:45:50Z</time>
      </trkpt>
      <trkpt lat="45.713210" lon="7.288470">
        <ele>715.00</ele>
        <time>2026-04-14T14:46:00Z</time>
      </trkpt>
      <trkpt lat="45.713230" lon="7.288700">
        <ele>715.60</ele>
        <time>2026-04-14T14:46:10Z</time>
      </trkpt>
      <trkpt lat="45.713220" lon="7.288780">
        <ele>716.50</ele>
        <time>2026-04-14T14:46:20Z</time>
      </trkpt>
      <trkpt lat="45.713200" lon="7.289220">
        <ele>720.50</ele>
        <time>2026-04-14T14:46:30Z</time>
      </trkpt>
      <trkpt lat="45.713250" lon="7.289310">
        <ele>719.70</ele>
        <time>2026-04-14T14:46:40Z</time>
      </trkpt>
      <trkpt lat="45.713330" lon="7.289470">
        <ele>718.90</ele>
        <time>2026-04-14T14:46:50Z</time>
      </trkpt>
      <trkpt lat="45.713390" lon="7.289660">
        <ele>720.20</ele>
        <time>2026-04-14T14:47:00Z</time>
      </trkpt>
      <trkpt lat="45.713460" lon="7.289860">
        <ele>721.30</ele>
        <time>2026-04-14T14:47:10Z</time>
      </trkpt>
      <trkpt lat="45.713470" lon="7.289890">
        <ele>721.40</ele>
        <time>2026-04-14T14:47:20Z</time>
      </trkpt>
      <trkpt lat="45.713500" lon="7.290010">
        <ele>722.30</ele>
        <time>2026-04-14T14:47:30Z</time>
      </trkpt>
      <trkpt lat="45.713520" lon="7.290160">
        <ele>722.80</ele>
        <time>2026-04-14T14:47:40Z</time>
      </trkpt>
      <trkpt lat="45.713510" lon="7.290370">
        <ele>724.50</ele>
        <time>2026-04-14T14:47:50Z</time>
      </trkpt>
      <trkpt lat="45.713500" lon="7.290630">
        <ele>726.60</ele>
        <time>2026-04-14T14:48:00Z</time>
      </trkpt>
      <trkpt lat="45.713500" lon="7.290670">
        <ele>726.90</ele>
        <time>2026-04-14T14:48:10Z</time>
      </trkpt>
      <trkpt lat="45.713490" lon="7.290900">
        <ele>728.20</ele>
        <time>2026-04-14T14:48:20Z</time>
      </trkpt>
      <trkpt lat="45.713490" lon="7.290910">
        <ele>728.30</ele>
        <time>2026-04-14T14:48:30Z</time>
      </trkpt>
      <trkpt lat="45.713500" lon="7.291310">
        <ele>729.10</ele>
        <time>2026-04-14T14:48:40Z</time>
      </trkpt>
      <trkpt lat="45.713500" lon="7.291330">
        <ele>729.10</ele>
        <time>2026-04-14T14:48:50Z</time>
      </trkpt>
      <trkpt lat="45.713500" lon="7.291540">
        <ele>729.60</ele>
        <time>2026-04-14T14:49:00Z</time>
      </trkpt>
      <trkpt lat="45.713500" lon="7.291680">
        <ele>729.80</ele>
        <time>2026-04-14T14:49:10Z</time>
      </trkpt>
      <trkpt lat="45.713500" lon="7.291750">
        <ele>730.00</ele>
        <time>2026-04-14T14:49:20Z</time>
      </trkpt>
      <trkpt lat="45.713510" lon="7.291830">
        <ele>730.20</ele>
        <time>2026-04-14T14:49:30Z</time>
      </trkpt>
      <trkpt lat="45.713530" lon="7.291980">
        <ele>730.50</ele>
        <time>2026-04-14T14:49:40Z</time>
      </trkpt>
      <trkpt lat="45.713570" lon="7.292130">
        <ele>730.80</ele>
        <time>2026-04-14T14:49:50Z</time>
      </trkpt>
      <trkpt lat="45.713590" lon="7.292200">
        <ele>731.00</ele>
        <time>2026-04-14T14:50:00Z</time>
      </trkpt>
      <trkpt lat="45.713680" lon="7.292400">
        <ele>731.50</ele>
        <time>2026-04-14T14:50:10Z</time>
      </trkpt>
      <trkpt lat="45.713690" lon="7.292420">
        <ele>731.50</ele>
        <time>2026-04-14T14:50:20Z</time>
      </trkpt>
      <trkpt lat="45.713750" lon="7.292590">
        <ele>732.20</ele>
        <time>2026-04-14T14:50:30Z</time>
      </trkpt>
      <trkpt lat="45.713780" lon="7.292670">
        <ele>732.70</ele>
        <time>2026-04-14T14:50:40Z</time>
      </trkpt>
      <trkpt lat="45.713830" lon="7.292810">
        <ele>733.60</ele>
        <time>2026-04-14T14:50:50Z</time>
      </trkpt>
      <trkpt lat="45.713850" lon="7.292970">
        <ele>735.30</ele>
        <time>2026-04-14T14:51:00Z</time>
      </trkpt>
      <trkpt lat="45.713840" lon="7.293070">
        <ele>736.80</ele>
        <time>2026-04-14T14:51:10Z</time>
      </trkpt>
      <trkpt lat="45.713840" lon="7.293100">
        <ele>737.20</ele>
        <time>2026-04-14T14:51:20Z</time>
      </trkpt>
      <trkpt lat="45.713830" lon="7.293210">
        <ele>738.80</ele>
        <time>2026-04-14T14:51:30Z</time>
      </trkpt>
      <trkpt lat="45.713820" lon="7.293330">
        <ele>740.60</ele>
        <time>2026-04-14T14:51:40Z</time>
      </trkpt>
      <trkpt lat="45.713810" lon="7.293610">
        <ele>742.40</ele>
        <time>2026-04-14T14:51:50Z</time>
      </trkpt>
      <trkpt lat="45.713820" lon="7.293850">
        <ele>743.50</ele>
        <time>2026-04-14T14:52:00Z</time>
      </trkpt>
      <trkpt lat="45.713820" lon="7.293870">
        <ele>743.70</ele>
        <time>2026-04-14T14:52:10Z</time>
      </trkpt>
      <trkpt lat="45.713830" lon="7.293940">
        <ele>743.80</ele>
        <time>2026-04-14T14:52:20Z</time>
      </trkpt>
      <trkpt lat="45.713830" lon="7.294070">
        <ele>744.50</ele>
        <time>2026-04-14T14:52:30Z</time>
      </trkpt>
      <trkpt lat="45.713840" lon="7.294140">
        <ele>744.70</ele>
        <time>2026-04-14T14:52:40Z</time>
      </trkpt>
      <trkpt lat="45.713840" lon="7.294210">
        <ele>745.30</ele>
        <time>2026-04-14T14:52:50Z</time>
      </trkpt>
      <trkpt lat="45.713850" lon="7.294320">
        <ele>746.20</ele>
        <time>2026-04-14T14:53:00Z</time>
      </trkpt>
      <trkpt lat="45.713900" lon="7.294550">
        <ele>747.20</ele>
        <time>2026-04-14T14:53:10Z</time>
      </trkpt>
      <trkpt lat="45.714000" lon="7.294950">
        <ele>747.20</ele>
        <time>2026-04-14T14:53:20Z</time>
      </trkpt>
      <trkpt lat="45.714030" lon="7.295090">
        <ele>747.90</ele>
        <time>2026-04-14T14:53:30Z</time>
      </trkpt>
      <trkpt lat="45.714040" lon="7.295140">
        <ele>748.30</ele>
        <time>2026-04-14T14:53:40Z</time>
      </trkpt>
      <trkpt lat="45.714050" lon="7.295190">
        <ele>748.70</ele>
        <time>2026-04-14T14:53:50Z</time>
      </trkpt>
      <trkpt lat="45.714080" lon="7.295350">
        <ele>749.80</ele>
        <time>2026-04-14T14:54:00Z</time>
      </trkpt>
      <trkpt lat="45.714090" lon="7.295440">
        <ele>750.70</ele>
        <time>2026-04-14T14:54:10Z</time>
      </trkpt>
      <trkpt lat="45.714100" lon="7.295560">
        <ele>751.90</ele>
        <time>2026-04-14T14:54:20Z</time>
      </trkpt>
      <trkpt lat="45.714080" lon="7.295840">
        <ele>757.30</ele>
        <time>2026-04-14T14:54:30Z</time>
      </trkpt>
      <trkpt lat="45.714040" lon="7.296060">
        <ele>762.70</ele>
        <time>2026-04-14T14:54:40Z</time>
      </trkpt>
      <trkpt lat="45.714010" lon="7.296190">
        <ele>766.20</ele>
        <time>2026-04-14T14:54:50Z</time>
      </trkpt>
      <trkpt lat="45.714000" lon="7.296240">
        <ele>767.50</ele>
        <time>2026-04-14T14:55:00Z</time>
      </trkpt>
      <trkpt lat="45.713950" lon="7.296440">
        <ele>773.00</ele>
        <time>2026-04-14T14:55:20Z</time>
      </trkpt>
      <trkpt lat="45.713910" lon="7.296560">
        <ele>776.80</ele>
        <time>2026-04-14T14:55:30Z</time>
      </trkpt>
      <trkpt lat="45.713910" lon="7.296630">
        <ele>777.70</ele>
        <time>2026-04-14T14:55:40Z</time>
      </trkpt>
      <trkpt lat="45.713910" lon="7.296720">
        <ele>779.50</ele>
        <time>2026-04-14T14:55:50Z</time>
      </trkpt>
      <trkpt lat="45.713910" lon="7.296760">
        <ele>780.50</ele>
        <time>2026-04-14T14:56:00Z</time>
      </trkpt>
      <trkpt lat="45.713920" lon="7.296790">
        <ele>780.70</ele>
        <time>2026-04-14T14:56:10Z</time>
      </trkpt>
      <trkpt lat="45.713960" lon="7.296850">
        <ele>780.10</ele>
        <time>2026-04-14T14:56:20Z</time>
      </trkpt>
      <trkpt lat="45.714060" lon="7.296920">
        <ele>776.90</ele>
        <time>2026-04-14T14:56:30Z</time>
      </trkpt>
      <trkpt lat="45.714210" lon="7.297010">
        <ele>772.80</ele>
        <time>2026-04-14T14:56:40Z</time>
      </trkpt>
      <trkpt lat="45.714220" lon="7.297010">
        <ele>772.40</ele>
        <time>2026-04-14T14:56:50Z</time>
      </trkpt>
      <trkpt lat="45.714290" lon="7.297040">
        <ele>770.90</ele>
        <time>2026-04-14T14:57:00Z</time>
      </trkpt>
      <trkpt lat="45.714390" lon="7.297110">
        <ele>769.60</ele>
        <time>2026-04-14T14:57:10Z</time>
      </trkpt>
      <trkpt lat="45.714480" lon="7.297210">
        <ele>769.60</ele>
        <time>2026-04-14T14:57:20Z</time>
      </trkpt>
      <trkpt lat="45.714520" lon="7.297260">
        <ele>769.90</ele>
        <time>2026-04-14T14:57:30Z</time>
      </trkpt>
      <trkpt lat="45.714560" lon="7.297340">
        <ele>771.10</ele>
        <time>2026-04-14T14:57:40Z</time>
      </trkpt>
      <trkpt lat="45.714650" lon="7.297510">
        <ele>773.70</ele>
        <time>2026-04-14T14:57:50Z</time>
      </trkpt>
      <trkpt lat="45.714770" lon="7.297680">
        <ele>775.70</ele>
        <time>2026-04-14T14:58:00Z</time>
      </trkpt>
      <trkpt lat="45.714830" lon="7.297780">
        <ele>777.20</ele>
        <time>2026-04-14T14:58:10Z</time>
      </trkpt>
      <trkpt lat="45.714920" lon="7.297880">
        <ele>777.80</ele>
        <time>2026-04-14T14:58:20Z</time>
      </trkpt>
      <trkpt lat="45.715000" lon="7.297950">
        <ele>777.70</ele>
        <time>2026-04-14T14:58:30Z</time>
      </trkpt>
      <trkpt lat="45.715130" lon="7.298010">
        <ele>775.50</ele>
        <time>2026-04-14T14:58:40Z</time>
      </trkpt>
      <trkpt lat="45.715200" lon="7.298060">
        <ele>774.80</ele>
        <time>2026-04-14T14:58:50Z</time>
      </trkpt>
      <trkpt lat="45.715250" lon="7.298110">
        <ele>774.60</ele>
        <time>2026-04-14T14:59:00Z</time>
      </trkpt>
      <trkpt lat="45.715310" lon="7.298200">
        <ele>775.20</ele>
        <time>2026-04-14T14:59:10Z</time>
      </trkpt>
      <trkpt lat="45.715330" lon="7.298240">
        <ele>775.60</ele>
        <time>2026-04-14T14:59:20Z</time>
      </trkpt>
      <trkpt lat="45.715350" lon="7.298310">
        <ele>776.90</ele>
        <time>2026-04-14T14:59:30Z</time>
      </trkpt>
      <trkpt lat="45.715390" lon="7.298480">
        <ele>778.00</ele>
        <time>2026-04-14T14:59:40Z</time>
      </trkpt>
      <trkpt lat="45.715390" lon="7.298490">
        <ele>778.10</ele>
        <time>2026-04-14T14:59:50Z</time>
      </trkpt>
      <trkpt lat="45.715430" lon="7.298700">
        <ele>779.30</ele>
        <time>2026-04-14T15:00:00Z</time>
      </trkpt>
      <trkpt lat="45.715460" lon="7.298930">
        <ele>781.10</ele>
        <time>2026-04-14T15:00:10Z</time>
      </trkpt>
      <trkpt lat="45.715480" lon="7.299180">
        <ele>783.50</ele>
        <time>2026-04-14T15:00:20Z</time>
      </trkpt>
      <trkpt lat="45.715480" lon="7.299240">
        <ele>784.00</ele>
        <time>2026-04-14T15:00:30Z</time>
      </trkpt>
      <trkpt lat="45.715490" lon="7.299440">
        <ele>785.30</ele>
        <time>2026-04-14T15:00:40Z</time>
      </trkpt>
      <trkpt lat="45.715500" lon="7.299680">
        <ele>786.90</ele>
        <time>2026-04-14T15:00:50Z</time>
      </trkpt>
      <trkpt lat="45.715510" lon="7.299790">
        <ele>787.40</ele>
        <time>2026-04-14T15:01:00Z</time>
      </trkpt>
      <trkpt lat="45.715540" lon="7.299990">
        <ele>787.60</ele>
        <time>2026-04-14T15:01:10Z</time>
      </trkpt>
      <trkpt lat="45.715540" lon="7.300040">
        <ele>788.30</ele>
        <time>2026-04-14T15:01:20Z</time>
      </trkpt>
      <trkpt lat="45.715570" lon="7.300290">
        <ele>790.10</ele>
        <time>2026-04-14T15:01:30Z</time>
      </trkpt>
      <trkpt lat="45.715590" lon="7.300390">
        <ele>790.50</ele>
        <time>2026-04-14T15:01:40Z</time>
      </trkpt>
      <trkpt lat="45.715650" lon="7.300780">
        <ele>792.60</ele>
        <time>2026-04-14T15:01:50Z</time>
      </trkpt>
      <trkpt lat="45.715650" lon="7.300790">
        <ele>792.70</ele>
        <time>2026-04-14T15:02:00Z</time>
      </trkpt>
      <trkpt lat="45.715690" lon="7.301040">
        <ele>793.60</ele>
        <time>2026-04-14T15:02:10Z</time>
      </trkpt>
      <trkpt lat="45.715730" lon="7.301270">
        <ele>794.70</ele>
        <time>2026-04-14T15:02:20Z</time>
      </trkpt>
      <trkpt lat="45.715730" lon="7.301300">
        <ele>795.00</ele>
        <time>2026-04-14T15:02:30Z</time>
      </trkpt>
      <trkpt lat="45.715770" lon="7.301550">
        <ele>796.70</ele>
        <time>2026-04-14T15:02:40Z</time>
      </trkpt>
      <trkpt lat="45.715780" lon="7.301620">
        <ele>797.20</ele>
        <time>2026-04-14T15:02:50Z</time>
      </trkpt>
      <trkpt lat="45.715810" lon="7.301800">
        <ele>798.10</ele>
        <time>2026-04-14T15:03:00Z</time>
      </trkpt>
      <trkpt lat="45.715820" lon="7.301850">
        <ele>798.20</ele>
        <time>2026-04-14T15:03:10Z</time>
      </trkpt>
      <trkpt lat="45.715820" lon="7.302010">
        <ele>799.70</ele>
        <time>2026-04-14T15:03:20Z</time>
      </trkpt>
      <trkpt lat="45.715780" lon="7.302130">
        <ele>802.20</ele>
        <time>2026-04-14T15:03:30Z</time>
      </trkpt>
      <trkpt lat="45.715720" lon="7.302270">
        <ele>805.50</ele>
        <time>2026-04-14T15:03:40Z</time>
      </trkpt>
      <trkpt lat="45.715700" lon="7.302330">
        <ele>806.80</ele>
        <time>2026-04-14T15:03:50Z</time>
      </trkpt>
      <trkpt lat="45.715650" lon="7.302460">
        <ele>809.60</ele>
        <time>2026-04-14T15:04:00Z</time>
      </trkpt>
      <trkpt lat="45.715640" lon="7.302500">
        <ele>810.30</ele>
        <time>2026-04-14T15:04:10Z</time>
      </trkpt>
      <trkpt lat="45.715630" lon="7.302620">
        <ele>811.40</ele>
        <time>2026-04-14T15:04:20Z</time>
      </trkpt>
      <trkpt lat="45.715630" lon="7.302740">
        <ele>812.20</ele>
        <time>2026-04-14T15:04:30Z</time>
      </trkpt>
      <trkpt lat="45.715630" lon="7.302760">
        <ele>812.40</ele>
        <time>2026-04-14T15:04:40Z</time>
      </trkpt>
      <trkpt lat="45.715640" lon="7.302850">
        <ele>812.60</ele>
        <time>2026-04-14T15:04:50Z</time>
      </trkpt>
      <trkpt lat="45.715660" lon="7.303010">
        <ele>813.00</ele>
        <time>2026-04-14T15:05:00Z</time>
      </trkpt>
      <trkpt lat="45.715730" lon="7.303520">
        <ele>813.70</ele>
        <time>2026-04-14T15:05:10Z</time>
      </trkpt>
      <trkpt lat="45.715780" lon="7.303940">
        <ele>814.80</ele>
        <time>2026-04-14T15:05:20Z</time>
      </trkpt>
      <trkpt lat="45.715780" lon="7.304030">
        <ele>815.50</ele>
        <time>2026-04-14T15:05:30Z</time>
      </trkpt>
      <trkpt lat="45.715790" lon="7.304280">
        <ele>817.00</ele>
        <time>2026-04-14T15:05:40Z</time>
      </trkpt>
      <trkpt lat="45.715810" lon="7.304540">
        <ele>818.20</ele>
        <time>2026-04-14T15:05:50Z</time>
      </trkpt>
      <trkpt lat="45.715820" lon="7.304800">
        <ele>819.90</ele>
        <time>2026-04-14T15:06:00Z</time>
      </trkpt>
      <trkpt lat="45.715830" lon="7.305050">
        <ele>821.40</ele>
        <time>2026-04-14T15:06:10Z</time>
      </trkpt>
      <trkpt lat="45.715850" lon="7.305600">
        <ele>823.10</ele>
        <time>2026-04-14T15:06:20Z</time>
      </trkpt>
      <trkpt lat="45.715850" lon="7.305830">
        <ele>824.20</ele>
        <time>2026-04-14T15:06:30Z</time>
      </trkpt>
      <trkpt lat="45.715850" lon="7.305920">
        <ele>824.80</ele>
        <time>2026-04-14T15:06:40Z</time>
      </trkpt>
      <trkpt lat="45.715850" lon="7.306080">
        <ele>826.00</ele>
        <time>2026-04-14T15:06:50Z</time>
      </trkpt>
      <trkpt lat="45.715850" lon="7.306260">
        <ele>827.30</ele>
        <time>2026-04-14T15:07:00Z</time>
      </trkpt>
      <trkpt lat="45.715840" lon="7.306340">
        <ele>828.30</ele>
        <time>2026-04-14T15:07:10Z</time>
      </trkpt>
      <trkpt lat="45.715840" lon="7.306430">
        <ele>829.00</ele>
        <time>2026-04-14T15:07:20Z</time>
      </trkpt>
      <trkpt lat="45.715820" lon="7.306500">
        <ele>830.60</ele>
        <time>2026-04-14T15:07:30Z</time>
      </trkpt>
      <trkpt lat="45.715790" lon="7.306580">
        <ele>832.80</ele>
        <time>2026-04-14T15:07:40Z</time>
      </trkpt>
      <trkpt lat="45.715720" lon="7.306580">
        <ele>836.80</ele>
        <time>2026-04-14T15:07:50Z</time>
      </trkpt>
      <trkpt lat="45.715650" lon="7.306550">
        <ele>840.60</ele>
        <time>2026-04-14T15:08:00Z</time>
      </trkpt>
      <trkpt lat="45.715610" lon="7.306500">
        <ele>842.40</ele>
        <time>2026-04-14T15:08:10Z</time>
      </trkpt>
      <trkpt lat="45.715580" lon="7.306450">
        <ele>843.60</ele>
        <time>2026-04-14T15:08:20Z</time>
      </trkpt>
      <trkpt lat="45.715560" lon="7.306400">
        <ele>844.30</ele>
        <time>2026-04-14T15:08:30Z</time>
      </trkpt>
      <trkpt lat="45.715540" lon="7.306300">
        <ele>844.50</ele>
        <time>2026-04-14T15:08:40Z</time>
      </trkpt>
      <trkpt lat="45.715540" lon="7.306290">
        <ele>844.40</ele>
        <time>2026-04-14T15:08:50Z</time>
      </trkpt>
      <trkpt lat="45.715530" lon="7.306120">
        <ele>843.30</ele>
        <time>2026-04-14T15:09:00Z</time>
      </trkpt>
      <trkpt lat="45.715510" lon="7.305810">
        <ele>841.50</ele>
        <time>2026-04-14T15:09:10Z</time>
      </trkpt>
      <trkpt lat="45.715510" lon="7.305780">
        <ele>841.30</ele>
        <time>2026-04-14T15:09:20Z</time>
      </trkpt>
      <trkpt lat="45.715470" lon="7.305530">
        <ele>841.70</ele>
        <time>2026-04-14T15:09:30Z</time>
      </trkpt>
      <trkpt lat="45.715470" lon="7.305520">
        <ele>841.60</ele>
        <time>2026-04-14T15:09:40Z</time>
      </trkpt>
      <trkpt lat="45.715410" lon="7.305280">
        <ele>842.80</ele>
        <time>2026-04-14T15:09:50Z</time>
      </trkpt>
      <trkpt lat="45.715370" lon="7.305120">
        <ele>843.60</ele>
        <time>2026-04-14T15:10:00Z</time>
      </trkpt>
      <trkpt lat="45.715290" lon="7.304890">
        <ele>845.60</ele>
        <time>2026-04-14T15:10:10Z</time>
      </trkpt>
      <trkpt lat="45.715280" lon="7.304840">
        <ele>845.70</ele>
        <time>2026-04-14T15:10:20Z</time>
      </trkpt>
      <trkpt lat="45.715260" lon="7.304740">
        <ele>845.90</ele>
        <time>2026-04-14T15:10:30Z</time>
      </trkpt>
      <trkpt lat="45.715250" lon="7.304640">
        <ele>845.60</ele>
        <time>2026-04-14T15:10:40Z</time>
      </trkpt>
      <trkpt lat="45.715250" lon="7.304560">
        <ele>845.00</ele>
        <time>2026-04-14T15:10:50Z</time>
      </trkpt>
      <trkpt lat="45.715240" lon="7.304530">
        <ele>845.20</ele>
        <time>2026-04-14T15:11:00Z</time>
      </trkpt>
      <trkpt lat="45.715220" lon="7.304490">
        <ele>845.90</ele>
        <time>2026-04-14T15:11:10Z</time>
      </trkpt>
      <trkpt lat="45.715200" lon="7.304470">
        <ele>846.70</ele>
        <time>2026-04-14T15:11:20Z</time>
      </trkpt>
      <trkpt lat="45.715130" lon="7.304460">
        <ele>849.90</ele>
        <time>2026-04-14T15:11:30Z</time>
      </trkpt>
      <trkpt lat="45.715090" lon="7.304480">
        <ele>852.00</ele>
        <time>2026-04-14T15:11:40Z</time>
      </trkpt>
      <trkpt lat="45.715060" lon="7.304520">
        <ele>853.70</ele>
        <time>2026-04-14T15:11:50Z</time>
      </trkpt>
      <trkpt lat="45.715050" lon="7.304560">
        <ele>854.50</ele>
        <time>2026-04-14T15:12:00Z</time>
      </trkpt>
      <trkpt lat="45.715040" lon="7.304590">
        <ele>855.20</ele>
        <time>2026-04-14T15:12:10Z</time>
      </trkpt>
      <trkpt lat="45.715030" lon="7.304650">
        <ele>856.10</ele>
        <time>2026-04-14T15:12:20Z</time>
      </trkpt>
      <trkpt lat="45.715040" lon="7.304720">
        <ele>856.10</ele>
        <time>2026-04-14T15:12:30Z</time>
      </trkpt>
      <trkpt lat="45.715060" lon="7.304800">
        <ele>855.70</ele>
        <time>2026-04-14T15:12:40Z</time>
      </trkpt>
      <trkpt lat="45.715070" lon="7.304830">
        <ele>855.50</ele>
        <time>2026-04-14T15:12:50Z</time>
      </trkpt>
      <trkpt lat="45.715100" lon="7.304990">
        <ele>855.20</ele>
        <time>2026-04-14T15:13:00Z</time>
      </trkpt>
      <trkpt lat="45.715110" lon="7.305050">
        <ele>855.30</ele>
        <time>2026-04-14T15:13:10Z</time>
      </trkpt>
      <trkpt lat="45.715140" lon="7.305190">
        <ele>855.10</ele>
        <time>2026-04-14T15:13:20Z</time>
      </trkpt>
      <trkpt lat="45.715160" lon="7.305300">
        <ele>855.10</ele>
        <time>2026-04-14T15:13:30Z</time>
      </trkpt>
      <trkpt lat="45.715180" lon="7.305430">
        <ele>855.30</ele>
        <time>2026-04-14T15:13:40Z</time>
      </trkpt>
      <trkpt lat="45.715190" lon="7.305550">
        <ele>855.80</ele>
        <time>2026-04-14T15:13:50Z</time>
      </trkpt>
      <trkpt lat="45.715220" lon="7.305790">
        <ele>856.30</ele>
        <time>2026-04-14T15:14:00Z</time>
      </trkpt>
      <trkpt lat="45.715220" lon="7.305810">
        <ele>856.50</ele>
        <time>2026-04-14T15:14:10Z</time>
      </trkpt>
      <trkpt lat="45.715250" lon="7.306060">
        <ele>857.70</ele>
        <time>2026-04-14T15:14:20Z</time>
      </trkpt>
      <trkpt lat="45.715250" lon="7.306120">
        <ele>858.40</ele>
        <time>2026-04-14T15:14:30Z</time>
      </trkpt>
      <trkpt lat="45.715270" lon="7.306320">
        <ele>859.50</ele>
        <time>2026-04-14T15:14:40Z</time>
      </trkpt>
      <trkpt lat="45.715270" lon="7.306410">
        <ele>860.60</ele>
        <time>2026-04-14T15:14:50Z</time>
      </trkpt>
      <trkpt lat="45.715270" lon="7.306570">
        <ele>862.40</ele>
        <time>2026-04-14T15:15:00Z</time>
      </trkpt>
      <trkpt lat="45.715270" lon="7.306660">
        <ele>863.40</ele>
        <time>2026-04-14T15:15:10Z</time>
      </trkpt>
      <trkpt lat="45.715250" lon="7.306830">
        <ele>865.40</ele>
        <time>2026-04-14T15:15:20Z</time>
      </trkpt>
      <trkpt lat="45.715240" lon="7.306900">
        <ele>866.30</ele>
        <time>2026-04-14T15:15:30Z</time>
      </trkpt>
      <trkpt lat="45.715210" lon="7.307080">
        <ele>868.90</ele>
        <time>2026-04-14T15:15:40Z</time>
      </trkpt>
      <trkpt lat="45.715210" lon="7.307120">
        <ele>869.10</ele>
        <time>2026-04-14T15:15:50Z</time>
      </trkpt>
      <trkpt lat="45.715170" lon="7.307330">
        <ele>872.40</ele>
        <time>2026-04-14T15:16:00Z</time>
      </trkpt>
      <trkpt lat="45.715130" lon="7.307580">
        <ele>875.30</ele>
        <time>2026-04-14T15:16:10Z</time>
      </trkpt>
      <trkpt lat="45.715110" lon="7.307660">
        <ele>876.20</ele>
        <time>2026-04-14T15:16:20Z</time>
      </trkpt>
      <trkpt lat="45.715080" lon="7.307830">
        <ele>877.30</ele>
        <time>2026-04-14T15:16:30Z</time>
      </trkpt>
      <trkpt lat="45.715040" lon="7.308080">
        <ele>878.70</ele>
        <time>2026-04-14T15:16:40Z</time>
      </trkpt>
      <trkpt lat="45.715010" lon="7.308240">
        <ele>879.80</ele>
        <time>2026-04-14T15:16:50Z</time>
      </trkpt>
      <trkpt lat="45.714990" lon="7.308330">
        <ele>880.60</ele>
        <time>2026-04-14T15:17:00Z</time>
      </trkpt>
      <trkpt lat="45.714930" lon="7.308610">
        <ele>882.10</ele>
        <time>2026-04-14T15:17:10Z</time>
      </trkpt>
      <trkpt lat="45.714890" lon="7.308820">
        <ele>882.90</ele>
        <time>2026-04-14T15:17:20Z</time>
      </trkpt>
      <trkpt lat="45.714840" lon="7.309070">
        <ele>883.90</ele>
        <time>2026-04-14T15:17:30Z</time>
      </trkpt>
      <trkpt lat="45.714740" lon="7.309610">
        <ele>886.90</ele>
        <time>2026-04-14T15:17:40Z</time>
      </trkpt>
      <trkpt lat="45.714720" lon="7.309820">
        <ele>887.10</ele>
        <time>2026-04-14T15:17:50Z</time>
      </trkpt>
      <trkpt lat="45.714690" lon="7.310070">
        <ele>887.70</ele>
        <time>2026-04-14T15:18:00Z</time>
      </trkpt>
      <trkpt lat="45.714660" lon="7.310330">
        <ele>889.10</ele>
        <time>2026-04-14T15:18:10Z</time>
      </trkpt>
      <trkpt lat="45.714650" lon="7.310350">
        <ele>889.50</ele>
        <time>2026-04-14T15:18:20Z</time>
      </trkpt>
      <trkpt lat="45.714610" lon="7.310580">
        <ele>891.00</ele>
        <time>2026-04-14T15:18:30Z</time>
      </trkpt>
      <trkpt lat="45.714570" lon="7.310800">
        <ele>892.50</ele>
        <time>2026-04-14T15:18:40Z</time>
      </trkpt>
      <trkpt lat="45.714500" lon="7.311180">
        <ele>894.30</ele>
        <time>2026-04-14T15:18:50Z</time>
      </trkpt>
      <trkpt lat="45.714470" lon="7.311330">
        <ele>895.00</ele>
        <time>2026-04-14T15:19:00Z</time>
      </trkpt>
      <trkpt lat="45.714430" lon="7.311570">
        <ele>895.90</ele>
        <time>2026-04-14T15:19:10Z</time>
      </trkpt>
      <trkpt lat="45.714390" lon="7.311760">
        <ele>896.70</ele>
        <time>2026-04-14T15:19:20Z</time>
      </trkpt>
      <trkpt lat="45.714350" lon="7.311950">
        <ele>897.20</ele>
        <time>2026-04-14T15:19:30Z</time>
      </trkpt>
      <trkpt lat="45.714300" lon="7.312090">
        <ele>898.40</ele>
        <time>2026-04-14T15:19:40Z</time>
      </trkpt>
      <trkpt lat="45.714260" lon="7.312200">
        <ele>899.40</ele>
        <time>2026-04-14T15:19:50Z</time>
      </trkpt>
      <trkpt lat="45.714210" lon="7.312280">
        <ele>901.00</ele>
        <time>2026-04-14T15:20:00Z</time>
      </trkpt>
      <trkpt lat="45.714210" lon="7.312290">
        <ele>901.00</ele>
        <time>2026-04-14T15:20:10Z</time>
      </trkpt>
      <trkpt lat="45.714080" lon="7.312450">
        <ele>904.40</ele>
        <time>2026-04-14T15:20:20Z</time>
      </trkpt>
      <trkpt lat="45.714050" lon="7.312490">
        <ele>905.10</ele>
        <time>2026-04-14T15:20:30Z</time>
      </trkpt>
      <trkpt lat="45.713950" lon="7.312570">
        <ele>907.80</ele>
        <time>2026-04-14T15:20:40Z</time>
      </trkpt>
      <trkpt lat="45.713930" lon="7.312580">
        <ele>908.40</ele>
        <time>2026-04-14T15:20:50Z</time>
      </trkpt>
      <trkpt lat="45.713910" lon="7.312600">
        <ele>909.00</ele>
        <time>2026-04-14T15:21:00Z</time>
      </trkpt>
      <trkpt lat="45.713870" lon="7.312610">
        <ele>910.10</ele>
        <time>2026-04-14T15:21:10Z</time>
      </trkpt>
      <trkpt lat="45.713830" lon="7.312590">
        <ele>911.10</ele>
        <time>2026-04-14T15:21:20Z</time>
      </trkpt>
      <trkpt lat="45.713760" lon="7.312560">
        <ele>912.90</ele>
        <time>2026-04-14T15:21:30Z</time>
      </trkpt>
      <trkpt lat="45.713760" lon="7.312550">
        <ele>912.90</ele>
        <time>2026-04-14T15:21:40Z</time>
      </trkpt>
      <trkpt lat="45.713720" lon="7.312520">
        <ele>913.90</ele>
        <time>2026-04-14T15:21:50Z</time>
      </trkpt>
      <trkpt lat="45.713680" lon="7.312450">
        <ele>915.10</ele>
        <time>2026-04-14T15:22:00Z</time>
      </trkpt>
      <trkpt lat="45.713700" lon="7.312330">
        <ele>915.20</ele>
        <time>2026-04-14T15:22:10Z</time>
      </trkpt>
      <trkpt lat="45.713710" lon="7.312200">
        <ele>915.60</ele>
        <time>2026-04-14T15:22:20Z</time>
      </trkpt>
      <trkpt lat="45.713720" lon="7.312120">
        <ele>915.70</ele>
        <time>2026-04-14T15:22:30Z</time>
      </trkpt>
      <trkpt lat="45.713730" lon="7.311940">
        <ele>916.30</ele>
        <time>2026-04-14T15:22:40Z</time>
      </trkpt>
      <trkpt lat="45.713760" lon="7.311730">
        <ele>916.40</ele>
        <time>2026-04-14T15:22:50Z</time>
      </trkpt>
      <trkpt lat="45.713760" lon="7.311690">
        <ele>916.60</ele>
        <time>2026-04-14T15:23:00Z</time>
      </trkpt>
      <trkpt lat="45.713780" lon="7.311430">
        <ele>917.30</ele>
        <time>2026-04-14T15:23:10Z</time>
      </trkpt>
      <trkpt lat="45.713790" lon="7.311320">
        <ele>917.50</ele>
        <time>2026-04-14T15:23:20Z</time>
      </trkpt>
      <trkpt lat="45.713770" lon="7.310920">
        <ele>920.30</ele>
        <time>2026-04-14T15:23:30Z</time>
      </trkpt>
      <trkpt lat="45.713750" lon="7.310660">
        <ele>922.40</ele>
        <time>2026-04-14T15:23:40Z</time>
      </trkpt>
      <trkpt lat="45.713720" lon="7.310410">
        <ele>925.00</ele>
        <time>2026-04-14T15:23:50Z</time>
      </trkpt>
      <trkpt lat="45.713720" lon="7.310390">
        <ele>925.10</ele>
        <time>2026-04-14T15:24:00Z</time>
      </trkpt>
      <trkpt lat="45.713660" lon="7.309990">
        <ele>929.70</ele>
        <time>2026-04-14T15:24:10Z</time>
      </trkpt>
      <trkpt lat="45.713660" lon="7.309900">
        <ele>930.50</ele>
        <time>2026-04-14T15:24:20Z</time>
      </trkpt>
      <trkpt lat="45.713650" lon="7.309720">
        <ele>932.30</ele>
        <time>2026-04-14T15:24:30Z</time>
      </trkpt>
      <trkpt lat="45.713650" lon="7.309650">
        <ele>932.80</ele>
        <time>2026-04-14T15:24:40Z</time>
      </trkpt>
      <trkpt lat="45.713650" lon="7.309510">
        <ele>933.90</ele>
        <time>2026-04-14T15:24:50Z</time>
      </trkpt>
      <trkpt lat="45.713660" lon="7.309390">
        <ele>934.50</ele>
        <time>2026-04-14T15:25:00Z</time>
      </trkpt>
      <trkpt lat="45.713690" lon="7.309220">
        <ele>934.70</ele>
        <time>2026-04-14T15:25:10Z</time>
      </trkpt>
      <trkpt lat="45.713700" lon="7.309140">
        <ele>935.00</ele>
        <time>2026-04-14T15:25:20Z</time>
      </trkpt>
      <trkpt lat="45.713740" lon="7.308890">
        <ele>935.30</ele>
        <time>2026-04-14T15:25:30Z</time>
      </trkpt>
      <trkpt lat="45.713750" lon="7.308830">
        <ele>935.40</ele>
        <time>2026-04-14T15:25:40Z</time>
      </trkpt>
      <trkpt lat="45.713790" lon="7.308640">
        <ele>935.50</ele>
        <time>2026-04-14T15:25:50Z</time>
      </trkpt>
      <trkpt lat="45.713810" lon="7.308530">
        <ele>935.60</ele>
        <time>2026-04-14T15:26:00Z</time>
      </trkpt>
      <trkpt lat="45.713830" lon="7.308390">
        <ele>936.10</ele>
        <time>2026-04-14T15:26:10Z</time>
      </trkpt>
      <trkpt lat="45.713860" lon="7.308220">
        <ele>935.80</ele>
        <time>2026-04-14T15:26:20Z</time>
      </trkpt>
      <trkpt lat="45.713860" lon="7.308140">
        <ele>935.90</ele>
        <time>2026-04-14T15:26:30Z</time>
      </trkpt>
      <trkpt lat="45.713870" lon="7.308010">
        <ele>935.90</ele>
        <time>2026-04-14T15:26:40Z</time>
      </trkpt>
      <trkpt lat="45.713850" lon="7.307880">
        <ele>936.80</ele>
        <time>2026-04-14T15:26:50Z</time>
      </trkpt>
      <trkpt lat="45.713840" lon="7.307820">
        <ele>937.20</ele>
        <time>2026-04-14T15:27:00Z</time>
      </trkpt>
      <trkpt lat="45.713770" lon="7.307650">
        <ele>939.60</ele>
        <time>2026-04-14T15:27:10Z</time>
      </trkpt>
      <trkpt lat="45.713730" lon="7.307530">
        <ele>941.00</ele>
        <time>2026-04-14T15:27:20Z</time>
      </trkpt>
      <trkpt lat="45.713580" lon="7.307120">
        <ele>944.40</ele>
        <time>2026-04-14T15:27:30Z</time>
      </trkpt>
      <trkpt lat="45.713520" lon="7.306960">
        <ele>945.80</ele>
        <time>2026-04-14T15:27:40Z</time>
      </trkpt>
      <trkpt lat="45.713440" lon="7.306730">
        <ele>947.70</ele>
        <time>2026-04-14T15:27:50Z</time>
      </trkpt>
      <trkpt lat="45.713420" lon="7.306670">
        <ele>948.20</ele>
        <time>2026-04-14T15:28:00Z</time>
      </trkpt>
      <trkpt lat="45.713360" lon="7.306500">
        <ele>949.10</ele>
        <time>2026-04-14T15:28:10Z</time>
      </trkpt>
      <trkpt lat="45.713330" lon="7.306430">
        <ele>949.70</ele>
        <time>2026-04-14T15:28:20Z</time>
      </trkpt>
      <trkpt lat="45.713270" lon="7.306280">
        <ele>950.20</ele>
        <time>2026-04-14T15:28:30Z</time>
      </trkpt>
      <trkpt lat="45.713200" lon="7.306130">
        <ele>951.00</ele>
        <time>2026-04-14T15:28:40Z</time>
      </trkpt>
      <trkpt lat="45.713170" lon="7.306070">
        <ele>951.40</ele>
        <time>2026-04-14T15:28:50Z</time>
      </trkpt>
      <trkpt lat="45.713060" lon="7.305870">
        <ele>953.10</ele>
        <time>2026-04-14T15:29:00Z</time>
      </trkpt>
      <trkpt lat="45.713030" lon="7.305820">
        <ele>953.50</ele>
        <time>2026-04-14T15:29:10Z</time>
      </trkpt>
      <trkpt lat="45.712840" lon="7.305520">
        <ele>955.40</ele>
        <time>2026-04-14T15:29:20Z</time>
      </trkpt>
      <trkpt lat="45.712670" lon="7.305280">
        <ele>958.10</ele>
        <time>2026-04-14T15:29:30Z</time>
      </trkpt>
      <trkpt lat="45.712560" lon="7.305130">
        <ele>960.10</ele>
        <time>2026-04-14T15:29:40Z</time>
      </trkpt>
      <trkpt lat="45.712510" lon="7.305050">
        <ele>961.10</ele>
        <time>2026-04-14T15:29:50Z</time>
      </trkpt>
      <trkpt lat="45.712440" lon="7.304930">
        <ele>962.10</ele>
        <time>2026-04-14T15:30:00Z</time>
      </trkpt>
      <trkpt lat="45.712360" lon="7.304800">
        <ele>963.40</ele>
        <time>2026-04-14T15:30:10Z</time>
      </trkpt>
      <trkpt lat="45.712330" lon="7.304730">
        <ele>963.80</ele>
        <time>2026-04-14T15:30:20Z</time>
      </trkpt>
      <trkpt lat="45.712280" lon="7.304600">
        <ele>964.40</ele>
        <time>2026-04-14T15:30:30Z</time>
      </trkpt>
      <trkpt lat="45.712260" lon="7.304530">
        <ele>964.50</ele>
        <time>2026-04-14T15:30:40Z</time>
      </trkpt>
      <trkpt lat="45.712210" lon="7.304370">
        <ele>964.90</ele>
        <time>2026-04-14T15:30:50Z</time>
      </trkpt>
      <trkpt lat="45.712210" lon="7.304360">
        <ele>964.90</ele>
        <time>2026-04-14T15:31:00Z</time>
      </trkpt>
      <trkpt lat="45.712090" lon="7.303880">
        <ele>964.80</ele>
        <time>2026-04-14T15:31:10Z</time>
      </trkpt>
      <trkpt lat="45.712070" lon="7.303810">
        <ele>964.70</ele>
        <time>2026-04-14T15:31:20Z</time>
      </trkpt>
      <trkpt lat="45.711970" lon="7.303680">
        <ele>966.10</ele>
        <time>2026-04-14T15:31:30Z</time>
      </trkpt>
      <trkpt lat="45.711840" lon="7.303540">
        <ele>967.90</ele>
        <time>2026-04-14T15:31:40Z</time>
      </trkpt>
      <trkpt lat="45.711750" lon="7.303470">
        <ele>969.30</ele>
        <time>2026-04-14T15:31:50Z</time>
      </trkpt>
      <trkpt lat="45.711290" lon="7.303210">
        <ele>977.40</ele>
        <time>2026-04-14T15:32:00Z</time>
      </trkpt>
      <trkpt lat="45.710830" lon="7.302950">
        <ele>983.20</ele>
        <time>2026-04-14T15:32:10Z</time>
      </trkpt>
      <trkpt lat="45.710770" lon="7.302920">
        <ele>983.90</ele>
        <time>2026-04-14T15:32:20Z</time>
      </trkpt>
      <trkpt lat="45.710680" lon="7.302830">
        <ele>984.10</ele>
        <time>2026-04-14T15:32:30Z</time>
      </trkpt>
      <trkpt lat="45.710540" lon="7.302690">
        <ele>984.80</ele>
        <time>2026-04-14T15:32:40Z</time>
      </trkpt>
      <trkpt lat="45.710390" lon="7.302510">
        <ele>985.30</ele>
        <time>2026-04-14T15:32:50Z</time>
      </trkpt>
      <trkpt lat="45.710350" lon="7.302470">
        <ele>985.60</ele>
        <time>2026-04-14T15:33:00Z</time>
      </trkpt>
      <trkpt lat="45.710260" lon="7.302340">
        <ele>985.60</ele>
        <time>2026-04-14T15:33:10Z</time>
      </trkpt>
      <trkpt lat="45.710170" lon="7.302220">
        <ele>985.70</ele>
        <time>2026-04-14T15:33:20Z</time>
      </trkpt>
      <trkpt lat="45.710120" lon="7.302190">
        <ele>986.30</ele>
        <time>2026-04-14T15:33:30Z</time>
      </trkpt>
      <trkpt lat="45.710070" lon="7.302180">
        <ele>987.20</ele>
        <time>2026-04-14T15:33:40Z</time>
      </trkpt>
      <trkpt lat="45.710040" lon="7.302190">
        <ele>988.00</ele>
        <time>2026-04-14T15:33:50Z</time>
      </trkpt>
      <trkpt lat="45.710020" lon="7.302200">
        <ele>988.50</ele>
        <time>2026-04-14T15:34:00Z</time>
      </trkpt>
      <trkpt lat="45.709980" lon="7.302260">
        <ele>990.40</ele>
        <time>2026-04-14T15:34:10Z</time>
      </trkpt>
      <trkpt lat="45.709950" lon="7.302330">
        <ele>992.10</ele>
        <time>2026-04-14T15:34:20Z</time>
      </trkpt>
      <trkpt lat="45.709950" lon="7.302400">
        <ele>993.30</ele>
        <time>2026-04-14T15:34:30Z</time>
      </trkpt>
      <trkpt lat="45.709960" lon="7.302490">
        <ele>994.60</ele>
        <time>2026-04-14T15:34:40Z</time>
      </trkpt>
      <trkpt lat="45.710000" lon="7.302610">
        <ele>995.50</ele>
        <time>2026-04-14T15:34:50Z</time>
      </trkpt>
      <trkpt lat="45.710070" lon="7.302710">
        <ele>995.30</ele>
        <time>2026-04-14T15:35:00Z</time>
      </trkpt>
      <trkpt lat="45.710110" lon="7.302770">
        <ele>995.20</ele>
        <time>2026-04-14T15:35:10Z</time>
      </trkpt>
      <trkpt lat="45.710280" lon="7.303130">
        <ele>996.90</ele>
        <time>2026-04-14T15:35:20Z</time>
      </trkpt>
      <trkpt lat="45.710310" lon="7.303190">
        <ele>997.30</ele>
        <time>2026-04-14T15:35:30Z</time>
      </trkpt>
      <trkpt lat="45.710490" lon="7.303700">
        <ele>999.60</ele>
        <time>2026-04-14T15:35:40Z</time>
      </trkpt>
      <trkpt lat="45.710610" lon="7.304080">
        <ele>1000.80</ele>
        <time>2026-04-14T15:35:50Z</time>
      </trkpt>
      <trkpt lat="45.710670" lon="7.304260">
        <ele>1001.10</ele>
        <time>2026-04-14T15:36:00Z</time>
      </trkpt>
      <trkpt lat="45.710730" lon="7.304460">
        <ele>1001.40</ele>
        <time>2026-04-14T15:36:10Z</time>
      </trkpt>
      <trkpt lat="45.710740" lon="7.304520">
        <ele>1001.60</ele>
        <time>2026-04-14T15:36:20Z</time>
      </trkpt>
      <trkpt lat="45.710770" lon="7.304670">
        <ele>1002.10</ele>
        <time>2026-04-14T15:36:30Z</time>
      </trkpt>
      <trkpt lat="45.710770" lon="7.304840">
        <ele>1003.30</ele>
        <time>2026-04-14T15:36:40Z</time>
      </trkpt>
      <trkpt lat="45.710750" lon="7.305070">
        <ele>1005.60</ele>
        <time>2026-04-14T15:36:50Z</time>
      </trkpt>
      <trkpt lat="45.710750" lon="7.305080">
        <ele>1005.70</ele>
        <time>2026-04-14T15:37:00Z</time>
      </trkpt>
      <trkpt lat="45.710750" lon="7.305211">
        <ele>1006.70</ele>
        <time>2026-04-14T15:37:10Z</time>
      </trkpt>
      <trkpt lat="45.710750" lon="7.305230">
        <ele>1006.90</ele>
        <time>2026-04-14T15:37:20Z</time>
      </trkpt>
      <trkpt lat="45.710740" lon="7.305350">
        <ele>1008.10</ele>
        <time>2026-04-14T15:37:30Z</time>
      </trkpt>
      <trkpt lat="45.710720" lon="7.305480">
        <ele>1009.80</ele>
        <time>2026-04-14T15:37:40Z</time>
      </trkpt>
      <trkpt lat="45.710690" lon="7.305700">
        <ele>1012.60</ele>
        <time>2026-04-14T15:37:50Z</time>
      </trkpt>
      <trkpt lat="45.710680" lon="7.305730">
        <ele>1013.20</ele>
        <time>2026-04-14T15:38:00Z</time>
      </trkpt>
      <trkpt lat="45.710610" lon="7.306150">
        <ele>1017.80</ele>
        <time>2026-04-14T15:38:10Z</time>
      </trkpt>
      <trkpt lat="45.710570" lon="7.306360">
        <ele>1020.30</ele>
        <time>2026-04-14T15:38:20Z</time>
      </trkpt>
      <trkpt lat="45.710550" lon="7.306610">
        <ele>1022.30</ele>
        <time>2026-04-14T15:38:30Z</time>
      </trkpt>
      <trkpt lat="45.710570" lon="7.306800">
        <ele>1023.10</ele>
        <time>2026-04-14T15:38:40Z</time>
      </trkpt>
      <trkpt lat="45.710590" lon="7.306990">
        <ele>1024.10</ele>
        <time>2026-04-14T15:38:50Z</time>
      </trkpt>
      <trkpt lat="45.710680" lon="7.307460">
        <ele>1024.80</ele>
        <time>2026-04-14T15:39:00Z</time>
      </trkpt>
      <trkpt lat="45.710840" lon="7.308270">
        <ele>1029.80</ele>
        <time>2026-04-14T15:39:10Z</time>
      </trkpt>
      <trkpt lat="45.710880" lon="7.308550">
        <ele>1031.60</ele>
        <time>2026-04-14T15:39:20Z</time>
      </trkpt>
      <trkpt lat="45.710920" lon="7.308960">
        <ele>1034.10</ele>
        <time>2026-04-14T15:39:30Z</time>
      </trkpt>
      <trkpt lat="45.710970" lon="7.309350">
        <ele>1034.40</ele>
        <time>2026-04-14T15:39:40Z</time>
      </trkpt>
      <trkpt lat="45.710970" lon="7.309470">
        <ele>1034.40</ele>
        <time>2026-04-14T15:39:50Z</time>
      </trkpt>
      <trkpt lat="45.710980" lon="7.309580">
        <ele>1034.10</ele>
        <time>2026-04-14T15:40:00Z</time>
      </trkpt>
      <trkpt lat="45.710950" lon="7.309780">
        <ele>1035.10</ele>
        <time>2026-04-14T15:40:10Z</time>
      </trkpt>
      <trkpt lat="45.710880" lon="7.309990">
        <ele>1037.40</ele>
        <time>2026-04-14T15:40:20Z</time>
      </trkpt>
      <trkpt lat="45.710820" lon="7.310200">
        <ele>1038.10</ele>
        <time>2026-04-14T15:40:30Z</time>
      </trkpt>
      <trkpt lat="45.710800" lon="7.310260">
        <ele>1038.60</ele>
        <time>2026-04-14T15:40:40Z</time>
      </trkpt>
      <trkpt lat="45.710750" lon="7.310440">
        <ele>1039.50</ele>
        <time>2026-04-14T15:40:50Z</time>
      </trkpt>
      <trkpt lat="45.710720" lon="7.310550">
        <ele>1040.00</ele>
        <time>2026-04-14T15:41:00Z</time>
      </trkpt>
      <trkpt lat="45.710680" lon="7.310680">
        <ele>1040.90</ele>
        <time>2026-04-14T15:41:10Z</time>
      </trkpt>
      <trkpt lat="45.710610" lon="7.310910">
        <ele>1042.30</ele>
        <time>2026-04-14T15:41:20Z</time>
      </trkpt>
      <trkpt lat="45.710570" lon="7.311060">
        <ele>1043.00</ele>
        <time>2026-04-14T15:41:30Z</time>
      </trkpt>
      <trkpt lat="45.710500" lon="7.311330">
        <ele>1044.00</ele>
        <time>2026-04-14T15:41:40Z</time>
      </trkpt>
      <trkpt lat="45.710480" lon="7.311540">
        <ele>1043.20</ele>
        <time>2026-04-14T15:41:50Z</time>
      </trkpt>
      <trkpt lat="45.710470" lon="7.311650">
        <ele>1042.80</ele>
        <time>2026-04-14T15:42:00Z</time>
      </trkpt>
      <trkpt lat="45.710470" lon="7.311720">
        <ele>1042.60</ele>
        <time>2026-04-14T15:42:10Z</time>
      </trkpt>
      <trkpt lat="45.710460" lon="7.311800">
        <ele>1042.80</ele>
        <time>2026-04-14T15:42:20Z</time>
      </trkpt>
      <trkpt lat="45.710440" lon="7.311870">
        <ele>1043.50</ele>
        <time>2026-04-14T15:42:30Z</time>
      </trkpt>
      <trkpt lat="45.710420" lon="7.311890">
        <ele>1044.30</ele>
        <time>2026-04-14T15:42:40Z</time>
      </trkpt>
      <trkpt lat="45.710390" lon="7.311930">
        <ele>1045.50</ele>
        <time>2026-04-14T15:42:50Z</time>
      </trkpt>
      <trkpt lat="45.710350" lon="7.311950">
        <ele>1047.10</ele>
        <time>2026-04-14T15:43:00Z</time>
      </trkpt>
      <trkpt lat="45.710320" lon="7.311960">
        <ele>1048.40</ele>
        <time>2026-04-14T15:43:10Z</time>
      </trkpt>
      <trkpt lat="45.710290" lon="7.311950">
        <ele>1049.70</ele>
        <time>2026-04-14T15:43:20Z</time>
      </trkpt>
      <trkpt lat="45.710210" lon="7.311920">
        <ele>1053.20</ele>
        <time>2026-04-14T15:43:30Z</time>
      </trkpt>
      <trkpt lat="45.710200" lon="7.311880">
        <ele>1053.70</ele>
        <time>2026-04-14T15:43:40Z</time>
      </trkpt>
      <trkpt lat="45.710180" lon="7.311820">
        <ele>1054.70</ele>
        <time>2026-04-14T15:43:50Z</time>
      </trkpt>
      <trkpt lat="45.710170" lon="7.311750">
        <ele>1055.40</ele>
        <time>2026-04-14T15:44:00Z</time>
      </trkpt>
      <trkpt lat="45.710170" lon="7.311740">
        <ele>1055.40</ele>
        <time>2026-04-14T15:44:10Z</time>
      </trkpt>
      <trkpt lat="45.710200" lon="7.311590">
        <ele>1055.00</ele>
        <time>2026-04-14T15:44:20Z</time>
      </trkpt>
      <trkpt lat="45.710230" lon="7.311510">
        <ele>1054.30</ele>
        <time>2026-04-14T15:44:30Z</time>
      </trkpt>
      <trkpt lat="45.710270" lon="7.311390">
        <ele>1053.60</ele>
        <time>2026-04-14T15:44:40Z</time>
      </trkpt>
      <trkpt lat="45.710290" lon="7.311270">
        <ele>1053.60</ele>
        <time>2026-04-14T15:44:50Z</time>
      </trkpt>
      <trkpt lat="45.710310" lon="7.311090">
        <ele>1054.20</ele>
        <time>2026-04-14T15:45:00Z</time>
      </trkpt>
      <trkpt lat="45.710330" lon="7.310650">
        <ele>1056.50</ele>
        <time>2026-04-14T15:45:10Z</time>
      </trkpt>
      <trkpt lat="45.710330" lon="7.310500">
        <ele>1057.50</ele>
        <time>2026-04-14T15:45:20Z</time>
      </trkpt>
      <trkpt lat="45.710330" lon="7.310240">
        <ele>1059.20</ele>
        <time>2026-04-14T15:45:30Z</time>
      </trkpt>
      <trkpt lat="45.710330" lon="7.310200">
        <ele>1059.40</ele>
        <time>2026-04-14T15:45:40Z</time>
      </trkpt>
      <trkpt lat="45.710300" lon="7.309930">
        <ele>1061.70</ele>
        <time>2026-04-14T15:45:50Z</time>
      </trkpt>
      <trkpt lat="45.710250" lon="7.309740">
        <ele>1062.90</ele>
        <time>2026-04-14T15:46:00Z</time>
      </trkpt>
      <trkpt lat="45.710230" lon="7.309650">
        <ele>1063.20</ele>
        <time>2026-04-14T15:46:10Z</time>
      </trkpt>
      <trkpt lat="45.710180" lon="7.309510">
        <ele>1064.50</ele>
        <time>2026-04-14T15:46:20Z</time>
      </trkpt>
      <trkpt lat="45.710040" lon="7.309040">
        <ele>1066.50</ele>
        <time>2026-04-14T15:46:30Z</time>
      </trkpt>
      <trkpt lat="45.710000" lon="7.308920">
        <ele>1066.90</ele>
        <time>2026-04-14T15:46:40Z</time>
      </trkpt>
      <trkpt lat="45.709960" lon="7.308800">
        <ele>1067.20</ele>
        <time>2026-04-14T15:46:50Z</time>
      </trkpt>
      <trkpt lat="45.709800" lon="7.308290">
        <ele>1067.90</ele>
        <time>2026-04-14T15:47:00Z</time>
      </trkpt>
      <trkpt lat="45.709710" lon="7.308120">
        <ele>1068.90</ele>
        <time>2026-04-14T15:47:10Z</time>
      </trkpt>
      <trkpt lat="45.709700" lon="7.308110">
        <ele>1069.10</ele>
        <time>2026-04-14T15:47:20Z</time>
      </trkpt>
      <trkpt lat="45.709600" lon="7.307990">
        <ele>1070.40</ele>
        <time>2026-04-14T15:47:30Z</time>
      </trkpt>
      <trkpt lat="45.709470" lon="7.307880">
        <ele>1072.40</ele>
        <time>2026-04-14T15:47:40Z</time>
      </trkpt>
      <trkpt lat="45.709310" lon="7.307800">
        <ele>1075.00</ele>
        <time>2026-04-14T15:47:50Z</time>
      </trkpt>
      <trkpt lat="45.709170" lon="7.307750">
        <ele>1077.40</ele>
        <time>2026-04-14T15:48:00Z</time>
      </trkpt>
      <trkpt lat="45.708970" lon="7.307660">
        <ele>1077.00</ele>
        <time>2026-04-14T15:48:10Z</time>
      </trkpt>
      <trkpt lat="45.708920" lon="7.307630">
        <ele>1076.70</ele>
        <time>2026-04-14T15:48:20Z</time>
      </trkpt>
      <trkpt lat="45.708780" lon="7.307560">
        <ele>1076.00</ele>
        <time>2026-04-14T15:48:30Z</time>
      </trkpt>
      <trkpt lat="45.708657" lon="7.307445">
        <ele>1077.23</ele>
        <time>2026-04-14T15:48:39Z</time>
      </trkpt>
      <trkpt lat="45.708640" lon="7.307430">
        <ele>1074.60</ele>
        <time>2026-04-14T15:48:40Z</time>
      </trkpt>
      <trkpt lat="45.708480" lon="7.307210">
        <ele>1072.60</ele>
        <time>2026-04-14T15:48:50Z</time>
      </trkpt>
      <trkpt lat="45.708350" lon="7.307030">
        <ele>1071.20</ele>
        <time>2026-04-14T15:49:00Z</time>
      </trkpt>
      <trkpt lat="45.708080" lon="7.306680">
        <ele>1071.10</ele>
        <time>2026-04-14T15:49:10Z</time>
      </trkpt>
      <trkpt lat="45.707690" lon="7.306150">
        <ele>1075.40</ele>
        <time>2026-04-14T15:49:20Z</time>
      </trkpt>
      <trkpt lat="45.707560" lon="7.305970">
        <ele>1077.80</ele>
        <time>2026-04-14T15:49:30Z</time>
      </trkpt>
      <trkpt lat="45.707550" lon="7.305950">
        <ele>1078.00</ele>
        <time>2026-04-14T15:49:40Z</time>
      </trkpt>
      <trkpt lat="45.707430" lon="7.305790">
        <ele>1082.40</ele>
        <time>2026-04-14T15:49:50Z</time>
      </trkpt>
      <trkpt lat="45.707370" lon="7.305710">
        <ele>1084.90</ele>
        <time>2026-04-14T15:50:00Z</time>
      </trkpt>
      <trkpt lat="45.707310" lon="7.305600">
        <ele>1087.10</ele>
        <time>2026-04-14T15:50:10Z</time>
      </trkpt>
      <trkpt lat="45.707280" lon="7.305540">
        <ele>1088.10</ele>
        <time>2026-04-14T15:50:20Z</time>
      </trkpt>
      <trkpt lat="45.707220" lon="7.305410">
        <ele>1090.10</ele>
        <time>2026-04-14T15:50:30Z</time>
      </trkpt>
      <trkpt lat="45.707210" lon="7.305390">
        <ele>1090.40</ele>
        <time>2026-04-14T15:50:40Z</time>
      </trkpt>
      <trkpt lat="45.707140" lon="7.305230">
        <ele>1092.40</ele>
        <time>2026-04-14T15:50:50Z</time>
      </trkpt>
      <trkpt lat="45.707120" lon="7.305170">
        <ele>1092.90</ele>
        <time>2026-04-14T15:51:00Z</time>
      </trkpt>
      <trkpt lat="45.707090" lon="7.305070">
        <ele>1093.40</ele>
        <time>2026-04-14T15:51:10Z</time>
      </trkpt>
      <trkpt lat="45.707050" lon="7.304930">
        <ele>1093.90</ele>
        <time>2026-04-14T15:51:20Z</time>
      </trkpt>
      <trkpt lat="45.706980" lon="7.304690">
        <ele>1094.40</ele>
        <time>2026-04-14T15:51:30Z</time>
      </trkpt>
      <trkpt lat="45.706910" lon="7.304450">
        <ele>1094.80</ele>
        <time>2026-04-14T15:51:40Z</time>
      </trkpt>
      <trkpt lat="45.706870" lon="7.304300">
        <ele>1094.70</ele>
        <time>2026-04-14T15:51:50Z</time>
      </trkpt>
      <trkpt lat="45.706840" lon="7.304220">
        <ele>1095.00</ele>
        <time>2026-04-14T15:52:00Z</time>
      </trkpt>
      <trkpt lat="45.706800" lon="7.304070">
        <ele>1095.30</ele>
        <time>2026-04-14T15:52:10Z</time>
      </trkpt>
      <trkpt lat="45.706770" lon="7.303980">
        <ele>1095.80</ele>
        <time>2026-04-14T15:52:20Z</time>
      </trkpt>
      <trkpt lat="45.706690" lon="7.303760">
        <ele>1097.50</ele>
        <time>2026-04-14T15:52:30Z</time>
      </trkpt>
      <trkpt lat="45.706650" lon="7.303650">
        <ele>1098.40</ele>
        <time>2026-04-14T15:52:40Z</time>
      </trkpt>
      <trkpt lat="45.706550" lon="7.303410">
        <ele>1100.00</ele>
        <time>2026-04-14T15:52:50Z</time>
      </trkpt>
      <trkpt lat="45.706510" lon="7.303320">
        <ele>1100.50</ele>
        <time>2026-04-14T15:53:00Z</time>
      </trkpt>
      <trkpt lat="45.706480" lon="7.303210">
        <ele>1100.40</ele>
        <time>2026-04-14T15:53:10Z</time>
      </trkpt>
      <trkpt lat="45.706450" lon="7.303090">
        <ele>1100.10</ele>
        <time>2026-04-14T15:53:20Z</time>
      </trkpt>
      <trkpt lat="45.706430" lon="7.303010">
        <ele>1099.90</ele>
        <time>2026-04-14T15:53:30Z</time>
      </trkpt>
      <trkpt lat="45.706410" lon="7.302930">
        <ele>1099.70</ele>
        <time>2026-04-14T15:53:40Z</time>
      </trkpt>
      <trkpt lat="45.706380" lon="7.302880">
        <ele>1100.00</ele>
        <time>2026-04-14T15:53:50Z</time>
      </trkpt>
      <trkpt lat="45.706340" lon="7.302800">
        <ele>1100.30</ele>
        <time>2026-04-14T15:54:00Z</time>
      </trkpt>
      <trkpt lat="45.706230" lon="7.302680">
        <ele>1101.90</ele>
        <time>2026-04-14T15:54:10Z</time>
      </trkpt>
      <trkpt lat="45.706080" lon="7.302510">
        <ele>1103.60</ele>
        <time>2026-04-14T15:54:20Z</time>
      </trkpt>
      <trkpt lat="45.705950" lon="7.302360">
        <ele>1105.80</ele>
        <time>2026-04-14T15:54:30Z</time>
      </trkpt>
      <trkpt lat="45.705940" lon="7.302350">
        <ele>1106.00</ele>
        <time>2026-04-14T15:54:40Z</time>
      </trkpt>
      <trkpt lat="45.705890" lon="7.302280">
        <ele>1106.80</ele>
        <time>2026-04-14T15:54:50Z</time>
      </trkpt>
      <trkpt lat="45.705850" lon="7.302210">
        <ele>1107.40</ele>
        <time>2026-04-14T15:55:00Z</time>
      </trkpt>
      <trkpt lat="45.705810" lon="7.302120">
        <ele>1108.00</ele>
        <time>2026-04-14T15:55:10Z</time>
      </trkpt>
      <trkpt lat="45.705770" lon="7.302010">
        <ele>1108.30</ele>
        <time>2026-04-14T15:55:20Z</time>
      </trkpt>
      <trkpt lat="45.705730" lon="7.301910">
        <ele>1108.60</ele>
        <time>2026-04-14T15:55:30Z</time>
      </trkpt>
      <trkpt lat="45.705690" lon="7.301820">
        <ele>1108.80</ele>
        <time>2026-04-14T15:55:40Z</time>
      </trkpt>
      <trkpt lat="45.705640" lon="7.301720">
        <ele>1109.20</ele>
        <time>2026-04-14T15:55:50Z</time>
      </trkpt>
      <trkpt lat="45.705630" lon="7.301700">
        <ele>1109.20</ele>
        <time>2026-04-14T15:56:00Z</time>
      </trkpt>
      <trkpt lat="45.705550" lon="7.301550">
        <ele>1109.90</ele>
        <time>2026-04-14T15:56:10Z</time>
      </trkpt>
      <trkpt lat="45.705280" lon="7.301140">
        <ele>1112.00</ele>
        <time>2026-04-14T15:56:20Z</time>
      </trkpt>
      <trkpt lat="45.705260" lon="7.301100">
        <ele>1112.00</ele>
        <time>2026-04-14T15:56:30Z</time>
      </trkpt>
      <trkpt lat="45.705170" lon="7.300940">
        <ele>1112.10</ele>
        <time>2026-04-14T15:56:40Z</time>
      </trkpt>
      <trkpt lat="45.705090" lon="7.300810">
        <ele>1112.30</ele>
        <time>2026-04-14T15:56:50Z</time>
      </trkpt>
      <trkpt lat="45.705050" lon="7.300760">
        <ele>1112.80</ele>
        <time>2026-04-14T15:57:00Z</time>
      </trkpt>
      <trkpt lat="45.705010" lon="7.300710">
        <ele>1113.20</ele>
        <time>2026-04-14T15:57:10Z</time>
      </trkpt>
      <trkpt lat="45.704860" lon="7.300580">
        <ele>1117.80</ele>
        <time>2026-04-14T15:57:20Z</time>
      </trkpt>
      <trkpt lat="45.704810" lon="7.300520">
        <ele>1119.20</ele>
        <time>2026-04-14T15:57:30Z</time>
      </trkpt>
      <trkpt lat="45.704740" lon="7.300460">
        <ele>1121.40</ele>
        <time>2026-04-14T15:57:40Z</time>
      </trkpt>
      <trkpt lat="45.704690" lon="7.300400">
        <ele>1122.90</ele>
        <time>2026-04-14T15:57:50Z</time>
      </trkpt>
      <trkpt lat="45.704660" lon="7.300340">
        <ele>1123.60</ele>
        <time>2026-04-14T15:58:00Z</time>
      </trkpt>
      <trkpt lat="45.704610" lon="7.300250">
        <ele>1124.90</ele>
        <time>2026-04-14T15:58:10Z</time>
      </trkpt>
      <trkpt lat="45.704580" lon="7.300140">
        <ele>1125.40</ele>
        <time>2026-04-14T15:58:20Z</time>
      </trkpt>
      <trkpt lat="45.704540" lon="7.299980">
        <ele>1125.70</ele>
        <time>2026-04-14T15:58:30Z</time>
      </trkpt>
      <trkpt lat="45.704500" lon="7.299910">
        <ele>1126.20</ele>
        <time>2026-04-14T15:58:40Z</time>
      </trkpt>
      <trkpt lat="45.704480" lon="7.299880">
        <ele>1126.50</ele>
        <time>2026-04-14T15:58:50Z</time>
      </trkpt>
      <trkpt lat="45.704450" lon="7.299870">
        <ele>1127.30</ele>
        <time>2026-04-14T15:59:00Z</time>
      </trkpt>
      <trkpt lat="45.704420" lon="7.299870">
        <ele>1128.30</ele>
        <time>2026-04-14T15:59:10Z</time>
      </trkpt>
      <trkpt lat="45.704400" lon="7.299880">
        <ele>1129.10</ele>
        <time>2026-04-14T15:59:20Z</time>
      </trkpt>
      <trkpt lat="45.704380" lon="7.299890">
        <ele>1130.00</ele>
        <time>2026-04-14T15:59:30Z</time>
      </trkpt>
      <trkpt lat="45.704350" lon="7.299930">
        <ele>1131.60</ele>
        <time>2026-04-14T15:59:40Z</time>
      </trkpt>
      <trkpt lat="45.704340" lon="7.300030">
        <ele>1133.10</ele>
        <time>2026-04-14T15:59:50Z</time>
      </trkpt>
      <trkpt lat="45.704340" lon="7.300180">
        <ele>1134.00</ele>
        <time>2026-04-14T16:00:00Z</time>
      </trkpt>
      <trkpt lat="45.704350" lon="7.300420">
        <ele>1135.00</ele>
        <time>2026-04-14T16:00:10Z</time>
      </trkpt>
      <trkpt lat="45.704350" lon="7.300440">
        <ele>1135.10</ele>
        <time>2026-04-14T16:00:20Z</time>
      </trkpt>
      <trkpt lat="45.704350" lon="7.300690">
        <ele>1136.60</ele>
        <time>2026-04-14T16:00:30Z</time>
      </trkpt>
      <trkpt lat="45.704350" lon="7.300950">
        <ele>1138.70</ele>
        <time>2026-04-14T16:00:40Z</time>
      </trkpt>
      <trkpt lat="45.704360" lon="7.301470">
        <ele>1144.10</ele>
        <time>2026-04-14T16:00:50Z</time>
      </trkpt>
      <trkpt lat="45.704360" lon="7.301730">
        <ele>1147.40</ele>
        <time>2026-04-14T16:01:00Z</time>
      </trkpt>
      <trkpt lat="45.704360" lon="7.301930">
        <ele>1151.00</ele>
        <time>2026-04-14T16:01:10Z</time>
      </trkpt>
      <trkpt lat="45.704360" lon="7.301980">
        <ele>1151.90</ele>
        <time>2026-04-14T16:01:20Z</time>
      </trkpt>
      <trkpt lat="45.704360" lon="7.302070">
        <ele>1153.50</ele>
        <time>2026-04-14T16:01:30Z</time>
      </trkpt>
      <trkpt lat="45.704380" lon="7.302240">
        <ele>1155.90</ele>
        <time>2026-04-14T16:01:40Z</time>
      </trkpt>
      <trkpt lat="45.704410" lon="7.302350">
        <ele>1156.80</ele>
        <time>2026-04-14T16:01:50Z</time>
      </trkpt>
      <trkpt lat="45.704450" lon="7.302470">
        <ele>1157.60</ele>
        <time>2026-04-14T16:02:00Z</time>
      </trkpt>
      <trkpt lat="45.704480" lon="7.302560">
        <ele>1158.10</ele>
        <time>2026-04-14T16:02:10Z</time>
      </trkpt>
      <trkpt lat="45.704550" lon="7.302690">
        <ele>1157.90</ele>
        <time>2026-04-14T16:02:20Z</time>
      </trkpt>
      <trkpt lat="45.704551" lon="7.302691">
        <ele>1157.90</ele>
        <time>2026-04-14T16:02:29Z</time>
      </trkpt>
      <trkpt lat="45.704680" lon="7.302920">
        <ele>1157.60</ele>
        <time>2026-04-14T16:02:30Z</time>
      </trkpt>
      <trkpt lat="45.704790" lon="7.303080">
        <ele>1156.90</ele>
        <time>2026-04-14T16:02:40Z</time>
      </trkpt>
      <trkpt lat="45.704910" lon="7.303240">
        <ele>1156.10</ele>
        <time>2026-04-14T16:02:50Z</time>
      </trkpt>
      <trkpt lat="45.705050" lon="7.303420">
        <ele>1155.30</ele>
        <time>2026-04-14T16:03:00Z</time>
      </trkpt>
      <trkpt lat="45.705190" lon="7.303590">
        <ele>1154.50</ele>
        <time>2026-04-14T16:03:10Z</time>
      </trkpt>
      <trkpt lat="45.705330" lon="7.303760">
        <ele>1153.80</ele>
        <time>2026-04-14T16:03:20Z</time>
      </trkpt>
      <trkpt lat="45.705420" lon="7.303880">
        <ele>1153.70</ele>
        <time>2026-04-14T16:03:30Z</time>
      </trkpt>
      <trkpt lat="45.705460" lon="7.303930">
        <ele>1153.60</ele>
        <time>2026-04-14T16:03:40Z</time>
      </trkpt>
      <trkpt lat="45.705510" lon="7.304010">
        <ele>1153.90</ele>
        <time>2026-04-14T16:03:50Z</time>
      </trkpt>
      <trkpt lat="45.705560" lon="7.304140">
        <ele>1155.50</ele>
        <time>2026-04-14T16:04:00Z</time>
      </trkpt>
      <trkpt lat="45.705620" lon="7.304300">
        <ele>1156.50</ele>
        <time>2026-04-14T16:04:10Z</time>
      </trkpt>
      <trkpt lat="45.705690" lon="7.304520">
        <ele>1157.90</ele>
        <time>2026-04-14T16:04:20Z</time>
      </trkpt>
      <trkpt lat="45.705730" lon="7.304600">
        <ele>1157.90</ele>
        <time>2026-04-14T16:04:30Z</time>
      </trkpt>
      <trkpt lat="45.705770" lon="7.304690">
        <ele>1158.00</ele>
        <time>2026-04-14T16:04:40Z</time>
      </trkpt>
      <trkpt lat="45.705800" lon="7.304760">
        <ele>1158.10</ele>
        <time>2026-04-14T16:04:50Z</time>
      </trkpt>
      <trkpt lat="45.705820" lon="7.304830">
        <ele>1158.60</ele>
        <time>2026-04-14T16:05:00Z</time>
      </trkpt>
      <trkpt lat="45.705830" lon="7.304910">
        <ele>1159.60</ele>
        <time>2026-04-14T16:05:10Z</time>
      </trkpt>
      <trkpt lat="45.705830" lon="7.305000">
        <ele>1161.10</ele>
        <time>2026-04-14T16:05:20Z</time>
      </trkpt>
      <trkpt lat="45.705840" lon="7.305070">
        <ele>1161.00</ele>
        <time>2026-04-14T16:05:30Z</time>
      </trkpt>
      <trkpt lat="45.705840" lon="7.305140">
        <ele>1161.50</ele>
        <time>2026-04-14T16:05:40Z</time>
      </trkpt>
      <trkpt lat="45.705830" lon="7.305210">
        <ele>1162.40</ele>
        <time>2026-04-14T16:05:50Z</time>
      </trkpt>
      <trkpt lat="45.705820" lon="7.305280">
        <ele>1163.20</ele>
        <time>2026-04-14T16:06:00Z</time>
      </trkpt>
      <trkpt lat="45.705810" lon="7.305330">
        <ele>1163.90</ele>
        <time>2026-04-14T16:06:10Z</time>
      </trkpt>
      <trkpt lat="45.705810" lon="7.305340">
        <ele>1164.00</ele>
        <time>2026-04-14T16:06:20Z</time>
      </trkpt>
      <trkpt lat="45.705790" lon="7.305390">
        <ele>1165.10</ele>
        <time>2026-04-14T16:06:30Z</time>
      </trkpt>
      <trkpt lat="45.705770" lon="7.305430">
        <ele>1166.20</ele>
        <time>2026-04-14T16:06:40Z</time>
      </trkpt>
      <trkpt lat="45.705730" lon="7.305500">
        <ele>1168.30</ele>
        <time>2026-04-14T16:06:50Z</time>
      </trkpt>
      <trkpt lat="45.705670" lon="7.305610">
        <ele>1171.70</ele>
        <time>2026-04-14T16:07:00Z</time>
      </trkpt>
      <trkpt lat="45.705620" lon="7.305760">
        <ele>1175.10</ele>
        <time>2026-04-14T16:07:10Z</time>
      </trkpt>
      <trkpt lat="45.705580" lon="7.305880">
        <ele>1177.80</ele>
        <time>2026-04-14T16:07:20Z</time>
      </trkpt>
      <trkpt lat="45.705520" lon="7.306250">
        <ele>1182.50</ele>
        <time>2026-04-14T16:07:30Z</time>
      </trkpt>
      <trkpt lat="45.705470" lon="7.306550">
        <ele>1186.60</ele>
        <time>2026-04-14T16:07:40Z</time>
      </trkpt>
      <trkpt lat="45.705470" lon="7.306580">
        <ele>1186.80</ele>
        <time>2026-04-14T16:07:50Z</time>
      </trkpt>
      <trkpt lat="45.705460" lon="7.306660">
        <ele>1187.80</ele>
        <time>2026-04-14T16:08:00Z</time>
      </trkpt>
      <trkpt lat="45.705470" lon="7.306730">
        <ele>1188.10</ele>
        <time>2026-04-14T16:08:10Z</time>
      </trkpt>
      <trkpt lat="45.705480" lon="7.306790">
        <ele>1188.40</ele>
        <time>2026-04-14T16:08:20Z</time>
      </trkpt>
      <trkpt lat="45.705510" lon="7.306900">
        <ele>1188.40</ele>
        <time>2026-04-14T16:08:30Z</time>
      </trkpt>
      <trkpt lat="45.705560" lon="7.307060">
        <ele>1188.00</ele>
        <time>2026-04-14T16:08:40Z</time>
      </trkpt>
      <trkpt lat="45.705640" lon="7.307300">
        <ele>1187.10</ele>
        <time>2026-04-14T16:08:50Z</time>
      </trkpt>
      <trkpt lat="45.705680" lon="7.307400">
        <ele>1186.40</ele>
        <time>2026-04-14T16:09:00Z</time>
      </trkpt>
      <trkpt lat="45.705720" lon="7.307530">
        <ele>1186.20</ele>
        <time>2026-04-14T16:09:10Z</time>
      </trkpt>
      <trkpt lat="45.705760" lon="7.307640">
        <ele>1186.00</ele>
        <time>2026-04-14T16:09:20Z</time>
      </trkpt>
      <trkpt lat="45.705800" lon="7.307760">
        <ele>1186.00</ele>
        <time>2026-04-14T16:09:30Z</time>
      </trkpt>
      <trkpt lat="45.705810" lon="7.307800">
        <ele>1186.20</ele>
        <time>2026-04-14T16:09:40Z</time>
      </trkpt>
      <trkpt lat="45.705910" lon="7.308250">
        <ele>1189.10</ele>
        <time>2026-04-14T16:09:50Z</time>
      </trkpt>
      <trkpt lat="45.706040" lon="7.308840">
        <ele>1193.20</ele>
        <time>2026-04-14T16:10:00Z</time>
      </trkpt>
      <trkpt lat="45.706120" lon="7.309170">
        <ele>1195.40</ele>
        <time>2026-04-14T16:10:10Z</time>
      </trkpt>
      <trkpt lat="45.706290" lon="7.309690">
        <ele>1196.00</ele>
        <time>2026-04-14T16:10:20Z</time>
      </trkpt>
      <trkpt lat="45.706310" lon="7.309780">
        <ele>1196.50</ele>
        <time>2026-04-14T16:10:30Z</time>
      </trkpt>
      <trkpt lat="45.706370" lon="7.309920">
        <ele>1196.20</ele>
        <time>2026-04-14T16:10:40Z</time>
      </trkpt>
      <trkpt lat="45.706370" lon="7.309950">
        <ele>1196.70</ele>
        <time>2026-04-14T16:10:50Z</time>
      </trkpt>
      <trkpt lat="45.706430" lon="7.310150">
        <ele>1196.40</ele>
        <time>2026-04-14T16:11:00Z</time>
      </trkpt>
      <trkpt lat="45.706460" lon="7.310270">
        <ele>1196.40</ele>
        <time>2026-04-14T16:11:10Z</time>
      </trkpt>
      <trkpt lat="45.706460" lon="7.310320">
        <ele>1196.80</ele>
        <time>2026-04-14T16:11:20Z</time>
      </trkpt>
      <trkpt lat="45.706500" lon="7.310540">
        <ele>1197.30</ele>
        <time>2026-04-14T16:11:30Z</time>
      </trkpt>
      <trkpt lat="45.706500" lon="7.310570">
        <ele>1197.60</ele>
        <time>2026-04-14T16:11:40Z</time>
      </trkpt>
      <trkpt lat="45.706530" lon="7.310710">
        <ele>1197.80</ele>
        <time>2026-04-14T16:11:50Z</time>
      </trkpt>
      <trkpt lat="45.706540" lon="7.310820">
        <ele>1198.40</ele>
        <time>2026-04-14T16:12:00Z</time>
      </trkpt>
      <trkpt lat="45.706549" lon="7.310912">
        <ele>1198.44</ele>
        <time>2026-04-14T16:12:09Z</time>
      </trkpt>
      <trkpt lat="45.706560" lon="7.311030">
        <ele>1198.30</ele>
        <time>2026-04-14T16:12:10Z</time>
      </trkpt>
      <trkpt lat="45.706570" lon="7.311070">
        <ele>1198.00</ele>
        <time>2026-04-14T16:12:20Z</time>
      </trkpt>
      <trkpt lat="45.706570" lon="7.311130">
        <ele>1198.10</ele>
        <time>2026-04-14T16:12:30Z</time>
      </trkpt>
      <trkpt lat="45.706580" lon="7.311260">
        <ele>1198.10</ele>
        <time>2026-04-14T16:12:40Z</time>
      </trkpt>
      <trkpt lat="45.706570" lon="7.311330">
        <ele>1198.60</ele>
        <time>2026-04-14T16:12:50Z</time>
      </trkpt>
      <trkpt lat="45.706570" lon="7.311410">
        <ele>1198.80</ele>
        <time>2026-04-14T16:13:00Z</time>
      </trkpt>
      <trkpt lat="45.706560" lon="7.311530">
        <ele>1199.40</ele>
        <time>2026-04-14T16:13:10Z</time>
      </trkpt>
      <trkpt lat="45.706540" lon="7.311640">
        <ele>1200.30</ele>
        <time>2026-04-14T16:13:20Z</time>
      </trkpt>
      <trkpt lat="45.706510" lon="7.311820">
        <ele>1202.20</ele>
        <time>2026-04-14T16:13:30Z</time>
      </trkpt>
      <trkpt lat="45.706480" lon="7.312050">
        <ele>1204.20</ele>
        <time>2026-04-14T16:13:40Z</time>
      </trkpt>
      <trkpt lat="45.706470" lon="7.312190">
        <ele>1205.20</ele>
        <time>2026-04-14T16:13:50Z</time>
      </trkpt>
      <trkpt lat="45.706460" lon="7.312310">
        <ele>1206.10</ele>
        <time>2026-04-14T16:14:00Z</time>
      </trkpt>
      <trkpt lat="45.706460" lon="7.312350">
        <ele>1206.30</ele>
        <time>2026-04-14T16:14:10Z</time>
      </trkpt>
      <trkpt lat="45.706460" lon="7.312370">
        <ele>1206.40</ele>
        <time>2026-04-14T16:14:20Z</time>
      </trkpt>
      <trkpt lat="45.706460" lon="7.312580">
        <ele>1207.30</ele>
        <time>2026-04-14T16:14:30Z</time>
      </trkpt>
      <trkpt lat="45.706480" lon="7.312830">
        <ele>1207.70</ele>
        <time>2026-04-14T16:14:40Z</time>
      </trkpt>
      <trkpt lat="45.706500" lon="7.313150">
        <ele>1208.40</ele>
        <time>2026-04-14T16:14:50Z</time>
      </trkpt>
      <trkpt lat="45.706500" lon="7.313270">
        <ele>1208.90</ele>
        <time>2026-04-14T16:15:00Z</time>
      </trkpt>
      <trkpt lat="45.706490" lon="7.313310">
        <ele>1209.50</ele>
        <time>2026-04-14T16:15:10Z</time>
      </trkpt>
      <trkpt lat="45.706470" lon="7.313350">
        <ele>1210.30</ele>
        <time>2026-04-14T16:15:20Z</time>
      </trkpt>
      <trkpt lat="45.706470" lon="7.313360">
        <ele>1210.40</ele>
        <time>2026-04-14T16:15:30Z</time>
      </trkpt>
      <trkpt lat="45.706440" lon="7.313410">
        <ele>1211.50</ele>
        <time>2026-04-14T16:15:40Z</time>
      </trkpt>
      <trkpt lat="45.706420" lon="7.313420">
        <ele>1212.30</ele>
        <time>2026-04-14T16:15:50Z</time>
      </trkpt>
      <trkpt lat="45.706400" lon="7.313420">
        <ele>1213.10</ele>
        <time>2026-04-14T16:16:00Z</time>
      </trkpt>
      <trkpt lat="45.706380" lon="7.313420">
        <ele>1213.80</ele>
        <time>2026-04-14T16:16:10Z</time>
      </trkpt>
      <trkpt lat="45.706340" lon="7.313400">
        <ele>1215.30</ele>
        <time>2026-04-14T16:16:20Z</time>
      </trkpt>
      <trkpt lat="45.706320" lon="7.313380">
        <ele>1216.00</ele>
        <time>2026-04-14T16:16:30Z</time>
      </trkpt>
      <trkpt lat="45.706310" lon="7.313370">
        <ele>1216.30</ele>
        <time>2026-04-14T16:16:40Z</time>
      </trkpt>
      <trkpt lat="45.706290" lon="7.313320">
        <ele>1216.90</ele>
        <time>2026-04-14T16:16:50Z</time>
      </trkpt>
      <trkpt lat="45.706270" lon="7.313260">
        <ele>1217.40</ele>
        <time>2026-04-14T16:17:00Z</time>
      </trkpt>
      <trkpt lat="45.706164" lon="7.312640">
        <ele>1217.05</ele>
        <time>2026-04-14T16:17:09Z</time>
      </trkpt>
      <trkpt lat="45.706120" lon="7.312380">
        <ele>1217.90</ele>
        <time>2026-04-14T16:17:10Z</time>
      </trkpt>
      <trkpt lat="45.706080" lon="7.312130">
        <ele>1218.20</ele>
        <time>2026-04-14T16:17:20Z</time>
      </trkpt>
      <trkpt lat="45.706050" lon="7.311910">
        <ele>1218.40</ele>
        <time>2026-04-14T16:17:30Z</time>
      </trkpt>
      <trkpt lat="45.706040" lon="7.311880">
        <ele>1218.60</ele>
        <time>2026-04-14T16:17:40Z</time>
      </trkpt>
      <trkpt lat="45.706020" lon="7.311630">
        <ele>1218.40</ele>
        <time>2026-04-14T16:17:50Z</time>
      </trkpt>
      <trkpt lat="45.706020" lon="7.311620">
        <ele>1218.40</ele>
        <time>2026-04-14T16:18:00Z</time>
      </trkpt>
      <trkpt lat="45.705980" lon="7.311390">
        <ele>1219.50</ele>
        <time>2026-04-14T16:18:10Z</time>
      </trkpt>
      <trkpt lat="45.705980" lon="7.311380">
        <ele>1219.50</ele>
        <time>2026-04-14T16:18:20Z</time>
      </trkpt>
      <trkpt lat="45.705960" lon="7.311320">
        <ele>1220.10</ele>
        <time>2026-04-14T16:18:30Z</time>
      </trkpt>
      <trkpt lat="45.705930" lon="7.311250">
        <ele>1221.10</ele>
        <time>2026-04-14T16:18:40Z</time>
      </trkpt>
      <trkpt lat="45.705900" lon="7.311190">
        <ele>1222.10</ele>
        <time>2026-04-14T16:18:50Z</time>
      </trkpt>
      <trkpt lat="45.705780" lon="7.310950">
        <ele>1226.20</ele>
        <time>2026-04-14T16:19:00Z</time>
      </trkpt>
      <trkpt lat="45.705570" lon="7.310580">
        <ele>1232.60</ele>
        <time>2026-04-14T16:19:10Z</time>
      </trkpt>
      <trkpt lat="45.705490" lon="7.310440">
        <ele>1234.90</ele>
        <time>2026-04-14T16:19:20Z</time>
      </trkpt>
      <trkpt lat="45.705460" lon="7.310380">
        <ele>1235.80</ele>
        <time>2026-04-14T16:19:30Z</time>
      </trkpt>
      <trkpt lat="45.705450" lon="7.310370">
        <ele>1236.20</ele>
        <time>2026-04-14T16:19:40Z</time>
      </trkpt>
      <trkpt lat="45.705420" lon="7.310290">
        <ele>1236.90</ele>
        <time>2026-04-14T16:19:50Z</time>
      </trkpt>
      <trkpt lat="45.705390" lon="7.310220">
        <ele>1237.80</ele>
        <time>2026-04-14T16:20:00Z</time>
      </trkpt>
      <trkpt lat="45.705370" lon="7.310160">
        <ele>1238.30</ele>
        <time>2026-04-14T16:20:10Z</time>
      </trkpt>
      <trkpt lat="45.705150" lon="7.309460">
        <ele>1241.20</ele>
        <time>2026-04-14T16:20:20Z</time>
      </trkpt>
      <trkpt lat="45.705080" lon="7.309220">
        <ele>1241.90</ele>
        <time>2026-04-14T16:20:30Z</time>
      </trkpt>
      <trkpt lat="45.705060" lon="7.309180">
        <ele>1242.40</ele>
        <time>2026-04-14T16:20:40Z</time>
      </trkpt>
      <trkpt lat="45.704990" lon="7.309000">
        <ele>1243.80</ele>
        <time>2026-04-14T16:20:50Z</time>
      </trkpt>
      <trkpt lat="45.704920" lon="7.308750">
        <ele>1245.30</ele>
        <time>2026-04-14T16:21:00Z</time>
      </trkpt>
      <trkpt lat="45.704920" lon="7.308730">
        <ele>1245.10</ele>
        <time>2026-04-14T16:21:10Z</time>
      </trkpt>
      <trkpt lat="45.704860" lon="7.308510">
        <ele>1246.40</ele>
        <time>2026-04-14T16:21:20Z</time>
      </trkpt>
      <trkpt lat="45.704850" lon="7.308490">
        <ele>1246.80</ele>
        <time>2026-04-14T16:21:30Z</time>
      </trkpt>
      <trkpt lat="45.704840" lon="7.308430">
        <ele>1246.80</ele>
        <time>2026-04-14T16:21:40Z</time>
      </trkpt>
      <trkpt lat="45.704780" lon="7.308280">
        <ele>1248.40</ele>
        <time>2026-04-14T16:21:50Z</time>
      </trkpt>
      <trkpt lat="45.704740" lon="7.308170">
        <ele>1248.60</ele>
        <time>2026-04-14T16:22:00Z</time>
      </trkpt>
      <trkpt lat="45.704700" lon="7.308050">
        <ele>1248.50</ele>
        <time>2026-04-14T16:22:10Z</time>
      </trkpt>
      <trkpt lat="45.704600" lon="7.307810">
        <ele>1249.00</ele>
        <time>2026-04-14T16:22:20Z</time>
      </trkpt>
      <trkpt lat="45.704600" lon="7.307790">
        <ele>1248.50</ele>
        <time>2026-04-14T16:22:30Z</time>
      </trkpt>
      <trkpt lat="45.704570" lon="7.307740">
        <ele>1249.00</ele>
        <time>2026-04-14T16:22:40Z</time>
      </trkpt>
      <trkpt lat="45.704520" lon="7.307690">
        <ele>1250.60</ele>
        <time>2026-04-14T16:22:50Z</time>
      </trkpt>
      <trkpt lat="45.704480" lon="7.307650">
        <ele>1251.70</ele>
        <time>2026-04-14T16:23:00Z</time>
      </trkpt>
      <trkpt lat="45.704470" lon="7.307650">
        <ele>1252.30</ele>
        <time>2026-04-14T16:23:10Z</time>
      </trkpt>
      <trkpt lat="45.704470" lon="7.307640">
        <ele>1252.00</ele>
        <time>2026-04-14T16:23:20Z</time>
      </trkpt>
      <trkpt lat="45.704360" lon="7.307530">
        <ele>1255.00</ele>
        <time>2026-04-14T16:23:30Z</time>
      </trkpt>
      <trkpt lat="45.704100" lon="7.307290">
        <ele>1261.60</ele>
        <time>2026-04-14T16:23:40Z</time>
      </trkpt>
      <trkpt lat="45.704020" lon="7.307210">
        <ele>1262.30</ele>
        <time>2026-04-14T16:23:50Z</time>
      </trkpt>
      <trkpt lat="45.703870" lon="7.307070">
        <ele>1263.60</ele>
        <time>2026-04-14T16:24:00Z</time>
      </trkpt>
      <trkpt lat="45.703630" lon="7.306840">
        <ele>1264.70</ele>
        <time>2026-04-14T16:24:10Z</time>
      </trkpt>
      <trkpt lat="45.703510" lon="7.306780">
        <ele>1266.40</ele>
        <time>2026-04-14T16:24:20Z</time>
      </trkpt>
      <trkpt lat="45.703300" lon="7.306660">
        <ele>1269.60</ele>
        <time>2026-04-14T16:24:30Z</time>
      </trkpt>
      <trkpt lat="45.703250" lon="7.306610">
        <ele>1271.00</ele>
        <time>2026-04-14T16:24:40Z</time>
      </trkpt>
      <trkpt lat="45.703240" lon="7.306600">
        <ele>1271.30</ele>
        <time>2026-04-14T16:24:50Z</time>
      </trkpt>
      <trkpt lat="45.703180" lon="7.306550">
        <ele>1273.20</ele>
        <time>2026-04-14T16:25:00Z</time>
      </trkpt>
      <trkpt lat="45.703120" lon="7.306460">
        <ele>1274.40</ele>
        <time>2026-04-14T16:25:10Z</time>
      </trkpt>
      <trkpt lat="45.703100" lon="7.306430">
        <ele>1274.80</ele>
        <time>2026-04-14T16:25:20Z</time>
      </trkpt>
      <trkpt lat="45.703020" lon="7.306280">
        <ele>1275.80</ele>
        <time>2026-04-14T16:25:30Z</time>
      </trkpt>
      <trkpt lat="45.702990" lon="7.306230">
        <ele>1276.30</ele>
        <time>2026-04-14T16:25:40Z</time>
      </trkpt>
      <trkpt lat="45.702900" lon="7.306060">
        <ele>1277.70</ele>
        <time>2026-04-14T16:25:50Z</time>
      </trkpt>
      <trkpt lat="45.702730" lon="7.305760">
        <ele>1281.10</ele>
        <time>2026-04-14T16:26:00Z</time>
      </trkpt>
      <trkpt lat="45.702680" lon="7.305650">
        <ele>1281.40</ele>
        <time>2026-04-14T16:26:10Z</time>
      </trkpt>
      <trkpt lat="45.702660" lon="7.305610">
        <ele>1281.60</ele>
        <time>2026-04-14T16:26:20Z</time>
      </trkpt>
      <trkpt lat="45.702630" lon="7.305530">
        <ele>1281.20</ele>
        <time>2026-04-14T16:26:30Z</time>
      </trkpt>
      <trkpt lat="45.702600" lon="7.305390">
        <ele>1279.40</ele>
        <time>2026-04-14T16:26:40Z</time>
      </trkpt>
      <trkpt lat="45.702570" lon="7.305240">
        <ele>1277.10</ele>
        <time>2026-04-14T16:26:50Z</time>
      </trkpt>
      <trkpt lat="45.702540" lon="7.305150">
        <ele>1276.20</ele>
        <time>2026-04-14T16:27:00Z</time>
      </trkpt>
      <trkpt lat="45.702540" lon="7.305130">
        <ele>1275.70</ele>
        <time>2026-04-14T16:27:10Z</time>
      </trkpt>
      <trkpt lat="45.702530" lon="7.305110">
        <ele>1275.60</ele>
        <time>2026-04-14T16:27:20Z</time>
      </trkpt>
      <trkpt lat="45.702480" lon="7.304980">
        <ele>1274.30</ele>
        <time>2026-04-14T16:27:30Z</time>
      </trkpt>
      <trkpt lat="45.702440" lon="7.304920">
        <ele>1274.50</ele>
        <time>2026-04-14T16:27:40Z</time>
      </trkpt>
      <trkpt lat="45.702420" lon="7.304890">
        <ele>1274.60</ele>
        <time>2026-04-14T16:27:50Z</time>
      </trkpt>
      <trkpt lat="45.702350" lon="7.304800">
        <ele>1275.10</ele>
        <time>2026-04-14T16:28:00Z</time>
      </trkpt>
      <trkpt lat="45.702300" lon="7.304750">
        <ele>1275.80</ele>
        <time>2026-04-14T16:28:10Z</time>
      </trkpt>
      <trkpt lat="45.702160" lon="7.304590">
        <ele>1277.20</ele>
        <time>2026-04-14T16:28:20Z</time>
      </trkpt>
      <trkpt lat="45.701790" lon="7.304160">
        <ele>1280.10</ele>
        <time>2026-04-14T16:28:30Z</time>
      </trkpt>
      <trkpt lat="45.701750" lon="7.304120">
        <ele>1281.30</ele>
        <time>2026-04-14T16:28:40Z</time>
      </trkpt>
      <trkpt lat="45.701740" lon="7.304100">
        <ele>1281.50</ele>
        <time>2026-04-14T16:28:50Z</time>
      </trkpt>
      <trkpt lat="45.701720" lon="7.304080">
        <ele>1282.10</ele>
        <time>2026-04-14T16:29:00Z</time>
      </trkpt>
      <trkpt lat="45.701670" lon="7.303970">
        <ele>1283.40</ele>
        <time>2026-04-14T16:29:10Z</time>
      </trkpt>
      <trkpt lat="45.701650" lon="7.303890">
        <ele>1284.00</ele>
        <time>2026-04-14T16:29:20Z</time>
      </trkpt>
      <trkpt lat="45.701640" lon="7.303840">
        <ele>1284.30</ele>
        <time>2026-04-14T16:29:30Z</time>
      </trkpt>
      <trkpt lat="45.701630" lon="7.303770">
        <ele>1284.50</ele>
        <time>2026-04-14T16:29:40Z</time>
      </trkpt>
      <trkpt lat="45.701620" lon="7.303640">
        <ele>1284.50</ele>
        <time>2026-04-14T16:29:50Z</time>
      </trkpt>
      <trkpt lat="45.701620" lon="7.303550">
        <ele>1284.20</ele>
        <time>2026-04-14T16:30:00Z</time>
      </trkpt>
      <trkpt lat="45.701620" lon="7.303380">
        <ele>1283.60</ele>
        <time>2026-04-14T16:30:10Z</time>
      </trkpt>
      <trkpt lat="45.701600" lon="7.303290">
        <ele>1283.70</ele>
        <time>2026-04-14T16:30:20Z</time>
      </trkpt>
      <trkpt lat="45.701590" lon="7.303240">
        <ele>1283.60</ele>
        <time>2026-04-14T16:30:30Z</time>
      </trkpt>
      <trkpt lat="45.701570" lon="7.303190">
        <ele>1283.70</ele>
        <time>2026-04-14T16:30:40Z</time>
      </trkpt>
      <trkpt lat="45.701550" lon="7.303140">
        <ele>1283.90</ele>
        <time>2026-04-14T16:30:50Z</time>
      </trkpt>
      <trkpt lat="45.701530" lon="7.303100">
        <ele>1284.10</ele>
        <time>2026-04-14T16:31:00Z</time>
      </trkpt>
      <trkpt lat="45.701500" lon="7.303050">
        <ele>1284.60</ele>
        <time>2026-04-14T16:31:10Z</time>
      </trkpt>
      <trkpt lat="45.701480" lon="7.303010">
        <ele>1284.80</ele>
        <time>2026-04-14T16:31:20Z</time>
      </trkpt>
      <trkpt lat="45.701460" lon="7.302980">
        <ele>1285.00</ele>
        <time>2026-04-14T16:31:30Z</time>
      </trkpt>
      <trkpt lat="45.701430" lon="7.302950">
        <ele>1285.60</ele>
        <time>2026-04-14T16:31:40Z</time>
      </trkpt>
      <trkpt lat="45.701400" lon="7.302930">
        <ele>1286.20</ele>
        <time>2026-04-14T16:31:50Z</time>
      </trkpt>
      <trkpt lat="45.701270" lon="7.302830">
        <ele>1288.60</ele>
        <time>2026-04-14T16:32:00Z</time>
      </trkpt>
      <trkpt lat="45.701210" lon="7.302780">
        <ele>1289.50</ele>
        <time>2026-04-14T16:32:10Z</time>
      </trkpt>
      <trkpt lat="45.701130" lon="7.302716">
        <ele>1288.21</ele>
        <time>2026-04-14T16:32:19Z</time>
      </trkpt>
      <trkpt lat="45.701110" lon="7.302700">
        <ele>1291.10</ele>
        <time>2026-04-14T16:32:20Z</time>
      </trkpt>
      <trkpt lat="45.700870" lon="7.302500">
        <ele>1294.20</ele>
        <time>2026-04-14T16:32:30Z</time>
      </trkpt>
      <trkpt lat="45.700820" lon="7.302450">
        <ele>1294.90</ele>
        <time>2026-04-14T16:32:40Z</time>
      </trkpt>
      <trkpt lat="45.700780" lon="7.302390">
        <ele>1296.00</ele>
        <time>2026-04-14T16:32:50Z</time>
      </trkpt>
      <trkpt lat="45.700730" lon="7.302310">
        <ele>1297.10</ele>
        <time>2026-04-14T16:33:00Z</time>
      </trkpt>
      <trkpt lat="45.700690" lon="7.302240">
        <ele>1297.80</ele>
        <time>2026-04-14T16:33:10Z</time>
      </trkpt>
      <trkpt lat="45.700640" lon="7.302170">
        <ele>1298.90</ele>
        <time>2026-04-14T16:33:20Z</time>
      </trkpt>
      <trkpt lat="45.700570" lon="7.302050">
        <ele>1299.70</ele>
        <time>2026-04-14T16:33:30Z</time>
      </trkpt>
      <trkpt lat="45.700540" lon="7.302020">
        <ele>1300.40</ele>
        <time>2026-04-14T16:33:40Z</time>
      </trkpt>
      <trkpt lat="45.700500" lon="7.301950">
        <ele>1300.60</ele>
        <time>2026-04-14T16:33:50Z</time>
      </trkpt>
      <trkpt lat="45.700420" lon="7.301870">
        <ele>1302.10</ele>
        <time>2026-04-14T16:34:00Z</time>
      </trkpt>
      <trkpt lat="45.700290" lon="7.301730">
        <ele>1303.80</ele>
        <time>2026-04-14T16:34:10Z</time>
      </trkpt>
      <trkpt lat="45.700140" lon="7.301590">
        <ele>1306.60</ele>
        <time>2026-04-14T16:34:20Z</time>
      </trkpt>
      <trkpt lat="45.699990" lon="7.301450">
        <ele>1309.80</ele>
        <time>2026-04-14T16:34:30Z</time>
      </trkpt>
      <trkpt lat="45.699960" lon="7.301430">
        <ele>1310.90</ele>
        <time>2026-04-14T16:34:40Z</time>
      </trkpt>
      <trkpt lat="45.699890" lon="7.301350">
        <ele>1312.80</ele>
        <time>2026-04-14T16:34:50Z</time>
      </trkpt>
      <trkpt lat="45.699840" lon="7.301300">
        <ele>1314.20</ele>
        <time>2026-04-14T16:35:00Z</time>
      </trkpt>
      <trkpt lat="45.699830" lon="7.301290">
        <ele>1314.50</ele>
        <time>2026-04-14T16:35:10Z</time>
      </trkpt>
      <trkpt lat="45.699700" lon="7.301130">
        <ele>1317.20</ele>
        <time>2026-04-14T16:35:20Z</time>
      </trkpt>
      <trkpt lat="45.699570" lon="7.300960">
        <ele>1319.30</ele>
        <time>2026-04-14T16:35:30Z</time>
      </trkpt>
      <trkpt lat="45.699560" lon="7.300950">
        <ele>1319.50</ele>
        <time>2026-04-14T16:35:40Z</time>
      </trkpt>
      <trkpt lat="45.699530" lon="7.300910">
        <ele>1319.90</ele>
        <time>2026-04-14T16:35:50Z</time>
      </trkpt>
      <trkpt lat="45.699500" lon="7.300860">
        <ele>1320.00</ele>
        <time>2026-04-14T16:36:00Z</time>
      </trkpt>
      <trkpt lat="45.699470" lon="7.300790">
        <ele>1320.00</ele>
        <time>2026-04-14T16:36:10Z</time>
      </trkpt>
      <trkpt lat="45.699460" lon="7.300760">
        <ele>1320.00</ele>
        <time>2026-04-14T16:36:20Z</time>
      </trkpt>
      <trkpt lat="45.699450" lon="7.300720">
        <ele>1319.80</ele>
        <time>2026-04-14T16:36:30Z</time>
      </trkpt>
      <trkpt lat="45.699440" lon="7.300660">
        <ele>1319.30</ele>
        <time>2026-04-14T16:36:40Z</time>
      </trkpt>
      <trkpt lat="45.699430" lon="7.300570">
        <ele>1318.40</ele>
        <time>2026-04-14T16:36:50Z</time>
      </trkpt>
      <trkpt lat="45.699420" lon="7.300510">
        <ele>1318.00</ele>
        <time>2026-04-14T16:37:00Z</time>
      </trkpt>
      <trkpt lat="45.699410" lon="7.300460">
        <ele>1317.60</ele>
        <time>2026-04-14T16:37:10Z</time>
      </trkpt>
      <trkpt lat="45.699420" lon="7.300410">
        <ele>1316.50</ele>
        <time>2026-04-14T16:37:20Z</time>
      </trkpt>
      <trkpt lat="45.699410" lon="7.300390">
        <ele>1316.60</ele>
        <time>2026-04-14T16:37:30Z</time>
      </trkpt>
      <trkpt lat="45.699410" lon="7.300360">
        <ele>1316.20</ele>
        <time>2026-04-14T16:37:40Z</time>
      </trkpt>
      <trkpt lat="45.699400" lon="7.300340">
        <ele>1316.30</ele>
        <time>2026-04-14T16:37:50Z</time>
      </trkpt>
      <trkpt lat="45.699390" lon="7.300320">
        <ele>1316.40</ele>
        <time>2026-04-14T16:38:00Z</time>
      </trkpt>
      <trkpt lat="45.699380" lon="7.300310">
        <ele>1316.60</ele>
        <time>2026-04-14T16:38:10Z</time>
      </trkpt>
      <trkpt lat="45.699370" lon="7.300300">
        <ele>1316.90</ele>
        <time>2026-04-14T16:38:20Z</time>
      </trkpt>
      <trkpt lat="45.699350" lon="7.300290">
        <ele>1317.50</ele>
        <time>2026-04-14T16:38:30Z</time>
      </trkpt>
      <trkpt lat="45.699340" lon="7.300290">
        <ele>1317.90</ele>
        <time>2026-04-14T16:38:40Z</time>
      </trkpt>
      <trkpt lat="45.699330" lon="7.300290">
        <ele>1318.20</ele>
        <time>2026-04-14T16:38:50Z</time>
      </trkpt>
      <trkpt lat="45.699310" lon="7.300300">
        <ele>1319.20</ele>
        <time>2026-04-14T16:39:00Z</time>
      </trkpt>
      <trkpt lat="45.699290" lon="7.300310">
        <ele>1320.10</ele>
        <time>2026-04-14T16:39:10Z</time>
      </trkpt>
      <trkpt lat="45.699280" lon="7.300330">
        <ele>1320.80</ele>
        <time>2026-04-14T16:39:20Z</time>
      </trkpt>
      <trkpt lat="45.699270" lon="7.300360">
        <ele>1321.60</ele>
        <time>2026-04-14T16:39:30Z</time>
      </trkpt>
      <trkpt lat="45.699260" lon="7.300380">
        <ele>1322.30</ele>
        <time>2026-04-14T16:39:40Z</time>
      </trkpt>
      <trkpt lat="45.699260" lon="7.300400">
        <ele>1322.60</ele>
        <time>2026-04-14T16:39:50Z</time>
      </trkpt>
      <trkpt lat="45.699250" lon="7.300460">
        <ele>1323.90</ele>
        <time>2026-04-14T16:40:00Z</time>
      </trkpt>
      <trkpt lat="45.699250" lon="7.300470">
        <ele>1324.10</ele>
        <time>2026-04-14T16:40:10Z</time>
      </trkpt>
      <trkpt lat="45.699250" lon="7.300540">
        <ele>1325.10</ele>
        <time>2026-04-14T16:40:20Z</time>
      </trkpt>
      <trkpt lat="45.699270" lon="7.300620">
        <ele>1325.60</ele>
        <time>2026-04-14T16:40:30Z</time>
      </trkpt>
      <trkpt lat="45.699300" lon="7.300710">
        <ele>1325.70</ele>
        <time>2026-04-14T16:40:40Z</time>
      </trkpt>
      <trkpt lat="45.699330" lon="7.300840">
        <ele>1326.50</ele>
        <time>2026-04-14T16:40:50Z</time>
      </trkpt>
      <trkpt lat="45.699360" lon="7.300900">
        <ele>1326.70</ele>
        <time>2026-04-14T16:41:00Z</time>
      </trkpt>
      <trkpt lat="45.699380" lon="7.300940">
        <ele>1326.90</ele>
        <time>2026-04-14T16:41:10Z</time>
      </trkpt>
      <trkpt lat="45.699390" lon="7.300970">
        <ele>1327.10</ele>
        <time>2026-04-14T16:41:20Z</time>
      </trkpt>
      <trkpt lat="45.699430" lon="7.301040">
        <ele>1327.10</ele>
        <time>2026-04-14T16:41:30Z</time>
      </trkpt>
      <trkpt lat="45.699460" lon="7.301090">
        <ele>1326.90</ele>
        <time>2026-04-14T16:41:40Z</time>
      </trkpt>
      <trkpt lat="45.699490" lon="7.301140">
        <ele>1326.80</ele>
        <time>2026-04-14T16:41:50Z</time>
      </trkpt>
      <trkpt lat="45.699610" lon="7.301330">
        <ele>1325.50</ele>
        <time>2026-04-14T16:42:00Z</time>
      </trkpt>
      <trkpt lat="45.699630" lon="7.301360">
        <ele>1325.20</ele>
        <time>2026-04-14T16:42:10Z</time>
      </trkpt>
      <trkpt lat="45.699730" lon="7.301490">
        <ele>1323.10</ele>
        <time>2026-04-14T16:42:20Z</time>
      </trkpt>
      <trkpt lat="45.699740" lon="7.301510">
        <ele>1323.00</ele>
        <time>2026-04-14T16:42:30Z</time>
      </trkpt>
      <trkpt lat="45.699820" lon="7.301610">
        <ele>1321.00</ele>
        <time>2026-04-14T16:42:40Z</time>
      </trkpt>
      <trkpt lat="45.699860" lon="7.301670">
        <ele>1320.20</ele>
        <time>2026-04-14T16:42:50Z</time>
      </trkpt>
      <trkpt lat="45.699870" lon="7.301690">
        <ele>1320.30</ele>
        <time>2026-04-14T16:43:00Z</time>
      </trkpt>
      <trkpt lat="45.699900" lon="7.301730">
        <ele>1320.00</ele>
        <time>2026-04-14T16:43:10Z</time>
      </trkpt>
      <trkpt lat="45.699970" lon="7.301850">
        <ele>1320.20</ele>
        <time>2026-04-14T16:43:20Z</time>
      </trkpt>
      <trkpt lat="45.699990" lon="7.301880">
        <ele>1320.20</ele>
        <time>2026-04-14T16:43:30Z</time>
      </trkpt>
      <trkpt lat="45.700000" lon="7.301910">
        <ele>1320.60</ele>
        <time>2026-04-14T16:43:40Z</time>
      </trkpt>
      <trkpt lat="45.700080" lon="7.302100">
        <ele>1322.90</ele>
        <time>2026-04-14T16:43:50Z</time>
      </trkpt>
      <trkpt lat="45.700240" lon="7.302510">
        <ele>1326.50</ele>
        <time>2026-04-14T16:44:00Z</time>
      </trkpt>
      <trkpt lat="45.700250" lon="7.302540">
        <ele>1326.50</ele>
        <time>2026-04-14T16:44:10Z</time>
      </trkpt>
      <trkpt lat="45.700250" lon="7.302550">
        <ele>1326.60</ele>
        <time>2026-04-14T16:44:20Z</time>
      </trkpt>
      <trkpt lat="45.700320" lon="7.302770">
        <ele>1326.60</ele>
        <time>2026-04-14T16:44:30Z</time>
      </trkpt>
      <trkpt lat="45.700330" lon="7.302780">
        <ele>1326.20</ele>
        <time>2026-04-14T16:44:40Z</time>
      </trkpt>
      <trkpt lat="45.700440" lon="7.303250">
        <ele>1327.80</ele>
        <time>2026-04-14T16:44:50Z</time>
      </trkpt>
      <trkpt lat="45.700490" lon="7.303490">
        <ele>1328.80</ele>
        <time>2026-04-14T16:45:00Z</time>
      </trkpt>
      <trkpt lat="45.700560" lon="7.303760">
        <ele>1329.60</ele>
        <time>2026-04-14T16:45:10Z</time>
      </trkpt>
      <trkpt lat="45.700590" lon="7.303900">
        <ele>1330.60</ele>
        <time>2026-04-14T16:45:20Z</time>
      </trkpt>
      <trkpt lat="45.700690" lon="7.304240">
        <ele>1332.60</ele>
        <time>2026-04-14T16:45:30Z</time>
      </trkpt>
      <trkpt lat="45.700700" lon="7.304260">
        <ele>1332.60</ele>
        <time>2026-04-14T16:45:40Z</time>
      </trkpt>
      <trkpt lat="45.700820" lon="7.304670">
        <ele>1337.00</ele>
        <time>2026-04-14T16:45:50Z</time>
      </trkpt>
      <trkpt lat="45.700840" lon="7.304710">
        <ele>1337.10</ele>
        <time>2026-04-14T16:46:00Z</time>
      </trkpt>
      <trkpt lat="45.700920" lon="7.304990">
        <ele>1339.40</ele>
        <time>2026-04-14T16:46:10Z</time>
      </trkpt>
      <trkpt lat="45.701060" lon="7.305410">
        <ele>1341.30</ele>
        <time>2026-04-14T16:46:20Z</time>
      </trkpt>
      <trkpt lat="45.701060" lon="7.305420">
        <ele>1341.50</ele>
        <time>2026-04-14T16:46:30Z</time>
      </trkpt>
      <trkpt lat="45.701120" lon="7.305560">
        <ele>1341.90</ele>
        <time>2026-04-14T16:46:40Z</time>
      </trkpt>
      <trkpt lat="45.701260" lon="7.305880">
        <ele>1343.50</ele>
        <time>2026-04-14T16:46:50Z</time>
      </trkpt>
      <trkpt lat="45.701440" lon="7.306260">
        <ele>1344.50</ele>
        <time>2026-04-14T16:47:00Z</time>
      </trkpt>
      <trkpt lat="45.701590" lon="7.306590">
        <ele>1346.00</ele>
        <time>2026-04-14T16:47:10Z</time>
      </trkpt>
      <trkpt lat="45.701630" lon="7.306680">
        <ele>1346.50</ele>
        <time>2026-04-14T16:47:20Z</time>
      </trkpt>
      <trkpt lat="45.701770" lon="7.306950">
        <ele>1346.50</ele>
        <time>2026-04-14T16:47:30Z</time>
      </trkpt>
      <trkpt lat="45.701850" lon="7.307100">
        <ele>1346.60</ele>
        <time>2026-04-14T16:47:40Z</time>
      </trkpt>
      <trkpt lat="45.701900" lon="7.307170">
        <ele>1346.30</ele>
        <time>2026-04-14T16:47:50Z</time>
      </trkpt>
      <trkpt lat="45.701940" lon="7.307220">
        <ele>1346.00</ele>
        <time>2026-04-14T16:48:00Z</time>
      </trkpt>
      <trkpt lat="45.702020" lon="7.307330">
        <ele>1345.70</ele>
        <time>2026-04-14T16:48:10Z</time>
      </trkpt>
      <trkpt lat="45.702030" lon="7.307350">
        <ele>1345.80</ele>
        <time>2026-04-14T16:48:20Z</time>
      </trkpt>
      <trkpt lat="45.702100" lon="7.307460">
        <ele>1346.00</ele>
        <time>2026-04-14T16:48:30Z</time>
      </trkpt>
      <trkpt lat="45.702160" lon="7.307530">
        <ele>1345.70</ele>
        <time>2026-04-14T16:48:40Z</time>
      </trkpt>
      <trkpt lat="45.702170" lon="7.307550">
        <ele>1345.80</ele>
        <time>2026-04-14T16:48:50Z</time>
      </trkpt>
      <trkpt lat="45.702260" lon="7.307660">
        <ele>1345.10</ele>
        <time>2026-04-14T16:49:00Z</time>
      </trkpt>
      <trkpt lat="45.702330" lon="7.307730">
        <ele>1344.20</ele>
        <time>2026-04-14T16:49:10Z</time>
      </trkpt>
      <trkpt lat="45.702360" lon="7.307780">
        <ele>1344.20</ele>
        <time>2026-04-14T16:49:20Z</time>
      </trkpt>
      <trkpt lat="45.702370" lon="7.307810">
        <ele>1344.50</ele>
        <time>2026-04-14T16:49:30Z</time>
      </trkpt>
      <trkpt lat="45.702380" lon="7.307830">
        <ele>1344.50</ele>
        <time>2026-04-14T16:49:40Z</time>
      </trkpt>
      <trkpt lat="45.702380" lon="7.307840">
        <ele>1344.70</ele>
        <time>2026-04-14T16:49:50Z</time>
      </trkpt>
      <trkpt lat="45.702380" lon="7.307860">
        <ele>1345.10</ele>
        <time>2026-04-14T16:50:00Z</time>
      </trkpt>
      <trkpt lat="45.702380" lon="7.307880">
        <ele>1345.50</ele>
        <time>2026-04-14T16:50:10Z</time>
      </trkpt>
      <trkpt lat="45.702380" lon="7.307900">
        <ele>1345.90</ele>
        <time>2026-04-14T16:50:20Z</time>
      </trkpt>
      <trkpt lat="45.702360" lon="7.307910">
        <ele>1346.80</ele>
        <time>2026-04-14T16:50:30Z</time>
      </trkpt>
      <trkpt lat="45.702350" lon="7.307920">
        <ele>1347.40</ele>
        <time>2026-04-14T16:50:40Z</time>
      </trkpt>
      <trkpt lat="45.702310" lon="7.307920">
        <ele>1348.80</ele>
        <time>2026-04-14T16:50:50Z</time>
      </trkpt>
      <trkpt lat="45.702300" lon="7.307920">
        <ele>1348.43</ele>
        <time>2026-04-14T16:50:59Z</time>
      </trkpt>
      <trkpt lat="45.702290" lon="7.307920">
        <ele>1349.50</ele>
        <time>2026-04-14T16:51:00Z</time>
      </trkpt>
      <trkpt lat="45.702250" lon="7.307890">
        <ele>1350.30</ele>
        <time>2026-04-14T16:51:10Z</time>
      </trkpt>
      <trkpt lat="45.702200" lon="7.307840">
        <ele>1351.00</ele>
        <time>2026-04-14T16:51:20Z</time>
      </trkpt>
      <trkpt lat="45.702180" lon="7.307820">
        <ele>1351.30</ele>
        <time>2026-04-14T16:51:30Z</time>
      </trkpt>
      <trkpt lat="45.702050" lon="7.307690">
        <ele>1352.80</ele>
        <time>2026-04-14T16:51:40Z</time>
      </trkpt>
      <trkpt lat="45.701910" lon="7.307550">
        <ele>1354.30</ele>
        <time>2026-04-14T16:51:50Z</time>
      </trkpt>
      <trkpt lat="45.701810" lon="7.307450">
        <ele>1355.30</ele>
        <time>2026-04-14T16:52:00Z</time>
      </trkpt>
      <trkpt lat="45.701620" lon="7.307230">
        <ele>1357.40</ele>
        <time>2026-04-14T16:52:10Z</time>
      </trkpt>
      <trkpt lat="45.701470" lon="7.307050">
        <ele>1359.00</ele>
        <time>2026-04-14T16:52:20Z</time>
      </trkpt>
      <trkpt lat="45.701100" lon="7.306490">
        <ele>1361.30</ele>
        <time>2026-04-14T16:52:30Z</time>
      </trkpt>
      <trkpt lat="45.700410" lon="7.305460">
        <ele>1366.00</ele>
        <time>2026-04-14T16:52:40Z</time>
      </trkpt>
      <trkpt lat="45.700360" lon="7.305390">
        <ele>1366.30</ele>
        <time>2026-04-14T16:52:50Z</time>
      </trkpt>
      <trkpt lat="45.700300" lon="7.305300">
        <ele>1366.50</ele>
        <time>2026-04-14T16:53:00Z</time>
      </trkpt>
      <trkpt lat="45.700200" lon="7.305120">
        <ele>1366.10</ele>
        <time>2026-04-14T16:53:10Z</time>
      </trkpt>
      <trkpt lat="45.700130" lon="7.305050">
        <ele>1366.90</ele>
        <time>2026-04-14T16:53:20Z</time>
      </trkpt>
      <trkpt lat="45.700010" lon="7.304950">
        <ele>1369.10</ele>
        <time>2026-04-14T16:53:30Z</time>
      </trkpt>
      <trkpt lat="45.699870" lon="7.304840">
        <ele>1373.60</ele>
        <time>2026-04-14T16:53:40Z</time>
      </trkpt>
      <trkpt lat="45.699860" lon="7.304830">
        <ele>1373.90</ele>
        <time>2026-04-14T16:53:50Z</time>
      </trkpt>
      <trkpt lat="45.699820" lon="7.304800">
        <ele>1375.30</ele>
        <time>2026-04-14T16:54:00Z</time>
      </trkpt>
      <trkpt lat="45.699790" lon="7.304760">
        <ele>1376.20</ele>
        <time>2026-04-14T16:54:10Z</time>
      </trkpt>
      <trkpt lat="45.699750" lon="7.304710">
        <ele>1377.30</ele>
        <time>2026-04-14T16:54:20Z</time>
      </trkpt>
      <trkpt lat="45.699730" lon="7.304650">
        <ele>1377.50</ele>
        <time>2026-04-14T16:54:30Z</time>
      </trkpt>
      <trkpt lat="45.699620" lon="7.304460">
        <ele>1380.40</ele>
        <time>2026-04-14T16:54:40Z</time>
      </trkpt>
      <trkpt lat="45.699460" lon="7.304160">
        <ele>1384.60</ele>
        <time>2026-04-14T16:54:50Z</time>
      </trkpt>
      <trkpt lat="45.699340" lon="7.303800">
        <ele>1386.80</ele>
        <time>2026-04-14T16:55:00Z</time>
      </trkpt>
      <trkpt lat="45.699330" lon="7.303770">
        <ele>1386.90</ele>
        <time>2026-04-14T16:55:10Z</time>
      </trkpt>
      <trkpt lat="45.699290" lon="7.303620">
        <ele>1387.30</ele>
        <time>2026-04-14T16:55:20Z</time>
      </trkpt>
      <trkpt lat="45.699290" lon="7.303560">
        <ele>1386.80</ele>
        <time>2026-04-14T16:55:30Z</time>
      </trkpt>
      <trkpt lat="45.699250" lon="7.303310">
        <ele>1386.10</ele>
        <time>2026-04-14T16:55:40Z</time>
      </trkpt>
      <trkpt lat="45.699240" lon="7.303250">
        <ele>1385.90</ele>
        <time>2026-04-14T16:55:50Z</time>
      </trkpt>
      <trkpt lat="45.699210" lon="7.303060">
        <ele>1385.10</ele>
        <time>2026-04-14T16:56:00Z</time>
      </trkpt>
      <trkpt lat="45.699210" lon="7.303050">
        <ele>1385.00</ele>
        <time>2026-04-14T16:56:10Z</time>
      </trkpt>
      <trkpt lat="45.699200" lon="7.302970">
        <ele>1384.50</ele>
        <time>2026-04-14T16:56:20Z</time>
      </trkpt>
      <trkpt lat="45.699190" lon="7.302930">
        <ele>1384.60</ele>
        <time>2026-04-14T16:56:30Z</time>
      </trkpt>
      <trkpt lat="45.699180" lon="7.302890">
        <ele>1384.60</ele>
        <time>2026-04-14T16:56:40Z</time>
      </trkpt>
      <trkpt lat="45.699170" lon="7.302870">
        <ele>1384.80</ele>
        <time>2026-04-14T16:56:50Z</time>
      </trkpt>
      <trkpt lat="45.699170" lon="7.302850">
        <ele>1384.60</ele>
        <time>2026-04-14T16:57:00Z</time>
      </trkpt>
      <trkpt lat="45.699160" lon="7.302830">
        <ele>1384.80</ele>
        <time>2026-04-14T16:57:10Z</time>
      </trkpt>
      <trkpt lat="45.699150" lon="7.302830">
        <ele>1385.20</ele>
        <time>2026-04-14T16:57:20Z</time>
      </trkpt>
      <trkpt lat="45.699150" lon="7.302820">
        <ele>1385.10</ele>
        <time>2026-04-14T16:57:30Z</time>
      </trkpt>
      <trkpt lat="45.699140" lon="7.302820">
        <ele>1385.50</ele>
        <time>2026-04-14T16:57:50Z</time>
      </trkpt>
      <trkpt lat="45.699130" lon="7.302820">
        <ele>1385.80</ele>
        <time>2026-04-14T16:58:00Z</time>
      </trkpt>
      <trkpt lat="45.699110" lon="7.302820">
        <ele>1386.60</ele>
        <time>2026-04-14T16:58:10Z</time>
      </trkpt>
      <trkpt lat="45.699100" lon="7.302820">
        <ele>1387.00</ele>
        <time>2026-04-14T16:58:20Z</time>
      </trkpt>
      <trkpt lat="45.699090" lon="7.302830">
        <ele>1387.50</ele>
        <time>2026-04-14T16:58:30Z</time>
      </trkpt>
      <trkpt lat="45.699090" lon="7.302840">
        <ele>1387.60</ele>
        <time>2026-04-14T16:58:40Z</time>
      </trkpt>
      <trkpt lat="45.699080" lon="7.302840">
        <ele>1387.90</ele>
        <time>2026-04-14T16:58:50Z</time>
      </trkpt>
      <trkpt lat="45.699080" lon="7.302860">
        <ele>1388.20</ele>
        <time>2026-04-14T16:59:00Z</time>
      </trkpt>
      <trkpt lat="45.699070" lon="7.302890">
        <ele>1388.90</ele>
        <time>2026-04-14T16:59:10Z</time>
      </trkpt>
      <trkpt lat="45.699070" lon="7.302900">
        <ele>1389.00</ele>
        <time>2026-04-14T16:59:20Z</time>
      </trkpt>
      <trkpt lat="45.699070" lon="7.302960">
        <ele>1389.70</ele>
        <time>2026-04-14T16:59:30Z</time>
      </trkpt>
      <trkpt lat="45.699090" lon="7.303080">
        <ele>1390.30</ele>
        <time>2026-04-14T16:59:40Z</time>
      </trkpt>
      <trkpt lat="45.699090" lon="7.303110">
        <ele>1390.70</ele>
        <time>2026-04-14T16:59:50Z</time>
      </trkpt>
      <trkpt lat="45.699100" lon="7.303130">
        <ele>1390.50</ele>
        <time>2026-04-14T17:00:00Z</time>
      </trkpt>
      <trkpt lat="45.699120" lon="7.303330">
        <ele>1391.90</ele>
        <time>2026-04-14T17:00:10Z</time>
      </trkpt>
      <trkpt lat="45.699130" lon="7.303360">
        <ele>1391.80</ele>
        <time>2026-04-14T17:00:20Z</time>
      </trkpt>
      <trkpt lat="45.699130" lon="7.303380">
        <ele>1392.00</ele>
        <time>2026-04-14T17:00:30Z</time>
      </trkpt>
      <trkpt lat="45.699140" lon="7.303570">
        <ele>1393.40</ele>
        <time>2026-04-14T17:00:40Z</time>
      </trkpt>
      <trkpt lat="45.699150" lon="7.303590">
        <ele>1393.20</ele>
        <time>2026-04-14T17:00:50Z</time>
      </trkpt>
      <trkpt lat="45.699150" lon="7.303620">
        <ele>1393.50</ele>
        <time>2026-04-14T17:01:00Z</time>
      </trkpt>
      <trkpt lat="45.699160" lon="7.303880">
        <ele>1395.60</ele>
        <time>2026-04-14T17:01:10Z</time>
      </trkpt>
      <trkpt lat="45.699180" lon="7.304060">
        <ele>1396.40</ele>
        <time>2026-04-14T17:01:20Z</time>
      </trkpt>
      <trkpt lat="45.699200" lon="7.304360">
        <ele>1398.10</ele>
        <time>2026-04-14T17:01:30Z</time>
      </trkpt>
      <trkpt lat="45.699200" lon="7.304390">
        <ele>1398.40</ele>
        <time>2026-04-14T17:01:40Z</time>
      </trkpt>
      <trkpt lat="45.699210" lon="7.304520">
        <ele>1399.10</ele>
        <time>2026-04-14T17:01:50Z</time>
      </trkpt>
      <trkpt lat="45.699220" lon="7.304610">
        <ele>1399.40</ele>
        <time>2026-04-14T17:02:00Z</time>
      </trkpt>
      <trkpt lat="45.699220" lon="7.304640">
        <ele>1399.70</ele>
        <time>2026-04-14T17:02:10Z</time>
      </trkpt>
      <trkpt lat="45.699220" lon="7.304870">
        <ele>1401.60</ele>
        <time>2026-04-14T17:02:20Z</time>
      </trkpt>
      <trkpt lat="45.699230" lon="7.304970">
        <ele>1402.10</ele>
        <time>2026-04-14T17:02:30Z</time>
      </trkpt>
      <trkpt lat="45.699250" lon="7.305190">
        <ele>1405.80</ele>
        <time>2026-04-14T17:02:40Z</time>
      </trkpt>
      <trkpt lat="45.699270" lon="7.305320">
        <ele>1407.90</ele>
        <time>2026-04-14T17:02:50Z</time>
      </trkpt>
      <trkpt lat="45.699290" lon="7.305400">
        <ele>1408.80</ele>
        <time>2026-04-14T17:03:00Z</time>
      </trkpt>
      <trkpt lat="45.699300" lon="7.305430">
        <ele>1409.00</ele>
        <time>2026-04-14T17:03:10Z</time>
      </trkpt>
      <trkpt lat="45.699310" lon="7.305460">
        <ele>1409.30</ele>
        <time>2026-04-14T17:03:20Z</time>
      </trkpt>
      <trkpt lat="45.699400" lon="7.305630">
        <ele>1409.10</ele>
        <time>2026-04-14T17:03:30Z</time>
      </trkpt>
      <trkpt lat="45.699560" lon="7.305920">
        <ele>1408.20</ele>
        <time>2026-04-14T17:03:40Z</time>
      </trkpt>
      <trkpt lat="45.699620" lon="7.306010">
        <ele>1407.40</ele>
        <time>2026-04-14T17:03:50Z</time>
      </trkpt>
      <trkpt lat="45.699650" lon="7.306060">
        <ele>1407.20</ele>
        <time>2026-04-14T17:04:00Z</time>
      </trkpt>
      <trkpt lat="45.699720" lon="7.306180">
        <ele>1406.80</ele>
        <time>2026-04-14T17:04:10Z</time>
      </trkpt>
      <trkpt lat="45.699720" lon="7.306190">
        <ele>1407.00</ele>
        <time>2026-04-14T17:04:20Z</time>
      </trkpt>
      <trkpt lat="45.699740" lon="7.306210">
        <ele>1406.60</ele>
        <time>2026-04-14T17:04:30Z</time>
      </trkpt>
      <trkpt lat="45.699810" lon="7.306350">
        <ele>1406.80</ele>
        <time>2026-04-14T17:04:40Z</time>
      </trkpt>
      <trkpt lat="45.699830" lon="7.306390">
        <ele>1407.00</ele>
        <time>2026-04-14T17:04:50Z</time>
      </trkpt>
      <trkpt lat="45.699850" lon="7.306420">
        <ele>1406.90</ele>
        <time>2026-04-14T17:05:00Z</time>
      </trkpt>
      <trkpt lat="45.699870" lon="7.306460">
        <ele>1407.00</ele>
        <time>2026-04-14T17:05:10Z</time>
      </trkpt>
      <trkpt lat="45.699930" lon="7.306610">
        <ele>1408.20</ele>
        <time>2026-04-14T17:05:20Z</time>
      </trkpt>
      <trkpt lat="45.700190" lon="7.307290">
        <ele>1411.10</ele>
        <time>2026-04-14T17:05:30Z</time>
      </trkpt>
      <trkpt lat="45.700200" lon="7.307310">
        <ele>1411.10</ele>
        <time>2026-04-14T17:05:40Z</time>
      </trkpt>
      <trkpt lat="45.700280" lon="7.307540">
        <ele>1411.90</ele>
        <time>2026-04-14T17:05:50Z</time>
      </trkpt>
      <trkpt lat="45.700390" lon="7.307830">
        <ele>1412.30</ele>
        <time>2026-04-14T17:06:00Z</time>
      </trkpt>
      <trkpt lat="45.700440" lon="7.307970">
        <ele>1412.80</ele>
        <time>2026-04-14T17:06:10Z</time>
      </trkpt>
      <trkpt lat="45.700460" lon="7.308021">
        <ele>1412.64</ele>
        <time>2026-04-14T17:06:19Z</time>
      </trkpt>
      <trkpt lat="45.700490" lon="7.308100">
        <ele>1413.20</ele>
        <time>2026-04-14T17:06:20Z</time>
      </trkpt>
      <trkpt lat="45.700550" lon="7.308270">
        <ele>1414.00</ele>
        <time>2026-04-14T17:06:30Z</time>
      </trkpt>
      <trkpt lat="45.700640" lon="7.308440">
        <ele>1413.60</ele>
        <time>2026-04-14T17:06:40Z</time>
      </trkpt>
      <trkpt lat="45.700660" lon="7.308490">
        <ele>1413.60</ele>
        <time>2026-04-14T17:06:50Z</time>
      </trkpt>
      <trkpt lat="45.700670" lon="7.308500">
        <ele>1413.40</ele>
        <time>2026-04-14T17:07:00Z</time>
      </trkpt>
      <trkpt lat="45.700730" lon="7.308610">
        <ele>1412.80</ele>
        <time>2026-04-14T17:07:10Z</time>
      </trkpt>
      <trkpt lat="45.700760" lon="7.308660">
        <ele>1412.40</ele>
        <time>2026-04-14T17:07:20Z</time>
      </trkpt>
      <trkpt lat="45.700770" lon="7.308690">
        <ele>1412.50</ele>
        <time>2026-04-14T17:07:30Z</time>
      </trkpt>
      <trkpt lat="45.700780" lon="7.308700">
        <ele>1412.30</ele>
        <time>2026-04-14T17:07:40Z</time>
      </trkpt>
      <trkpt lat="45.700790" lon="7.308760">
        <ele>1412.80</ele>
        <time>2026-04-14T17:07:50Z</time>
      </trkpt>
      <trkpt lat="45.700800" lon="7.308800">
        <ele>1413.00</ele>
        <time>2026-04-14T17:08:00Z</time>
      </trkpt>
      <trkpt lat="45.700800" lon="7.308850">
        <ele>1413.70</ele>
        <time>2026-04-14T17:08:10Z</time>
      </trkpt>
      <trkpt lat="45.700780" lon="7.308850">
        <ele>1414.40</ele>
        <time>2026-04-14T17:08:30Z</time>
      </trkpt>
      <trkpt lat="45.700760" lon="7.308850">
        <ele>1415.20</ele>
        <time>2026-04-14T17:08:40Z</time>
      </trkpt>
      <trkpt lat="45.700740" lon="7.308840">
        <ele>1415.80</ele>
        <time>2026-04-14T17:08:50Z</time>
      </trkpt>
      <trkpt lat="45.700720" lon="7.308820">
        <ele>1416.20</ele>
        <time>2026-04-14T17:09:00Z</time>
      </trkpt>
      <trkpt lat="45.700580" lon="7.308600">
        <ele>1418.20</ele>
        <time>2026-04-14T17:09:10Z</time>
      </trkpt>
      <trkpt lat="45.700460" lon="7.308410">
        <ele>1419.60</ele>
        <time>2026-04-14T17:09:20Z</time>
      </trkpt>
      <trkpt lat="45.700220" lon="7.308020">
        <ele>1422.10</ele>
        <time>2026-04-14T17:09:30Z</time>
      </trkpt>
      <trkpt lat="45.700190" lon="7.307970">
        <ele>1422.40</ele>
        <time>2026-04-14T17:09:40Z</time>
      </trkpt>
      <trkpt lat="45.700130" lon="7.307890">
        <ele>1423.50</ele>
        <time>2026-04-14T17:09:50Z</time>
      </trkpt>
      <trkpt lat="45.700020" lon="7.307760">
        <ele>1425.90</ele>
        <time>2026-04-14T17:10:00Z</time>
      </trkpt>
      <trkpt lat="45.699940" lon="7.307680">
        <ele>1427.70</ele>
        <time>2026-04-14T17:10:10Z</time>
      </trkpt>
      <trkpt lat="45.699790" lon="7.307520">
        <ele>1430.80</ele>
        <time>2026-04-14T17:10:20Z</time>
      </trkpt>
      <trkpt lat="45.699791" lon="7.307523">
        <ele>1430.80</ele>
        <time>2026-04-14T17:10:30Z</time>
      </trkpt>
      <trkpt lat="45.699400" lon="7.307110">
        <ele>1437.10</ele>
        <time>2026-04-14T17:10:40Z</time>
      </trkpt>
      <trkpt lat="45.699220" lon="7.306930">
        <ele>1440.10</ele>
        <time>2026-04-14T17:10:50Z</time>
      </trkpt>
      <trkpt lat="45.699020" lon="7.306720">
        <ele>1443.20</ele>
        <time>2026-04-14T17:11:00Z</time>
      </trkpt>
      <trkpt lat="45.698930" lon="7.306620">
        <ele>1444.70</ele>
        <time>2026-04-14T17:11:10Z</time>
      </trkpt>
      <trkpt lat="45.698800" lon="7.306450">
        <ele>1446.40</ele>
        <time>2026-04-14T17:11:20Z</time>
      </trkpt>
      <trkpt lat="45.698760" lon="7.306400">
        <ele>1446.90</ele>
        <time>2026-04-14T17:11:30Z</time>
      </trkpt>
      <trkpt lat="45.698670" lon="7.306300">
        <ele>1448.10</ele>
        <time>2026-04-14T17:11:40Z</time>
      </trkpt>
      <trkpt lat="45.698520" lon="7.306150">
        <ele>1450.30</ele>
        <time>2026-04-14T17:11:50Z</time>
      </trkpt>
      <trkpt lat="45.698510" lon="7.306140">
        <ele>1450.40</ele>
        <time>2026-04-14T17:12:00Z</time>
      </trkpt>
      <trkpt lat="45.698450" lon="7.306080">
        <ele>1451.20</ele>
        <time>2026-04-14T17:12:10Z</time>
      </trkpt>
      <trkpt lat="45.698320" lon="7.305960">
        <ele>1453.20</ele>
        <time>2026-04-14T17:12:20Z</time>
      </trkpt>
      <trkpt lat="45.698250" lon="7.305880">
        <ele>1454.70</ele>
        <time>2026-04-14T17:12:30Z</time>
      </trkpt>
      <trkpt lat="45.698200" lon="7.305800">
        <ele>1455.90</ele>
        <time>2026-04-14T17:12:40Z</time>
      </trkpt>
      <trkpt lat="45.698130" lon="7.305660">
        <ele>1458.10</ele>
        <time>2026-04-14T17:12:50Z</time>
      </trkpt>
      <trkpt lat="45.698070" lon="7.305500">
        <ele>1459.50</ele>
        <time>2026-04-14T17:13:00Z</time>
      </trkpt>
      <trkpt lat="45.698020" lon="7.305360">
        <ele>1460.40</ele>
        <time>2026-04-14T17:13:10Z</time>
      </trkpt>
      <trkpt lat="45.697990" lon="7.305260">
        <ele>1460.80</ele>
        <time>2026-04-14T17:13:20Z</time>
      </trkpt>
      <trkpt lat="45.697990" lon="7.305200">
        <ele>1460.20</ele>
        <time>2026-04-14T17:13:30Z</time>
      </trkpt>
      <trkpt lat="45.697980" lon="7.305160">
        <ele>1460.30</ele>
        <time>2026-04-14T17:13:40Z</time>
      </trkpt>
      <trkpt lat="45.697970" lon="7.305000">
        <ele>1459.20</ele>
        <time>2026-04-14T17:13:50Z</time>
      </trkpt>
      <trkpt lat="45.697960" lon="7.304940">
        <ele>1459.10</ele>
        <time>2026-04-14T17:14:00Z</time>
      </trkpt>
      <trkpt lat="45.697940" lon="7.304810">
        <ele>1458.80</ele>
        <time>2026-04-14T17:14:10Z</time>
      </trkpt>
      <trkpt lat="45.697920" lon="7.304730">
        <ele>1458.90</ele>
        <time>2026-04-14T17:14:20Z</time>
      </trkpt>
      <trkpt lat="45.697910" lon="7.304700">
        <ele>1459.10</ele>
        <time>2026-04-14T17:14:30Z</time>
      </trkpt>
      <trkpt lat="45.697880" lon="7.304630">
        <ele>1459.60</ele>
        <time>2026-04-14T17:14:40Z</time>
      </trkpt>
      <trkpt lat="45.697810" lon="7.304480">
        <ele>1461.20</ele>
        <time>2026-04-14T17:14:50Z</time>
      </trkpt>
      <trkpt lat="45.697690" lon="7.304280">
        <ele>1464.40</ele>
        <time>2026-04-14T17:15:00Z</time>
      </trkpt>
      <trkpt lat="45.697510" lon="7.303960">
        <ele>1468.10</ele>
        <time>2026-04-14T17:15:10Z</time>
      </trkpt>
      <trkpt lat="45.697400" lon="7.303790">
        <ele>1470.20</ele>
        <time>2026-04-14T17:15:20Z</time>
      </trkpt>
      <trkpt lat="45.697240" lon="7.303490">
        <ele>1471.80</ele>
        <time>2026-04-14T17:15:30Z</time>
      </trkpt>
      <trkpt lat="45.697210" lon="7.303430">
        <ele>1471.90</ele>
        <time>2026-04-14T17:15:40Z</time>
      </trkpt>
      <trkpt lat="45.697150" lon="7.303320">
        <ele>1472.20</ele>
        <time>2026-04-14T17:15:50Z</time>
      </trkpt>
      <trkpt lat="45.697130" lon="7.303290">
        <ele>1472.40</ele>
        <time>2026-04-14T17:16:00Z</time>
      </trkpt>
      <trkpt lat="45.697030" lon="7.303100">
        <ele>1473.00</ele>
        <time>2026-04-14T17:16:10Z</time>
      </trkpt>
      <trkpt lat="45.696970" lon="7.303000">
        <ele>1473.60</ele>
        <time>2026-04-14T17:16:20Z</time>
      </trkpt>
      <trkpt lat="45.696940" lon="7.302950">
        <ele>1473.90</ele>
        <time>2026-04-14T17:16:30Z</time>
      </trkpt>
      <trkpt lat="45.696890" lon="7.302880">
        <ele>1474.60</ele>
        <time>2026-04-14T17:16:40Z</time>
      </trkpt>
      <trkpt lat="45.696740" lon="7.302680">
        <ele>1476.90</ele>
        <time>2026-04-14T17:16:50Z</time>
      </trkpt>
      <trkpt lat="45.696720" lon="7.302660">
        <ele>1477.30</ele>
        <time>2026-04-14T17:17:00Z</time>
      </trkpt>
      <trkpt lat="45.696680" lon="7.302610">
        <ele>1478.00</ele>
        <time>2026-04-14T17:17:10Z</time>
      </trkpt>
      <trkpt lat="45.696590" lon="7.302520">
        <ele>1478.90</ele>
        <time>2026-04-14T17:17:20Z</time>
      </trkpt>
      <trkpt lat="45.696450" lon="7.302370">
        <ele>1479.30</ele>
        <time>2026-04-14T17:17:30Z</time>
      </trkpt>
      <trkpt lat="45.696430" lon="7.302340">
        <ele>1479.20</ele>
        <time>2026-04-14T17:17:40Z</time>
      </trkpt>
      <trkpt lat="45.696270" lon="7.302150">
        <ele>1478.50</ele>
        <time>2026-04-14T17:17:50Z</time>
      </trkpt>
      <trkpt lat="45.696210" lon="7.302110">
        <ele>1478.70</ele>
        <time>2026-04-14T17:18:00Z</time>
      </trkpt>
      <trkpt lat="45.696130" lon="7.302070">
        <ele>1479.20</ele>
        <time>2026-04-14T17:18:10Z</time>
      </trkpt>
      <trkpt lat="45.696120" lon="7.302060">
        <ele>1479.20</ele>
        <time>2026-04-14T17:18:20Z</time>
      </trkpt>
      <trkpt lat="45.696110" lon="7.302060">
        <ele>1479.30</ele>
        <time>2026-04-14T17:18:30Z</time>
      </trkpt>
      <trkpt lat="45.696060" lon="7.302040">
        <ele>1479.70</ele>
        <time>2026-04-14T17:18:40Z</time>
      </trkpt>
      <trkpt lat="45.695910" lon="7.302030">
        <ele>1481.90</ele>
        <time>2026-04-14T17:18:50Z</time>
      </trkpt>
      <trkpt lat="45.695760" lon="7.302020">
        <ele>1484.30</ele>
        <time>2026-04-14T17:19:00Z</time>
      </trkpt>
      <trkpt lat="45.695590" lon="7.302020">
        <ele>1487.40</ele>
        <time>2026-04-14T17:19:10Z</time>
      </trkpt>
      <trkpt lat="45.695260" lon="7.302000">
        <ele>1493.00</ele>
        <time>2026-04-14T17:19:20Z</time>
      </trkpt>
      <trkpt lat="45.695220" lon="7.302000">
        <ele>1493.70</ele>
        <time>2026-04-14T17:19:30Z</time>
      </trkpt>
      <trkpt lat="45.695140" lon="7.301990">
        <ele>1495.00</ele>
        <time>2026-04-14T17:19:40Z</time>
      </trkpt>
      <trkpt lat="45.694990" lon="7.301990">
        <ele>1497.70</ele>
        <time>2026-04-14T17:19:50Z</time>
      </trkpt>
      <trkpt lat="45.694960" lon="7.301990">
        <ele>1498.20</ele>
        <time>2026-04-14T17:20:00Z</time>
      </trkpt>
      <trkpt lat="45.694870" lon="7.301990">
        <ele>1499.60</ele>
        <time>2026-04-14T17:20:10Z</time>
      </trkpt>
      <trkpt lat="45.694780" lon="7.301980">
        <ele>1500.80</ele>
        <time>2026-04-14T17:20:20Z</time>
      </trkpt>
      <trkpt lat="45.694650" lon="7.301973">
        <ele>1498.99</ele>
        <time>2026-04-14T17:20:29Z</time>
      </trkpt>
      <trkpt lat="45.694600" lon="7.301970">
        <ele>1503.30</ele>
        <time>2026-04-14T17:20:30Z</time>
      </trkpt>
      <trkpt lat="45.694560" lon="7.301970">
        <ele>1504.00</ele>
        <time>2026-04-14T17:20:40Z</time>
      </trkpt>
      <trkpt lat="45.694500" lon="7.301940">
        <ele>1504.00</ele>
        <time>2026-04-14T17:20:50Z</time>
      </trkpt>
      <trkpt lat="45.694380" lon="7.301900">
        <ele>1504.60</ele>
        <time>2026-04-14T17:21:00Z</time>
      </trkpt>
      <trkpt lat="45.694280" lon="7.301850">
        <ele>1504.50</ele>
        <time>2026-04-14T17:21:10Z</time>
      </trkpt>
      <trkpt lat="45.694080" lon="7.301770">
        <ele>1504.60</ele>
        <time>2026-04-14T17:21:20Z</time>
      </trkpt>
      <trkpt lat="45.693980" lon="7.301730">
        <ele>1504.60</ele>
        <time>2026-04-14T17:21:30Z</time>
      </trkpt>
      <trkpt lat="45.693810" lon="7.301660">
        <ele>1504.50</ele>
        <time>2026-04-14T17:21:40Z</time>
      </trkpt>
      <trkpt lat="45.693730" lon="7.301630">
        <ele>1504.70</ele>
        <time>2026-04-14T17:21:50Z</time>
      </trkpt>
      <trkpt lat="45.693570" lon="7.301580">
        <ele>1505.30</ele>
        <time>2026-04-14T17:22:00Z</time>
      </trkpt>
      <trkpt lat="45.693530" lon="7.301570">
        <ele>1505.50</ele>
        <time>2026-04-14T17:22:10Z</time>
      </trkpt>
      <trkpt lat="45.693380" lon="7.301540">
        <ele>1506.30</ele>
        <time>2026-04-14T17:22:20Z</time>
      </trkpt>
      <trkpt lat="45.693310" lon="7.301520">
        <ele>1506.40</ele>
        <time>2026-04-14T17:22:30Z</time>
      </trkpt>
      <trkpt lat="45.693240" lon="7.301520">
        <ele>1506.70</ele>
        <time>2026-04-14T17:22:40Z</time>
      </trkpt>
      <trkpt lat="45.693200" lon="7.301520">
        <ele>1506.90</ele>
        <time>2026-04-14T17:22:50Z</time>
      </trkpt>
      <trkpt lat="45.693170" lon="7.301520">
        <ele>1507.00</ele>
        <time>2026-04-14T17:23:00Z</time>
      </trkpt>
      <trkpt lat="45.693120" lon="7.301530">
        <ele>1507.60</ele>
        <time>2026-04-14T17:23:10Z</time>
      </trkpt>
      <trkpt lat="45.693090" lon="7.301540">
        <ele>1508.00</ele>
        <time>2026-04-14T17:23:20Z</time>
      </trkpt>
      <trkpt lat="45.692960" lon="7.301610">
        <ele>1510.90</ele>
        <time>2026-04-14T17:23:30Z</time>
      </trkpt>
      <trkpt lat="45.692950" lon="7.301610">
        <ele>1511.00</ele>
        <time>2026-04-14T17:23:40Z</time>
      </trkpt>
      <trkpt lat="45.692780" lon="7.301700">
        <ele>1514.80</ele>
        <time>2026-04-14T17:23:50Z</time>
      </trkpt>
      <trkpt lat="45.692610" lon="7.301790">
        <ele>1518.40</ele>
        <time>2026-04-14T17:24:00Z</time>
      </trkpt>
      <trkpt lat="45.692440" lon="7.301870">
        <ele>1522.10</ele>
        <time>2026-04-14T17:24:10Z</time>
      </trkpt>
      <trkpt lat="45.692360" lon="7.301910">
        <ele>1524.50</ele>
        <time>2026-04-14T17:24:20Z</time>
      </trkpt>
      <trkpt lat="45.692170" lon="7.302000">
        <ele>1530.10</ele>
        <time>2026-04-14T17:24:30Z</time>
      </trkpt>
      <trkpt lat="45.692140" lon="7.302010">
        <ele>1530.80</ele>
        <time>2026-04-14T17:24:40Z</time>
      </trkpt>
      <trkpt lat="45.692100" lon="7.302030">
        <ele>1532.10</ele>
        <time>2026-04-14T17:24:50Z</time>
      </trkpt>
      <trkpt lat="45.692030" lon="7.302040">
        <ele>1533.50</ele>
        <time>2026-04-14T17:25:00Z</time>
      </trkpt>
      <trkpt lat="45.692000" lon="7.302040">
        <ele>1533.90</ele>
        <time>2026-04-14T17:25:10Z</time>
      </trkpt>
      <trkpt lat="45.691960" lon="7.302030">
        <ele>1534.10</ele>
        <time>2026-04-14T17:25:20Z</time>
      </trkpt>
      <trkpt lat="45.691920" lon="7.302020">
        <ele>1534.40</ele>
        <time>2026-04-14T17:25:30Z</time>
      </trkpt>
      <trkpt lat="45.691880" lon="7.302000">
        <ele>1534.20</ele>
        <time>2026-04-14T17:25:40Z</time>
      </trkpt>
      <trkpt lat="45.691800" lon="7.301960">
        <ele>1533.80</ele>
        <time>2026-04-14T17:25:50Z</time>
      </trkpt>
      <trkpt lat="45.691760" lon="7.301910">
        <ele>1532.40</ele>
        <time>2026-04-14T17:26:00Z</time>
      </trkpt>
      <trkpt lat="45.691730" lon="7.301890">
        <ele>1532.00</ele>
        <time>2026-04-14T17:26:10Z</time>
      </trkpt>
      <trkpt lat="45.691350" lon="7.301500">
        <ele>1531.60</ele>
        <time>2026-04-14T17:26:20Z</time>
      </trkpt>
      <trkpt lat="45.691280" lon="7.301460">
        <ele>1532.90</ele>
        <time>2026-04-14T17:26:30Z</time>
      </trkpt>
      <trkpt lat="45.691270" lon="7.301450">
        <ele>1532.90</ele>
        <time>2026-04-14T17:26:40Z</time>
      </trkpt>
      <trkpt lat="45.691250" lon="7.301450">
        <ele>1533.70</ele>
        <time>2026-04-14T17:26:50Z</time>
      </trkpt>
      <trkpt lat="45.691240" lon="7.301450">
        <ele>1534.10</ele>
        <time>2026-04-14T17:27:00Z</time>
      </trkpt>
      <trkpt lat="45.691220" lon="7.301460">
        <ele>1535.30</ele>
        <time>2026-04-14T17:27:10Z</time>
      </trkpt>
      <trkpt lat="45.691200" lon="7.301470">
        <ele>1536.50</ele>
        <time>2026-04-14T17:27:20Z</time>
      </trkpt>
      <trkpt lat="45.691180" lon="7.301480">
        <ele>1537.70</ele>
        <time>2026-04-14T17:27:30Z</time>
      </trkpt>
      <trkpt lat="45.691170" lon="7.301490">
        <ele>1538.50</ele>
        <time>2026-04-14T17:27:40Z</time>
      </trkpt>
      <trkpt lat="45.691150" lon="7.301530">
        <ele>1541.10</ele>
        <time>2026-04-14T17:27:50Z</time>
      </trkpt>
      <trkpt lat="45.691140" lon="7.301560">
        <ele>1542.80</ele>
        <time>2026-04-14T17:28:00Z</time>
      </trkpt>
      <trkpt lat="45.691130" lon="7.301590">
        <ele>1544.50</ele>
        <time>2026-04-14T17:28:10Z</time>
      </trkpt>
      <trkpt lat="45.691130" lon="7.301620">
        <ele>1545.80</ele>
        <time>2026-04-14T17:28:20Z</time>
      </trkpt>
      <trkpt lat="45.691130" lon="7.301630">
        <ele>1546.20</ele>
        <time>2026-04-14T17:28:30Z</time>
      </trkpt>
      <trkpt lat="45.691130" lon="7.301640">
        <ele>1546.70</ele>
        <time>2026-04-14T17:28:40Z</time>
      </trkpt>
      <trkpt lat="45.691130" lon="7.301660">
        <ele>1547.50</ele>
        <time>2026-04-14T17:28:50Z</time>
      </trkpt>
      <trkpt lat="45.691140" lon="7.301680">
        <ele>1548.00</ele>
        <time>2026-04-14T17:29:00Z</time>
      </trkpt>
      <trkpt lat="45.691150" lon="7.301700">
        <ele>1548.60</ele>
        <time>2026-04-14T17:29:10Z</time>
      </trkpt>
      <trkpt lat="45.691160" lon="7.301710">
        <ele>1548.60</ele>
        <time>2026-04-14T17:29:20Z</time>
      </trkpt>
      <trkpt lat="45.691190" lon="7.301740">
        <ele>1548.70</ele>
        <time>2026-04-14T17:29:30Z</time>
      </trkpt>
      <trkpt lat="45.691270" lon="7.301810">
        <ele>1548.40</ele>
        <time>2026-04-14T17:29:40Z</time>
      </trkpt>
      <trkpt lat="45.691340" lon="7.301870">
        <ele>1547.80</ele>
        <time>2026-04-14T17:29:50Z</time>
      </trkpt>
      <trkpt lat="45.691530" lon="7.302040">
        <ele>1545.80</ele>
        <time>2026-04-14T17:30:00Z</time>
      </trkpt>
      <trkpt lat="45.691910" lon="7.302330">
        <ele>1546.00</ele>
        <time>2026-04-14T17:30:10Z</time>
      </trkpt>
      <trkpt lat="45.691920" lon="7.302340">
        <ele>1546.20</ele>
        <time>2026-04-14T17:30:20Z</time>
      </trkpt>
      <trkpt lat="45.692020" lon="7.302390">
        <ele>1546.30</ele>
        <time>2026-04-14T17:30:30Z</time>
      </trkpt>
      <trkpt lat="45.692120" lon="7.302410">
        <ele>1545.10</ele>
        <time>2026-04-14T17:30:40Z</time>
      </trkpt>
      <trkpt lat="45.692150" lon="7.302400">
        <ele>1544.20</ele>
        <time>2026-04-14T17:30:50Z</time>
      </trkpt>
      <trkpt lat="45.692200" lon="7.302400">
        <ele>1543.30</ele>
        <time>2026-04-14T17:31:00Z</time>
      </trkpt>
      <trkpt lat="45.692230" lon="7.302390">
        <ele>1542.50</ele>
        <time>2026-04-14T17:31:10Z</time>
      </trkpt>
      <trkpt lat="45.692330" lon="7.302360">
        <ele>1539.70</ele>
        <time>2026-04-14T17:31:20Z</time>
      </trkpt>
      <trkpt lat="45.692440" lon="7.302330">
        <ele>1536.70</ele>
        <time>2026-04-14T17:31:30Z</time>
      </trkpt>
      <trkpt lat="45.692500" lon="7.302310">
        <ele>1535.10</ele>
        <time>2026-04-14T17:31:40Z</time>
      </trkpt>
      <trkpt lat="45.692680" lon="7.302240">
        <ele>1532.60</ele>
        <time>2026-04-14T17:31:50Z</time>
      </trkpt>
      <trkpt lat="45.692770" lon="7.302240">
        <ele>1532.50</ele>
        <time>2026-04-14T17:32:00Z</time>
      </trkpt>
      <trkpt lat="45.692800" lon="7.302260">
        <ele>1533.10</ele>
        <time>2026-04-14T17:32:10Z</time>
      </trkpt>
      <trkpt lat="45.692820" lon="7.302270">
        <ele>1533.40</ele>
        <time>2026-04-14T17:32:20Z</time>
      </trkpt>
      <trkpt lat="45.692880" lon="7.302300">
        <ele>1534.30</ele>
        <time>2026-04-14T17:32:30Z</time>
      </trkpt>
      <trkpt lat="45.692930" lon="7.302350">
        <ele>1536.00</ele>
        <time>2026-04-14T17:32:40Z</time>
      </trkpt>
      <trkpt lat="45.692960" lon="7.302370">
        <ele>1536.60</ele>
        <time>2026-04-14T17:32:50Z</time>
      </trkpt>
      <trkpt lat="45.693020" lon="7.302440">
        <ele>1539.00</ele>
        <time>2026-04-14T17:33:00Z</time>
      </trkpt>
      <trkpt lat="45.693030" lon="7.302460">
        <ele>1539.60</ele>
        <time>2026-04-14T17:33:10Z</time>
      </trkpt>
      <trkpt lat="45.693100" lon="7.302530">
        <ele>1542.00</ele>
        <time>2026-04-14T17:33:20Z</time>
      </trkpt>
      <trkpt lat="45.693140" lon="7.302570">
        <ele>1543.20</ele>
        <time>2026-04-14T17:33:30Z</time>
      </trkpt>
      <trkpt lat="45.693240" lon="7.302680">
        <ele>1546.40</ele>
        <time>2026-04-14T17:33:40Z</time>
      </trkpt>
      <trkpt lat="45.693400" lon="7.302830">
        <ele>1548.80</ele>
        <time>2026-04-14T17:33:50Z</time>
      </trkpt>
      <trkpt lat="45.693440" lon="7.302880">
        <ele>1549.50</ele>
        <time>2026-04-14T17:34:10Z</time>
      </trkpt>
      <trkpt lat="45.693460" lon="7.302900">
        <ele>1549.80</ele>
        <time>2026-04-14T17:34:20Z</time>
      </trkpt>
      <trkpt lat="45.693550" lon="7.303010">
        <ele>1551.30</ele>
        <time>2026-04-14T17:34:30Z</time>
      </trkpt>
      <trkpt lat="45.693580" lon="7.303040">
        <ele>1551.80</ele>
        <time>2026-04-14T17:34:40Z</time>
      </trkpt>
      <trkpt lat="45.693730" lon="7.303200">
        <ele>1554.20</ele>
        <time>2026-04-14T17:34:50Z</time>
      </trkpt>
      <trkpt lat="45.693870" lon="7.303350">
        <ele>1556.50</ele>
        <time>2026-04-14T17:35:00Z</time>
      </trkpt>
      <trkpt lat="45.693900" lon="7.303380">
        <ele>1556.90</ele>
        <time>2026-04-14T17:35:10Z</time>
      </trkpt>
      <trkpt lat="45.693970" lon="7.303460">
        <ele>1558.10</ele>
        <time>2026-04-14T17:35:20Z</time>
      </trkpt>
      <trkpt lat="45.694010" lon="7.303510">
        <ele>1558.80</ele>
        <time>2026-04-14T17:35:30Z</time>
      </trkpt>
      <trkpt lat="45.694010" lon="7.303520">
        <ele>1558.90</ele>
        <time>2026-04-14T17:35:40Z</time>
      </trkpt>
      <trkpt lat="45.694110" lon="7.303650">
        <ele>1561.10</ele>
        <time>2026-04-14T17:35:50Z</time>
      </trkpt>
      <trkpt lat="45.694140" lon="7.303690">
        <ele>1561.70</ele>
        <time>2026-04-14T17:36:00Z</time>
      </trkpt>
      <trkpt lat="45.694210" lon="7.303780">
        <ele>1562.80</ele>
        <time>2026-04-14T17:36:10Z</time>
      </trkpt>
      <trkpt lat="45.694280" lon="7.303860">
        <ele>1563.50</ele>
        <time>2026-04-14T17:36:20Z</time>
      </trkpt>
      <trkpt lat="45.694350" lon="7.303960">
        <ele>1564.70</ele>
        <time>2026-04-14T17:36:30Z</time>
      </trkpt>
      <trkpt lat="45.694410" lon="7.304030">
        <ele>1565.00</ele>
        <time>2026-04-14T17:36:40Z</time>
      </trkpt>
      <trkpt lat="45.694460" lon="7.304090">
        <ele>1565.20</ele>
        <time>2026-04-14T17:36:50Z</time>
      </trkpt>
      <trkpt lat="45.694550" lon="7.304200">
        <ele>1565.60</ele>
        <time>2026-04-14T17:37:00Z</time>
      </trkpt>
      <trkpt lat="45.694620" lon="7.304290">
        <ele>1565.80</ele>
        <time>2026-04-14T17:37:10Z</time>
      </trkpt>
      <trkpt lat="45.694680" lon="7.304370">
        <ele>1565.80</ele>
        <time>2026-04-14T17:37:20Z</time>
      </trkpt>
      <trkpt lat="45.694760" lon="7.304490">
        <ele>1565.80</ele>
        <time>2026-04-14T17:37:30Z</time>
      </trkpt>
      <trkpt lat="45.694830" lon="7.304610">
        <ele>1565.80</ele>
        <time>2026-04-14T17:37:40Z</time>
      </trkpt>
      <trkpt lat="45.694920" lon="7.304760">
        <ele>1565.10</ele>
        <time>2026-04-14T17:37:50Z</time>
      </trkpt>
      <trkpt lat="45.694980" lon="7.304860">
        <ele>1564.30</ele>
        <time>2026-04-14T17:38:00Z</time>
      </trkpt>
      <trkpt lat="45.695030" lon="7.304970">
        <ele>1564.60</ele>
        <time>2026-04-14T17:38:10Z</time>
      </trkpt>
      <trkpt lat="45.695060" lon="7.305040">
        <ele>1565.30</ele>
        <time>2026-04-14T17:38:20Z</time>
      </trkpt>
      <trkpt lat="45.695120" lon="7.305190">
        <ele>1567.20</ele>
        <time>2026-04-14T17:38:30Z</time>
      </trkpt>
      <trkpt lat="45.695214" lon="7.305429">
        <ele>1564.92</ele>
        <time>2026-04-14T17:38:39Z</time>
      </trkpt>
      <trkpt lat="45.695290" lon="7.305620">
        <ele>1571.30</ele>
        <time>2026-04-14T17:38:40Z</time>
      </trkpt>
      <trkpt lat="45.695300" lon="7.305630">
        <ele>1571.10</ele>
        <time>2026-04-14T17:38:50Z</time>
      </trkpt>
      <trkpt lat="45.695320" lon="7.305680">
        <ele>1571.50</ele>
        <time>2026-04-14T17:39:00Z</time>
      </trkpt>
      <trkpt lat="45.695330" lon="7.305710">
        <ele>1571.70</ele>
        <time>2026-04-14T17:39:10Z</time>
      </trkpt>
      <trkpt lat="45.695380" lon="7.305860">
        <ele>1572.80</ele>
        <time>2026-04-14T17:39:20Z</time>
      </trkpt>
      <trkpt lat="45.695420" lon="7.305960">
        <ele>1572.70</ele>
        <time>2026-04-14T17:39:30Z</time>
      </trkpt>
      <trkpt lat="45.695440" lon="7.306020">
        <ele>1572.80</ele>
        <time>2026-04-14T17:39:40Z</time>
      </trkpt>
      <trkpt lat="45.695470" lon="7.306090">
        <ele>1572.80</ele>
        <time>2026-04-14T17:39:50Z</time>
      </trkpt>
      <trkpt lat="45.695530" lon="7.306320">
        <ele>1574.10</ele>
        <time>2026-04-14T17:40:00Z</time>
      </trkpt>
      <trkpt lat="45.695540" lon="7.306430">
        <ele>1575.50</ele>
        <time>2026-04-14T17:40:10Z</time>
      </trkpt>
      <trkpt lat="45.695550" lon="7.306520">
        <ele>1576.60</ele>
        <time>2026-04-14T17:40:20Z</time>
      </trkpt>
      <trkpt lat="45.695540" lon="7.306580">
        <ele>1577.80</ele>
        <time>2026-04-14T17:40:30Z</time>
      </trkpt>
      <trkpt lat="45.695540" lon="7.306640">
        <ele>1578.70</ele>
        <time>2026-04-14T17:40:40Z</time>
      </trkpt>
      <trkpt lat="45.695540" lon="7.306690">
        <ele>1579.40</ele>
        <time>2026-04-14T17:40:50Z</time>
      </trkpt>
      <trkpt lat="45.695530" lon="7.306800">
        <ele>1580.90</ele>
        <time>2026-04-14T17:41:00Z</time>
      </trkpt>
      <trkpt lat="45.695520" lon="7.306890">
        <ele>1582.20</ele>
        <time>2026-04-14T17:41:10Z</time>
      </trkpt>
      <trkpt lat="45.695510" lon="7.306970">
        <ele>1583.30</ele>
        <time>2026-04-14T17:41:20Z</time>
      </trkpt>
      <trkpt lat="45.695500" lon="7.307150">
        <ele>1585.60</ele>
        <time>2026-04-14T17:41:30Z</time>
      </trkpt>
      <trkpt lat="45.695510" lon="7.307400">
        <ele>1588.00</ele>
        <time>2026-04-14T17:41:40Z</time>
      </trkpt>
      <trkpt lat="45.695500" lon="7.307480">
        <ele>1589.20</ele>
        <time>2026-04-14T17:41:50Z</time>
      </trkpt>
      <trkpt lat="45.695520" lon="7.307610">
        <ele>1590.20</ele>
        <time>2026-04-14T17:42:00Z</time>
      </trkpt>
      <trkpt lat="45.695660" lon="7.308060">
        <ele>1590.90</ele>
        <time>2026-04-14T17:42:20Z</time>
      </trkpt>
      <trkpt lat="45.695670" lon="7.308120">
        <ele>1591.20</ele>
        <time>2026-04-14T17:42:30Z</time>
      </trkpt>
      <trkpt lat="45.695680" lon="7.308140">
        <ele>1591.10</ele>
        <time>2026-04-14T17:42:40Z</time>
      </trkpt>
      <trkpt lat="45.695680" lon="7.308170">
        <ele>1591.50</ele>
        <time>2026-04-14T17:42:50Z</time>
      </trkpt>
      <trkpt lat="45.695670" lon="7.308210">
        <ele>1592.40</ele>
        <time>2026-04-14T17:43:00Z</time>
      </trkpt>
      <trkpt lat="45.695660" lon="7.308240">
        <ele>1593.30</ele>
        <time>2026-04-14T17:43:10Z</time>
      </trkpt>
      <trkpt lat="45.695660" lon="7.308260">
        <ele>1593.50</ele>
        <time>2026-04-14T17:43:20Z</time>
      </trkpt>
      <trkpt lat="45.695650" lon="7.308270">
        <ele>1594.10</ele>
        <time>2026-04-14T17:43:30Z</time>
      </trkpt>
      <trkpt lat="45.695640" lon="7.308290">
        <ele>1594.80</ele>
        <time>2026-04-14T17:43:40Z</time>
      </trkpt>
      <trkpt lat="45.695610" lon="7.308300">
        <ele>1596.20</ele>
        <time>2026-04-14T17:43:50Z</time>
      </trkpt>
      <trkpt lat="45.695560" lon="7.308320">
        <ele>1598.60</ele>
        <time>2026-04-14T17:44:00Z</time>
      </trkpt>
      <trkpt lat="45.695540" lon="7.308310">
        <ele>1599.30</ele>
        <time>2026-04-14T17:44:10Z</time>
      </trkpt>
      <trkpt lat="45.695510" lon="7.308310">
        <ele>1600.60</ele>
        <time>2026-04-14T17:44:20Z</time>
      </trkpt>
      <trkpt lat="45.695500" lon="7.308300">
        <ele>1600.90</ele>
        <time>2026-04-14T17:44:30Z</time>
      </trkpt>
      <trkpt lat="45.695480" lon="7.308290">
        <ele>1601.60</ele>
        <time>2026-04-14T17:44:40Z</time>
      </trkpt>
      <trkpt lat="45.695460" lon="7.308270">
        <ele>1602.20</ele>
        <time>2026-04-14T17:44:50Z</time>
      </trkpt>
      <trkpt lat="45.695450" lon="7.308250">
        <ele>1602.30</ele>
        <time>2026-04-14T17:45:00Z</time>
      </trkpt>
      <trkpt lat="45.695440" lon="7.308210">
        <ele>1602.20</ele>
        <time>2026-04-14T17:45:10Z</time>
      </trkpt>
      <trkpt lat="45.695390" lon="7.308030">
        <ele>1601.50</ele>
        <time>2026-04-14T17:45:20Z</time>
      </trkpt>
      <trkpt lat="45.695330" lon="7.307700">
        <ele>1598.80</ele>
        <time>2026-04-14T17:45:30Z</time>
      </trkpt>
      <trkpt lat="45.695280" lon="7.307540">
        <ele>1598.20</ele>
        <time>2026-04-14T17:45:40Z</time>
      </trkpt>
      <trkpt lat="45.695150" lon="7.307190">
        <ele>1598.30</ele>
        <time>2026-04-14T17:45:50Z</time>
      </trkpt>
      <trkpt lat="45.695080" lon="7.307000">
        <ele>1598.10</ele>
        <time>2026-04-14T17:46:00Z</time>
      </trkpt>
      <trkpt lat="45.695010" lon="7.306830">
        <ele>1598.00</ele>
        <time>2026-04-14T17:46:10Z</time>
      </trkpt>
      <trkpt lat="45.694990" lon="7.306770">
        <ele>1597.90</ele>
        <time>2026-04-14T17:46:20Z</time>
      </trkpt>
      <trkpt lat="45.694930" lon="7.306620">
        <ele>1598.20</ele>
        <time>2026-04-14T17:46:30Z</time>
      </trkpt>
      <trkpt lat="45.694900" lon="7.306540">
        <ele>1598.60</ele>
        <time>2026-04-14T17:46:40Z</time>
      </trkpt>
      <trkpt lat="45.694600" lon="7.305590">
        <ele>1599.80</ele>
        <time>2026-04-14T17:46:50Z</time>
      </trkpt>
      <trkpt lat="45.694580" lon="7.305530">
        <ele>1599.40</ele>
        <time>2026-04-14T17:47:00Z</time>
      </trkpt>
      <trkpt lat="45.694570" lon="7.305500">
        <ele>1599.20</ele>
        <time>2026-04-14T17:47:10Z</time>
      </trkpt>
      <trkpt lat="45.694540" lon="7.305470">
        <ele>1600.00</ele>
        <time>2026-04-14T17:47:20Z</time>
      </trkpt>
      <trkpt lat="45.694530" lon="7.305460">
        <ele>1600.30</ele>
        <time>2026-04-14T17:47:30Z</time>
      </trkpt>
      <trkpt lat="45.694520" lon="7.305450">
        <ele>1600.60</ele>
        <time>2026-04-14T17:47:40Z</time>
      </trkpt>
      <trkpt lat="45.694490" lon="7.305450">
        <ele>1602.00</ele>
        <time>2026-04-14T17:47:50Z</time>
      </trkpt>
      <trkpt lat="45.694440" lon="7.305460">
        <ele>1604.60</ele>
        <time>2026-04-14T17:48:00Z</time>
      </trkpt>
      <trkpt lat="45.694420" lon="7.305470">
        <ele>1605.80</ele>
        <time>2026-04-14T17:48:10Z</time>
      </trkpt>
      <trkpt lat="45.694380" lon="7.305530">
        <ele>1609.00</ele>
        <time>2026-04-14T17:48:20Z</time>
      </trkpt>
      <trkpt lat="45.694370" lon="7.305580">
        <ele>1610.50</ele>
        <time>2026-04-14T17:48:30Z</time>
      </trkpt>
      <trkpt lat="45.694360" lon="7.305620">
        <ele>1611.80</ele>
        <time>2026-04-14T17:48:40Z</time>
      </trkpt>
      <trkpt lat="45.694370" lon="7.305660">
        <ele>1612.10</ele>
        <time>2026-04-14T17:48:50Z</time>
      </trkpt>
      <trkpt lat="45.694370" lon="7.305690">
        <ele>1612.80</ele>
        <time>2026-04-14T17:49:00Z</time>
      </trkpt>
      <trkpt lat="45.694390" lon="7.305750">
        <ele>1613.10</ele>
        <time>2026-04-14T17:49:10Z</time>
      </trkpt>
      <trkpt lat="45.694410" lon="7.305800">
        <ele>1613.20</ele>
        <time>2026-04-14T17:49:20Z</time>
      </trkpt>
      <trkpt lat="45.694510" lon="7.306000">
        <ele>1610.40</ele>
        <time>2026-04-14T17:49:30Z</time>
      </trkpt>
      <trkpt lat="45.694520" lon="7.306060">
        <ele>1610.40</ele>
        <time>2026-04-14T17:49:40Z</time>
      </trkpt>
      <trkpt lat="45.694520" lon="7.306070">
        <ele>1610.50</ele>
        <time>2026-04-14T17:49:50Z</time>
      </trkpt>
      <trkpt lat="45.694530" lon="7.306130">
        <ele>1610.40</ele>
        <time>2026-04-14T17:50:00Z</time>
      </trkpt>
      <trkpt lat="45.694540" lon="7.306190">
        <ele>1610.40</ele>
        <time>2026-04-14T17:50:10Z</time>
      </trkpt>
      <trkpt lat="45.694540" lon="7.306230">
        <ele>1610.70</ele>
        <time>2026-04-14T17:50:20Z</time>
      </trkpt>
      <trkpt lat="45.694530" lon="7.306330">
        <ele>1611.80</ele>
        <time>2026-04-14T17:50:30Z</time>
      </trkpt>
      <trkpt lat="45.694510" lon="7.306580">
        <ele>1614.20</ele>
        <time>2026-04-14T17:50:40Z</time>
      </trkpt>
      <trkpt lat="45.694500" lon="7.306740">
        <ele>1615.80</ele>
        <time>2026-04-14T17:50:50Z</time>
      </trkpt>
      <trkpt lat="45.694500" lon="7.306840">
        <ele>1616.70</ele>
        <time>2026-04-14T17:51:00Z</time>
      </trkpt>
      <trkpt lat="45.694500" lon="7.306970">
        <ele>1617.80</ele>
        <time>2026-04-14T17:51:10Z</time>
      </trkpt>
      <trkpt lat="45.694500" lon="7.307100">
        <ele>1618.90</ele>
        <time>2026-04-14T17:51:20Z</time>
      </trkpt>
      <trkpt lat="45.694520" lon="7.307260">
        <ele>1619.70</ele>
        <time>2026-04-14T17:51:30Z</time>
      </trkpt>
      <trkpt lat="45.694550" lon="7.307360">
        <ele>1619.70</ele>
        <time>2026-04-14T17:51:40Z</time>
      </trkpt>
      <trkpt lat="45.694550" lon="7.307370">
        <ele>1619.80</ele>
        <time>2026-04-14T17:51:50Z</time>
      </trkpt>
      <trkpt lat="45.694660" lon="7.307860">
        <ele>1623.70</ele>
        <time>2026-04-14T17:52:00Z</time>
      </trkpt>
      <trkpt lat="45.694720" lon="7.308110">
        <ele>1626.30</ele>
        <time>2026-04-14T17:52:10Z</time>
      </trkpt>
      <trkpt lat="45.694820" lon="7.308600">
        <ele>1630.70</ele>
        <time>2026-04-14T17:52:20Z</time>
      </trkpt>
      <trkpt lat="45.694890" lon="7.308890">
        <ele>1632.50</ele>
        <time>2026-04-14T17:52:30Z</time>
      </trkpt>
      <trkpt lat="45.694910" lon="7.309000">
        <ele>1633.30</ele>
        <time>2026-04-14T17:52:40Z</time>
      </trkpt>
      <trkpt lat="45.694940" lon="7.309190">
        <ele>1634.60</ele>
        <time>2026-04-14T17:52:50Z</time>
      </trkpt>
      <trkpt lat="45.694950" lon="7.309410">
        <ele>1634.70</ele>
        <time>2026-04-14T17:53:00Z</time>
      </trkpt>
      <trkpt lat="45.694950" lon="7.309530">
        <ele>1635.00</ele>
        <time>2026-04-14T17:53:10Z</time>
      </trkpt>
      <trkpt lat="45.694930" lon="7.309680">
        <ele>1635.70</ele>
        <time>2026-04-14T17:53:20Z</time>
      </trkpt>
      <trkpt lat="45.694880" lon="7.309900">
        <ele>1637.00</ele>
        <time>2026-04-14T17:53:30Z</time>
      </trkpt>
      <trkpt lat="45.694860" lon="7.309980">
        <ele>1637.50</ele>
        <time>2026-04-14T17:53:40Z</time>
      </trkpt>
      <trkpt lat="45.694840" lon="7.310030">
        <ele>1637.60</ele>
        <time>2026-04-14T17:53:50Z</time>
      </trkpt>
      <trkpt lat="45.694830" lon="7.310070">
        <ele>1637.50</ele>
        <time>2026-04-14T17:54:00Z</time>
      </trkpt>
      <trkpt lat="45.694820" lon="7.310080">
        <ele>1637.60</ele>
        <time>2026-04-14T17:54:10Z</time>
      </trkpt>
      <trkpt lat="45.694790" lon="7.310120">
        <ele>1637.80</ele>
        <time>2026-04-14T17:54:20Z</time>
      </trkpt>
      <trkpt lat="45.694720" lon="7.310210">
        <ele>1638.40</ele>
        <time>2026-04-14T17:54:30Z</time>
      </trkpt>
      <trkpt lat="45.694680" lon="7.310260">
        <ele>1638.80</ele>
        <time>2026-04-14T17:54:40Z</time>
      </trkpt>
      <trkpt lat="45.694610" lon="7.310360">
        <ele>1639.40</ele>
        <time>2026-04-14T17:54:50Z</time>
      </trkpt>
      <trkpt lat="45.694550" lon="7.310430">
        <ele>1640.00</ele>
        <time>2026-04-14T17:55:00Z</time>
      </trkpt>
      <trkpt lat="45.694480" lon="7.310510">
        <ele>1640.80</ele>
        <time>2026-04-14T17:55:10Z</time>
      </trkpt>
      <trkpt lat="45.694370" lon="7.310620">
        <ele>1642.30</ele>
        <time>2026-04-14T17:55:20Z</time>
      </trkpt>
      <trkpt lat="45.694320" lon="7.310660">
        <ele>1643.00</ele>
        <time>2026-04-14T17:55:30Z</time>
      </trkpt>
      <trkpt lat="45.694290" lon="7.310680">
        <ele>1643.50</ele>
        <time>2026-04-14T17:55:40Z</time>
      </trkpt>
      <trkpt lat="45.694280" lon="7.310690">
        <ele>1643.60</ele>
        <time>2026-04-14T17:55:50Z</time>
      </trkpt>
      <trkpt lat="45.694240" lon="7.310690">
        <ele>1644.40</ele>
        <time>2026-04-14T17:56:00Z</time>
      </trkpt>
      <trkpt lat="45.694220" lon="7.310690">
        <ele>1644.80</ele>
        <time>2026-04-14T17:56:10Z</time>
      </trkpt>
      <trkpt lat="45.694210" lon="7.310680">
        <ele>1645.10</ele>
        <time>2026-04-14T17:56:20Z</time>
      </trkpt>
      <trkpt lat="45.694190" lon="7.310670">
        <ele>1645.50</ele>
        <time>2026-04-14T17:56:30Z</time>
      </trkpt>
      <trkpt lat="45.694180" lon="7.310660">
        <ele>1645.80</ele>
        <time>2026-04-14T17:56:40Z</time>
      </trkpt>
      <trkpt lat="45.694170" lon="7.310640">
        <ele>1646.10</ele>
        <time>2026-04-14T17:56:50Z</time>
      </trkpt>
      <trkpt lat="45.694160" lon="7.310620">
        <ele>1646.50</ele>
        <time>2026-04-14T17:57:00Z</time>
      </trkpt>
      <trkpt lat="45.694150" lon="7.310590">
        <ele>1646.90</ele>
        <time>2026-04-14T17:57:10Z</time>
      </trkpt>
      <trkpt lat="45.694140" lon="7.310570">
        <ele>1647.30</ele>
        <time>2026-04-14T17:57:20Z</time>
      </trkpt>
      <trkpt lat="45.694140" lon="7.310550">
        <ele>1647.40</ele>
        <time>2026-04-14T17:57:30Z</time>
      </trkpt>
      <trkpt lat="45.694120" lon="7.310470">
        <ele>1648.40</ele>
        <time>2026-04-14T17:57:40Z</time>
      </trkpt>
      <trkpt lat="45.694120" lon="7.310420">
        <ele>1648.05</ele>
        <time>2026-04-14T17:57:49Z</time>
      </trkpt>
      <trkpt lat="45.694120" lon="7.310400">
        <ele>1648.90</ele>
        <time>2026-04-14T17:57:50Z</time>
      </trkpt>
      <trkpt lat="45.694110" lon="7.310320">
        <ele>1649.60</ele>
        <time>2026-04-14T17:58:00Z</time>
      </trkpt>
      <trkpt lat="45.694110" lon="7.310170">
        <ele>1650.50</ele>
        <time>2026-04-14T17:58:10Z</time>
      </trkpt>
      <trkpt lat="45.694110" lon="7.309800">
        <ele>1652.40</ele>
        <time>2026-04-14T17:58:20Z</time>
      </trkpt>
      <trkpt lat="45.694110" lon="7.309720">
        <ele>1652.80</ele>
        <time>2026-04-14T17:58:30Z</time>
      </trkpt>
      <trkpt lat="45.694100" lon="7.309550">
        <ele>1653.80</ele>
        <time>2026-04-14T17:58:40Z</time>
      </trkpt>
      <trkpt lat="45.694100" lon="7.309540">
        <ele>1653.90</ele>
        <time>2026-04-14T17:58:50Z</time>
      </trkpt>
      <trkpt lat="45.694090" lon="7.309430">
        <ele>1654.60</ele>
        <time>2026-04-14T17:59:00Z</time>
      </trkpt>
      <trkpt lat="45.694070" lon="7.309290">
        <ele>1655.80</ele>
        <time>2026-04-14T17:59:10Z</time>
      </trkpt>
      <trkpt lat="45.694040" lon="7.309060">
        <ele>1655.90</ele>
        <time>2026-04-14T17:59:20Z</time>
      </trkpt>
      <trkpt lat="45.693990" lon="7.308910">
        <ele>1655.70</ele>
        <time>2026-04-14T17:59:30Z</time>
      </trkpt>
      <trkpt lat="45.693960" lon="7.308850">
        <ele>1655.90</ele>
        <time>2026-04-14T17:59:40Z</time>
      </trkpt>
      <trkpt lat="45.693950" lon="7.308830">
        <ele>1656.00</ele>
        <time>2026-04-14T17:59:50Z</time>
      </trkpt>
      <trkpt lat="45.693870" lon="7.308690">
        <ele>1657.00</ele>
        <time>2026-04-14T18:00:00Z</time>
      </trkpt>
      <trkpt lat="45.693840" lon="7.308630">
        <ele>1657.40</ele>
        <time>2026-04-14T18:00:10Z</time>
      </trkpt>
      <trkpt lat="45.693780" lon="7.308550">
        <ele>1658.60</ele>
        <time>2026-04-14T18:00:20Z</time>
      </trkpt>
      <trkpt lat="45.693720" lon="7.308440">
        <ele>1659.70</ele>
        <time>2026-04-14T18:00:30Z</time>
      </trkpt>
      <trkpt lat="45.693610" lon="7.308260">
        <ele>1662.10</ele>
        <time>2026-04-14T18:00:40Z</time>
      </trkpt>
      <trkpt lat="45.693490" lon="7.307990">
        <ele>1664.10</ele>
        <time>2026-04-14T18:00:50Z</time>
      </trkpt>
      <trkpt lat="45.693450" lon="7.307870">
        <ele>1664.80</ele>
        <time>2026-04-14T18:01:00Z</time>
      </trkpt>
      <trkpt lat="45.693390" lon="7.307690">
        <ele>1665.90</ele>
        <time>2026-04-14T18:01:10Z</time>
      </trkpt>
      <trkpt lat="45.693290" lon="7.307390">
        <ele>1667.30</ele>
        <time>2026-04-14T18:01:20Z</time>
      </trkpt>
      <trkpt lat="45.692860" lon="7.306560">
        <ele>1675.80</ele>
        <time>2026-04-14T18:01:40Z</time>
      </trkpt>
      <trkpt lat="45.692750" lon="7.306350">
        <ele>1676.70</ele>
        <time>2026-04-14T18:01:50Z</time>
      </trkpt>
      <trkpt lat="45.692640" lon="7.306150">
        <ele>1677.30</ele>
        <time>2026-04-14T18:02:00Z</time>
      </trkpt>
      <trkpt lat="45.692640" lon="7.306140">
        <ele>1677.10</ele>
        <time>2026-04-14T18:02:10Z</time>
      </trkpt>
      <trkpt lat="45.692630" lon="7.306120">
        <ele>1677.10</ele>
        <time>2026-04-14T18:02:20Z</time>
      </trkpt>
      <trkpt lat="45.692610" lon="7.306110">
        <ele>1677.60</ele>
        <time>2026-04-14T18:02:30Z</time>
      </trkpt>
      <trkpt lat="45.692590" lon="7.306090">
        <ele>1677.80</ele>
        <time>2026-04-14T18:02:40Z</time>
      </trkpt>
      <trkpt lat="45.692570" lon="7.306090">
        <ele>1678.50</ele>
        <time>2026-04-14T18:02:50Z</time>
      </trkpt>
      <trkpt lat="45.692540" lon="7.306090">
        <ele>1679.40</ele>
        <time>2026-04-14T18:03:00Z</time>
      </trkpt>
      <trkpt lat="45.692520" lon="7.306090">
        <ele>1680.00</ele>
        <time>2026-04-14T18:03:10Z</time>
      </trkpt>
      <trkpt lat="45.692510" lon="7.306090">
        <ele>1680.30</ele>
        <time>2026-04-14T18:03:20Z</time>
      </trkpt>
      <trkpt lat="45.692490" lon="7.306100">
        <ele>1681.20</ele>
        <time>2026-04-14T18:03:30Z</time>
      </trkpt>
      <trkpt lat="45.692470" lon="7.306110">
        <ele>1682.00</ele>
        <time>2026-04-14T18:03:40Z</time>
      </trkpt>
      <trkpt lat="45.692460" lon="7.306130">
        <ele>1682.80</ele>
        <time>2026-04-14T18:03:50Z</time>
      </trkpt>
      <trkpt lat="45.692440" lon="7.306170">
        <ele>1684.20</ele>
        <time>2026-04-14T18:04:00Z</time>
      </trkpt>
      <trkpt lat="45.692430" lon="7.306210">
        <ele>1685.30</ele>
        <time>2026-04-14T18:04:10Z</time>
      </trkpt>
      <trkpt lat="45.692420" lon="7.306250">
        <ele>1686.40</ele>
        <time>2026-04-14T18:04:20Z</time>
      </trkpt>
      <trkpt lat="45.692430" lon="7.306290">
        <ele>1686.70</ele>
        <time>2026-04-14T18:04:30Z</time>
      </trkpt>
      <trkpt lat="45.692440" lon="7.306320">
        <ele>1686.90</ele>
        <time>2026-04-14T18:04:40Z</time>
      </trkpt>
      <trkpt lat="45.692440" lon="7.306330">
        <ele>1687.10</ele>
        <time>2026-04-14T18:04:50Z</time>
      </trkpt>
      <trkpt lat="45.692450" lon="7.306360">
        <ele>1687.30</ele>
        <time>2026-04-14T18:05:00Z</time>
      </trkpt>
      <trkpt lat="45.692510" lon="7.306470">
        <ele>1687.10</ele>
        <time>2026-04-14T18:05:10Z</time>
      </trkpt>
      <trkpt lat="45.692550" lon="7.306530">
        <ele>1686.70</ele>
        <time>2026-04-14T18:05:20Z</time>
      </trkpt>
      <trkpt lat="45.692670" lon="7.306730">
        <ele>1684.70</ele>
        <time>2026-04-14T18:05:30Z</time>
      </trkpt>
      <trkpt lat="45.692710" lon="7.306810">
        <ele>1683.50</ele>
        <time>2026-04-14T18:05:40Z</time>
      </trkpt>
      <trkpt lat="45.692760" lon="7.306920">
        <ele>1682.20</ele>
        <time>2026-04-14T18:05:50Z</time>
      </trkpt>
      <trkpt lat="45.692760" lon="7.306950">
        <ele>1682.30</ele>
        <time>2026-04-14T18:06:00Z</time>
      </trkpt>
      <trkpt lat="45.692770" lon="7.306970">
        <ele>1682.10</ele>
        <time>2026-04-14T18:06:10Z</time>
      </trkpt>
      <trkpt lat="45.692790" lon="7.307040">
        <ele>1681.70</ele>
        <time>2026-04-14T18:06:20Z</time>
      </trkpt>
      <trkpt lat="45.692800" lon="7.307100">
        <ele>1681.60</ele>
        <time>2026-04-14T18:06:30Z</time>
      </trkpt>
      <trkpt lat="45.692810" lon="7.307200">
        <ele>1681.80</ele>
        <time>2026-04-14T18:06:40Z</time>
      </trkpt>
      <trkpt lat="45.692820" lon="7.307280">
        <ele>1681.90</ele>
        <time>2026-04-14T18:06:50Z</time>
      </trkpt>
      <trkpt lat="45.692820" lon="7.307360">
        <ele>1682.30</ele>
        <time>2026-04-14T18:07:00Z</time>
      </trkpt>
      <trkpt lat="45.692810" lon="7.307440">
        <ele>1683.00</ele>
        <time>2026-04-14T18:07:10Z</time>
      </trkpt>
      <trkpt lat="45.692800" lon="7.307700">
        <ele>1683.80</ele>
        <time>2026-04-14T18:07:20Z</time>
      </trkpt>
      <trkpt lat="45.692780" lon="7.308140">
        <ele>1684.50</ele>
        <time>2026-04-14T18:07:30Z</time>
      </trkpt>
      <trkpt lat="45.692760" lon="7.308480">
        <ele>1685.70</ele>
        <time>2026-04-14T18:07:40Z</time>
      </trkpt>
      <trkpt lat="45.692750" lon="7.308620">
        <ele>1686.50</ele>
        <time>2026-04-14T18:07:50Z</time>
      </trkpt>
      <trkpt lat="45.692740" lon="7.308720">
        <ele>1687.10</ele>
        <time>2026-04-14T18:08:00Z</time>
      </trkpt>
      <trkpt lat="45.692740" lon="7.308750">
        <ele>1687.20</ele>
        <time>2026-04-14T18:08:10Z</time>
      </trkpt>
      <trkpt lat="45.692730" lon="7.308780">
        <ele>1687.60</ele>
        <time>2026-04-14T18:08:20Z</time>
      </trkpt>
      <trkpt lat="45.692720" lon="7.308800">
        <ele>1687.90</ele>
        <time>2026-04-14T18:08:30Z</time>
      </trkpt>
      <trkpt lat="45.692710" lon="7.308820">
        <ele>1688.30</ele>
        <time>2026-04-14T18:08:40Z</time>
      </trkpt>
      <trkpt lat="45.692700" lon="7.308830">
        <ele>1688.50</ele>
        <time>2026-04-14T18:08:50Z</time>
      </trkpt>
      <trkpt lat="45.692690" lon="7.308840">
        <ele>1688.80</ele>
        <time>2026-04-14T18:09:00Z</time>
      </trkpt>
      <trkpt lat="45.692670" lon="7.308860">
        <ele>1689.40</ele>
        <time>2026-04-14T18:09:10Z</time>
      </trkpt>
      <trkpt lat="45.692660" lon="7.308860">
        <ele>1689.60</ele>
        <time>2026-04-14T18:09:20Z</time>
      </trkpt>
      <trkpt lat="45.692640" lon="7.308870">
        <ele>1690.20</ele>
        <time>2026-04-14T18:09:30Z</time>
      </trkpt>
      <trkpt lat="45.692630" lon="7.308870">
        <ele>1690.40</ele>
        <time>2026-04-14T18:09:40Z</time>
      </trkpt>
      <trkpt lat="45.692610" lon="7.308860">
        <ele>1690.90</ele>
        <time>2026-04-14T18:09:50Z</time>
      </trkpt>
      <trkpt lat="45.692600" lon="7.308850">
        <ele>1691.10</ele>
        <time>2026-04-14T18:10:00Z</time>
      </trkpt>
      <trkpt lat="45.692590" lon="7.308840">
        <ele>1691.20</ele>
        <time>2026-04-14T18:10:10Z</time>
      </trkpt>
      <trkpt lat="45.692570" lon="7.308820">
        <ele>1691.60</ele>
        <time>2026-04-14T18:10:20Z</time>
      </trkpt>
      <trkpt lat="45.692560" lon="7.308800">
        <ele>1691.80</ele>
        <time>2026-04-14T18:10:30Z</time>
      </trkpt>
      <trkpt lat="45.692470" lon="7.308480">
        <ele>1692.80</ele>
        <time>2026-04-14T18:10:40Z</time>
      </trkpt>
      <trkpt lat="45.692280" lon="7.307790">
        <ele>1700.90</ele>
        <time>2026-04-14T18:10:50Z</time>
      </trkpt>
      <trkpt lat="45.692260" lon="7.307690">
        <ele>1702.00</ele>
        <time>2026-04-14T18:11:00Z</time>
      </trkpt>
      <trkpt lat="45.692240" lon="7.307600">
        <ele>1703.00</ele>
        <time>2026-04-14T18:11:10Z</time>
      </trkpt>
      <trkpt lat="45.692230" lon="7.307480">
        <ele>1703.60</ele>
        <time>2026-04-14T18:11:20Z</time>
      </trkpt>
      <trkpt lat="45.692230" lon="7.307440">
        <ele>1703.50</ele>
        <time>2026-04-14T18:11:30Z</time>
      </trkpt>
      <trkpt lat="45.692230" lon="7.307320">
        <ele>1703.10</ele>
        <time>2026-04-14T18:11:40Z</time>
      </trkpt>
      <trkpt lat="45.692240" lon="7.307180">
        <ele>1702.30</ele>
        <time>2026-04-14T18:11:50Z</time>
      </trkpt>
      <trkpt lat="45.692260" lon="7.307010">
        <ele>1701.00</ele>
        <time>2026-04-14T18:12:00Z</time>
      </trkpt>
      <trkpt lat="45.692250" lon="7.306900">
        <ele>1701.00</ele>
        <time>2026-04-14T18:12:10Z</time>
      </trkpt>
      <trkpt lat="45.692250" lon="7.306830">
        <ele>1700.80</ele>
        <time>2026-04-14T18:12:20Z</time>
      </trkpt>
      <trkpt lat="45.692230" lon="7.306750">
        <ele>1701.30</ele>
        <time>2026-04-14T18:12:30Z</time>
      </trkpt>
      <trkpt lat="45.692210" lon="7.306690">
        <ele>1701.90</ele>
        <time>2026-04-14T18:12:40Z</time>
      </trkpt>
      <trkpt lat="45.692180" lon="7.306610">
        <ele>1701.80</ele>
        <time>2026-04-14T18:12:50Z</time>
      </trkpt>
      <trkpt lat="45.692120" lon="7.306490">
        <ele>1701.80</ele>
        <time>2026-04-14T18:13:00Z</time>
      </trkpt>
      <trkpt lat="45.692110" lon="7.306460">
        <ele>1701.60</ele>
        <time>2026-04-14T18:13:10Z</time>
      </trkpt>
      <trkpt lat="45.692070" lon="7.306390">
        <ele>1701.70</ele>
        <time>2026-04-14T18:13:20Z</time>
      </trkpt>
      <trkpt lat="45.692020" lon="7.306320">
        <ele>1702.10</ele>
        <time>2026-04-14T18:13:30Z</time>
      </trkpt>
      <trkpt lat="45.691990" lon="7.306290">
        <ele>1702.60</ele>
        <time>2026-04-14T18:13:40Z</time>
      </trkpt>
      <trkpt lat="45.691980" lon="7.306280">
        <ele>1702.80</ele>
        <time>2026-04-14T18:13:50Z</time>
      </trkpt>
      <trkpt lat="45.691950" lon="7.306260">
        <ele>1703.50</ele>
        <time>2026-04-14T18:14:00Z</time>
      </trkpt>
      <trkpt lat="45.691910" lon="7.306230">
        <ele>1704.30</ele>
        <time>2026-04-14T18:14:10Z</time>
      </trkpt>
      <trkpt lat="45.691870" lon="7.306200">
        <ele>1705.20</ele>
        <time>2026-04-14T18:14:20Z</time>
      </trkpt>
      <trkpt lat="45.691830" lon="7.306180">
        <ele>1706.20</ele>
        <time>2026-04-14T18:14:30Z</time>
      </trkpt>
      <trkpt lat="45.691560" lon="7.306090">
        <ele>1712.20</ele>
        <time>2026-04-14T18:14:40Z</time>
      </trkpt>
      <trkpt lat="45.691470" lon="7.306060">
        <ele>1713.20</ele>
        <time>2026-04-14T18:14:50Z</time>
      </trkpt>
      <trkpt lat="45.691290" lon="7.305990">
        <ele>1715.10</ele>
        <time>2026-04-14T18:15:00Z</time>
      </trkpt>
      <trkpt lat="45.691060" lon="7.305910">
        <ele>1717.60</ele>
        <time>2026-04-14T18:15:10Z</time>
      </trkpt>
      <trkpt lat="45.690930" lon="7.305870">
        <ele>1719.00</ele>
        <time>2026-04-14T18:15:20Z</time>
      </trkpt>
      <trkpt lat="45.690860" lon="7.305850">
        <ele>1719.90</ele>
        <time>2026-04-14T18:15:30Z</time>
      </trkpt>
      <trkpt lat="45.690830" lon="7.305850">
        <ele>1720.40</ele>
        <time>2026-04-14T18:15:40Z</time>
      </trkpt>
      <trkpt lat="45.690806" lon="7.305845">
        <ele>1720.50</ele>
        <time>2026-04-14T18:15:49Z</time>
      </trkpt>
      <trkpt lat="45.690780" lon="7.305840">
        <ele>1720.20</ele>
        <time>2026-04-14T18:15:50Z</time>
      </trkpt>
      <trkpt lat="45.690750" lon="7.305840">
        <ele>1720.30</ele>
        <time>2026-04-14T18:16:00Z</time>
      </trkpt>
      <trkpt lat="45.690700" lon="7.305840">
        <ele>1720.30</ele>
        <time>2026-04-14T18:16:10Z</time>
      </trkpt>
      <trkpt lat="45.690650" lon="7.305850">
        <ele>1720.60</ele>
        <time>2026-04-14T18:16:20Z</time>
      </trkpt>
      <trkpt lat="45.690620" lon="7.305850">
        <ele>1720.70</ele>
        <time>2026-04-14T18:16:30Z</time>
      </trkpt>
      <trkpt lat="45.690570" lon="7.305860">
        <ele>1721.00</ele>
        <time>2026-04-14T18:16:40Z</time>
      </trkpt>
      <trkpt lat="45.690540" lon="7.305870">
        <ele>1721.30</ele>
        <time>2026-04-14T18:16:50Z</time>
      </trkpt>
      <trkpt lat="45.690060" lon="7.306080">
        <ele>1728.20</ele>
        <time>2026-04-14T18:17:00Z</time>
      </trkpt>
      <trkpt lat="45.689920" lon="7.306120">
        <ele>1730.30</ele>
        <time>2026-04-14T18:17:10Z</time>
      </trkpt>
      <trkpt lat="45.689840" lon="7.306120">
        <ele>1731.00</ele>
        <time>2026-04-14T18:17:20Z</time>
      </trkpt>
      <trkpt lat="45.689770" lon="7.306120">
        <ele>1731.60</ele>
        <time>2026-04-14T18:17:30Z</time>
      </trkpt>
      <trkpt lat="45.689700" lon="7.306100">
        <ele>1731.70</ele>
        <time>2026-04-14T18:17:40Z</time>
      </trkpt>
      <trkpt lat="45.689600" lon="7.306080">
        <ele>1732.10</ele>
        <time>2026-04-14T18:17:50Z</time>
      </trkpt>
      <trkpt lat="45.689540" lon="7.306070">
        <ele>1732.40</ele>
        <time>2026-04-14T18:18:00Z</time>
      </trkpt>
      <trkpt lat="45.689520" lon="7.306060">
        <ele>1732.40</ele>
        <time>2026-04-14T18:18:10Z</time>
      </trkpt>
      <trkpt lat="45.689510" lon="7.306060">
        <ele>1732.50</ele>
        <time>2026-04-14T18:18:20Z</time>
      </trkpt>
      <trkpt lat="45.689490" lon="7.306070">
        <ele>1732.90</ele>
        <time>2026-04-14T18:18:30Z</time>
      </trkpt>
      <trkpt lat="45.689470" lon="7.306070">
        <ele>1733.10</ele>
        <time>2026-04-14T18:18:40Z</time>
      </trkpt>
      <trkpt lat="45.689440" lon="7.306080">
        <ele>1733.60</ele>
        <time>2026-04-14T18:18:50Z</time>
      </trkpt>
      <trkpt lat="45.689420" lon="7.306090">
        <ele>1734.00</ele>
        <time>2026-04-14T18:19:00Z</time>
      </trkpt>
      <trkpt lat="45.689400" lon="7.306110">
        <ele>1734.60</ele>
        <time>2026-04-14T18:19:10Z</time>
      </trkpt>
      <trkpt lat="45.689360" lon="7.306160">
        <ele>1735.90</ele>
        <time>2026-04-14T18:19:20Z</time>
      </trkpt>
      <trkpt lat="45.689360" lon="7.306260">
        <ele>1737.90</ele>
        <time>2026-04-14T18:19:30Z</time>
      </trkpt>
      <trkpt lat="45.689370" lon="7.306300">
        <ele>1738.70</ele>
        <time>2026-04-14T18:19:40Z</time>
      </trkpt>
      <trkpt lat="45.689370" lon="7.306320">
        <ele>1739.10</ele>
        <time>2026-04-14T18:19:50Z</time>
      </trkpt>
      <trkpt lat="45.689380" lon="7.306350">
        <ele>1739.60</ele>
        <time>2026-04-14T18:20:00Z</time>
      </trkpt>
      <trkpt lat="45.689390" lon="7.306370">
        <ele>1740.00</ele>
        <time>2026-04-14T18:20:10Z</time>
      </trkpt>
      <trkpt lat="45.689400" lon="7.306380">
        <ele>1740.10</ele>
        <time>2026-04-14T18:20:20Z</time>
      </trkpt>
      <trkpt lat="45.689410" lon="7.306390">
        <ele>1740.30</ele>
        <time>2026-04-14T18:20:30Z</time>
      </trkpt>
      <trkpt lat="45.689430" lon="7.306410">
        <ele>1740.60</ele>
        <time>2026-04-14T18:20:40Z</time>
      </trkpt>
      <trkpt lat="45.689450" lon="7.306410">
        <ele>1740.50</ele>
        <time>2026-04-14T18:20:50Z</time>
      </trkpt>
      <trkpt lat="45.689590" lon="7.306410">
        <ele>1740.00</ele>
        <time>2026-04-14T18:21:00Z</time>
      </trkpt>
      <trkpt lat="45.689640" lon="7.306410">
        <ele>1739.80</ele>
        <time>2026-04-14T18:21:10Z</time>
      </trkpt>
      <trkpt lat="45.689840" lon="7.306440">
        <ele>1739.80</ele>
        <time>2026-04-14T18:21:20Z</time>
      </trkpt>
      <trkpt lat="45.689880" lon="7.306450">
        <ele>1739.90</ele>
        <time>2026-04-14T18:21:30Z</time>
      </trkpt>
      <trkpt lat="45.689940" lon="7.306460">
        <ele>1740.00</ele>
        <time>2026-04-14T18:21:40Z</time>
      </trkpt>
      <trkpt lat="45.690010" lon="7.306480">
        <ele>1740.30</ele>
        <time>2026-04-14T18:21:50Z</time>
      </trkpt>
      <trkpt lat="45.690090" lon="7.306500">
        <ele>1740.30</ele>
        <time>2026-04-14T18:22:00Z</time>
      </trkpt>
      <trkpt lat="45.690170" lon="7.306540">
        <ele>1740.80</ele>
        <time>2026-04-14T18:22:10Z</time>
      </trkpt>
      <trkpt lat="45.690270" lon="7.306590">
        <ele>1741.30</ele>
        <time>2026-04-14T18:22:20Z</time>
      </trkpt>
      <trkpt lat="45.690320" lon="7.306680">
        <ele>1743.10</ele>
        <time>2026-04-14T18:22:30Z</time>
      </trkpt>
      <trkpt lat="45.690370" lon="7.306780">
        <ele>1744.10</ele>
        <time>2026-04-14T18:22:40Z</time>
      </trkpt>
      <trkpt lat="45.690380" lon="7.306800">
        <ele>1744.20</ele>
        <time>2026-04-14T18:22:50Z</time>
      </trkpt>
      <trkpt lat="45.690420" lon="7.306890">
        <ele>1745.00</ele>
        <time>2026-04-14T18:23:00Z</time>
      </trkpt>
      <trkpt lat="45.690450" lon="7.306980">
        <ele>1745.90</ele>
        <time>2026-04-14T18:23:10Z</time>
      </trkpt>
      <trkpt lat="45.690450" lon="7.307030">
        <ele>1746.60</ele>
        <time>2026-04-14T18:23:20Z</time>
      </trkpt>
      <trkpt lat="45.690460" lon="7.307070">
        <ele>1747.00</ele>
        <time>2026-04-14T18:23:30Z</time>
      </trkpt>
      <trkpt lat="45.690470" lon="7.307150">
        <ele>1748.00</ele>
        <time>2026-04-14T18:23:40Z</time>
      </trkpt>
      <trkpt lat="45.690460" lon="7.307280">
        <ele>1749.90</ele>
        <time>2026-04-14T18:23:50Z</time>
      </trkpt>
      <trkpt lat="45.690450" lon="7.307450">
        <ele>1752.30</ele>
        <time>2026-04-14T18:24:00Z</time>
      </trkpt>
      <trkpt lat="45.690440" lon="7.307610">
        <ele>1753.10</ele>
        <time>2026-04-14T18:24:10Z</time>
      </trkpt>
      <trkpt lat="45.690420" lon="7.307800">
        <ele>1753.30</ele>
        <time>2026-04-14T18:24:20Z</time>
      </trkpt>
      <trkpt lat="45.690420" lon="7.307810">
        <ele>1753.30</ele>
        <time>2026-04-14T18:24:30Z</time>
      </trkpt>
      <trkpt lat="45.690410" lon="7.307990">
        <ele>1753.30</ele>
        <time>2026-04-14T18:24:40Z</time>
      </trkpt>
      <trkpt lat="45.690410" lon="7.308050">
        <ele>1753.30</ele>
        <time>2026-04-14T18:24:50Z</time>
      </trkpt>
      <trkpt lat="45.690410" lon="7.308240">
        <ele>1753.20</ele>
        <time>2026-04-14T18:25:00Z</time>
      </trkpt>
      <trkpt lat="45.690410" lon="7.308270">
        <ele>1753.20</ele>
        <time>2026-04-14T18:25:10Z</time>
      </trkpt>
      <trkpt lat="45.690420" lon="7.308300">
        <ele>1753.00</ele>
        <time>2026-04-14T18:25:20Z</time>
      </trkpt>
      <trkpt lat="45.690420" lon="7.308310">
        <ele>1752.90</ele>
        <time>2026-04-14T18:25:30Z</time>
      </trkpt>
      <trkpt lat="45.690430" lon="7.308340">
        <ele>1752.70</ele>
        <time>2026-04-14T18:25:40Z</time>
      </trkpt>
      <trkpt lat="45.690450" lon="7.308380">
        <ele>1752.40</ele>
        <time>2026-04-14T18:25:50Z</time>
      </trkpt>
      <trkpt lat="45.690470" lon="7.308420">
        <ele>1752.00</ele>
        <time>2026-04-14T18:26:00Z</time>
      </trkpt>
      <trkpt lat="45.690520" lon="7.308500">
        <ele>1751.00</ele>
        <time>2026-04-14T18:26:10Z</time>
      </trkpt>
      <trkpt lat="45.690530" lon="7.308530">
        <ele>1750.80</ele>
        <time>2026-04-14T18:26:20Z</time>
      </trkpt>
      <trkpt lat="45.690540" lon="7.308560">
        <ele>1750.60</ele>
        <time>2026-04-14T18:26:30Z</time>
      </trkpt>
      <trkpt lat="45.690540" lon="7.308590">
        <ele>1750.50</ele>
        <time>2026-04-14T18:26:40Z</time>
      </trkpt>
      <trkpt lat="45.690540" lon="7.308630">
        <ele>1750.50</ele>
        <time>2026-04-14T18:26:50Z</time>
      </trkpt>
      <trkpt lat="45.690540" lon="7.308660">
        <ele>1750.50</ele>
        <time>2026-04-14T18:27:00Z</time>
      </trkpt>
      <trkpt lat="45.690530" lon="7.308690">
        <ele>1750.70</ele>
        <time>2026-04-14T18:27:10Z</time>
      </trkpt>
      <trkpt lat="45.690520" lon="7.308720">
        <ele>1750.90</ele>
        <time>2026-04-14T18:27:20Z</time>
      </trkpt>
      <trkpt lat="45.690510" lon="7.308740">
        <ele>1751.10</ele>
        <time>2026-04-14T18:27:30Z</time>
      </trkpt>
      <trkpt lat="45.690450" lon="7.308770">
        <ele>1752.30</ele>
        <time>2026-04-14T18:27:50Z</time>
      </trkpt>
      <trkpt lat="45.690430" lon="7.308770">
        <ele>1752.70</ele>
        <time>2026-04-14T18:28:00Z</time>
      </trkpt>
      <trkpt lat="45.690410" lon="7.308770">
        <ele>1753.10</ele>
        <time>2026-04-14T18:28:10Z</time>
      </trkpt>
      <trkpt lat="45.690400" lon="7.308770">
        <ele>1753.30</ele>
        <time>2026-04-14T18:28:20Z</time>
      </trkpt>
      <trkpt lat="45.690380" lon="7.308760">
        <ele>1753.70</ele>
        <time>2026-04-14T18:28:30Z</time>
      </trkpt>
      <trkpt lat="45.690370" lon="7.308750">
        <ele>1754.00</ele>
        <time>2026-04-14T18:28:40Z</time>
      </trkpt>
      <trkpt lat="45.690360" lon="7.308740">
        <ele>1754.20</ele>
        <time>2026-04-14T18:28:50Z</time>
      </trkpt>
      <trkpt lat="45.690340" lon="7.308710">
        <ele>1754.60</ele>
        <time>2026-04-14T18:29:00Z</time>
      </trkpt>
      <trkpt lat="45.690320" lon="7.308670">
        <ele>1754.90</ele>
        <time>2026-04-14T18:29:10Z</time>
      </trkpt>
      <trkpt lat="45.690300" lon="7.308590">
        <ele>1755.30</ele>
        <time>2026-04-14T18:29:20Z</time>
      </trkpt>
      <trkpt lat="45.690300" lon="7.308580">
        <ele>1755.30</ele>
        <time>2026-04-14T18:29:30Z</time>
      </trkpt>
      <trkpt lat="45.690260" lon="7.308450">
        <ele>1756.10</ele>
        <time>2026-04-14T18:29:40Z</time>
      </trkpt>
      <trkpt lat="45.690230" lon="7.308350">
        <ele>1756.60</ele>
        <time>2026-04-14T18:29:50Z</time>
      </trkpt>
      <trkpt lat="45.690140" lon="7.308120">
        <ele>1758.20</ele>
        <time>2026-04-14T18:30:00Z</time>
      </trkpt>
      <trkpt lat="45.690060" lon="7.307920">
        <ele>1759.50</ele>
        <time>2026-04-14T18:30:10Z</time>
      </trkpt>
      <trkpt lat="45.690050" lon="7.307900">
        <ele>1759.60</ele>
        <time>2026-04-14T18:30:20Z</time>
      </trkpt>
      <trkpt lat="45.690010" lon="7.307830">
        <ele>1760.20</ele>
        <time>2026-04-14T18:30:30Z</time>
      </trkpt>
      <trkpt lat="45.689980" lon="7.307760">
        <ele>1760.40</ele>
        <time>2026-04-14T18:30:40Z</time>
      </trkpt>
      <trkpt lat="45.689960" lon="7.307730">
        <ele>1760.50</ele>
        <time>2026-04-14T18:30:50Z</time>
      </trkpt>
      <trkpt lat="45.689940" lon="7.307700">
        <ele>1760.60</ele>
        <time>2026-04-14T18:31:00Z</time>
      </trkpt>
      <trkpt lat="45.689920" lon="7.307680">
        <ele>1760.70</ele>
        <time>2026-04-14T18:31:10Z</time>
      </trkpt>
      <trkpt lat="45.689900" lon="7.307650">
        <ele>1760.70</ele>
        <time>2026-04-14T18:31:20Z</time>
      </trkpt>
      <trkpt lat="45.689860" lon="7.307620">
        <ele>1760.80</ele>
        <time>2026-04-14T18:31:30Z</time>
      </trkpt>
      <trkpt lat="45.689790" lon="7.307560">
        <ele>1761.00</ele>
        <time>2026-04-14T18:31:40Z</time>
      </trkpt>
      <trkpt lat="45.689780" lon="7.307560">
        <ele>1761.00</ele>
        <time>2026-04-14T18:31:50Z</time>
      </trkpt>
      <trkpt lat="45.689680" lon="7.307510">
        <ele>1761.20</ele>
        <time>2026-04-14T18:32:00Z</time>
      </trkpt>
      <trkpt lat="45.689630" lon="7.307500">
        <ele>1761.30</ele>
        <time>2026-04-14T18:32:10Z</time>
      </trkpt>
      <trkpt lat="45.689580" lon="7.307490">
        <ele>1761.30</ele>
        <time>2026-04-14T18:32:20Z</time>
      </trkpt>
      <trkpt lat="45.689510" lon="7.307490">
        <ele>1761.60</ele>
        <time>2026-04-14T18:32:30Z</time>
      </trkpt>
      <trkpt lat="45.689460" lon="7.307500">
        <ele>1761.90</ele>
        <time>2026-04-14T18:32:40Z</time>
      </trkpt>
      <trkpt lat="45.689430" lon="7.307500">
        <ele>1762.10</ele>
        <time>2026-04-14T18:32:50Z</time>
      </trkpt>
      <trkpt lat="45.689420" lon="7.307510">
        <ele>1762.20</ele>
        <time>2026-04-14T18:33:00Z</time>
      </trkpt>
      <trkpt lat="45.689390" lon="7.307510">
        <ele>1762.30</ele>
        <time>2026-04-14T18:33:10Z</time>
      </trkpt>
      <trkpt lat="45.689360" lon="7.307520">
        <ele>1762.50</ele>
        <time>2026-04-14T18:33:20Z</time>
      </trkpt>
      <trkpt lat="45.689270" lon="7.307590">
        <ele>1763.50</ele>
        <time>2026-04-14T18:33:30Z</time>
      </trkpt>
      <trkpt lat="45.689210" lon="7.307630">
        <ele>1764.20</ele>
        <time>2026-04-14T18:33:40Z</time>
      </trkpt>
      <trkpt lat="45.689160" lon="7.307680">
        <ele>1764.90</ele>
        <time>2026-04-14T18:33:50Z</time>
      </trkpt>
      <trkpt lat="45.689130" lon="7.307720">
        <ele>1765.00</ele>
        <time>2026-04-14T18:34:00Z</time>
      </trkpt>
      <trkpt lat="45.689100" lon="7.307780">
        <ele>1765.30</ele>
        <time>2026-04-14T18:34:10Z</time>
      </trkpt>
      <trkpt lat="45.689060" lon="7.307860">
        <ele>1765.70</ele>
        <time>2026-04-14T18:34:20Z</time>
      </trkpt>
      <trkpt lat="45.689020" lon="7.307950">
        <ele>1766.20</ele>
        <time>2026-04-14T18:34:30Z</time>
      </trkpt>
      <trkpt lat="45.688930" lon="7.308170">
        <ele>1767.30</ele>
        <time>2026-04-14T18:34:40Z</time>
      </trkpt>
      <trkpt lat="45.688920" lon="7.308190">
        <ele>1767.30</ele>
        <time>2026-04-14T18:34:50Z</time>
      </trkpt>
      <trkpt lat="45.688830" lon="7.308410">
        <ele>1768.20</ele>
        <time>2026-04-14T18:35:00Z</time>
      </trkpt>
      <trkpt lat="45.688740" lon="7.308630">
        <ele>1769.30</ele>
        <time>2026-04-14T18:35:10Z</time>
      </trkpt>
      <trkpt lat="45.688640" lon="7.308850">
        <ele>1771.00</ele>
        <time>2026-04-14T18:35:20Z</time>
      </trkpt>
      <trkpt lat="45.688460" lon="7.309290">
        <ele>1776.30</ele>
        <time>2026-04-14T18:35:30Z</time>
      </trkpt>
      <trkpt lat="45.688430" lon="7.309360">
        <ele>1777.20</ele>
        <time>2026-04-14T18:35:40Z</time>
      </trkpt>
      <trkpt lat="45.688406" lon="7.309420">
        <ele>1778.10</ele>
        <time>2026-04-14T18:35:50Z</time>
      </trkpt>
      <trkpt lat="45.688310" lon="7.309625">
        <ele>1781.00</ele>
        <time>2026-04-14T18:36:00Z</time>
      </trkpt>
      <trkpt lat="45.688125" lon="7.309800">
        <ele>1782.70</ele>
        <time>2026-04-14T18:36:10Z</time>
      </trkpt>
      <trkpt lat="45.688110" lon="7.309810">
        <ele>1782.80</ele>
        <time>2026-04-14T18:36:20Z</time>
      </trkpt>
      <trkpt lat="45.688080" lon="7.309840">
        <ele>1783.00</ele>
        <time>2026-04-14T18:36:30Z</time>
      </trkpt>
      <trkpt lat="45.688060" lon="7.309880">
        <ele>1783.50</ele>
        <time>2026-04-14T18:36:40Z</time>
      </trkpt>
      <trkpt lat="45.688020" lon="7.309940">
        <ele>1784.10</ele>
        <time>2026-04-14T18:36:50Z</time>
      </trkpt>
      <trkpt lat="45.687920" lon="7.310100">
        <ele>1785.70</ele>
        <time>2026-04-14T18:37:00Z</time>
      </trkpt>
      <trkpt lat="45.687900" lon="7.310130">
        <ele>1785.90</ele>
        <time>2026-04-14T18:37:10Z</time>
      </trkpt>
      <trkpt lat="45.687850" lon="7.310190">
        <ele>1786.50</ele>
        <time>2026-04-14T18:37:20Z</time>
      </trkpt>
      <trkpt lat="45.687770" lon="7.310300">
        <ele>1787.60</ele>
        <time>2026-04-14T18:37:30Z</time>
      </trkpt>
      <trkpt lat="45.687630" lon="7.310470">
        <ele>1789.40</ele>
        <time>2026-04-14T18:37:40Z</time>
      </trkpt>
      <trkpt lat="45.687610" lon="7.310490">
        <ele>1789.60</ele>
        <time>2026-04-14T18:37:50Z</time>
      </trkpt>
      <trkpt lat="45.687590" lon="7.310520">
        <ele>1790.00</ele>
        <time>2026-04-14T18:38:00Z</time>
      </trkpt>
      <trkpt lat="45.687520" lon="7.310580">
        <ele>1790.70</ele>
        <time>2026-04-14T18:38:10Z</time>
      </trkpt>
      <trkpt lat="45.687480" lon="7.310600">
        <ele>1791.20</ele>
        <time>2026-04-14T18:38:20Z</time>
      </trkpt>
      <trkpt lat="45.687420" lon="7.310620">
        <ele>1792.20</ele>
        <time>2026-04-14T18:38:30Z</time>
      </trkpt>
      <trkpt lat="45.687350" lon="7.310640">
        <ele>1793.30</ele>
        <time>2026-04-14T18:38:40Z</time>
      </trkpt>
      <trkpt lat="45.687300" lon="7.310640">
        <ele>1793.90</ele>
        <time>2026-04-14T18:38:50Z</time>
      </trkpt>
      <trkpt lat="45.687210" lon="7.310640">
        <ele>1795.00</ele>
        <time>2026-04-14T18:39:00Z</time>
      </trkpt>
    </trkseg>
  </trk>
</gpx>
