<?xml version="1.0" encoding="UTF-8"?>
<gpx creator="Lanterne Rouge" version="1.1" xmlns="http://www.topografix.com/GPX/1/1" xmlns:xsi="http://www.w3.org/2001/XMLSchema-instance" xsi:schemaLocation="http://www.topografix.com/GPX/1/1 http://www.topografix.com/GPX/1/1/gpx.xsd">
 <metadata>
  <name>Fully Loaded Long Name</name>
  <author>
   <name>Lanterne Rouge</name>
   <link href="https://lanternerouge.app"/>
  </author>
 </metadata>
 <wpt lat="43.91931492847499" lon="-114.11036282755228">
  <name>Check</name>
 </wpt>
 <wpt lat="43.685778731770114" lon="-114.35912301465765">
  <name>START</name>
 </wpt>
 <wpt lat="43.862727018052965" lon="-114.2086902373427">
  <name>El Diablito Check</name>
 </wpt>
 <wpt lat="43.860046898644185" lon="-113.90383848667">
  <name>Copper Basin Check</name>
 </wpt>
 <wpt lat="43.82363767277002" lon="-113.8496691335805">
  <name>Big Lost</name>
 </wpt>
 <wpt lat="43.967911261920506" lon="-113.80352277055418">
  <name>Burma Road</name>
 </wpt>
 <wpt lat="43.861753109494686" lon="-113.90367978755027">
  <name>Copper Basin</name>
 </wpt>
 <wpt lat="43.825173332944416" lon="-114.26277174538428">
  <name>Trail Creek</name>
 </wpt>
 <wpt lat="43.8991943690221" lon="-114.10116182664028">
  <name>Wildhorse</name>
 </wpt>
 <wpt lat="43.89501989363899" lon="-114.15511082203906">
  <name>El Diablito</name>
 </wpt>
 <wpt lat="43.923002989408786" lon="-114.12203965531106">
  <name>Wildhorse</name>
 </wpt>
 <wpt lat="43.82382771527426" lon="-113.84972609502174">
  <name>Copper Basin</name>
 </wpt>
 <wpt lat="43.71857573892558" lon="-114.33388177160417">
  <name>Timed Finish</name>
 </wpt>
 <wpt lat="43.91884932026986" lon="-114.1062024472041">
  <name>The Chaise</name>
 </wpt>
 <wpt lat="43.9991445372664" lon="-114.03102173794406">
  <name>A Fully Loaded Pepper</name>
 </wpt>
 <wpt lat="43.861516115514775" lon="-114.16544947422724">
  <name>Have you Met Me?</name>
 </wpt>
 <trk>
  <name>Fully Loaded Long Name</name>
  <type>cycling</type>
  <trkseg>
   <trkpt lat="43.68578918395591" lon="-114.35916175236041">
    <ele>1791.8069621882921</ele>
   </trkpt>
   <trkpt lat="43.68570201394016" lon="-114.35879168731702">
    <ele>1791.8069621882921</ele>
   </trkpt>
   <trkpt lat="43.68621178664503" lon="-114.3584713502156">
    <ele>1792.4365149042412</ele>
   </trkpt>
   <trkpt lat="43.6868350033129" lon="-114.3580850205101">
    <ele>1794.211678461682</ele>
   </trkpt>
   <trkpt lat="43.687537502466505" lon="-114.35764751539416">
    <ele>1796.3502373785864</ele>
   </trkpt>
   <trkpt lat="43.68824" lon="-114.35721000000001">
    <ele>1796.9058133121198</ele>
   </trkpt>
   <trkpt lat="43.68864000000001" lon="-114.35698000000001">
    <ele>1798.0084388349796</ele>
   </trkpt>
   <trkpt lat="43.689260000000004" lon="-114.3567">
    <ele>1799.1308054056958</ele>
   </trkpt>
   <trkpt lat="43.68968" lon="-114.35662">
    <ele>1799.628794175138</ele>
   </trkpt>
   <trkpt lat="43.69005000000001" lon="-114.35658000000001">
    <ele>1799.628794175138</ele>
   </trkpt>
   <trkpt lat="43.69004" lon="-114.35658000000001">
    <ele>1799.628794175138</ele>
   </trkpt>
   <trkpt lat="43.69041000000001" lon="-114.35660000000001">
    <ele>1800.3521723672475</ele>
   </trkpt>
   <trkpt lat="43.69098" lon="-114.35675">
    <ele>1802.2223342082314</ele>
   </trkpt>
   <trkpt lat="43.69153500023894" lon="-114.35693499831795">
    <ele>1804.5145061088485</ele>
   </trkpt>
   <trkpt lat="43.69209" lon="-114.35712000000001">
    <ele>1807.054453921624</ele>
   </trkpt>
   <trkpt lat="43.69252" lon="-114.35724">
    <ele>1808.0567478231874</ele>
   </trkpt>
   <trkpt lat="43.692730000000005" lon="-114.35728000000002">
    <ele>1808.0567478231874</ele>
   </trkpt>
   <trkpt lat="43.692942820262644" lon="-114.35730214648439">
    <ele>1808.0976974525245</ele>
   </trkpt>
   <trkpt lat="43.693157047485585" lon="-114.35733566632786">
    <ele>1808.2405519973793</ele>
   </trkpt>
   <trkpt lat="43.69371441213978" lon="-114.35725172857232">
    <ele>1809.1320296351441</ele>
   </trkpt>
   <trkpt lat="43.69455491345134" lon="-114.35705791562992">
    <ele>1810.9233753981578</ele>
   </trkpt>
   <trkpt lat="43.69525849025211" lon="-114.35686688712806">
    <ele>1814.2961899618188</ele>
   </trkpt>
   <trkpt lat="43.69565053974302" lon="-114.35672158767265">
    <ele>1816.1477827434207</ele>
   </trkpt>
   <trkpt lat="43.696007196645155" lon="-114.35654244323612">
    <ele>1816.698526107888</ele>
   </trkpt>
   <trkpt lat="43.696313543877814" lon="-114.35634214111587">
    <ele>1817.932300197718</ele>
   </trkpt>
   <trkpt lat="43.69661739776022" lon="-114.35609067606357">
    <ele>1818.6456712498245</ele>
   </trkpt>
   <trkpt lat="43.696916324356984" lon="-114.35578680455421">
    <ele>1818.7775000884424</ele>
   </trkpt>
   <trkpt lat="43.69718365428177" lon="-114.35545067582149">
    <ele>1818.774356168249</ele>
   </trkpt>
   <trkpt lat="43.69751245352106" lon="-114.35496333935421">
    <ele>1818.6666815095184</ele>
   </trkpt>
   <trkpt lat="43.697825038878015" lon="-114.35443326754134">
    <ele>1818.8948915382032</ele>
   </trkpt>
   <trkpt lat="43.69832439255353" lon="-114.35349472422821">
    <ele>1819.2165392769512</ele>
   </trkpt>
   <trkpt lat="43.698855230408014" lon="-114.3525797317378">
    <ele>1820.5354593699556</ele>
   </trkpt>
   <trkpt lat="43.69910803652649" lon="-114.35218088271202">
    <ele>1820.760120920405</ele>
   </trkpt>
   <trkpt lat="43.69928500792365" lon="-114.3519715377393">
    <ele>1821.1218126025979</ele>
   </trkpt>
   <trkpt lat="43.69953382117107" lon="-114.35174594214885">
    <ele>1821.5900209754077</ele>
   </trkpt>
   <trkpt lat="43.699921409989194" lon="-114.35146328803407">
    <ele>1822.1031049177727</ele>
   </trkpt>
   <trkpt lat="43.7007284463755" lon="-114.35095766665837">
    <ele>1822.4184078236951</ele>
   </trkpt>
   <trkpt lat="43.701514454056024" lon="-114.35048571566334">
    <ele>1822.230589580848</ele>
   </trkpt>
   <trkpt lat="43.702305805510065" lon="-114.3500044771555">
    <ele>1822.6558712025465</ele>
   </trkpt>
   <trkpt lat="43.70306871611308" lon="-114.34953417660432">
    <ele>1824.5593848913668</ele>
   </trkpt>
   <trkpt lat="43.70381739080405" lon="-114.34906736078916">
    <ele>1827.3913436879338</ele>
   </trkpt>
   <trkpt lat="43.70462116143459" lon="-114.34855910859321">
    <ele>1829.8673854694189</ele>
   </trkpt>
   <trkpt lat="43.705410482026586" lon="-114.34804376644487">
    <ele>1832.6051719175518</ele>
   </trkpt>
   <trkpt lat="43.70621316834007" lon="-114.34750856333532">
    <ele>1835.3855862478213</ele>
   </trkpt>
   <trkpt lat="43.70666955803516" lon="-114.34718176039402">
    <ele>1836.9154727696034</ele>
   </trkpt>
   <trkpt lat="43.70693877041411" lon="-114.34694735928082">
    <ele>1837.072473069856</ele>
   </trkpt>
   <trkpt lat="43.70711073651811" lon="-114.34675015146887">
    <ele>1837.5948752540362</ele>
   </trkpt>
   <trkpt lat="43.70744553737834" lon="-114.34627491859867">
    <ele>1837.4840817697452</ele>
   </trkpt>
   <trkpt lat="43.70793351111085" lon="-114.34549590141516">
    <ele>1836.7345092704181</ele>
   </trkpt>
   <trkpt lat="43.70848766728203" lon="-114.34454176506127">
    <ele>1836.7888465496856</ele>
   </trkpt>
   <trkpt lat="43.70882613581004" lon="-114.343982752281">
    <ele>1837.9790272401776</ele>
   </trkpt>
   <trkpt lat="43.70914899154133" lon="-114.34351655891284">
    <ele>1838.8137238182844</ele>
   </trkpt>
   <trkpt lat="43.709499351775705" lon="-114.34308060033354">
    <ele>1839.2162276276915</ele>
   </trkpt>
   <trkpt lat="43.70986727799159" lon="-114.34268710815543">
    <ele>1839.4309610172786</ele>
   </trkpt>
   <trkpt lat="43.71023896786142" lon="-114.34234303406481">
    <ele>1839.8070499628611</ele>
   </trkpt>
   <trkpt lat="43.71066225440117" lon="-114.34200302999692">
    <ele>1840.5985176618462</ele>
   </trkpt>
   <trkpt lat="43.71141860841235" lon="-114.34144609554002">
    <ele>1841.9299370744204</ele>
   </trkpt>
   <trkpt lat="43.71216910950823" lon="-114.34090981096413">
    <ele>1843.1640752648673</ele>
   </trkpt>
   <trkpt lat="43.712946194511204" lon="-114.34035703474684">
    <ele>1844.3843580893008</ele>
   </trkpt>
   <trkpt lat="43.71371761140487" lon="-114.33979943905454">
    <ele>1844.8720809369622</ele>
   </trkpt>
   <trkpt lat="43.71445110817278" lon="-114.33924869605372">
    <ele>1845.7696657445777</ele>
   </trkpt>
   <trkpt lat="43.715175664090665" lon="-114.33866472434208">
    <ele>1846.7843216171095</ele>
   </trkpt>
   <trkpt lat="43.715674387192685" lon="-114.33821561346579">
    <ele>1847.9430040703928</ele>
   </trkpt>
   <trkpt lat="43.71608512057811" lon="-114.33779549173181">
    <ele>1849.1357050848649</ele>
   </trkpt>
   <trkpt lat="43.71645760481376" lon="-114.33735706697453">
    <ele>1850.2502494121588</ele>
   </trkpt>
   <trkpt lat="43.716790652152014" lon="-114.33690190740599">
    <ele>1851.5991964383593</ele>
   </trkpt>
   <trkpt lat="43.717190033483966" lon="-114.33627350007238">
    <ele>1852.6850407834015</ele>
   </trkpt>
   <trkpt lat="43.717607976779945" lon="-114.33557374063132">
    <ele>1853.6855473052601</ele>
   </trkpt>
   <trkpt lat="43.71805865891561" lon="-114.33471084354026">
    <ele>1854.4102806793871</ele>
   </trkpt>
   <trkpt lat="43.71855266708163" lon="-114.33369800064409">
    <ele>1855.2823121049487</ele>
   </trkpt>
   <trkpt lat="43.71904024189124" lon="-114.33265811217203">
    <ele>1856.023737443132</ele>
   </trkpt>
   <trkpt lat="43.71950695755352" lon="-114.33163596479821">
    <ele>1856.1110878107236</ele>
   </trkpt>
   <trkpt lat="43.71987673898044" lon="-114.33090297950447">
    <ele>1855.6991104637007</ele>
   </trkpt>
   <trkpt lat="43.72033111086981" lon="-114.33008615409848">
    <ele>1854.8806399843845</ele>
   </trkpt>
   <trkpt lat="43.72090089462246" lon="-114.32914204012904">
    <ele>1853.2555298510695</ele>
   </trkpt>
   <trkpt lat="43.721488495839886" lon="-114.32823211107359">
    <ele>1851.9503026554437</ele>
   </trkpt>
   <trkpt lat="43.7220293794765" lon="-114.32744740712012">
    <ele>1851.6646945552995</ele>
   </trkpt>
   <trkpt lat="43.72261694834747" lon="-114.32664576931744">
    <ele>1852.8418543267999</ele>
   </trkpt>
   <trkpt lat="43.7232357433897" lon="-114.32580071933789">
    <ele>1853.7653237719387</ele>
   </trkpt>
   <trkpt lat="43.72367699644596" lon="-114.32515525586561">
    <ele>1853.6786246983747</ele>
   </trkpt>
   <trkpt lat="43.72404779624517" lon="-114.32455233730671">
    <ele>1853.3717165404762</ele>
   </trkpt>
   <trkpt lat="43.72435251774286" lon="-114.3239889882635">
    <ele>1853.5580305406081</ele>
   </trkpt>
   <trkpt lat="43.72459698081165" lon="-114.32347090016226">
    <ele>1854.805645691876</ele>
   </trkpt>
   <trkpt lat="43.72489366902296" lon="-114.32274229661054">
    <ele>1856.170449028324</ele>
   </trkpt>
   <trkpt lat="43.72527390907918" lon="-114.32170647683277">
    <ele>1857.0898433703321</ele>
   </trkpt>
   <trkpt lat="43.725648480058084" lon="-114.32061475085952">
    <ele>1858.8632052527028</ele>
   </trkpt>
   <trkpt lat="43.72601455794473" lon="-114.31956739637121">
    <ele>1860.7406675477923</ele>
   </trkpt>
   <trkpt lat="43.726412233425016" lon="-114.31851838483612">
    <ele>1863.0931360400689</ele>
   </trkpt>
   <trkpt lat="43.72681022694128" lon="-114.31756170711229">
    <ele>1864.0586679229734</ele>
   </trkpt>
   <trkpt lat="43.727244390666435" lon="-114.31658056537705">
    <ele>1865.2733552073232</ele>
   </trkpt>
   <trkpt lat="43.72769105794117" lon="-114.31557941780683">
    <ele>1866.7281796219113</ele>
   </trkpt>
   <trkpt lat="43.72810270803404" lon="-114.31465986846192">
    <ele>1868.0937580155617</ele>
   </trkpt>
   <trkpt lat="43.72852283403507" lon="-114.31372343725273">
    <ele>1868.930787201209</ele>
   </trkpt>
   <trkpt lat="43.728934286947826" lon="-114.31280784474896">
    <ele>1869.2626926962675</ele>
   </trkpt>
   <trkpt lat="43.72938047496538" lon="-114.3118163145009">
    <ele>1869.3821380516772</ele>
   </trkpt>
   <trkpt lat="43.72981243417964" lon="-114.31085757406356">
    <ele>1869.5252525349663</ele>
   </trkpt>
   <trkpt lat="43.73028639670041" lon="-114.30980924832838">
    <ele>1870.4850245694254</ele>
   </trkpt>
   <trkpt lat="43.73078912895208" lon="-114.30885693115205">
    <ele>1872.392718792372</ele>
   </trkpt>
   <trkpt lat="43.731330492056486" lon="-114.30790790463823">
    <ele>1875.834745191797</ele>
   </trkpt>
   <trkpt lat="43.73179532252176" lon="-114.30715712602617">
    <ele>1879.509501438921</ele>
   </trkpt>
   <trkpt lat="43.73224438331567" lon="-114.3064970259317">
    <ele>1883.4502926967052</ele>
   </trkpt>
   <trkpt lat="43.732854205511906" lon="-114.30563271151385">
    <ele>1887.2242783423947</ele>
   </trkpt>
   <trkpt lat="43.73346036764255" lon="-114.30477651091466">
    <ele>1890.0448382509223</ele>
   </trkpt>
   <trkpt lat="43.73405965660317" lon="-114.30393572180053">
    <ele>1891.8341123391804</ele>
   </trkpt>
   <trkpt lat="43.73469005767018" lon="-114.30306352003049">
    <ele>1894.9690627623543</ele>
   </trkpt>
   <trkpt lat="43.735258395972245" lon="-114.30231126647904">
    <ele>1899.2697780535752</ele>
   </trkpt>
   <trkpt lat="43.73586672347414" lon="-114.30158145036201">
    <ele>1904.4614364916447</ele>
   </trkpt>
   <trkpt lat="43.73640388454603" lon="-114.30100012701959">
    <ele>1906.8189156407286</ele>
   </trkpt>
   <trkpt lat="43.7365713703296" lon="-114.30083279670832">
    <ele>1906.8189156407286</ele>
   </trkpt>
   <trkpt lat="43.73671322177587" lon="-114.30070975532858">
    <ele>1907.2467621539624</ele>
   </trkpt>
   <trkpt lat="43.73685666666667" lon="-114.30059">
    <ele>1907.2467621539624</ele>
   </trkpt>
   <trkpt lat="43.737" lon="-114.30047">
    <ele>1907.7496129015917</ele>
   </trkpt>
   <trkpt lat="43.737680000000005" lon="-114.29998">
    <ele>1910.4811419011378</ele>
   </trkpt>
   <trkpt lat="43.73842455619718" lon="-114.29948369808562">
    <ele>1912.5135041680041</ele>
   </trkpt>
   <trkpt lat="43.73916911024687" lon="-114.29898738382816">
    <ele>1914.4106087665523</ele>
   </trkpt>
   <trkpt lat="43.73991366214897" lon="-114.29849105722698">
    <ele>1916.0911850666596</ele>
   </trkpt>
   <trkpt lat="43.74065821190337" lon="-114.29799471828156">
    <ele>1917.7325701035388</ele>
   </trkpt>
   <trkpt lat="43.741402759509974" lon="-114.2974983669912">
    <ele>1919.7192899700658</ele>
   </trkpt>
   <trkpt lat="43.742147304968654" lon="-114.29700200335542">
    <ele>1921.9480874210585</ele>
   </trkpt>
   <trkpt lat="43.742891848279314" lon="-114.29650562737355">
    <ele>1924.1935401889361</ele>
   </trkpt>
   <trkpt lat="43.743636389441846" lon="-114.29600923904505">
    <ele>1926.3144896772164</ele>
   </trkpt>
   <trkpt lat="43.74438092845613" lon="-114.29551283836928">
    <ele>1928.1123231073325</ele>
   </trkpt>
   <trkpt lat="43.74512546532205" lon="-114.29501642534568">
    <ele>1928.9996605359584</ele>
   </trkpt>
   <trkpt lat="43.745870000000004" lon="-114.29452">
    <ele>1931.8840515643983</ele>
   </trkpt>
   <trkpt lat="43.74633000054753" lon="-114.29415500283126">
    <ele>1932.9552588345073</ele>
   </trkpt>
   <trkpt lat="43.746790000000004" lon="-114.29379000000002">
    <ele>1933.2777825264716</ele>
   </trkpt>
   <trkpt lat="43.747420000000005" lon="-114.29321000000002">
    <ele>1934.2584982402493</ele>
   </trkpt>
   <trkpt lat="43.74793333574315" lon="-114.29269000886612">
    <ele>1936.4490808751345</ele>
   </trkpt>
   <trkpt lat="43.74844666912892" lon="-114.29217000881313">
    <ele>1939.8391207324287</ele>
   </trkpt>
   <trkpt lat="43.748960000000004" lon="-114.29165">
    <ele>1942.3823686764545</ele>
   </trkpt>
   <trkpt lat="43.749390000000005" lon="-114.29116">
    <ele>1943.6111305455768</ele>
   </trkpt>
   <trkpt lat="43.74976" lon="-114.29059000000001">
    <ele>1943.534302648789</ele>
   </trkpt>
   <trkpt lat="43.750110001833214" lon="-114.28995500357638">
    <ele>1944.0105734985978</ele>
   </trkpt>
   <trkpt lat="43.750460000000004" lon="-114.28932">
    <ele>1944.0396945457137</ele>
   </trkpt>
   <trkpt lat="43.750620000000005" lon="-114.28906">
    <ele>1943.9998389530506</ele>
   </trkpt>
   <trkpt lat="43.750930000000004" lon="-114.28866000000001">
    <ele>1943.6816567601898</ele>
   </trkpt>
   <trkpt lat="43.75148" lon="-114.28808000000001">
    <ele>1941.5847519145984</ele>
   </trkpt>
   <trkpt lat="43.75208250417307" lon="-114.28751751695566">
    <ele>1939.2455359314679</ele>
   </trkpt>
   <trkpt lat="43.7526850055877" lon="-114.28695502258584">
    <ele>1937.4898442289882</ele>
   </trkpt>
   <trkpt lat="43.75328750424379" lon="-114.28639251689016">
    <ele>1937.737161583561</ele>
   </trkpt>
   <trkpt lat="43.753890000000006" lon="-114.28583">
    <ele>1938.9749108688757</ele>
   </trkpt>
   <trkpt lat="43.754490000000004" lon="-114.2853">
    <ele>1938.0309428295677</ele>
   </trkpt>
   <trkpt lat="43.75513" lon="-114.28484">
    <ele>1936.17270392366</ele>
   </trkpt>
   <trkpt lat="43.755500000000005" lon="-114.28462">
    <ele>1936.0357689413286</ele>
   </trkpt>
   <trkpt lat="43.75596" lon="-114.28436">
    <ele>1937.4466797034038</ele>
   </trkpt>
   <trkpt lat="43.756660000515964" lon="-114.28402500390612">
    <ele>1940.7213769304883</ele>
   </trkpt>
   <trkpt lat="43.757360000000006" lon="-114.28369">
    <ele>1943.546817015561</ele>
   </trkpt>
   <trkpt lat="43.757940000000005" lon="-114.28338000000001">
    <ele>1945.4005009890286</ele>
   </trkpt>
   <trkpt lat="43.75856" lon="-114.28301">
    <ele>1946.1747845619</ele>
   </trkpt>
   <trkpt lat="43.759040000000006" lon="-114.28269">
    <ele>1945.5495891916835</ele>
   </trkpt>
   <trkpt lat="43.759676668474434" lon="-114.2822300098165">
    <ele>1943.9511735618469</ele>
   </trkpt>
   <trkpt lat="43.760313335104065" lon="-114.2817700098434">
    <ele>1942.9014335121483</ele>
   </trkpt>
   <trkpt lat="43.76095" lon="-114.28131">
    <ele>1943.2405723783982</ele>
   </trkpt>
   <trkpt lat="43.76146000000001" lon="-114.28092000000001">
    <ele>1944.427651378443</ele>
   </trkpt>
   <trkpt lat="43.76220215890125" lon="-114.28038794296508">
    <ele>1946.464116597285</ele>
   </trkpt>
   <trkpt lat="43.762944315334366" lon="-114.27985587272947">
    <ele>1948.7515295636092</ele>
   </trkpt>
   <trkpt lat="43.76368646929921" lon="-114.27932378929255">
    <ele>1951.329156332691</ele>
   </trkpt>
   <trkpt lat="43.76442862079567" lon="-114.27879169265366">
    <ele>1953.851917204066</ele>
   </trkpt>
   <trkpt lat="43.76517076982361" lon="-114.27825958281223">
    <ele>1956.3015057116706</ele>
   </trkpt>
   <trkpt lat="43.76591291638292" lon="-114.27772745976759">
    <ele>1958.437627073702</ele>
   </trkpt>
   <trkpt lat="43.76665506047348" lon="-114.27719532351914">
    <ele>1959.7090372237662</ele>
   </trkpt>
   <trkpt lat="43.76739720209514" lon="-114.27666317406624">
    <ele>1960.2378470416252</ele>
   </trkpt>
   <trkpt lat="43.768139341247796" lon="-114.27613101140828">
    <ele>1960.6995216623488</ele>
   </trkpt>
   <trkpt lat="43.768881477931316" lon="-114.27559883554461">
    <ele>1961.754017646435</ele>
   </trkpt>
   <trkpt lat="43.76962361214555" lon="-114.27506664647463">
    <ele>1963.3184183170727</ele>
   </trkpt>
   <trkpt lat="43.77036574389041" lon="-114.27453444419768">
    <ele>1965.1469118108605</ele>
   </trkpt>
   <trkpt lat="43.77110787316576" lon="-114.27400222871319">
    <ele>1967.2531650787778</ele>
   </trkpt>
   <trkpt lat="43.77185" lon="-114.27347">
    <ele>1969.6741832206633</ele>
   </trkpt>
   <trkpt lat="43.772240000000004" lon="-114.27318000000001">
    <ele>1971.2724838449608</ele>
   </trkpt>
   <trkpt lat="43.77264" lon="-114.27284000000002">
    <ele>1973.168496482148</ele>
   </trkpt>
   <trkpt lat="43.77329000163847" lon="-114.2722300066147">
    <ele>1977.2376915724567</ele>
   </trkpt>
   <trkpt lat="43.77394" lon="-114.27162000000001">
    <ele>1983.3635062487276</ele>
   </trkpt>
   <trkpt lat="43.77456750237492" lon="-114.27119751327302">
    <ele>1988.0903830446491</ele>
   </trkpt>
   <trkpt lat="43.77519500319359" lon="-114.27077501767943">
    <ele>1992.8164910836035</ele>
   </trkpt>
   <trkpt lat="43.7758225024559" lon="-114.2703525132189">
    <ele>1997.2930740171143</ele>
   </trkpt>
   <trkpt lat="43.776450000000004" lon="-114.26993000000002">
    <ele>2002.6349422995897</ele>
   </trkpt>
   <trkpt lat="43.776650000000004" lon="-114.26971">
    <ele>2004.8464430470217</ele>
   </trkpt>
   <trkpt lat="43.776740000000004" lon="-114.26959000000001">
    <ele>2006.2913222827751</ele>
   </trkpt>
   <trkpt lat="43.777300000000004" lon="-114.26865000000001">
    <ele>2014.0923055135172</ele>
   </trkpt>
   <trkpt lat="43.777570000000004" lon="-114.26832">
    <ele>2018.0793146062347</ele>
   </trkpt>
   <trkpt lat="43.7779" lon="-114.26802">
    <ele>2021.8738239135741</ele>
   </trkpt>
   <trkpt lat="43.77854400426089" lon="-114.26752602127873">
    <ele>2027.9188784202042</ele>
   </trkpt>
   <trkpt lat="43.77918800639422" lon="-114.26703203191637">
    <ele>2031.890008277888</ele>
   </trkpt>
   <trkpt lat="43.77983200639995" lon="-114.26653803191249">
    <ele>2036.8973694528468</ele>
   </trkpt>
   <trkpt lat="43.780476004277915" lon="-114.26604402126667">
    <ele>2042.734516347547</ele>
   </trkpt>
   <trkpt lat="43.78112" lon="-114.26555">
    <ele>2048.688630337006</ele>
   </trkpt>
   <trkpt lat="43.781420000000004" lon="-114.26532">
    <ele>2051.04726773327</ele>
   </trkpt>
   <trkpt lat="43.78161" lon="-114.26523">
    <ele>2053.454008841307</ele>
   </trkpt>
   <trkpt lat="43.78235" lon="-114.26492">
    <ele>2060.0241532165464</ele>
   </trkpt>
   <trkpt lat="43.78273" lon="-114.2647">
    <ele>2062.2123724861644</ele>
   </trkpt>
   <trkpt lat="43.78296" lon="-114.26452">
    <ele>2064.4054104145157</ele>
   </trkpt>
   <trkpt lat="43.78367" lon="-114.2638">
    <ele>2072.139262408193</ele>
   </trkpt>
   <trkpt lat="43.783970000000004" lon="-114.26354">
    <ele>2075.347819765217</ele>
   </trkpt>
   <trkpt lat="43.78459500045157" lon="-114.26317500389159">
    <ele>2080.1247362738245</ele>
   </trkpt>
   <trkpt lat="43.78522" lon="-114.26281000000002">
    <ele>2085.431139447432</ele>
   </trkpt>
   <trkpt lat="43.78579333486639" lon="-114.26239334131195">
    <ele>2091.616879535916</ele>
   </trkpt>
   <trkpt lat="43.786366668219124" lon="-114.26197667463128">
    <ele>2096.7664532330364</ele>
   </trkpt>
   <trkpt lat="43.78694" lon="-114.26156">
    <ele>2100.6976647748943</ele>
   </trkpt>
   <trkpt lat="43.787516667821585" lon="-114.26120667344358">
    <ele>2104.4564062989025</ele>
   </trkpt>
   <trkpt lat="43.7880933345547" lon="-114.26085334006962">
    <ele>2109.530910387133</ele>
   </trkpt>
   <trkpt lat="43.78867" lon="-114.26050000000001">
    <ele>2115.730129270083</ele>
   </trkpt>
   <trkpt lat="43.78923" lon="-114.26036">
    <ele>2120.1477422618655</ele>
   </trkpt>
   <trkpt lat="43.789480000000005" lon="-114.26024000000001">
    <ele>2122.2465636874385</ele>
   </trkpt>
   <trkpt lat="43.7896" lon="-114.26017000000002">
    <ele>2122.8852513483325</ele>
   </trkpt>
   <trkpt lat="43.78976" lon="-114.26">
    <ele>2124.1580697545005</ele>
   </trkpt>
   <trkpt lat="43.790040000000005" lon="-114.25968">
    <ele>2126.9658402168743</ele>
   </trkpt>
   <trkpt lat="43.790200000000006" lon="-114.25952000000001">
    <ele>2129.1966629341828</ele>
   </trkpt>
   <trkpt lat="43.7907" lon="-114.25924">
    <ele>2134.600836979015</ele>
   </trkpt>
   <trkpt lat="43.791050000000006" lon="-114.25914000000002">
    <ele>2136.4004346938177</ele>
   </trkpt>
   <trkpt lat="43.791540000000005" lon="-114.25901">
    <ele>2141.973031747205</ele>
   </trkpt>
   <trkpt lat="43.79196" lon="-114.25893">
    <ele>2146.0459251580396</ele>
   </trkpt>
   <trkpt lat="43.792320000000004" lon="-114.25892">
    <ele>2149.3183749460463</ele>
   </trkpt>
   <trkpt lat="43.792970000000004" lon="-114.25893">
    <ele>2152.9832927446537</ele>
   </trkpt>
   <trkpt lat="43.79312" lon="-114.25892">
    <ele>2154.4388191988764</ele>
   </trkpt>
   <trkpt lat="43.793260000000004" lon="-114.25888">
    <ele>2155.943815853557</ele>
   </trkpt>
   <trkpt lat="43.79339" lon="-114.25880000000001">
    <ele>2155.943815853557</ele>
   </trkpt>
   <trkpt lat="43.79356000000001" lon="-114.25865">
    <ele>2157.341890396809</ele>
   </trkpt>
   <trkpt lat="43.79381" lon="-114.25822000000001">
    <ele>2160.268281624658</ele>
   </trkpt>
   <trkpt lat="43.7939" lon="-114.25812">
    <ele>2161.346866796807</ele>
   </trkpt>
   <trkpt lat="43.79428" lon="-114.25789">
    <ele>2162.0540525499496</ele>
   </trkpt>
   <trkpt lat="43.79457" lon="-114.25768000000001">
    <ele>2161.951758601439</ele>
   </trkpt>
   <trkpt lat="43.79471" lon="-114.25764000000001">
    <ele>2161.9289608470967</ele>
   </trkpt>
   <trkpt lat="43.794990000000006" lon="-114.25768000000001">
    <ele>2162.2811391094515</ele>
   </trkpt>
   <trkpt lat="43.79513" lon="-114.25767">
    <ele>2163.029942893325</ele>
   </trkpt>
   <trkpt lat="43.79563" lon="-114.25736">
    <ele>2167.0881096388966</ele>
   </trkpt>
   <trkpt lat="43.795910000000006" lon="-114.25713">
    <ele>2172.465839478696</ele>
   </trkpt>
   <trkpt lat="43.796150000000004" lon="-114.25699000000002">
    <ele>2178.7139539878244</ele>
   </trkpt>
   <trkpt lat="43.796350000000004" lon="-114.25691">
    <ele>2181.306350232704</ele>
   </trkpt>
   <trkpt lat="43.796640000000004" lon="-114.25691">
    <ele>2185.2985591084475</ele>
   </trkpt>
   <trkpt lat="43.796780000000005" lon="-114.25686">
    <ele>2187.5694185092084</ele>
   </trkpt>
   <trkpt lat="43.797560000000004" lon="-114.25647000000001">
    <ele>2194.125801317072</ele>
   </trkpt>
   <trkpt lat="43.797900000000006" lon="-114.25633">
    <ele>2196.763744363206</ele>
   </trkpt>
   <trkpt lat="43.798080000000006" lon="-114.25623000000002">
    <ele>2198.159051908819</ele>
   </trkpt>
   <trkpt lat="43.79833000000001" lon="-114.25587000000002">
    <ele>2201.255973510026</ele>
   </trkpt>
   <trkpt lat="43.798480000000005" lon="-114.2557">
    <ele>2202.760230931323</ele>
   </trkpt>
   <trkpt lat="43.7991" lon="-114.25534">
    <ele>2207.995314052088</ele>
   </trkpt>
   <trkpt lat="43.7995" lon="-114.25516">
    <ele>2210.8682778054167</ele>
   </trkpt>
   <trkpt lat="43.79955" lon="-114.25512">
    <ele>2211.5138370793375</ele>
   </trkpt>
   <trkpt lat="43.799640000000004" lon="-114.25499">
    <ele>2212.2666817401946</ele>
   </trkpt>
   <trkpt lat="43.799710000000005" lon="-114.25486000000001">
    <ele>2213.7391676559823</ele>
   </trkpt>
   <trkpt lat="43.79986" lon="-114.25417000000002">
    <ele>2217.157946991821</ele>
   </trkpt>
   <trkpt lat="43.79999" lon="-114.25374000000001">
    <ele>2221.6344942506284</ele>
   </trkpt>
   <trkpt lat="43.800050000000006" lon="-114.25361000000001">
    <ele>2222.5317099341396</ele>
   </trkpt>
   <trkpt lat="43.8001" lon="-114.25356000000001">
    <ele>2223.2098346313705</ele>
   </trkpt>
   <trkpt lat="43.800290000000004" lon="-114.25346">
    <ele>2223.9237557797646</ele>
   </trkpt>
   <trkpt lat="43.80050000000001" lon="-114.2535">
    <ele>2225.9306140487083</ele>
   </trkpt>
   <trkpt lat="43.800740000000005" lon="-114.25364">
    <ele>2227.6963081229987</ele>
   </trkpt>
   <trkpt lat="43.801310000840154" lon="-114.25408499573639">
    <ele>2232.428326017584</ele>
   </trkpt>
   <trkpt lat="43.801880000000004" lon="-114.25453">
    <ele>2238.0119853099673</ele>
   </trkpt>
   <trkpt lat="43.802020000000006" lon="-114.25458">
    <ele>2240.0812821745285</ele>
   </trkpt>
   <trkpt lat="43.80216" lon="-114.25458">
    <ele>2240.9708029190215</ele>
   </trkpt>
   <trkpt lat="43.80266" lon="-114.25458">
    <ele>2245.9056316884207</ele>
   </trkpt>
   <trkpt lat="43.802870000000006" lon="-114.25459000000001">
    <ele>2247.80681271681</ele>
   </trkpt>
   <trkpt lat="43.80359000000001" lon="-114.25494">
    <ele>2255.6357421032712</ele>
   </trkpt>
   <trkpt lat="43.804140000000004" lon="-114.25513000000001">
    <ele>2259.69486682492</ele>
   </trkpt>
   <trkpt lat="43.80478" lon="-114.25547">
    <ele>2263.6389439275936</ele>
   </trkpt>
   <trkpt lat="43.805130000000005" lon="-114.25572000000001">
    <ele>2266.2043192536694</ele>
   </trkpt>
   <trkpt lat="43.80547000000001" lon="-114.25601">
    <ele>2268.8048782790484</ele>
   </trkpt>
   <trkpt lat="43.80608" lon="-114.2566">
    <ele>2273.949668704861</ele>
   </trkpt>
   <trkpt lat="43.80664" lon="-114.25727">
    <ele>2279.6050176247318</ele>
   </trkpt>
   <trkpt lat="43.806850000000004" lon="-114.25767">
    <ele>2281.983128824189</ele>
   </trkpt>
   <trkpt lat="43.80698" lon="-114.25784000000002">
    <ele>2283.091906536558</ele>
   </trkpt>
   <trkpt lat="43.80756" lon="-114.25848">
    <ele>2289.0312265932034</ele>
   </trkpt>
   <trkpt lat="43.80785" lon="-114.2587">
    <ele>2290.55344701382</ele>
   </trkpt>
   <trkpt lat="43.80848" lon="-114.25907000000001">
    <ele>2296.1072385245902</ele>
   </trkpt>
   <trkpt lat="43.808690000000006" lon="-114.25915">
    <ele>2297.866313843935</ele>
   </trkpt>
   <trkpt lat="43.80919" lon="-114.25919">
    <ele>2300.4880134532423</ele>
   </trkpt>
   <trkpt lat="43.809610000000006" lon="-114.25928">
    <ele>2303.0363773923546</ele>
   </trkpt>
   <trkpt lat="43.809760000000004" lon="-114.25928">
    <ele>2304.1267678217187</ele>
   </trkpt>
   <trkpt lat="43.810190000000006" lon="-114.25923">
    <ele>2307.689536211269</ele>
   </trkpt>
   <trkpt lat="43.810750000000006" lon="-114.25906">
    <ele>2312.1599126477977</ele>
   </trkpt>
   <trkpt lat="43.811040000000006" lon="-114.25906">
    <ele>2314.0076309731276</ele>
   </trkpt>
   <trkpt lat="43.81154" lon="-114.25919">
    <ele>2317.009779870095</ele>
   </trkpt>
   <trkpt lat="43.812250000000006" lon="-114.25932">
    <ele>2320.7946277223305</ele>
   </trkpt>
   <trkpt lat="43.8128" lon="-114.25947000000001">
    <ele>2323.15894318784</ele>
   </trkpt>
   <trkpt lat="43.81295" lon="-114.2595">
    <ele>2323.6449229639893</ele>
   </trkpt>
   <trkpt lat="43.81324" lon="-114.25943000000001">
    <ele>2324.9480849679576</ele>
   </trkpt>
   <trkpt lat="43.813660000000006" lon="-114.25932">
    <ele>2326.7910680924956</ele>
   </trkpt>
   <trkpt lat="43.81416" lon="-114.25928">
    <ele>2330.141276670959</ele>
   </trkpt>
   <trkpt lat="43.8143" lon="-114.25923">
    <ele>2330.6749382973476</ele>
   </trkpt>
   <trkpt lat="43.814490000000006" lon="-114.25914000000002">
    <ele>2331.7813512931066</ele>
   </trkpt>
   <trkpt lat="43.814780000000006" lon="-114.25889000000001">
    <ele>2333.981086172355</ele>
   </trkpt>
   <trkpt lat="43.815150000664985" lon="-114.25848500256421">
    <ele>2338.0373353724194</ele>
   </trkpt>
   <trkpt lat="43.81552000000001" lon="-114.25808">
    <ele>2341.99089594917</ele>
   </trkpt>
   <trkpt lat="43.81575" lon="-114.25793000000002">
    <ele>2343.231792307179</ele>
   </trkpt>
   <trkpt lat="43.816230000000004" lon="-114.2578">
    <ele>2347.2414357565985</ele>
   </trkpt>
   <trkpt lat="43.81668999992248" lon="-114.25775500035512">
    <ele>2351.0650248573115</ele>
   </trkpt>
   <trkpt lat="43.817150000000005" lon="-114.25771">
    <ele>2355.129916239682</ele>
   </trkpt>
   <trkpt lat="43.8173" lon="-114.25771">
    <ele>2356.207529444335</ele>
   </trkpt>
   <trkpt lat="43.81763" lon="-114.25785">
    <ele>2358.4237326781044</ele>
   </trkpt>
   <trkpt lat="43.817750000000004" lon="-114.25794">
    <ele>2359.105176611615</ele>
   </trkpt>
   <trkpt lat="43.81786" lon="-114.25803">
    <ele>2360.112655588361</ele>
   </trkpt>
   <trkpt lat="43.81842" lon="-114.25879">
    <ele>2363.553972609538</ele>
   </trkpt>
   <trkpt lat="43.818920000000006" lon="-114.25932">
    <ele>2366.0448205456314</ele>
   </trkpt>
   <trkpt lat="43.8195400017546" lon="-114.25992499387267">
    <ele>2370.2753487685513</ele>
   </trkpt>
   <trkpt lat="43.82016" lon="-114.26053">
    <ele>2374.97458581682</ele>
   </trkpt>
   <trkpt lat="43.82057500074073" lon="-114.26087499778636">
    <ele>2378.0948251581026</ele>
   </trkpt>
   <trkpt lat="43.82099" lon="-114.26122000000001">
    <ele>2382.0704142211953</ele>
   </trkpt>
   <trkpt lat="43.82124" lon="-114.26149000000001">
    <ele>2384.3885084138665</ele>
   </trkpt>
   <trkpt lat="43.821490000000004" lon="-114.26184">
    <ele>2389.5878091743307</ele>
   </trkpt>
   <trkpt lat="43.82199000000001" lon="-114.26264">
    <ele>2399.0431882230623</ele>
   </trkpt>
   <trkpt lat="43.8222" lon="-114.26286">
    <ele>2401.6772084224954</ele>
   </trkpt>
   <trkpt lat="43.82233" lon="-114.26292000000001">
    <ele>2402.8579333422417</ele>
   </trkpt>
   <trkpt lat="43.822540000000004" lon="-114.263">
    <ele>2404.5537192363995</ele>
   </trkpt>
   <trkpt lat="43.82325" lon="-114.26310000000001">
    <ele>2407.296210299409</ele>
   </trkpt>
   <trkpt lat="43.82379500014973" lon="-114.26311999982285">
    <ele>2406.8604352414227</ele>
   </trkpt>
   <trkpt lat="43.82434000000001" lon="-114.26314">
    <ele>2406.766675795041</ele>
   </trkpt>
   <trkpt lat="43.825100000000006" lon="-114.26312000000001">
    <ele>2407.642188124187</ele>
   </trkpt>
   <trkpt lat="43.82593000000001" lon="-114.26310000000001">
    <ele>2408.1407741897815</ele>
   </trkpt>
   <trkpt lat="43.82627" lon="-114.26304">
    <ele>2408.1211716945245</ele>
   </trkpt>
   <trkpt lat="43.8265" lon="-114.26292000000001">
    <ele>2407.8550366262507</ele>
   </trkpt>
   <trkpt lat="43.827130000000004" lon="-114.26223">
    <ele>2404.4107564597566</ele>
   </trkpt>
   <trkpt lat="43.82761000000001" lon="-114.26156">
    <ele>2401.155803214217</ele>
   </trkpt>
   <trkpt lat="43.827985000708566" lon="-114.26114000270644">
    <ele>2398.1394424248897</ele>
   </trkpt>
   <trkpt lat="43.82836" lon="-114.26072">
    <ele>2395.2882961984797</ele>
   </trkpt>
   <trkpt lat="43.82893000000001" lon="-114.26022">
    <ele>2390.8567269944606</ele>
   </trkpt>
   <trkpt lat="43.82943" lon="-114.25995">
    <ele>2386.5299584973695</ele>
   </trkpt>
   <trkpt lat="43.830070000000006" lon="-114.25977">
    <ele>2380.8978842370716</ele>
   </trkpt>
   <trkpt lat="43.830420000000004" lon="-114.25973">
    <ele>2377.0016557011104</ele>
   </trkpt>
   <trkpt lat="43.83108" lon="-114.25973">
    <ele>2371.542088378219</ele>
   </trkpt>
   <trkpt lat="43.831340000000004" lon="-114.25968">
    <ele>2367.3026728896575</ele>
   </trkpt>
   <trkpt lat="43.83217000061118" lon="-114.25932500491072">
    <ele>2363.988112292222</ele>
   </trkpt>
   <trkpt lat="43.833000000000006" lon="-114.25897">
    <ele>2360.6391469660903</ele>
   </trkpt>
   <trkpt lat="43.833400000000005" lon="-114.2587">
    <ele>2357.948482704518</ele>
   </trkpt>
   <trkpt lat="43.833740000000006" lon="-114.25838">
    <ele>2353.7251521025223</ele>
   </trkpt>
   <trkpt lat="43.834050000000005" lon="-114.25820000000002">
    <ele>2350.2723148522214</ele>
   </trkpt>
   <trkpt lat="43.83449000025388" lon="-114.2579550018108">
    <ele>2347.3715442832304</ele>
   </trkpt>
   <trkpt lat="43.83493000000001" lon="-114.25771">
    <ele>2344.207298490368</ele>
   </trkpt>
   <trkpt lat="43.83525" lon="-114.25759000000001">
    <ele>2342.1370230400526</ele>
   </trkpt>
   <trkpt lat="43.835460000000005" lon="-114.25755000000001">
    <ele>2341.0270523897</ele>
   </trkpt>
   <trkpt lat="43.83592499980096" lon="-114.25756499987665">
    <ele>2337.817958432955</ele>
   </trkpt>
   <trkpt lat="43.83639" lon="-114.25758">
    <ele>2334.9961453227356</ele>
   </trkpt>
   <trkpt lat="43.83661" lon="-114.25754">
    <ele>2334.302843660343</ele>
   </trkpt>
   <trkpt lat="43.836780000000005" lon="-114.25749">
    <ele>2333.6220557902675</ele>
   </trkpt>
   <trkpt lat="43.83691" lon="-114.2574">
    <ele>2333.2322707366047</ele>
   </trkpt>
   <trkpt lat="43.837160000000004" lon="-114.25713">
    <ele>2331.70486754313</ele>
   </trkpt>
   <trkpt lat="43.83744" lon="-114.25668">
    <ele>2330.6688542352513</ele>
   </trkpt>
   <trkpt lat="43.83771" lon="-114.25615">
    <ele>2329.6757938770343</ele>
   </trkpt>
   <trkpt lat="43.83818" lon="-114.25543">
    <ele>2327.837865001986</ele>
   </trkpt>
   <trkpt lat="43.83867" lon="-114.25444">
    <ele>2325.74956378535</ele>
   </trkpt>
   <trkpt lat="43.83909000388943" lon="-114.25350000653366">
    <ele>2323.825652797047</ele>
   </trkpt>
   <trkpt lat="43.839510000000004" lon="-114.25256">
    <ele>2321.9949744158644</ele>
   </trkpt>
   <trkpt lat="43.83973" lon="-114.25221">
    <ele>2320.9967611992224</ele>
   </trkpt>
   <trkpt lat="43.83997" lon="-114.25195000000001">
    <ele>2320.0798608736486</ele>
   </trkpt>
   <trkpt lat="43.8404300012771" lon="-114.25141000415658">
    <ele>2318.679571941711</ele>
   </trkpt>
   <trkpt lat="43.84089" lon="-114.25087">
    <ele>2317.4175298934324</ele>
   </trkpt>
   <trkpt lat="43.84143000187956" lon="-114.2501950062431">
    <ele>2315.6170258667303</ele>
   </trkpt>
   <trkpt lat="43.84197" lon="-114.24952">
    <ele>2314.808416609609</ele>
   </trkpt>
   <trkpt lat="43.842470000000006" lon="-114.24886000000001">
    <ele>2315.8614658472516</ele>
   </trkpt>
   <trkpt lat="43.84279" lon="-114.24827">
    <ele>2316.677337667106</ele>
   </trkpt>
   <trkpt lat="43.842960000000005" lon="-114.24782">
    <ele>2316.4335874530448</ele>
   </trkpt>
   <trkpt lat="43.84339000000001" lon="-114.24676000000001">
    <ele>2312.455107652738</ele>
   </trkpt>
   <trkpt lat="43.84375000000001" lon="-114.24594">
    <ele>2309.4979972144342</ele>
   </trkpt>
   <trkpt lat="43.8441050040872" lon="-114.24498000552559">
    <ele>2307.9330078438597</ele>
   </trkpt>
   <trkpt lat="43.844460000000005" lon="-114.24402">
    <ele>2307.1863452861367</ele>
   </trkpt>
   <trkpt lat="43.844800000000006" lon="-114.24322000000001">
    <ele>2306.428245058723</ele>
   </trkpt>
   <trkpt lat="43.8451900085469" lon="-114.2422300129426">
    <ele>2305.305150794653</ele>
   </trkpt>
   <trkpt lat="43.84558000854787" lon="-114.24124001294034">
    <ele>2303.2143330982476</ele>
   </trkpt>
   <trkpt lat="43.84597" lon="-114.24025">
    <ele>2300.4718213934902</ele>
   </trkpt>
   <trkpt lat="43.846210000000006" lon="-114.23958">
    <ele>2298.489750427061</ele>
   </trkpt>
   <trkpt lat="43.84652667233974" lon="-114.23877334190024">
    <ele>2296.949055968464</ele>
   </trkpt>
   <trkpt lat="43.8468433390056" lon="-114.23796667523573">
    <ele>2295.5946806519005</ele>
   </trkpt>
   <trkpt lat="43.84716" lon="-114.23716">
    <ele>2294.326044873041</ele>
   </trkpt>
   <trkpt lat="43.847526673865204" lon="-114.23625001124276">
    <ele>2292.7755906617017</ele>
   </trkpt>
   <trkpt lat="43.84789334050982" lon="-114.2353400112977">
    <ele>2291.5632993674108</ele>
   </trkpt>
   <trkpt lat="43.84826" lon="-114.23443">
    <ele>2290.610956576501</ele>
   </trkpt>
   <trkpt lat="43.84855500253732" lon="-114.23365500404658">
    <ele>2289.676533283658</ele>
   </trkpt>
   <trkpt lat="43.848850000000006" lon="-114.23288000000001">
    <ele>2288.8573715390467</ele>
   </trkpt>
   <trkpt lat="43.849140000000006" lon="-114.23241000000002">
    <ele>2288.2584252293436</ele>
   </trkpt>
   <trkpt lat="43.849320000000006" lon="-114.23221000000001">
    <ele>2288.0050399311745</ele>
   </trkpt>
   <trkpt lat="43.84968000084331" lon="-114.23179000244843">
    <ele>2287.2722535143516</ele>
   </trkpt>
   <trkpt lat="43.85004000000001" lon="-114.23137000000001">
    <ele>2286.6231269962927</ele>
   </trkpt>
   <trkpt lat="43.85067000257192" lon="-114.23059500824382">
    <ele>2284.892065981354</ele>
   </trkpt>
   <trkpt lat="43.8513" lon="-114.22982">
    <ele>2283.2039133578883</ele>
   </trkpt>
   <trkpt lat="43.85165000000001" lon="-114.22943000000001">
    <ele>2282.350098156758</ele>
   </trkpt>
   <trkpt lat="43.852202505957464" lon="-114.22875501876223">
    <ele>2281.357899905704</ele>
   </trkpt>
   <trkpt lat="43.85275500794219" lon="-114.22808002501802">
    <ele>2281.717017945059</ele>
   </trkpt>
   <trkpt lat="43.85330750595402" lon="-114.22740501876702">
    <ele>2282.8056750882097</ele>
   </trkpt>
   <trkpt lat="43.853860000000005" lon="-114.22673">
    <ele>2283.697888306814</ele>
   </trkpt>
   <trkpt lat="43.85448001464613" lon="-114.22598147528329">
    <ele>2283.7051522901775</ele>
   </trkpt>
   <trkpt lat="43.85510002440659" lon="-114.22523293500161">
    <ele>2283.29457655943</ele>
   </trkpt>
   <trkpt lat="43.85572002928121" lon="-114.22448437915445">
    <ele>2282.8307248556657</ele>
   </trkpt>
   <trkpt lat="43.85634002926978" lon="-114.22373580774126">
    <ele>2281.980926626424</ele>
   </trkpt>
   <trkpt lat="43.85696002437209" lon="-114.22298722076151">
    <ele>2280.533537663602</ele>
   </trkpt>
   <trkpt lat="43.85758001458793" lon="-114.22223861821463">
    <ele>2279.0358978147024</ele>
   </trkpt>
   <trkpt lat="43.858200000000004" lon="-114.22149">
    <ele>2277.2904756962926</ele>
   </trkpt>
   <trkpt lat="43.858410000000006" lon="-114.22122">
    <ele>2276.506896113815</ele>
   </trkpt>
   <trkpt lat="43.8588" lon="-114.2206">
    <ele>2275.5471113346366</ele>
   </trkpt>
   <trkpt lat="43.85898" lon="-114.22028">
    <ele>2275.0120242365865</ele>
   </trkpt>
   <trkpt lat="43.859280000000005" lon="-114.21962">
    <ele>2274.1016960207994</ele>
   </trkpt>
   <trkpt lat="43.85951" lon="-114.21899">
    <ele>2273.5696161452493</ele>
   </trkpt>
   <trkpt lat="43.859835003829694" lon="-114.2180500051895">
    <ele>2272.86563176075</ele>
   </trkpt>
   <trkpt lat="43.86016" lon="-114.21711">
    <ele>2272.291336945559</ele>
   </trkpt>
   <trkpt lat="43.86047000305215" lon="-114.21625500481797">
    <ele>2271.8389783241228</ele>
   </trkpt>
   <trkpt lat="43.860780000000005" lon="-114.2154">
    <ele>2271.3991321073904</ele>
   </trkpt>
   <trkpt lat="43.86112500459219" lon="-114.21437000605941">
    <ele>2269.594952414192</ele>
   </trkpt>
   <trkpt lat="43.861470000000004" lon="-114.21334">
    <ele>2267.4500988798636</ele>
   </trkpt>
   <trkpt lat="43.86172500170587" lon="-114.21272000257908">
    <ele>2267.11822794586</ele>
   </trkpt>
   <trkpt lat="43.86198" lon="-114.2121">
    <ele>2267.0695716603636</ele>
   </trkpt>
   <trkpt lat="43.86207" lon="-114.21178">
    <ele>2266.9137289061864</ele>
   </trkpt>
   <trkpt lat="43.86233000138073" lon="-114.21122000241324">
    <ele>2265.3200268023757</ele>
   </trkpt>
   <trkpt lat="43.862590000000004" lon="-114.21066">
    <ele>2263.1724544023646</ele>
   </trkpt>
   <trkpt lat="43.86292" lon="-114.21000000000001">
    <ele>2261.709449649265</ele>
   </trkpt>
   <trkpt lat="43.86303" lon="-114.20968">
    <ele>2261.287421263658</ele>
   </trkpt>
   <trkpt lat="43.86314" lon="-114.20922000000002">
    <ele>2261.4943847004365</ele>
   </trkpt>
   <trkpt lat="43.863150000000005" lon="-114.20878">
    <ele>2261.9916912489707</ele>
   </trkpt>
   <trkpt lat="43.86318000000001" lon="-114.20851">
    <ele>2262.098003601971</ele>
   </trkpt>
   <trkpt lat="43.863260000000004" lon="-114.2082">
    <ele>2262.081113669762</ele>
   </trkpt>
   <trkpt lat="43.86337" lon="-114.20798">
    <ele>2261.7109297690854</ele>
   </trkpt>
   <trkpt lat="43.863510000000005" lon="-114.20779">
    <ele>2261.301757638363</ele>
   </trkpt>
   <trkpt lat="43.86417" lon="-114.20722">
    <ele>2259.721578288733</ele>
   </trkpt>
   <trkpt lat="43.86435" lon="-114.20704">
    <ele>2259.550711851733</ele>
   </trkpt>
   <trkpt lat="43.86453" lon="-114.20677">
    <ele>2259.421207250333</ele>
   </trkpt>
   <trkpt lat="43.86484500183575" lon="-114.20614000311842">
    <ele>2259.3954726656993</ele>
   </trkpt>
   <trkpt lat="43.86516" lon="-114.20551">
    <ele>2259.303252679677</ele>
   </trkpt>
   <trkpt lat="43.86539500141777" lon="-114.20493000240718">
    <ele>2258.125838288521</ele>
   </trkpt>
   <trkpt lat="43.86563" lon="-114.20435">
    <ele>2257.1119642460026</ele>
   </trkpt>
   <trkpt lat="43.865660000000005" lon="-114.20417">
    <ele>2256.680906130268</ele>
   </trkpt>
   <trkpt lat="43.865660000000005" lon="-114.2039">
    <ele>2256.0865735773323</ele>
   </trkpt>
   <trkpt lat="43.86571000000001" lon="-114.20309">
    <ele>2255.275062897933</ele>
   </trkpt>
   <trkpt lat="43.86581" lon="-114.20273">
    <ele>2255.27611848126</ele>
   </trkpt>
   <trkpt lat="43.866040000000005" lon="-114.20228000000002">
    <ele>2255.1873896696575</ele>
   </trkpt>
   <trkpt lat="43.86646000328751" lon="-114.20167000853382">
    <ele>2254.7522379566562</ele>
   </trkpt>
   <trkpt lat="43.86688000333041" lon="-114.2010600084716">
    <ele>2253.1549352099955</ele>
   </trkpt>
   <trkpt lat="43.8673" lon="-114.20045">
    <ele>2251.4789794500143</ele>
   </trkpt>
   <trkpt lat="43.867540000000005" lon="-114.20014">
    <ele>2250.8125200604604</ele>
   </trkpt>
   <trkpt lat="43.868020001096525" lon="-114.19967000365423">
    <ele>2250.4972930047716</ele>
   </trkpt>
   <trkpt lat="43.868500000000004" lon="-114.1992">
    <ele>2250.3685368657366</ele>
   </trkpt>
   <trkpt lat="43.86920400787721" lon="-114.19852803174784">
    <ele>2250.55832668109</ele>
   </trkpt>
   <trkpt lat="43.869908011816946" lon="-114.19785604762154">
    <ele>2251.2294237082147</ele>
   </trkpt>
   <trkpt lat="43.87061201181904" lon="-114.19718404762038">
    <ele>2250.051216380818</ele>
   </trkpt>
   <trkpt lat="43.87131600788329" lon="-114.19651203174375">
    <ele>2248.004438683335</ele>
   </trkpt>
   <trkpt lat="43.872020000000006" lon="-114.19584">
    <ele>2246.7543901788777</ele>
   </trkpt>
   <trkpt lat="43.87260000450992" lon="-114.1952525171578">
    <ele>2244.7232891242847</ele>
   </trkpt>
   <trkpt lat="43.87318000601023" lon="-114.19466502288044">
    <ele>2242.3832264173284</ele>
   </trkpt>
   <trkpt lat="43.87376000450081" lon="-114.19407751716754">
    <ele>2239.8829397511704</ele>
   </trkpt>
   <trkpt lat="43.874340000000004" lon="-114.19349000000001">
    <ele>2236.909129428623</ele>
   </trkpt>
   <trkpt lat="43.875043337464966" lon="-114.19280001630729">
    <ele>2233.0478419954366</ele>
   </trkpt>
   <trkpt lat="43.8757466707785" lon="-114.192110016327">
    <ele>2229.661149220704</ele>
   </trkpt>
   <trkpt lat="43.876450000000006" lon="-114.19142000000001">
    <ele>2226.4403346488634</ele>
   </trkpt>
   <trkpt lat="43.87712500199938" lon="-114.19074000771985">
    <ele>2223.752402820532</ele>
   </trkpt>
   <trkpt lat="43.8778" lon="-114.19006">
    <ele>2221.4747901614337</ele>
   </trkpt>
   <trkpt lat="43.87835000120388" lon="-114.18953000491233">
    <ele>2220.249089004423</ele>
   </trkpt>
   <trkpt lat="43.8789" lon="-114.18900000000001">
    <ele>2219.023134101715</ele>
   </trkpt>
   <trkpt lat="43.87940333517508" lon="-114.18853667452278">
    <ele>2217.2684695570997</ele>
   </trkpt>
   <trkpt lat="43.87990666847819" lon="-114.18807334121736">
    <ele>2214.654516046762</ele>
   </trkpt>
   <trkpt lat="43.880410000000005" lon="-114.18761">
    <ele>2212.8145814899704</ele>
   </trkpt>
   <trkpt lat="43.88053" lon="-114.18746000000002">
    <ele>2212.654927242323</ele>
   </trkpt>
   <trkpt lat="43.880770000000005" lon="-114.18724">
    <ele>2212.6507720153927</ele>
   </trkpt>
   <trkpt lat="43.88094" lon="-114.18702">
    <ele>2212.546831409546</ele>
   </trkpt>
   <trkpt lat="43.88148669785207" lon="-114.18607451385398">
    <ele>2212.076767355777</ele>
   </trkpt>
   <trkpt lat="43.88203338790878" lon="-114.18512901035594">
    <ele>2208.7915977473353</ele>
   </trkpt>
   <trkpt lat="43.88258007016987" lon="-114.18418348950549">
    <ele>2204.8665652851523</ele>
   </trkpt>
   <trkpt lat="43.88312674463505" lon="-114.18323795130219">
    <ele>2201.5862609582</ele>
   </trkpt>
   <trkpt lat="43.88367341130403" lon="-114.18229239574568">
    <ele>2199.372673211393</ele>
   </trkpt>
   <trkpt lat="43.884220070176504" lon="-114.18134682283552">
    <ele>2197.5547733487165</ele>
   </trkpt>
   <trkpt lat="43.884766721252184" lon="-114.18040123257131">
    <ele>2195.629793444497</ele>
   </trkpt>
   <trkpt lat="43.88531336453079" lon="-114.1794556249527">
    <ele>2194.0722349166044</ele>
   </trkpt>
   <trkpt lat="43.88586" lon="-114.17851">
    <ele>2192.6415275286035</ele>
   </trkpt>
   <trkpt lat="43.88642000367465" lon="-114.17758500878838">
    <ele>2190.363689201511</ele>
   </trkpt>
   <trkpt lat="43.88698" lon="-114.17666000000001">
    <ele>2187.8569939173067</ele>
   </trkpt>
   <trkpt lat="43.887410007711594" lon="-114.1758925166098">
    <ele>2186.600615466276</ele>
   </trkpt>
   <trkpt lat="43.887840010286695" lon="-114.1751250221385">
    <ele>2185.6442925896663</ele>
   </trkpt>
   <trkpt lat="43.88827000772521" lon="-114.17435751658594">
    <ele>2184.297912187969</ele>
   </trkpt>
   <trkpt lat="43.8887" lon="-114.17359">
    <ele>2182.909874047498</ele>
   </trkpt>
   <trkpt lat="43.88897500121104" lon="-114.17308000221195">
    <ele>2181.548562751971</ele>
   </trkpt>
   <trkpt lat="43.889250000000004" lon="-114.17257000000001">
    <ele>2180.3815157356303</ele>
   </trkpt>
   <trkpt lat="43.88971334032536" lon="-114.17167334732086">
    <ele>2177.5789674596663</ele>
   </trkpt>
   <trkpt lat="43.89017667363978" lon="-114.17077668069105">
    <ele>2174.5915407064067</ele>
   </trkpt>
   <trkpt lat="43.890640000000005" lon="-114.16988">
    <ele>2171.083522797514</ele>
   </trkpt>
   <trkpt lat="43.890900001695876" lon="-114.16927500240847">
    <ele>2168.9607310884116</ele>
   </trkpt>
   <trkpt lat="43.891160000000006" lon="-114.16867">
    <ele>2167.4534435753285</ele>
   </trkpt>
   <trkpt lat="43.89143000000001" lon="-114.16799">
    <ele>2165.4530292690342</ele>
   </trkpt>
   <trkpt lat="43.891540000000006" lon="-114.16754">
    <ele>2163.9847551563416</ele>
   </trkpt>
   <trkpt lat="43.89162" lon="-114.16693000000001">
    <ele>2163.0713492160453</ele>
   </trkpt>
   <trkpt lat="43.8916800026912" lon="-114.16614500073308">
    <ele>2161.8643279212665</ele>
   </trkpt>
   <trkpt lat="43.891740000000006" lon="-114.16536">
    <ele>2161.1241277144786</ele>
   </trkpt>
   <trkpt lat="43.891830000000006" lon="-114.16499">
    <ele>2160.8212762953513</ele>
   </trkpt>
   <trkpt lat="43.891940000000005" lon="-114.16474000000001">
    <ele>2160.7029797947735</ele>
   </trkpt>
   <trkpt lat="43.892452511202954" lon="-114.1638150238601">
    <ele>2160.401627934231</ele>
   </trkpt>
   <trkpt lat="43.89296501494501" lon="-114.16289003180003">
    <ele>2159.985885604767</ele>
   </trkpt>
   <trkpt lat="43.89347751122592" lon="-114.16196502381946">
    <ele>2158.5217861413894</ele>
   </trkpt>
   <trkpt lat="43.89399" lon="-114.16104000000001">
    <ele>2156.827147398035</ele>
   </trkpt>
   <trkpt lat="43.89433000193631" lon="-114.16039500345038">
    <ele>2155.717922650614</ele>
   </trkpt>
   <trkpt lat="43.894670000000005" lon="-114.15975">
    <ele>2154.922271032853</ele>
   </trkpt>
   <trkpt lat="43.894800000000004" lon="-114.15939000000002">
    <ele>2154.6227074189533</ele>
   </trkpt>
   <trkpt lat="43.89481000000001" lon="-114.15917">
    <ele>2154.335985661227</ele>
   </trkpt>
   <trkpt lat="43.89488" lon="-114.15859">
    <ele>2153.709827973032</ele>
   </trkpt>
   <trkpt lat="43.89491500638205" lon="-114.15738000076432">
    <ele>2152.1244168111625</ele>
   </trkpt>
   <trkpt lat="43.89495" lon="-114.15617">
    <ele>2150.8839963940472</ele>
   </trkpt>
   <trkpt lat="43.89502" lon="-114.15556000000001">
    <ele>2150.1524184660693</ele>
   </trkpt>
   <trkpt lat="43.89502" lon="-114.15532">
    <ele>2149.874576545814</ele>
   </trkpt>
   <trkpt lat="43.895160000000004" lon="-114.15487">
    <ele>2149.450757507196</ele>
   </trkpt>
   <trkpt lat="43.895450000000004" lon="-114.15425">
    <ele>2148.599142017823</ele>
   </trkpt>
   <trkpt lat="43.89590500284727" lon="-114.15343500631481">
    <ele>2147.2429793758606</ele>
   </trkpt>
   <trkpt lat="43.89636" lon="-114.15262000000001">
    <ele>2146.9699398587018</ele>
   </trkpt>
   <trkpt lat="43.89677500211068" lon="-114.15193500466707">
    <ele>2147.050386424577</ele>
   </trkpt>
   <trkpt lat="43.89719" lon="-114.15125">
    <ele>2146.835348055696</ele>
   </trkpt>
   <trkpt lat="43.89753500177769" lon="-114.15062500348624">
    <ele>2146.2820308378764</ele>
   </trkpt>
   <trkpt lat="43.89788" lon="-114.15">
    <ele>2145.6899992032045</ele>
   </trkpt>
   <trkpt lat="43.89842667304131" lon="-114.14914668229714">
    <ele>2144.883178573085</ele>
   </trkpt>
   <trkpt lat="43.89897333973286" lon="-114.14829334892521">
    <ele>2144.2701435288473</ele>
   </trkpt>
   <trkpt lat="43.89952" lon="-114.14744">
    <ele>2143.682379306293</ele>
   </trkpt>
   <trkpt lat="43.90001000589246" lon="-114.1466200134485">
    <ele>2143.2157353525067</ele>
   </trkpt>
   <trkpt lat="43.90050000592156" lon="-114.14580001340002">
    <ele>2142.8139659327567</ele>
   </trkpt>
   <trkpt lat="43.90099" lon="-114.14498">
    <ele>2142.3269011695115</ele>
   </trkpt>
   <trkpt lat="43.90148000000001" lon="-114.14404">
    <ele>2141.489687223414</ele>
   </trkpt>
   <trkpt lat="43.901885001875456" lon="-114.1433900043683">
    <ele>2140.6364536814303</ele>
   </trkpt>
   <trkpt lat="43.90229" lon="-114.14274">
    <ele>2139.867049582863</ele>
   </trkpt>
   <trkpt lat="43.90264500152956" lon="-114.14213500372072">
    <ele>2139.191352195743</ele>
   </trkpt>
   <trkpt lat="43.903000000000006" lon="-114.14153">
    <ele>2138.547882098723</ele>
   </trkpt>
   <trkpt lat="43.903560000000006" lon="-114.14090000000002">
    <ele>2137.7096537159705</ele>
   </trkpt>
   <trkpt lat="43.903870000000005" lon="-114.14059">
    <ele>2137.5677938011345</ele>
   </trkpt>
   <trkpt lat="43.90448500081059" lon="-114.14019000405892">
    <ele>2137.816467773775</ele>
   </trkpt>
   <trkpt lat="43.905100000000004" lon="-114.13979">
    <ele>2138.0537315627207</ele>
   </trkpt>
   <trkpt lat="43.90578500210741" lon="-114.13938751390212">
    <ele>2137.560772328312</ele>
   </trkpt>
   <trkpt lat="43.90647000280216" lon="-114.138985018541">
    <ele>2136.3314337592697</ele>
   </trkpt>
   <trkpt lat="43.90715500208415" lon="-114.13858251391625">
    <ele>2134.9498533893393</ele>
   </trkpt>
   <trkpt lat="43.90784" lon="-114.13818">
    <ele>2133.274339039628</ele>
   </trkpt>
   <trkpt lat="43.90859000089504" lon="-114.13770500604146">
    <ele>2131.9152358768715</ele>
   </trkpt>
   <trkpt lat="43.90934" lon="-114.13723">
    <ele>2130.970297600922</ele>
   </trkpt>
   <trkpt lat="43.909835000211146" lon="-114.13697000220627">
    <ele>2130.3877921291505</ele>
   </trkpt>
   <trkpt lat="43.91033" lon="-114.13671000000001">
    <ele>2129.7291670478853</ele>
   </trkpt>
   <trkpt lat="43.910900000000005" lon="-114.13634">
    <ele>2129.1147880713256</ele>
   </trkpt>
   <trkpt lat="43.91129" lon="-114.13603">
    <ele>2129.199108757274</ele>
   </trkpt>
   <trkpt lat="43.911770000000004" lon="-114.13553">
    <ele>2129.27929429364</ele>
   </trkpt>
   <trkpt lat="43.912320004246645" lon="-114.1345450090738">
    <ele>2128.30704621133</ele>
   </trkpt>
   <trkpt lat="43.912870000000005" lon="-114.13356">
    <ele>2125.8280656694005</ele>
   </trkpt>
   <trkpt lat="43.9134900060487" lon="-114.1327300172391">
    <ele>2122.3852953008495</ele>
   </trkpt>
   <trkpt lat="43.91411000609005" lon="-114.13190001718405">
    <ele>2119.5270170048852</ele>
   </trkpt>
   <trkpt lat="43.914730000000006" lon="-114.13107000000001">
    <ele>2117.9874068781232</ele>
   </trkpt>
   <trkpt lat="43.91498000000001" lon="-114.13065">
    <ele>2117.5014475584603</ele>
   </trkpt>
   <trkpt lat="43.915310002422906" lon="-114.12991000402467">
    <ele>2117.638265989772</ele>
   </trkpt>
   <trkpt lat="43.91564" lon="-114.12917000000002">
    <ele>2118.511836978597</ele>
   </trkpt>
   <trkpt lat="43.91594500320547" lon="-114.12830500459506">
    <ele>2119.2768208419266</ele>
   </trkpt>
   <trkpt lat="43.916250000000005" lon="-114.12744">
    <ele>2118.9475675753324</ele>
   </trkpt>
   <trkpt lat="43.916610000000006" lon="-114.12653">
    <ele>2118.699074681354</ele>
   </trkpt>
   <trkpt lat="43.916970000000006" lon="-114.12613">
    <ele>2118.5704581197006</ele>
   </trkpt>
   <trkpt lat="43.91742000000001" lon="-114.12574000000001">
    <ele>2118.3023613178943</ele>
   </trkpt>
   <trkpt lat="43.91803000062573" lon="-114.12535500395994">
    <ele>2117.628629879787</ele>
   </trkpt>
   <trkpt lat="43.91864" lon="-114.12497">
    <ele>2116.8964006131</ele>
   </trkpt>
   <trkpt lat="43.919250001471944" lon="-114.12456000840284">
    <ele>2115.9125663117316</ele>
   </trkpt>
   <trkpt lat="43.91986000147799" lon="-114.12415000839889">
    <ele>2114.88607076291</ele>
   </trkpt>
   <trkpt lat="43.92047" lon="-114.12374000000001">
    <ele>2114.036285095247</ele>
   </trkpt>
   <trkpt lat="43.921123334950586" lon="-114.12331334268465">
    <ele>2113.140375760345</ele>
   </trkpt>
   <trkpt lat="43.92177666831369" lon="-114.12288667599869">
    <ele>2111.991106756655</ele>
   </trkpt>
   <trkpt lat="43.922430000000006" lon="-114.12246">
    <ele>2110.9196951677104</ele>
   </trkpt>
   <trkpt lat="43.923040001709715" lon="-114.1220266755019">
    <ele>2110.2465188678557</ele>
   </trkpt>
   <trkpt lat="43.92365000178195" lon="-114.12159334211736">
    <ele>2109.6688367657503</ele>
   </trkpt>
   <trkpt lat="43.924260000000004" lon="-114.12116">
    <ele>2109.185798878945</ele>
   </trkpt>
   <trkpt lat="43.92494250411664" lon="-114.12060001926294">
    <ele>2108.4539933246356</ele>
   </trkpt>
   <trkpt lat="43.92562500549865" lon="-114.1200400256763">
    <ele>2107.6860985911926</ele>
   </trkpt>
   <trkpt lat="43.92630750414592" lon="-114.11948001923957">
    <ele>2106.9102155580326</ele>
   </trkpt>
   <trkpt lat="43.92699" lon="-114.11892">
    <ele>2105.7981012303776</ele>
   </trkpt>
   <trkpt lat="43.92746000105204" lon="-114.11847500333764">
    <ele>2104.7467745421077</ele>
   </trkpt>
   <trkpt lat="43.92793" lon="-114.11803">
    <ele>2104.0683248325818</ele>
   </trkpt>
   <trkpt lat="43.92841000237905" lon="-114.11750667512337">
    <ele>2103.390618278236</ele>
   </trkpt>
   <trkpt lat="43.92889000236979" lon="-114.11698334180025">
    <ele>2102.5734341426314</ele>
   </trkpt>
   <trkpt lat="43.929370000000006" lon="-114.11646">
    <ele>2101.7853955043274</ele>
   </trkpt>
   <trkpt lat="43.9299233351863" lon="-114.11600667505192">
    <ele>2100.680059016162</ele>
   </trkpt>
   <trkpt lat="43.930476668580454" lon="-114.11555334166889">
    <ele>2099.60310276601</ele>
   </trkpt>
   <trkpt lat="43.93103000000001" lon="-114.11510000000001">
    <ele>2098.779469309989</ele>
   </trkpt>
   <trkpt lat="43.93155" lon="-114.11481">
    <ele>2098.0317598762704</ele>
   </trkpt>
   <trkpt lat="43.932370000000006" lon="-114.11445">
    <ele>2096.6015684200997</ele>
   </trkpt>
   <trkpt lat="43.93321" lon="-114.11413">
    <ele>2096.3647470836463</ele>
   </trkpt>
   <trkpt lat="43.93380000021185" lon="-114.11389500234301">
    <ele>2096.767889948169</ele>
   </trkpt>
   <trkpt lat="43.93439" lon="-114.11366000000001">
    <ele>2097.0470020038124</ele>
   </trkpt>
   <trkpt lat="43.93513666771394" lon="-114.11331000879922">
    <ele>2096.7037628073317</ele>
   </trkpt>
   <trkpt lat="43.93588333435963" lon="-114.11296000880921">
    <ele>2096.197467426912</ele>
   </trkpt>
   <trkpt lat="43.93663" lon="-114.11261">
    <ele>2095.67645386764</ele>
   </trkpt>
   <trkpt lat="43.937075000120664" lon="-114.11245500115443">
    <ele>2095.9267778566505</ele>
   </trkpt>
   <trkpt lat="43.937520000000006" lon="-114.1123">
    <ele>2096.862486945931</ele>
   </trkpt>
   <trkpt lat="43.937760000000004" lon="-114.11216">
    <ele>2097.282791290854</ele>
   </trkpt>
   <trkpt lat="43.938496667506186" lon="-114.11186000741145">
    <ele>2099.1537756312982</ele>
   </trkpt>
   <trkpt lat="43.93923333422755" lon="-114.1115600073893">
    <ele>2099.637197643724</ele>
   </trkpt>
   <trkpt lat="43.93997" lon="-114.11126000000002">
    <ele>2099.0448850711477</ele>
   </trkpt>
   <trkpt lat="43.94077" lon="-114.11086">
    <ele>2098.7078410908302</ele>
   </trkpt>
   <trkpt lat="43.94142750102163" lon="-114.11058250920078">
    <ele>2098.5608910272895</ele>
   </trkpt>
   <trkpt lat="43.94208500137174" lon="-114.11030501226386">
    <ele>2098.341519237467</ele>
   </trkpt>
   <trkpt lat="43.94274250105028" lon="-114.11002750918897">
    <ele>2097.926011245877</ele>
   </trkpt>
   <trkpt lat="43.943400000000004" lon="-114.10975">
    <ele>2097.386171001658</ele>
   </trkpt>
   <trkpt lat="43.943970000625214" lon="-114.10948333844473">
    <ele>2096.7343821131717</ele>
   </trkpt>
   <trkpt lat="43.944540000630276" lon="-114.10921667177577">
    <ele>2096.0862774288507</ele>
   </trkpt>
   <trkpt lat="43.94511000000001" lon="-114.10895000000001">
    <ele>2095.43579466036</ele>
   </trkpt>
   <trkpt lat="43.945910000000005" lon="-114.10863">
    <ele>2094.7887129040573</ele>
   </trkpt>
   <trkpt lat="43.94656000057795" lon="-114.10825500412096">
    <ele>2094.587885540067</ele>
   </trkpt>
   <trkpt lat="43.947210000000005" lon="-114.10788000000001">
    <ele>2094.7389792441836</ele>
   </trkpt>
   <trkpt lat="43.94783000073877" lon="-114.10745500446653">
    <ele>2095.176085986519</ele>
   </trkpt>
   <trkpt lat="43.94845" lon="-114.10703000000001">
    <ele>2095.549046484078</ele>
   </trkpt>
   <trkpt lat="43.94914000304182" lon="-114.10643668046696">
    <ele>2095.705606426645</ele>
   </trkpt>
   <trkpt lat="43.94983000301363" lon="-114.10584334715811">
    <ele>2095.356705088781</ele>
   </trkpt>
   <trkpt lat="43.950520000000004" lon="-114.10525000000001">
    <ele>2094.02005592713</ele>
   </trkpt>
   <trkpt lat="43.95107000184938" lon="-114.10479334175996">
    <ele>2092.2870645560006</ele>
   </trkpt>
   <trkpt lat="43.95162000188011" lon="-114.1043366750679">
    <ele>2090.4079316390694</ele>
   </trkpt>
   <trkpt lat="43.95217" lon="-114.10388">
    <ele>2088.741315330012</ele>
   </trkpt>
   <trkpt lat="43.952830001349994" lon="-114.10330000654393">
    <ele>2087.295756675259</ele>
   </trkpt>
   <trkpt lat="43.95349" lon="-114.10272">
    <ele>2087.1731755847663</ele>
   </trkpt>
   <trkpt lat="43.9539800009155" lon="-114.10225000392113">
    <ele>2087.6360690101333</ele>
   </trkpt>
   <trkpt lat="43.95447" lon="-114.10178">
    <ele>2087.5266693901604</ele>
   </trkpt>
   <trkpt lat="43.95493500062821" lon="-114.10140000297466">
    <ele>2086.8837336838033</ele>
   </trkpt>
   <trkpt lat="43.955400000000004" lon="-114.10102">
    <ele>2085.982798786861</ele>
   </trkpt>
   <trkpt lat="43.95583000079691" lon="-114.10063500265113">
    <ele>2085.0461684029183</ele>
   </trkpt>
   <trkpt lat="43.95626" lon="-114.10025">
    <ele>2083.8283928839196</ele>
   </trkpt>
   <trkpt lat="43.95696500145733" lon="-114.09969000657274">
    <ele>2082.46021648706</ele>
   </trkpt>
   <trkpt lat="43.95767" lon="-114.09913">
    <ele>2081.582336877894</ele>
   </trkpt>
   <trkpt lat="43.958350003160454" lon="-114.09852334726313">
    <ele>2080.8861118102386</ele>
   </trkpt>
   <trkpt lat="43.9590300031113" lon="-114.09791668064055">
    <ele>2080.4186258856053</ele>
   </trkpt>
   <trkpt lat="43.95971" lon="-114.09731000000001">
    <ele>2080.708159057809</ele>
   </trkpt>
   <trkpt lat="43.96040500156455" lon="-114.096720006862">
    <ele>2081.1726316743466</ele>
   </trkpt>
   <trkpt lat="43.9611" lon="-114.09613">
    <ele>2080.6299484079445</ele>
   </trkpt>
   <trkpt lat="43.9616966691281" lon="-114.09560001063522">
    <ele>2079.1622751995055</ele>
   </trkpt>
   <trkpt lat="43.96229333580656" lon="-114.09507001062494">
    <ele>2077.9505435424308</ele>
   </trkpt>
   <trkpt lat="43.96289" lon="-114.09454000000001">
    <ele>2077.1484837825947</ele>
   </trkpt>
   <trkpt lat="43.96343" lon="-114.09403">
    <ele>2076.9798505339013</ele>
   </trkpt>
   <trkpt lat="43.96382000101421" lon="-114.09357500285698">
    <ele>2076.589201151484</ele>
   </trkpt>
   <trkpt lat="43.96421" lon="-114.09312000000001">
    <ele>2075.82844142531</ele>
   </trkpt>
   <trkpt lat="43.96421" lon="-114.09311000000001">
    <ele>2075.82844142531</ele>
   </trkpt>
   <trkpt lat="43.9645" lon="-114.09270000000001">
    <ele>2074.844600194821</ele>
   </trkpt>
   <trkpt lat="43.96495" lon="-114.09199000000001">
    <ele>2073.8111593045264</ele>
   </trkpt>
   <trkpt lat="43.96542" lon="-114.09112">
    <ele>2073.0306914732523</ele>
   </trkpt>
   <trkpt lat="43.96578" lon="-114.09036">
    <ele>2072.9067270860664</ele>
   </trkpt>
   <trkpt lat="43.96632" lon="-114.08939000000001">
    <ele>2073.198748604044</ele>
   </trkpt>
   <trkpt lat="43.96673000594316" lon="-114.0885666779694">
    <ele>2073.1301904048437</ele>
   </trkpt>
   <trkpt lat="43.96714000597465" lon="-114.08774334457298">
    <ele>2072.5112719093077</ele>
   </trkpt>
   <trkpt lat="43.96755" lon="-114.08692">
    <ele>2072.124148477428</ele>
   </trkpt>
   <trkpt lat="43.96797500271425" lon="-114.08613500556653">
    <ele>2071.9435823954213</ele>
   </trkpt>
   <trkpt lat="43.9684" lon="-114.08535">
    <ele>2071.5327565286193</ele>
   </trkpt>
   <trkpt lat="43.96890001627506" lon="-114.08438403252953">
    <ele>2070.823623515995</ele>
   </trkpt>
   <trkpt lat="43.96940002441247" lon="-114.08341804879531">
    <ele>2070.2104199084806</ele>
   </trkpt>
   <trkpt lat="43.96990002441198" lon="-114.08245204879711">
    <ele>2069.7688399037106</ele>
   </trkpt>
   <trkpt lat="43.97040001627328" lon="-114.0814860325346">
    <ele>2069.0034136068844</ele>
   </trkpt>
   <trkpt lat="43.9709" lon="-114.08052">
    <ele>2068.065262173377</ele>
   </trkpt>
   <trkpt lat="43.97127000415636" lon="-114.07983000858928">
    <ele>2067.426572702902</ele>
   </trkpt>
   <trkpt lat="43.97164000416068" lon="-114.07914000858132">
    <ele>2066.7502001666785</ele>
   </trkpt>
   <trkpt lat="43.972010000000004" lon="-114.07845">
    <ele>2066.238761311938</ele>
   </trkpt>
   <trkpt lat="43.97246201339734" lon="-114.07757402664394">
    <ele>2065.8180921966755</ele>
   </trkpt>
   <trkpt lat="43.972914020102685" lon="-114.07669803995363">
    <ele>2065.4418106987605</ele>
   </trkpt>
   <trkpt lat="43.9733660201158" lon="-114.07582203992881">
    <ele>2064.946835775638</ele>
   </trkpt>
   <trkpt lat="43.97381801343649" lon="-114.0749460265693">
    <ele>2064.5044574712783</ele>
   </trkpt>
   <trkpt lat="43.974270000000004" lon="-114.07407">
    <ele>2064.0513970109264</ele>
   </trkpt>
   <trkpt lat="43.97466" lon="-114.07335">
    <ele>2063.705273685097</ele>
   </trkpt>
   <trkpt lat="43.974970000000006" lon="-114.07267">
    <ele>2063.2878388962845</ele>
   </trkpt>
   <trkpt lat="43.97518" lon="-114.07218">
    <ele>2063.0175173881726</ele>
   </trkpt>
   <trkpt lat="43.97537000169272" lon="-114.0715600019298">
    <ele>2062.6175793884336</ele>
   </trkpt>
   <trkpt lat="43.97556" lon="-114.07094000000001">
    <ele>2062.133483790846</ele>
   </trkpt>
   <trkpt lat="43.97582751334275" lon="-114.06993001365615">
    <ele>2061.2208688019646</ele>
   </trkpt>
   <trkpt lat="43.976095017789284" lon="-114.06892001821244">
    <ele>2059.6919207956785</ele>
   </trkpt>
   <trkpt lat="43.97636251333945" lon="-114.06791001366905">
    <ele>2056.5938352313124</ele>
   </trkpt>
   <trkpt lat="43.97663" lon="-114.0669">
    <ele>2054.331273332082</ele>
   </trkpt>
   <trkpt lat="43.9768850049817" lon="-114.06583000463984">
    <ele>2054.185494832962</ele>
   </trkpt>
   <trkpt lat="43.977140000000006" lon="-114.06476">
    <ele>2054.442434362921</ele>
   </trkpt>
   <trkpt lat="43.97729" lon="-114.06394">
    <ele>2054.3643564222257</ele>
   </trkpt>
   <trkpt lat="43.97731" lon="-114.06367000000002">
    <ele>2054.007478624968</ele>
   </trkpt>
   <trkpt lat="43.97728" lon="-114.06287">
    <ele>2051.6947206331342</ele>
   </trkpt>
   <trkpt lat="43.97731" lon="-114.06233">
    <ele>2050.2804435405064</ele>
   </trkpt>
   <trkpt lat="43.977360000000004" lon="-114.06193">
    <ele>2049.503467876236</ele>
   </trkpt>
   <trkpt lat="43.97742" lon="-114.06166">
    <ele>2048.78434377222</ele>
   </trkpt>
   <trkpt lat="43.97776333960304" lon="-114.0608100099072">
    <ele>2048.2220565569173</ele>
   </trkpt>
   <trkpt lat="43.97810667290516" lon="-114.05996000998458">
    <ele>2048.689708807468</ele>
   </trkpt>
   <trkpt lat="43.97845" lon="-114.05911">
    <ele>2049.647783573537</ele>
   </trkpt>
   <trkpt lat="43.97883667559452" lon="-114.05809667993653">
    <ele>2049.5732255372177</ele>
   </trkpt>
   <trkpt lat="43.979223342233944" lon="-114.05708334667482">
    <ele>2047.666714376179</ele>
   </trkpt>
   <trkpt lat="43.97961" lon="-114.05607">
    <ele>2045.8980126768433</ele>
   </trkpt>
   <trkpt lat="43.97986" lon="-114.05553">
    <ele>2045.3513593963187</ele>
   </trkpt>
   <trkpt lat="43.979980000000005" lon="-114.0553">
    <ele>2044.9646809730548</ele>
   </trkpt>
   <trkpt lat="43.9805100017608" lon="-114.05467000558811">
    <ele>2044.0368322795766</ele>
   </trkpt>
   <trkpt lat="43.98104" lon="-114.05404000000001">
    <ele>2043.3526647347067</ele>
   </trkpt>
   <trkpt lat="43.981515001331815" lon="-114.05349500431839">
    <ele>2042.947615080745</ele>
   </trkpt>
   <trkpt lat="43.98199" lon="-114.05295000000001">
    <ele>2042.4924707930327</ele>
   </trkpt>
   <trkpt lat="43.982355000713824" lon="-114.05254500249154">
    <ele>2042.6947876987144</ele>
   </trkpt>
   <trkpt lat="43.98272" lon="-114.05214000000001">
    <ele>2042.44159274576</ele>
   </trkpt>
   <trkpt lat="43.98330000000001" lon="-114.05141">
    <ele>2042.004571501107</ele>
   </trkpt>
   <trkpt lat="43.98377000265211" lon="-114.05085667544958">
    <ele>2042.5560024016397</ele>
   </trkpt>
   <trkpt lat="43.984240002634046" lon="-114.05030334213764">
    <ele>2043.4583745402083</ele>
   </trkpt>
   <trkpt lat="43.98471000000001" lon="-114.04975">
    <ele>2043.3298436177818</ele>
   </trkpt>
   <trkpt lat="43.985220000000005" lon="-114.04915000000001">
    <ele>2041.6909805699788</ele>
   </trkpt>
   <trkpt lat="43.98555" lon="-114.04881">
    <ele>2040.917101923104</ele>
   </trkpt>
   <trkpt lat="43.985800000000005" lon="-114.04842000000001">
    <ele>2041.2122528317398</ele>
   </trkpt>
   <trkpt lat="43.98627500133276" lon="-114.04785500459164">
    <ele>2042.4971966220264</ele>
   </trkpt>
   <trkpt lat="43.98675" lon="-114.04729">
    <ele>2043.7514706228226</ele>
   </trkpt>
   <trkpt lat="43.98716" lon="-114.04684">
    <ele>2044.7427006090525</ele>
   </trkpt>
   <trkpt lat="43.98753000000001" lon="-114.04638000000001">
    <ele>2045.1411916172442</ele>
   </trkpt>
   <trkpt lat="43.98804333773086" lon="-114.04567334549807">
    <ele>2046.1153709651178</ele>
   </trkpt>
   <trkpt lat="43.98855667110659" lon="-114.0449666787732">
    <ele>2046.2217733111227</ele>
   </trkpt>
   <trkpt lat="43.989070000000005" lon="-114.04426000000001">
    <ele>2045.767510225618</ele>
   </trkpt>
   <trkpt lat="43.98973" lon="-114.04348">
    <ele>2045.2748281474258</ele>
   </trkpt>
   <trkpt lat="43.99016" lon="-114.0429">
    <ele>2044.7417854585863</ele>
   </trkpt>
   <trkpt lat="43.990840000000006" lon="-114.04209000000002">
    <ele>2043.8882178296194</ele>
   </trkpt>
   <trkpt lat="43.99132000182841" lon="-114.04145000511974">
    <ele>2043.1508112547153</ele>
   </trkpt>
   <trkpt lat="43.991800000000005" lon="-114.04081000000001">
    <ele>2042.3921767181237</ele>
   </trkpt>
   <trkpt lat="43.99242000261064" lon="-114.04004000801287">
    <ele>2041.3606951886136</ele>
   </trkpt>
   <trkpt lat="43.99304" lon="-114.03927000000002">
    <ele>2040.1884918719552</ele>
   </trkpt>
   <trkpt lat="43.99354000197009" lon="-114.03860500554737">
    <ele>2039.281762497108</ele>
   </trkpt>
   <trkpt lat="43.994040000000005" lon="-114.03794">
    <ele>2038.7007555051227</ele>
   </trkpt>
   <trkpt lat="43.99455333664839" lon="-114.03732667723675">
    <ele>2037.8429667958605</ele>
   </trkpt>
   <trkpt lat="43.9950666700161" lon="-114.0367133438625">
    <ele>2036.9568547421904</ele>
   </trkpt>
   <trkpt lat="43.995580000000004" lon="-114.0361">
    <ele>2036.1894273439943</ele>
   </trkpt>
   <trkpt lat="43.99623334829776" lon="-114.03527171226179">
    <ele>2035.3861435876888</ele>
   </trkpt>
   <trkpt lat="43.996886690612044" lon="-114.03444340628391">
    <ele>2034.6469880460727</ele>
   </trkpt>
   <trkpt lat="43.997540026942595" lon="-114.03361508206575">
    <ele>2033.8766928056514</ele>
   </trkpt>
   <trkpt lat="43.998193357289146" lon="-114.03278673960665">
    <ele>2033.1206769219311</ele>
   </trkpt>
   <trkpt lat="43.99884668165143" lon="-114.03195837890595">
    <ele>2032.345877432255</ele>
   </trkpt>
   <trkpt lat="43.999500000000005" lon="-114.03113">
    <ele>2031.710937494372</ele>
   </trkpt>
   <trkpt lat="43.999220001221936" lon="-114.03059999749321">
    <ele>2031.400534479159</ele>
   </trkpt>
   <trkpt lat="43.998940000000005" lon="-114.03007000000001">
    <ele>2031.3132878066106</ele>
   </trkpt>
   <trkpt lat="43.99854500274313" lon="-114.02927999478412">
    <ele>2031.1567688988691</ele>
   </trkpt>
   <trkpt lat="43.99815" lon="-114.02849">
    <ele>2030.8647092848187</ele>
   </trkpt>
   <trkpt lat="43.99772" lon="-114.02754000000002">
    <ele>2028.1817502412903</ele>
   </trkpt>
   <trkpt lat="43.99743" lon="-114.02671000000001">
    <ele>2025.336819791964</ele>
   </trkpt>
   <trkpt lat="43.997330000000005" lon="-114.02629">
    <ele>2023.9097858111413</ele>
   </trkpt>
   <trkpt lat="43.99727" lon="-114.02589">
    <ele>2023.3595407519374</ele>
   </trkpt>
   <trkpt lat="43.997240000000005" lon="-114.0254">
    <ele>2022.9059059391868</ele>
   </trkpt>
   <trkpt lat="43.997210004271786" lon="-114.02440999943065">
    <ele>2022.530673093103</ele>
   </trkpt>
   <trkpt lat="43.99718" lon="-114.02342000000002">
    <ele>2022.5432296482275</ele>
   </trkpt>
   <trkpt lat="43.997130000000006" lon="-114.02254">
    <ele>2022.627450391906</ele>
   </trkpt>
   <trkpt lat="43.997080000000004" lon="-114.02202000000001">
    <ele>2022.354457569943</ele>
   </trkpt>
   <trkpt lat="43.99694" lon="-114.02107000000001">
    <ele>2021.8487222586548</ele>
   </trkpt>
   <trkpt lat="43.996760001727935" lon="-114.02043499796656">
    <ele>2021.370710081642</ele>
   </trkpt>
   <trkpt lat="43.99658" lon="-114.0198">
    <ele>2021.1549758605306</ele>
   </trkpt>
   <trkpt lat="43.996320002317034" lon="-114.01905999655594">
    <ele>2021.853912557362</ele>
   </trkpt>
   <trkpt lat="43.99606000000001" lon="-114.01832">
    <ele>2024.2737625459915</ele>
   </trkpt>
   <trkpt lat="43.99598" lon="-114.01801">
    <ele>2024.9390311277818</ele>
   </trkpt>
   <trkpt lat="43.996" lon="-114.01762000000001">
    <ele>2026.472227378217</ele>
   </trkpt>
   <trkpt lat="43.996050000000004" lon="-114.01747">
    <ele>2026.837217399983</ele>
   </trkpt>
   <trkpt lat="43.99615" lon="-114.01725">
    <ele>2027.688729833989</ele>
   </trkpt>
   <trkpt lat="43.99645500122857" lon="-114.0167150027842">
    <ele>2029.8631136089837</ele>
   </trkpt>
   <trkpt lat="43.99676" lon="-114.01618">
    <ele>2030.98898843799</ele>
   </trkpt>
   <trkpt lat="43.99727" lon="-114.01524">
    <ele>2031.652259065485</ele>
   </trkpt>
   <trkpt lat="43.99768000199763" lon="-114.0145500048998">
    <ele>2030.6701182716918</ele>
   </trkpt>
   <trkpt lat="43.998090000000005" lon="-114.01386000000001">
    <ele>2029.5652676399666</ele>
   </trkpt>
   <trkpt lat="43.998430000000006" lon="-114.0134">
    <ele>2029.3095338119106</ele>
   </trkpt>
   <trkpt lat="43.99872500115594" lon="-114.01291500219729">
    <ele>2029.8428589596726</ele>
   </trkpt>
   <trkpt lat="43.99902" lon="-114.01243000000001">
    <ele>2030.4745644766383</ele>
   </trkpt>
   <trkpt lat="43.99954" lon="-114.01152">
    <ele>2031.103714655631</ele>
   </trkpt>
   <trkpt lat="44.00003" lon="-114.01053">
    <ele>2030.6248902394445</ele>
   </trkpt>
   <trkpt lat="44.00032" lon="-114.00981000000002">
    <ele>2029.815343450723</ele>
   </trkpt>
   <trkpt lat="44.000595002551286" lon="-114.00905000343263">
    <ele>2028.3853846098314</ele>
   </trkpt>
   <trkpt lat="44.000870000000006" lon="-114.00829">
    <ele>2026.1773514952963</ele>
   </trkpt>
   <trkpt lat="44.00125500532453" lon="-114.0071800073422">
    <ele>2023.2983036050282</ele>
   </trkpt>
   <trkpt lat="44.00164" lon="-114.00607000000001">
    <ele>2021.6093593684154</ele>
   </trkpt>
   <trkpt lat="44.00197000367007" lon="-114.00515000517538">
    <ele>2021.0876298545363</ele>
   </trkpt>
   <trkpt lat="44.002300000000005" lon="-114.00423">
    <ele>2020.6350162791668</ele>
   </trkpt>
   <trkpt lat="44.00261501138361" lon="-114.00329751482984">
    <ele>2020.321447068614</ele>
   </trkpt>
   <trkpt lat="44.00293001518368" lon="-114.0023650197571">
    <ele>2019.8414212327273</ele>
   </trkpt>
   <trkpt lat="44.00324501140002" lon="-114.00143251478174">
    <ele>2019.084333183224</ele>
   </trkpt>
   <trkpt lat="44.00356" lon="-114.0005">
    <ele>2017.8734189432826</ele>
   </trkpt>
   <trkpt lat="44.00379" lon="-113.99997">
    <ele>2017.3635584811304</ele>
   </trkpt>
   <trkpt lat="44.00404" lon="-113.99926">
    <ele>2017.0433313372578</ele>
   </trkpt>
   <trkpt lat="44.00428" lon="-113.99885">
    <ele>2017.132320672478</ele>
   </trkpt>
   <trkpt lat="44.00446" lon="-113.99862">
    <ele>2017.2616064423248</ele>
   </trkpt>
   <trkpt lat="44.004740000000005" lon="-113.99822">
    <ele>2017.6021886417486</ele>
   </trkpt>
   <trkpt lat="44.004940000000005" lon="-113.99773">
    <ele>2017.9113295240236</ele>
   </trkpt>
   <trkpt lat="44.0051150042078" lon="-113.99675000278017">
    <ele>2018.214825814982</ele>
   </trkpt>
   <trkpt lat="44.00529" lon="-113.99577000000001">
    <ele>2018.4342743301936</ele>
   </trkpt>
   <trkpt lat="44.00540000209648" lon="-113.99507000155425">
    <ele>2018.4527867072422</ele>
   </trkpt>
   <trkpt lat="44.00551" lon="-113.99437">
    <ele>2018.23562036932</ele>
   </trkpt>
   <trkpt lat="44.00558000169908" lon="-113.99375000052945">
    <ele>2017.3572624875871</ele>
   </trkpt>
   <trkpt lat="44.00565" lon="-113.99313000000001">
    <ele>2015.9470097143997</ele>
   </trkpt>
   <trkpt lat="44.00573000000001" lon="-113.99267">
    <ele>2014.654292594767</ele>
   </trkpt>
   <trkpt lat="44.005810000000004" lon="-113.9924">
    <ele>2013.9474490872701</ele>
   </trkpt>
   <trkpt lat="44.00594500591971" lon="-113.9912350026405">
    <ele>2011.1217453247336</ele>
   </trkpt>
   <trkpt lat="44.006080000000004" lon="-113.99007">
    <ele>2009.3876916452227</ele>
   </trkpt>
   <trkpt lat="44.00614" lon="-113.98989">
    <ele>2009.2135164399022</ele>
   </trkpt>
   <trkpt lat="44.00646000164063" lon="-113.98928500317965">
    <ele>2008.5306937640883</ele>
   </trkpt>
   <trkpt lat="44.006780000000006" lon="-113.98868">
    <ele>2008.3174510242907</ele>
   </trkpt>
   <trkpt lat="44.00701" lon="-113.98819">
    <ele>2008.4473353770054</ele>
   </trkpt>
   <trkpt lat="44.007290000000005" lon="-113.98718000000001">
    <ele>2007.9792741301405</ele>
   </trkpt>
   <trkpt lat="44.00751" lon="-113.98606000000001">
    <ele>2006.2350387662264</ele>
   </trkpt>
   <trkpt lat="44.00768" lon="-113.98542">
    <ele>2005.198450673945</ele>
   </trkpt>
   <trkpt lat="44.00804" lon="-113.98458000000001">
    <ele>2004.3121395081387</ele>
   </trkpt>
   <trkpt lat="44.00827" lon="-113.98389">
    <ele>2003.0456814230663</ele>
   </trkpt>
   <trkpt lat="44.008480000000006" lon="-113.98313">
    <ele>2002.0863807974683</ele>
   </trkpt>
   <trkpt lat="44.00883" lon="-113.98202">
    <ele>2001.6438324692224</ele>
   </trkpt>
   <trkpt lat="44.009060000000005" lon="-113.98116">
    <ele>2001.4134075877482</ele>
   </trkpt>
   <trkpt lat="44.00947000513491" lon="-113.98007000765722">
    <ele>2000.6767460038036</ele>
   </trkpt>
   <trkpt lat="44.00988" lon="-113.97898">
    <ele>2000.4196604902147</ele>
   </trkpt>
   <trkpt lat="44.010040000000004" lon="-113.97840000000001">
    <ele>2000.708118218111</ele>
   </trkpt>
   <trkpt lat="44.01023000000001" lon="-113.97786">
    <ele>2000.6639959470283</ele>
   </trkpt>
   <trkpt lat="44.010616671110974" lon="-113.97714667595588">
    <ele>2000.893437848612</ele>
   </trkpt>
   <trkpt lat="44.01100333778416" lon="-113.97643334261063">
    <ele>2000.7207903440471</ele>
   </trkpt>
   <trkpt lat="44.011390000000006" lon="-113.97572000000001">
    <ele>2000.070804936261</ele>
   </trkpt>
   <trkpt lat="44.0118966716136" lon="-113.97496667954223">
    <ele>1998.809438346219</ele>
   </trkpt>
   <trkpt lat="44.012403338277736" lon="-113.97421334621284">
    <ele>1997.9010823810834</ele>
   </trkpt>
   <trkpt lat="44.012910000000005" lon="-113.97346">
    <ele>1997.5967206494436</ele>
   </trkpt>
   <trkpt lat="44.013455003349634" lon="-113.9725900079171">
    <ele>1996.8160415244824</ele>
   </trkpt>
   <trkpt lat="44.014" lon="-113.97172">
    <ele>1996.2408230153685</ele>
   </trkpt>
   <trkpt lat="44.01413" lon="-113.97136">
    <ele>1996.3296787802465</ele>
   </trkpt>
   <trkpt lat="44.014570000000006" lon="-113.97070000000001">
    <ele>1996.7564770092456</ele>
   </trkpt>
   <trkpt lat="44.01509" lon="-113.96984">
    <ele>1997.4000487367016</ele>
   </trkpt>
   <trkpt lat="44.015240000000006" lon="-113.96952">
    <ele>1997.5100376916168</ele>
   </trkpt>
   <trkpt lat="44.01558201966167" lon="-113.96845802453466">
    <ele>1996.8129346497885</ele>
   </trkpt>
   <trkpt lat="44.01592402948721" lon="-113.96739603681912">
    <ele>1995.600211451991</ele>
   </trkpt>
   <trkpt lat="44.01626602947636" lon="-113.96633403685344">
    <ele>1995.0587737899389</ele>
   </trkpt>
   <trkpt lat="44.01660801962891" lon="-113.96527202463773">
    <ele>1995.305169929389</ele>
   </trkpt>
   <trkpt lat="44.01695" lon="-113.96421000000001">
    <ele>1994.9936883902901</ele>
   </trkpt>
   <trkpt lat="44.01706" lon="-113.96383000000002">
    <ele>1994.8862715726007</ele>
   </trkpt>
   <trkpt lat="44.01721500279165" lon="-113.9630300020873">
    <ele>1994.2071763667998</ele>
   </trkpt>
   <trkpt lat="44.01737000000001" lon="-113.96223">
    <ele>1993.2828870039982</ele>
   </trkpt>
   <trkpt lat="44.017500000000005" lon="-113.96178">
    <ele>1993.0302506244661</ele>
   </trkpt>
   <trkpt lat="44.01780000581645" lon="-113.96096334159806">
    <ele>1993.0878843145356</ele>
   </trkpt>
   <trkpt lat="44.018100005816166" lon="-113.96014667493226">
    <ele>1993.9367065020415</ele>
   </trkpt>
   <trkpt lat="44.01840000000001" lon="-113.95933000000001">
    <ele>1994.8222461897183</ele>
   </trkpt>
   <trkpt lat="44.0185" lon="-113.95891">
    <ele>1995.168733886796</ele>
   </trkpt>
   <trkpt lat="44.018550000000005" lon="-113.95779">
    <ele>1994.482022391562</ele>
   </trkpt>
   <trkpt lat="44.018820000000005" lon="-113.95699">
    <ele>1993.3415047654828</ele>
   </trkpt>
   <trkpt lat="44.0191550016747" lon="-113.95636000366501">
    <ele>1992.6610059905465</ele>
   </trkpt>
   <trkpt lat="44.019490000000005" lon="-113.95573">
    <ele>1992.0702020628717</ele>
   </trkpt>
   <trkpt lat="44.019650000000006" lon="-113.95539000000001">
    <ele>1992.0358090005739</ele>
   </trkpt>
   <trkpt lat="44.019940000000005" lon="-113.95503000000001">
    <ele>1991.5436414730837</ele>
   </trkpt>
   <trkpt lat="44.02033" lon="-113.95479">
    <ele>1990.112362186715</ele>
   </trkpt>
   <trkpt lat="44.02075000000001" lon="-113.95472000000001">
    <ele>1988.650405890111</ele>
   </trkpt>
   <trkpt lat="44.02156" lon="-113.95475">
    <ele>1985.018448217415</ele>
   </trkpt>
   <trkpt lat="44.02206" lon="-113.95471">
    <ele>1983.3193202494904</ele>
   </trkpt>
   <trkpt lat="44.02239" lon="-113.95466">
    <ele>1982.482516677316</ele>
   </trkpt>
   <trkpt lat="44.023230000000005" lon="-113.9544">
    <ele>1980.369274142624</ele>
   </trkpt>
   <trkpt lat="44.02353" lon="-113.95427000000001">
    <ele>1979.7222052460434</ele>
   </trkpt>
   <trkpt lat="44.02376" lon="-113.95422">
    <ele>1979.4968722683814</ele>
   </trkpt>
   <trkpt lat="44.02440500001023" lon="-113.95415500070807">
    <ele>1978.969739389409</ele>
   </trkpt>
   <trkpt lat="44.02505" lon="-113.95409000000001">
    <ele>1978.5203664136698</ele>
   </trkpt>
   <trkpt lat="44.025510000000004" lon="-113.95416000000002">
    <ele>1978.311005496289</ele>
   </trkpt>
   <trkpt lat="44.02586" lon="-113.95414000000001">
    <ele>1978.152683558075</ele>
   </trkpt>
   <trkpt lat="44.02602" lon="-113.95417">
    <ele>1978.1080117289328</ele>
   </trkpt>
   <trkpt lat="44.026160000000004" lon="-113.95408">
    <ele>1978.0561378165555</ele>
   </trkpt>
   <trkpt lat="44.026570000951914" lon="-113.95363000303695">
    <ele>1977.9113536465682</ele>
   </trkpt>
   <trkpt lat="44.02698" lon="-113.95318">
    <ele>1977.7677101525467</ele>
   </trkpt>
   <trkpt lat="44.027410000877445" lon="-113.95269500368568">
    <ele>1977.4727478243221</ele>
   </trkpt>
   <trkpt lat="44.027840000000005" lon="-113.95221000000001">
    <ele>1977.0760945589855</ele>
   </trkpt>
   <trkpt lat="44.028380000000006" lon="-113.95166">
    <ele>1976.518109463451</ele>
   </trkpt>
   <trkpt lat="44.02869000123754" lon="-113.95112500281647">
    <ele>1976.1079011064048</ele>
   </trkpt>
   <trkpt lat="44.029" lon="-113.95059">
    <ele>1975.8508944737216</ele>
   </trkpt>
   <trkpt lat="44.02947" lon="-113.94973">
    <ele>1975.2217254010397</ele>
   </trkpt>
   <trkpt lat="44.02998" lon="-113.94893">
    <ele>1974.5017036441204</ele>
   </trkpt>
   <trkpt lat="44.03027" lon="-113.94853">
    <ele>1974.241892137612</ele>
   </trkpt>
   <trkpt lat="44.03065" lon="-113.94776">
    <ele>1973.9155865239393</ele>
   </trkpt>
   <trkpt lat="44.03107000000001" lon="-113.94678">
    <ele>1973.1939579377313</ele>
   </trkpt>
   <trkpt lat="44.0317" lon="-113.94597">
    <ele>1971.7559311243037</ele>
   </trkpt>
   <trkpt lat="44.03193" lon="-113.94544">
    <ele>1971.0657060002482</ele>
   </trkpt>
   <trkpt lat="44.03236500196715" lon="-113.94476500498514">
    <ele>1970.4338401873533</ele>
   </trkpt>
   <trkpt lat="44.0328" lon="-113.94409">
    <ele>1970.2964318975978</ele>
   </trkpt>
   <trkpt lat="44.033100000000005" lon="-113.94366000000001">
    <ele>1970.340328790515</ele>
   </trkpt>
   <trkpt lat="44.033600001239755" lon="-113.94314000432432">
    <ele>1970.4109833303123</ele>
   </trkpt>
   <trkpt lat="44.0341" lon="-113.94262">
    <ele>1970.121486477798</ele>
   </trkpt>
   <trkpt lat="44.03432" lon="-113.94236000000001">
    <ele>1969.8267567306375</ele>
   </trkpt>
   <trkpt lat="44.034580000000005" lon="-113.94172">
    <ele>1969.3203998544377</ele>
   </trkpt>
   <trkpt lat="44.03481000347171" lon="-113.94083000338664">
    <ele>1968.4526177096513</ele>
   </trkpt>
   <trkpt lat="44.03504" lon="-113.93994">
    <ele>1967.8300687917733</ele>
   </trkpt>
   <trkpt lat="44.03535860500599" lon="-113.93880717940479">
    <ele>1967.1729584155048</ele>
   </trkpt>
   <trkpt lat="44.035677198819464" lon="-113.93767434662843">
    <ele>1966.8088187087596</ele>
   </trkpt>
   <trkpt lat="44.03599578144015" lon="-113.93654150167102">
    <ele>1966.4262469987516</ele>
   </trkpt>
   <trkpt lat="44.03631435286781" lon="-113.93540864453274">
    <ele>1965.8338807878197</ele>
   </trkpt>
   <trkpt lat="44.03663291310225" lon="-113.93427577521379">
    <ele>1965.196135068723</ele>
   </trkpt>
   <trkpt lat="44.03695146214316" lon="-113.93314289371429">
    <ele>1964.5553311662027</ele>
   </trkpt>
   <trkpt lat="44.03727000000001" lon="-113.93201">
    <ele>1963.9004854365007</ele>
   </trkpt>
   <trkpt lat="44.03758334486227" lon="-113.93086001218273">
    <ele>1963.1985537080109</ele>
   </trkpt>
   <trkpt lat="44.03789667819017" lon="-113.9297100122029">
    <ele>1962.4210469741872</ele>
   </trkpt>
   <trkpt lat="44.03821000000001" lon="-113.92856">
    <ele>1961.7568895046663</ele>
   </trkpt>
   <trkpt lat="44.03846804914498" lon="-113.92744104384853">
    <ele>1961.257419581751</ele>
   </trkpt>
   <trkpt lat="44.0387260873697" lon="-113.92632207795083">
    <ele>1960.8261853208694</ele>
   </trkpt>
   <trkpt lat="44.03898411467398" lon="-113.92520310230714">
    <ele>1960.4191205484215</ele>
   </trkpt>
   <trkpt lat="44.03924213105762" lon="-113.9240841169177">
    <ele>1959.8031425500876</ele>
   </trkpt>
   <trkpt lat="44.039500136520424" lon="-113.92296512178278">
    <ele>1959.2166632596854</ele>
   </trkpt>
   <trkpt lat="44.03975813106221" lon="-113.92184611690259">
    <ele>1958.6367717192795</ele>
   </trkpt>
   <trkpt lat="44.04001611468278" lon="-113.92072710227735">
    <ele>1957.8681104806228</ele>
   </trkpt>
   <trkpt lat="44.040274087381924" lon="-113.91960807790737">
    <ele>1957.0163577027788</ele>
   </trkpt>
   <trkpt lat="44.040532049159474" lon="-113.91848904379283">
    <ele>1956.2091332874354</ele>
   </trkpt>
   <trkpt lat="44.04079" lon="-113.91737">
    <ele>1955.5603486775044</ele>
   </trkpt>
   <trkpt lat="44.04118667678404" lon="-113.91629334773138">
    <ele>1955.1224515183267</ele>
   </trkpt>
   <trkpt lat="44.041583343457816" lon="-113.9152166810456">
    <ele>1954.6296912828993</ele>
   </trkpt>
   <trkpt lat="44.04198" lon="-113.91414">
    <ele>1954.0198402883248</ele>
   </trkpt>
   <trkpt lat="44.04240835884284" lon="-113.91305837243992">
    <ele>1953.1987806475465</ele>
   </trkpt>
   <trkpt lat="44.042836707481754" lon="-113.91197672923862">
    <ele>1952.5884551082822</ele>
   </trkpt>
   <trkpt lat="44.04326504591648" lon="-113.91089507039598">
    <ele>1952.2514054810547</ele>
   </trkpt>
   <trkpt lat="44.04369337414669" lon="-113.90981339591193">
    <ele>1951.838161537419</ele>
   </trkpt>
   <trkpt lat="44.044121692172105" lon="-113.90873170578635">
    <ele>1951.1955738405313</ele>
   </trkpt>
   <trkpt lat="44.04455" lon="-113.90765">
    <ele>1950.5609184819925</ele>
   </trkpt>
   <trkpt lat="44.04496201541092" lon="-113.90671002615571">
    <ele>1949.862538729045</ele>
   </trkpt>
   <trkpt lat="44.045374023115556" lon="-113.90577003923602">
    <ele>1949.191733236499</ele>
   </trkpt>
   <trkpt lat="44.04578602311373" lon="-113.9048300392408">
    <ele>1948.552104862806</ele>
   </trkpt>
   <trkpt lat="44.0461980154052" lon="-113.90389002616995">
    <ele>1947.8967076924155</ele>
   </trkpt>
   <trkpt lat="44.04661" lon="-113.90295">
    <ele>1947.1678422060734</ele>
   </trkpt>
   <trkpt lat="44.04707731499603" lon="-113.90196553221814">
    <ele>1946.447128237956</ele>
   </trkpt>
   <trkpt lat="44.047544621538925" lon="-113.90098104890279">
    <ele>1945.7153890098173</ele>
   </trkpt>
   <trkpt lat="44.04801191962844" lon="-113.8999965500537">
    <ele>1945.0374559259112</ele>
   </trkpt>
   <trkpt lat="44.0484792092643" lon="-113.89901203567071">
    <ele>1944.3687628494508</ele>
   </trkpt>
   <trkpt lat="44.04894649044622" lon="-113.89802750575353">
    <ele>1943.6495954856339</ele>
   </trkpt>
   <trkpt lat="44.04941376317394" lon="-113.89704296030202">
    <ele>1942.9693645903726</ele>
   </trkpt>
   <trkpt lat="44.049881027447185" lon="-113.89605839931588">
    <ele>1942.367526484594</ele>
   </trkpt>
   <trkpt lat="44.050348283265684" lon="-113.89507382279493">
    <ele>1941.706980786189</ele>
   </trkpt>
   <trkpt lat="44.050815530629166" lon="-113.894089230739">
    <ele>1941.0886850965362</ele>
   </trkpt>
   <trkpt lat="44.05128276953735" lon="-113.89310462314779">
    <ele>1940.3218206144052</ele>
   </trkpt>
   <trkpt lat="44.051750000000006" lon="-113.89212">
    <ele>1939.5818211953833</ele>
   </trkpt>
   <trkpt lat="44.05199500152772" lon="-113.89153500233577">
    <ele>1939.1516767042435</ele>
   </trkpt>
   <trkpt lat="44.052240000000005" lon="-113.89095">
    <ele>1938.8890800102934</ele>
   </trkpt>
   <trkpt lat="44.052310000000006" lon="-113.89046">
    <ele>1938.695954306013</ele>
   </trkpt>
   <trkpt lat="44.05231500275537" lon="-113.88966500020123">
    <ele>1938.317611630637</ele>
   </trkpt>
   <trkpt lat="44.05232" lon="-113.88887000000001">
    <ele>1938.1335143076171</ele>
   </trkpt>
   <trkpt lat="44.052325066888166" lon="-113.88768916776904">
    <ele>1937.6576530274963</ele>
   </trkpt>
   <trkpt lat="44.05233012161487" lon="-113.88650833533627">
    <ele>1936.5974086581139</ele>
   </trkpt>
   <trkpt lat="44.052335164180086" lon="-113.88532750270217">
    <ele>1935.8290517931807</ele>
   </trkpt>
   <trkpt lat="44.05234019458384" lon="-113.88414666986725">
    <ele>1935.6271251177511</ele>
   </trkpt>
   <trkpt lat="44.05234521282609" lon="-113.88296583683196">
    <ele>1935.2346236412684</ele>
   </trkpt>
   <trkpt lat="44.05235021890685" lon="-113.88178500359678">
    <ele>1934.639057981909</ele>
   </trkpt>
   <trkpt lat="44.05235521282613" lon="-113.88060417016223">
    <ele>1934.0416342272345</ele>
   </trkpt>
   <trkpt lat="44.052360194583905" lon="-113.87942333652877">
    <ele>1933.4476910522042</ele>
   </trkpt>
   <trkpt lat="44.05236516418018" lon="-113.8782425026969">
    <ele>1932.7657407181723</ele>
   </trkpt>
   <trkpt lat="44.052370121614935" lon="-113.8770616686671">
    <ele>1932.0425635480906</ele>
   </trkpt>
   <trkpt lat="44.0523750668882" lon="-113.87588083443985">
    <ele>1931.3596231157244</ele>
   </trkpt>
   <trkpt lat="44.05238000000001" lon="-113.8747">
    <ele>1930.7063649192112</ele>
   </trkpt>
   <trkpt lat="44.05237001955218" lon="-113.87347749936046">
    <ele>1930.1158257337713</ele>
   </trkpt>
   <trkpt lat="44.05236002606946" lon="-113.87225499913322">
    <ele>1929.4991749901912</ele>
   </trkpt>
   <trkpt lat="44.05235001955183" lon="-113.87103249931883">
    <ele>1928.8111446641815</ele>
   </trkpt>
   <trkpt lat="44.05234" lon="-113.86981000000002">
    <ele>1928.256180764602</ele>
   </trkpt>
   <trkpt lat="44.051790000000004" lon="-113.86997000000001">
    <ele>1928.1218808280178</ele>
   </trkpt>
   <trkpt lat="44.051350000000006" lon="-113.87004">
    <ele>1928.3096798342694</ele>
   </trkpt>
   <trkpt lat="44.05078" lon="-113.87009">
    <ele>1928.7604081039879</ele>
   </trkpt>
   <trkpt lat="44.05017333327704" lon="-113.87007333299029">
    <ele>1929.1810371272995</ele>
   </trkpt>
   <trkpt lat="44.049566666551634" lon="-113.87005666632201">
    <ele>1929.4848654786958</ele>
   </trkpt>
   <trkpt lat="44.04896" lon="-113.87004">
    <ele>1929.5043110308538</ele>
   </trkpt>
   <trkpt lat="44.048320000000004" lon="-113.87008000000002">
    <ele>1929.4606071284372</ele>
   </trkpt>
   <trkpt lat="44.04747499998892" lon="-113.8700599997144">
    <ele>1929.3363636802392</ele>
   </trkpt>
   <trkpt lat="44.04663" lon="-113.87004">
    <ele>1929.4050655601714</ele>
   </trkpt>
   <trkpt lat="44.04583750000355" lon="-113.87004125011705">
    <ele>1929.5182668695795</ele>
   </trkpt>
   <trkpt lat="44.045045000007086" lon="-113.87004250020065">
    <ele>1929.4749817978102</ele>
   </trkpt>
   <trkpt lat="44.0442525000106" lon="-113.87004375025082">
    <ele>1929.3868002262648</ele>
   </trkpt>
   <trkpt lat="44.04346000001412" lon="-113.87004500026754">
    <ele>1929.219469414088</ele>
   </trkpt>
   <trkpt lat="44.0426675000176" lon="-113.8700462502508">
    <ele>1929.0014653020678</ele>
   </trkpt>
   <trkpt lat="44.04187500002108" lon="-113.87004750020061">
    <ele>1928.7820906519305</ele>
   </trkpt>
   <trkpt lat="44.04108250002455" lon="-113.87004875011701">
    <ele>1928.7632895759052</ele>
   </trkpt>
   <trkpt lat="44.040290000000006" lon="-113.87005">
    <ele>1928.664877151596</ele>
   </trkpt>
   <trkpt lat="44.03958500004896" lon="-113.87004499994084">
    <ele>1928.434039338784</ele>
   </trkpt>
   <trkpt lat="44.038880000000006" lon="-113.87004">
    <ele>1928.1391985875698</ele>
   </trkpt>
   <trkpt lat="44.03838499993654" lon="-113.87002499987273">
    <ele>1927.8297307787516</ele>
   </trkpt>
   <trkpt lat="44.037890000000004" lon="-113.87001000000001">
    <ele>1927.546422823585</ele>
   </trkpt>
   <trkpt lat="44.037140000111165" lon="-113.87003000025022">
    <ele>1927.2721865105964</ele>
   </trkpt>
   <trkpt lat="44.036390000000004" lon="-113.87005">
    <ele>1927.1963781597085</ele>
   </trkpt>
   <trkpt lat="44.035706666710134" lon="-113.87003666635998">
    <ele>1927.1102176736676</ele>
   </trkpt>
   <trkpt lat="44.035023333418714" lon="-113.87002333302746">
    <ele>1926.9230261118498</ele>
   </trkpt>
   <trkpt lat="44.03434" lon="-113.87001000000001">
    <ele>1926.809316590738</ele>
   </trkpt>
   <trkpt lat="44.03396" lon="-113.86991">
    <ele>1926.7144609105326</ele>
   </trkpt>
   <trkpt lat="44.033390000000004" lon="-113.86968">
    <ele>1926.6499261286203</ele>
   </trkpt>
   <trkpt lat="44.03274333427831" lon="-113.86936665987167">
    <ele>1926.3826409875976</ele>
   </trkpt>
   <trkpt lat="44.032096667700316" lon="-113.86905332658142">
    <ele>1926.1176824290524</ele>
   </trkpt>
   <trkpt lat="44.03145000000001" lon="-113.86874">
    <ele>1925.5947855979198</ele>
   </trkpt>
   <trkpt lat="44.03063333558382" lon="-113.86823331937764">
    <ele>1924.8990165420514</ele>
   </trkpt>
   <trkpt lat="44.029816668928646" lon="-113.86772665271836">
    <ele>1924.3859364419748</ele>
   </trkpt>
   <trkpt lat="44.029" lon="-113.86722">
    <ele>1924.3242258100513</ele>
   </trkpt>
   <trkpt lat="44.0289" lon="-113.86713">
    <ele>1924.3416472791891</ele>
   </trkpt>
   <trkpt lat="44.02853500085473" lon="-113.8666699970816">
    <ele>1924.3583710409541</ele>
   </trkpt>
   <trkpt lat="44.02817" lon="-113.86621000000001">
    <ele>1924.2277519612137</ele>
   </trkpt>
   <trkpt lat="44.02808" lon="-113.86592">
    <ele>1924.0986090880685</ele>
   </trkpt>
   <trkpt lat="44.02798000000001" lon="-113.86547000000002">
    <ele>1923.8764864793995</ele>
   </trkpt>
   <trkpt lat="44.02787" lon="-113.86512">
    <ele>1923.4356900155574</ele>
   </trkpt>
   <trkpt lat="44.0275" lon="-113.86439000000001">
    <ele>1922.3306977278185</ele>
   </trkpt>
   <trkpt lat="44.027210000000004" lon="-113.86387">
    <ele>1921.7886898122501</ele>
   </trkpt>
   <trkpt lat="44.026970000000006" lon="-113.86351">
    <ele>1921.5477933052534</ele>
   </trkpt>
   <trkpt lat="44.02682" lon="-113.86289000000001">
    <ele>1921.2462813379213</ele>
   </trkpt>
   <trkpt lat="44.02623500495576" lon="-113.86227498180004">
    <ele>1920.5728564747683</ele>
   </trkpt>
   <trkpt lat="44.02565000661264" lon="-113.86165997573899">
    <ele>1919.7239024192834</ele>
   </trkpt>
   <trkpt lat="44.025065004970806" lon="-113.86104498181642">
    <ele>1919.0801690176013</ele>
   </trkpt>
   <trkpt lat="44.024480000000004" lon="-113.86043000000001">
    <ele>1918.362633189571</ele>
   </trkpt>
   <trkpt lat="44.02388333623224" lon="-113.85985998858843">
    <ele>1917.6779964875673</ele>
   </trkpt>
   <trkpt lat="44.02328666963079" lon="-113.8592899886509">
    <ele>1917.0570991981451</ele>
   </trkpt>
   <trkpt lat="44.022690000000004" lon="-113.85872">
    <ele>1916.55843302728</ele>
   </trkpt>
   <trkpt lat="44.02233000051415" lon="-113.8583199973671">
    <ele>1916.1789724450596</ele>
   </trkpt>
   <trkpt lat="44.02197" lon="-113.85792000000001">
    <ele>1915.82402077884</ele>
   </trkpt>
   <trkpt lat="44.02145333578073" lon="-113.85739332418268">
    <ele>1915.2242833258965</ele>
   </trkpt>
   <trkpt lat="44.020936669142245" lon="-113.85686665754487">
    <ele>1914.6605622341397</ele>
   </trkpt>
   <trkpt lat="44.02042" lon="-113.85634">
    <ele>1914.0293552478438</ele>
   </trkpt>
   <trkpt lat="44.020050000000005" lon="-113.85581">
    <ele>1913.4145369201824</ele>
   </trkpt>
   <trkpt lat="44.01941000246864" lon="-113.85505499183023">
    <ele>1912.4391829333686</ele>
   </trkpt>
   <trkpt lat="44.01877" lon="-113.85430000000001">
    <ele>1911.372679778749</ele>
   </trkpt>
   <trkpt lat="44.018167508836626" lon="-113.8534774749086">
    <ele>1910.4718074871848</ele>
   </trkpt>
   <trkpt lat="44.01756501177283" lon="-113.85265496653265">
    <ele>1910.1130633999937</ele>
   </trkpt>
   <trkpt lat="44.01696250880889" lon="-113.8518324748716">
    <ele>1909.8211164575832</ele>
   </trkpt>
   <trkpt lat="44.016360000000006" lon="-113.85101">
    <ele>1909.3848993029344</ele>
   </trkpt>
   <trkpt lat="44.0159" lon="-113.85052">
    <ele>1909.1491278881385</ele>
   </trkpt>
   <trkpt lat="44.015690000000006" lon="-113.85039">
    <ele>1909.0508205572573</ele>
   </trkpt>
   <trkpt lat="44.015250000532006" lon="-113.85000499704327">
    <ele>1908.8798939331177</ele>
   </trkpt>
   <trkpt lat="44.014810000000004" lon="-113.84962000000002">
    <ele>1908.5621462191975</ele>
   </trkpt>
   <trkpt lat="44.01431" lon="-113.84904">
    <ele>1908.0377995199856</ele>
   </trkpt>
   <trkpt lat="44.013610002306145" lon="-113.8483249916388">
    <ele>1907.3379712439282</ele>
   </trkpt>
   <trkpt lat="44.012910000000005" lon="-113.84761">
    <ele>1906.7163429609307</ele>
   </trkpt>
   <trkpt lat="44.01225000277905" lon="-113.84680499098431">
    <ele>1906.0221923495794</ele>
   </trkpt>
   <trkpt lat="44.011590000000005" lon="-113.846">
    <ele>1905.0807880248176</ele>
   </trkpt>
   <trkpt lat="44.01136" lon="-113.8456">
    <ele>1904.7043176046693</ele>
   </trkpt>
   <trkpt lat="44.01106" lon="-113.84483000000002">
    <ele>1904.201320562631</ele>
   </trkpt>
   <trkpt lat="44.01051500172" lon="-113.84420499427588">
    <ele>1903.7677127734382</ele>
   </trkpt>
   <trkpt lat="44.00997" lon="-113.84358">
    <ele>1903.30398202354</ele>
   </trkpt>
   <trkpt lat="44.009445001771766" lon="-113.84295499454916">
    <ele>1902.7120508689513</ele>
   </trkpt>
   <trkpt lat="44.00892" lon="-113.84233">
    <ele>1902.3049351995833</ele>
   </trkpt>
   <trkpt lat="44.00848000107918" lon="-113.84183999640094">
    <ele>1901.8846531810987</ele>
   </trkpt>
   <trkpt lat="44.00804" lon="-113.84135">
    <ele>1901.4734609493162</ele>
   </trkpt>
   <trkpt lat="44.00742250569045" lon="-113.84068997937902">
    <ele>1900.7660445165213</ele>
   </trkpt>
   <trkpt lat="44.00680500758169" lon="-113.84002997249983">
    <ele>1900.262846032209</ele>
   </trkpt>
   <trkpt lat="44.0061875056739" lon="-113.839369979362">
    <ele>1899.8354508962993</ele>
   </trkpt>
   <trkpt lat="44.005570000000006" lon="-113.83871">
    <ele>1899.321896920411</ele>
   </trkpt>
   <trkpt lat="44.00507000309803" lon="-113.83810998983554">
    <ele>1898.781949505123</ele>
   </trkpt>
   <trkpt lat="44.004570003056294" lon="-113.83750998978563">
    <ele>1898.2692646841995</ele>
   </trkpt>
   <trkpt lat="44.004070000000006" lon="-113.83691">
    <ele>1897.7042891121139</ele>
   </trkpt>
   <trkpt lat="44.00358000375089" lon="-113.83625332247236">
    <ele>1897.1652682643257</ele>
   </trkpt>
   <trkpt lat="44.003090003740944" lon="-113.83559665579254">
    <ele>1896.736360696813</ele>
   </trkpt>
   <trkpt lat="44.0026" lon="-113.83494">
    <ele>1896.2387221162576</ele>
   </trkpt>
   <trkpt lat="44.00202" lon="-113.83431000000002">
    <ele>1895.517925010226</ele>
   </trkpt>
   <trkpt lat="44.00175" lon="-113.83393000000001">
    <ele>1895.1404005643594</ele>
   </trkpt>
   <trkpt lat="44.001625004872054" lon="-113.83286999753257">
    <ele>1894.5341572056989</ele>
   </trkpt>
   <trkpt lat="44.0015" lon="-113.83181">
    <ele>1894.0788275217772</ele>
   </trkpt>
   <trkpt lat="44.00161000000001" lon="-113.83136">
    <ele>1893.887662794462</ele>
   </trkpt>
   <trkpt lat="44.001780000000004" lon="-113.83051">
    <ele>1893.5110034219495</ele>
   </trkpt>
   <trkpt lat="44.00182" lon="-113.82981000000001">
    <ele>1893.1495630125526</ele>
   </trkpt>
   <trkpt lat="44.00183202258901" lon="-113.82867200092674">
    <ele>1892.5631992218123</ele>
   </trkpt>
   <trkpt lat="44.00184403388347" lon="-113.82753400139248">
    <ele>1892.047082584464</ele>
   </trkpt>
   <trkpt lat="44.00185603388343" lon="-113.82639600139764">
    <ele>1891.5890365680825</ele>
   </trkpt>
   <trkpt lat="44.00186802258885" lon="-113.82525800094265">
    <ele>1891.1002566600946</ele>
   </trkpt>
   <trkpt lat="44.00188000000001" lon="-113.82412000000001">
    <ele>1890.508770731138</ele>
   </trkpt>
   <trkpt lat="44.00101249999587" lon="-113.82409999912251">
    <ele>1890.0977923894873</ele>
   </trkpt>
   <trkpt lat="44.000144999988265" lon="-113.82407999882989">
    <ele>1889.7530580087462</ele>
   </trkpt>
   <trkpt lat="43.999277499977154" lon="-113.82405999912211">
    <ele>1889.3567522364704</ele>
   </trkpt>
   <trkpt lat="43.99841000000001" lon="-113.82404000000001">
    <ele>1888.9436532277095</ele>
   </trkpt>
   <trkpt lat="43.99754499996118" lon="-113.82403749989058">
    <ele>1888.6301310331987</ele>
   </trkpt>
   <trkpt lat="43.99667999992229" lon="-113.82403499985402">
    <ele>1888.3286875268775</ele>
   </trkpt>
   <trkpt lat="43.99581499988336" lon="-113.82403249989034">
    <ele>1887.8962013691298</ele>
   </trkpt>
   <trkpt lat="43.99495" lon="-113.82403000000001">
    <ele>1887.6274319562415</ele>
   </trkpt>
   <trkpt lat="43.994159999995524" lon="-113.82401199904129">
    <ele>1887.3291215527036</ele>
   </trkpt>
   <trkpt lat="43.993369999988225" lon="-113.82399399856186">
    <ele>1887.0678111136249</ele>
   </trkpt>
   <trkpt lat="43.99257999997809" lon="-113.82397599856165">
    <ele>1886.8923426039416</ele>
   </trkpt>
   <trkpt lat="43.99178999996514" lon="-113.82395799904064">
    <ele>1886.716093814775</ele>
   </trkpt>
   <trkpt lat="43.99100000000001" lon="-113.82394000000001">
    <ele>1886.49032815071</ele>
   </trkpt>
   <trkpt lat="43.99011250001069" lon="-113.82393749988789">
    <ele>1886.2866380836374</ele>
   </trkpt>
   <trkpt lat="43.98922500002132" lon="-113.82393499985055">
    <ele>1886.0651799853867</ele>
   </trkpt>
   <trkpt lat="43.988337500031896" lon="-113.82393249988795">
    <ele>1885.9005056490657</ele>
   </trkpt>
   <trkpt lat="43.98745" lon="-113.82393">
    <ele>1886.0515780878138</ele>
   </trkpt>
   <trkpt lat="43.98665799998252" lon="-113.82391999946607">
    <ele>1886.320024353322</ele>
   </trkpt>
   <trkpt lat="43.985865999964176" lon="-113.82390999919899">
    <ele>1886.4393020661612</ele>
   </trkpt>
   <trkpt lat="43.98507399994495" lon="-113.82389999919876">
    <ele>1886.4978337696552</ele>
   </trkpt>
   <trkpt lat="43.98428199992486" lon="-113.82388999946537">
    <ele>1886.6768335131896</ele>
   </trkpt>
   <trkpt lat="43.98349" lon="-113.82388">
    <ele>1887.17629420706</ele>
   </trkpt>
   <trkpt lat="43.982690000000005" lon="-113.82390000000001">
    <ele>1888.1525725081847</ele>
   </trkpt>
   <trkpt lat="43.98212500019057" lon="-113.82388999990819">
    <ele>1889.0632258133696</ele>
   </trkpt>
   <trkpt lat="43.98156" lon="-113.82388">
    <ele>1890.1314126580692</ele>
   </trkpt>
   <trkpt lat="43.980774285718574" lon="-113.82386857052114">
    <ele>1891.612284062742</ele>
   </trkpt>
   <trkpt lat="43.97998857143603" lon="-113.8238571413448">
    <ele>1893.041815990644</ele>
   </trkpt>
   <trkpt lat="43.979202857152345" lon="-113.82384571247093">
    <ele>1894.5736266748734</ele>
   </trkpt>
   <trkpt lat="43.978417142867514" lon="-113.82383428389954">
    <ele>1896.2579990461663</ele>
   </trkpt>
   <trkpt lat="43.97763142858154" lon="-113.82382285563062">
    <ele>1897.9571687830648</ele>
   </trkpt>
   <trkpt lat="43.976845714294434" lon="-113.82381142766414">
    <ele>1899.7850113329482</ele>
   </trkpt>
   <trkpt lat="43.976060000000004" lon="-113.8238">
    <ele>1901.7817279074363</ele>
   </trkpt>
   <trkpt lat="43.97536499995811" lon="-113.82381000011765">
    <ele>1903.1087337505226</ele>
   </trkpt>
   <trkpt lat="43.97467" lon="-113.82382000000001">
    <ele>1904.4277854970273</ele>
   </trkpt>
   <trkpt lat="43.974520000000005" lon="-113.82326">
    <ele>1905.0333192242485</ele>
   </trkpt>
   <trkpt lat="43.97427000953992" lon="-113.82221332446173">
    <ele>1905.228868987207</ele>
   </trkpt>
   <trkpt lat="43.97402000952575" lon="-113.82116665773589">
    <ele>1905.2398535156817</ele>
   </trkpt>
   <trkpt lat="43.97377" lon="-113.82012">
    <ele>1905.1024435474242</ele>
   </trkpt>
   <trkpt lat="43.973552511803945" lon="-113.81916998955246">
    <ele>1905.114077882971</ele>
   </trkpt>
   <trkpt lat="43.97333501573704" lon="-113.81821998606337">
    <ele>1905.1915775317868</ele>
   </trkpt>
   <trkpt lat="43.97311751179939" lon="-113.8172699895329">
    <ele>1905.170642130879</ele>
   </trkpt>
   <trkpt lat="43.9729" lon="-113.81632">
    <ele>1904.8216024541987</ele>
   </trkpt>
   <trkpt lat="43.97280000000001" lon="-113.81557000000001">
    <ele>1904.108351882035</ele>
   </trkpt>
   <trkpt lat="43.97279667603906" lon="-113.81453333324023">
    <ele>1902.9525438364315</ele>
   </trkpt>
   <trkpt lat="43.97279334270579" lon="-113.81349666659666">
    <ele>1901.7400026427172</ele>
   </trkpt>
   <trkpt lat="43.97279" lon="-113.81246000000002">
    <ele>1900.5131431531918</ele>
   </trkpt>
   <trkpt lat="43.97281500192253" lon="-113.81179500043454">
    <ele>1899.829084522844</ele>
   </trkpt>
   <trkpt lat="43.972840000000005" lon="-113.81113">
    <ele>1899.0745080126253</ele>
   </trkpt>
   <trkpt lat="43.97285000877998" lon="-113.81012666693381">
    <ele>1897.6431856172153</ele>
   </trkpt>
   <trkpt lat="43.97286000878068" lon="-113.80912333352956">
    <ele>1895.9823927885252</ele>
   </trkpt>
   <trkpt lat="43.97287" lon="-113.80812">
    <ele>1894.706001256137</ele>
   </trkpt>
   <trkpt lat="43.97289000675291" lon="-113.80724000062158">
    <ele>1893.655032213609</ele>
   </trkpt>
   <trkpt lat="43.972910006752265" lon="-113.80636000065034">
    <ele>1892.5786653527502</ele>
   </trkpt>
   <trkpt lat="43.972930000000005" lon="-113.80548">
    <ele>1891.6134336520217</ele>
   </trkpt>
   <trkpt lat="43.9729" lon="-113.80454">
    <ele>1890.5635146746602</ele>
   </trkpt>
   <trkpt lat="43.97292" lon="-113.80361">
    <ele>1890.192612723487</ele>
   </trkpt>
   <trkpt lat="43.97225" lon="-113.8036">
    <ele>1890.7995997952044</ele>
   </trkpt>
   <trkpt lat="43.97177999991317" lon="-113.80357999983795">
    <ele>1891.889334609513</ele>
   </trkpt>
   <trkpt lat="43.97131" lon="-113.80356">
    <ele>1892.62647104273</ele>
   </trkpt>
   <trkpt lat="43.97054249999422" lon="-113.80353749912736">
    <ele>1894.1962334893994</ele>
   </trkpt>
   <trkpt lat="43.96977499998402" lon="-113.80351499883629">
    <ele>1895.5271499232404</ele>
   </trkpt>
   <trkpt lat="43.96900749996941" lon="-113.80349249912669">
    <ele>1896.7717652709969</ele>
   </trkpt>
   <trkpt lat="43.96824" lon="-113.80347">
    <ele>1898.1101137280177</ele>
   </trkpt>
   <trkpt lat="43.96742000000656" lon="-113.80347">
    <ele>1899.497739946558</ele>
   </trkpt>
   <trkpt lat="43.96660000001313" lon="-113.80347">
    <ele>1901.1779103204126</ele>
   </trkpt>
   <trkpt lat="43.96578" lon="-113.80347">
    <ele>1904.1608618070513</ele>
   </trkpt>
   <trkpt lat="43.9653200000104" lon="-113.8034499998455">
    <ele>1906.1286997649543</ele>
   </trkpt>
   <trkpt lat="43.96486" lon="-113.80343">
    <ele>1908.288170234692</ele>
   </trkpt>
   <trkpt lat="43.96403500005355" lon="-113.8034249999309">
    <ele>1912.7544901139272</ele>
   </trkpt>
   <trkpt lat="43.963210000000004" lon="-113.80342">
    <ele>1917.688719160005</ele>
   </trkpt>
   <trkpt lat="43.962520000000005" lon="-113.80338">
    <ele>1921.2318772636738</ele>
   </trkpt>
   <trkpt lat="43.96183499987713" lon="-113.80338500005858">
    <ele>1925.1274604689713</ele>
   </trkpt>
   <trkpt lat="43.96115" lon="-113.80339000000001">
    <ele>1928.8215345844321</ele>
   </trkpt>
   <trkpt lat="43.96069000000001" lon="-113.80336000000001">
    <ele>1931.036577166168</ele>
   </trkpt>
   <trkpt lat="43.960150000000006" lon="-113.80342">
    <ele>1933.56036632734</ele>
   </trkpt>
   <trkpt lat="43.95993000000001" lon="-113.80347">
    <ele>1934.7725794031871</ele>
   </trkpt>
   <trkpt lat="43.959430000000005" lon="-113.80374">
    <ele>1937.426666017804</ele>
   </trkpt>
   <trkpt lat="43.958680000226956" lon="-113.80403500378367">
    <ele>1942.063548628111</ele>
   </trkpt>
   <trkpt lat="43.957930000000005" lon="-113.80433000000001">
    <ele>1947.507949852618</ele>
   </trkpt>
   <trkpt lat="43.957660000000004" lon="-113.80446">
    <ele>1949.6587089481386</ele>
   </trkpt>
   <trkpt lat="43.957280000000004" lon="-113.80468">
    <ele>1952.8525830019178</ele>
   </trkpt>
   <trkpt lat="43.956900000000005" lon="-113.80495">
    <ele>1955.9026309370179</ele>
   </trkpt>
   <trkpt lat="43.956480000000006" lon="-113.80521">
    <ele>1958.5630059040977</ele>
   </trkpt>
   <trkpt lat="43.95617" lon="-113.80539">
    <ele>1961.3150572126779</ele>
   </trkpt>
   <trkpt lat="43.95599000000001" lon="-113.80545000000001">
    <ele>1962.7389069070753</ele>
   </trkpt>
   <trkpt lat="43.955220000000004" lon="-113.80554000000001">
    <ele>1970.3736515871622</ele>
   </trkpt>
   <trkpt lat="43.95485" lon="-113.80553">
    <ele>1974.0770922331405</ele>
   </trkpt>
   <trkpt lat="43.95445" lon="-113.80532000000001">
    <ele>1977.9413774437833</ele>
   </trkpt>
   <trkpt lat="43.95414" lon="-113.80512">
    <ele>1981.889308100266</ele>
   </trkpt>
   <trkpt lat="43.953770000000006" lon="-113.80477">
    <ele>1986.9185593199677</ele>
   </trkpt>
   <trkpt lat="43.95365" lon="-113.80463">
    <ele>1988.8124915831559</ele>
   </trkpt>
   <trkpt lat="43.95342" lon="-113.80418">
    <ele>1992.6317512025332</ele>
   </trkpt>
   <trkpt lat="43.95324" lon="-113.80396">
    <ele>1994.467033543251</ele>
   </trkpt>
   <trkpt lat="43.95268500192726" lon="-113.8032949937885">
    <ele>2001.4895306493913</ele>
   </trkpt>
   <trkpt lat="43.952130000000004" lon="-113.80263000000001">
    <ele>2009.475206647021</ele>
   </trkpt>
   <trkpt lat="43.95179" lon="-113.80235">
    <ele>2013.1127405053694</ele>
   </trkpt>
   <trkpt lat="43.95098" lon="-113.8023">
    <ele>2020.7194013108488</ele>
   </trkpt>
   <trkpt lat="43.95053" lon="-113.80226">
    <ele>2024.9550067611701</ele>
   </trkpt>
   <trkpt lat="43.9498400000354" lon="-113.80223499971095">
    <ele>2031.8259882512632</ele>
   </trkpt>
   <trkpt lat="43.94915" lon="-113.80221">
    <ele>2039.1974643450837</ele>
   </trkpt>
   <trkpt lat="43.94901" lon="-113.80222">
    <ele>2040.8215557655833</ele>
   </trkpt>
   <trkpt lat="43.94881" lon="-113.80239">
    <ele>2042.4591104842314</ele>
   </trkpt>
   <trkpt lat="43.94861" lon="-113.80263000000001">
    <ele>2045.774998379217</ele>
   </trkpt>
   <trkpt lat="43.948170000000005" lon="-113.80342">
    <ele>2052.679742617928</ele>
   </trkpt>
   <trkpt lat="43.94798" lon="-113.8037">
    <ele>2056.7956323550043</ele>
   </trkpt>
   <trkpt lat="43.947430000000004" lon="-113.80420000000001">
    <ele>2064.2980407965492</ele>
   </trkpt>
   <trkpt lat="43.947230000000005" lon="-113.80433000000001">
    <ele>2067.491603886397</ele>
   </trkpt>
   <trkpt lat="43.94709" lon="-113.80441">
    <ele>2068.6403956441736</ele>
   </trkpt>
   <trkpt lat="43.946650000000005" lon="-113.8045">
    <ele>2073.585694569021</ele>
   </trkpt>
   <trkpt lat="43.94652000000001" lon="-113.80459">
    <ele>2075.545691822227</ele>
   </trkpt>
   <trkpt lat="43.946450000000006" lon="-113.80468">
    <ele>2076.460556351121</ele>
   </trkpt>
   <trkpt lat="43.946340000000006" lon="-113.80495">
    <ele>2079.3159843009744</ele>
   </trkpt>
   <trkpt lat="43.94623000000001" lon="-113.80517">
    <ele>2080.195221248098</ele>
   </trkpt>
   <trkpt lat="43.9461" lon="-113.80532000000001">
    <ele>2081.991297801286</ele>
   </trkpt>
   <trkpt lat="43.94595" lon="-113.80541000000001">
    <ele>2083.6977462112463</ele>
   </trkpt>
   <trkpt lat="43.945690000000006" lon="-113.80548">
    <ele>2086.3415452375452</ele>
   </trkpt>
   <trkpt lat="43.944970000000005" lon="-113.80560000000001">
    <ele>2094.0161652754496</ele>
   </trkpt>
   <trkpt lat="43.944750000000006" lon="-113.80566">
    <ele>2097.0382898104513</ele>
   </trkpt>
   <trkpt lat="43.94458" lon="-113.80575">
    <ele>2099.2052870931125</ele>
   </trkpt>
   <trkpt lat="43.944430000000004" lon="-113.80589">
    <ele>2101.4538835934222</ele>
   </trkpt>
   <trkpt lat="43.94431" lon="-113.80606">
    <ele>2104.842890161043</ele>
   </trkpt>
   <trkpt lat="43.94393" lon="-113.80633">
    <ele>2109.095843148535</ele>
   </trkpt>
   <trkpt lat="43.943580000000004" lon="-113.80642">
    <ele>2113.1940839462795</ele>
   </trkpt>
   <trkpt lat="43.943360000000006" lon="-113.80651">
    <ele>2115.2974569968424</ele>
   </trkpt>
   <trkpt lat="43.94296000000001" lon="-113.80675000000001">
    <ele>2119.632220234792</ele>
   </trkpt>
   <trkpt lat="43.942870000000006" lon="-113.80687">
    <ele>2121.7958105056982</ele>
   </trkpt>
   <trkpt lat="43.94257" lon="-113.80768">
    <ele>2131.3067919493515</ele>
   </trkpt>
   <trkpt lat="43.942330000000005" lon="-113.80821">
    <ele>2138.056516835566</ele>
   </trkpt>
   <trkpt lat="43.94201" lon="-113.80871">
    <ele>2143.966644595371</ele>
   </trkpt>
   <trkpt lat="43.941970000000005" lon="-113.80872000000001">
    <ele>2143.966644595371</ele>
   </trkpt>
   <trkpt lat="43.941810000000004" lon="-113.80870000000002">
    <ele>2145.447260107664</ele>
   </trkpt>
   <trkpt lat="43.94174" lon="-113.80854000000001">
    <ele>2146.8013854841624</ele>
   </trkpt>
   <trkpt lat="43.941610000000004" lon="-113.80808">
    <ele>2148.7399914594566</ele>
   </trkpt>
   <trkpt lat="43.94155000000001" lon="-113.80795">
    <ele>2149.9051538487643</ele>
   </trkpt>
   <trkpt lat="43.941480000000006" lon="-113.80786">
    <ele>2150.6564907836914</ele>
   </trkpt>
   <trkpt lat="43.94122" lon="-113.80769000000001">
    <ele>2152.8508054348817</ele>
   </trkpt>
   <trkpt lat="43.94082" lon="-113.80759">
    <ele>2156.7502767500832</ele>
   </trkpt>
   <trkpt lat="43.94052000000001" lon="-113.80754">
    <ele>2160.5860862283675</ele>
   </trkpt>
   <trkpt lat="43.93989499998131" lon="-113.80747499931287">
    <ele>2168.4803163520282</ele>
   </trkpt>
   <trkpt lat="43.93927" lon="-113.80741">
    <ele>2175.345290474078</ele>
   </trkpt>
   <trkpt lat="43.93912" lon="-113.80736">
    <ele>2177.6624792453495</ele>
   </trkpt>
   <trkpt lat="43.93836" lon="-113.80693000000001">
    <ele>2186.6586815976025</ele>
   </trkpt>
   <trkpt lat="43.93750000000001" lon="-113.80665">
    <ele>2196.592714992761</ele>
   </trkpt>
   <trkpt lat="43.937050000000006" lon="-113.80642">
    <ele>2204.5363971278825</ele>
   </trkpt>
   <trkpt lat="43.936890000000005" lon="-113.80638">
    <ele>2205.349383586842</ele>
   </trkpt>
   <trkpt lat="43.936550000000004" lon="-113.80642">
    <ele>2208.7107863282617</ele>
   </trkpt>
   <trkpt lat="43.93648" lon="-113.80638">
    <ele>2208.7107863282617</ele>
   </trkpt>
   <trkpt lat="43.93641" lon="-113.80629">
    <ele>2210.372822561664</ele>
   </trkpt>
   <trkpt lat="43.93638000000001" lon="-113.80615">
    <ele>2211.934752880926</ele>
   </trkpt>
   <trkpt lat="43.936370000000004" lon="-113.80599000000001">
    <ele>2212.5870412676754</ele>
   </trkpt>
   <trkpt lat="43.936420000000005" lon="-113.80584">
    <ele>2213.4235152794695</ele>
   </trkpt>
   <trkpt lat="43.93683" lon="-113.80536000000001">
    <ele>2219.1303401569426</ele>
   </trkpt>
   <trkpt lat="43.93703000000001" lon="-113.80521">
    <ele>2221.4989719032515</ele>
   </trkpt>
   <trkpt lat="43.93715" lon="-113.80508">
    <ele>2223.830341810136</ele>
   </trkpt>
   <trkpt lat="43.93721" lon="-113.80495">
    <ele>2223.830341810136</ele>
   </trkpt>
   <trkpt lat="43.937520000000006" lon="-113.80459">
    <ele>2227.453234614785</ele>
   </trkpt>
   <trkpt lat="43.93768" lon="-113.80447000000001">
    <ele>2231.256813470938</ele>
   </trkpt>
   <trkpt lat="43.937830000000005" lon="-113.80429000000001">
    <ele>2233.212627798045</ele>
   </trkpt>
   <trkpt lat="43.938120000000005" lon="-113.80365">
    <ele>2240.0767122691855</ele>
   </trkpt>
   <trkpt lat="43.938230000000004" lon="-113.80333">
    <ele>2242.0993752879294</ele>
   </trkpt>
   <trkpt lat="43.938250000000004" lon="-113.80308000000001">
    <ele>2244.222612285522</ele>
   </trkpt>
   <trkpt lat="43.938120000000005" lon="-113.80257">
    <ele>2248.3132602650985</ele>
   </trkpt>
   <trkpt lat="43.938" lon="-113.80232000000001">
    <ele>2251.290793971902</ele>
   </trkpt>
   <trkpt lat="43.93748" lon="-113.80178000000001">
    <ele>2257.6746286470498</ele>
   </trkpt>
   <trkpt lat="43.936980000000005" lon="-113.80136">
    <ele>2264.885616607362</ele>
   </trkpt>
   <trkpt lat="43.936800000000005" lon="-113.80127">
    <ele>2267.305205233557</ele>
   </trkpt>
   <trkpt lat="43.93659" lon="-113.80124">
    <ele>2269.725144475496</ele>
   </trkpt>
   <trkpt lat="43.936170000000004" lon="-113.80105">
    <ele>2275.3814078043765</ele>
   </trkpt>
   <trkpt lat="43.93567" lon="-113.80065">
    <ele>2281.490178728549</ele>
   </trkpt>
   <trkpt lat="43.935430000000004" lon="-113.80044000000001">
    <ele>2284.1708426429122</ele>
   </trkpt>
   <trkpt lat="43.935190000000006" lon="-113.80029">
    <ele>2287.734253245278</ele>
   </trkpt>
   <trkpt lat="43.934560000000005" lon="-113.79982000000001">
    <ele>2295.1111300837256</ele>
   </trkpt>
   <trkpt lat="43.93433" lon="-113.79962">
    <ele>2297.931699429229</ele>
   </trkpt>
   <trkpt lat="43.93426" lon="-113.79950000000001">
    <ele>2299.3791532755795</ele>
   </trkpt>
   <trkpt lat="43.93422" lon="-113.79939">
    <ele>2299.3791532755795</ele>
   </trkpt>
   <trkpt lat="43.93424" lon="-113.79922">
    <ele>2300.8396153349518</ele>
   </trkpt>
   <trkpt lat="43.93437" lon="-113.79899">
    <ele>2302.6208063671497</ele>
   </trkpt>
   <trkpt lat="43.934540000000005" lon="-113.79876000000002">
    <ele>2304.8583295129356</ele>
   </trkpt>
   <trkpt lat="43.93478" lon="-113.79836">
    <ele>2307.5803107955294</ele>
   </trkpt>
   <trkpt lat="43.93491" lon="-113.79823">
    <ele>2308.5517824830767</ele>
   </trkpt>
   <trkpt lat="43.93498" lon="-113.7981">
    <ele>2308.5517824830767</ele>
   </trkpt>
   <trkpt lat="43.935" lon="-113.79792">
    <ele>2310.2235905002876</ele>
   </trkpt>
   <trkpt lat="43.934990000000006" lon="-113.79779">
    <ele>2310.708719957714</ele>
   </trkpt>
   <trkpt lat="43.934940000000005" lon="-113.79769">
    <ele>2311.796883168597</ele>
   </trkpt>
   <trkpt lat="43.93486" lon="-113.79756">
    <ele>2312.7536445365195</ele>
   </trkpt>
   <trkpt lat="43.93475" lon="-113.79748000000001">
    <ele>2313.2227031578595</ele>
   </trkpt>
   <trkpt lat="43.93457" lon="-113.79742">
    <ele>2314.1677634970038</ele>
   </trkpt>
   <trkpt lat="43.934250000000006" lon="-113.79733">
    <ele>2316.7129850383258</ele>
   </trkpt>
   <trkpt lat="43.93401" lon="-113.79729">
    <ele>2318.842570049027</ele>
   </trkpt>
   <trkpt lat="43.933870000000006" lon="-113.79729">
    <ele>2320.0181303570616</ele>
   </trkpt>
   <trkpt lat="43.933550000000004" lon="-113.79744000000001">
    <ele>2322.510512699474</ele>
   </trkpt>
   <trkpt lat="43.93345" lon="-113.79752">
    <ele>2323.1012517901513</ele>
   </trkpt>
   <trkpt lat="43.933310000000006" lon="-113.79779">
    <ele>2325.8792277633406</ele>
   </trkpt>
   <trkpt lat="43.93320000000001" lon="-113.79819">
    <ele>2328.2359423815374</ele>
   </trkpt>
   <trkpt lat="43.93289" lon="-113.79886">
    <ele>2335.6087318311725</ele>
   </trkpt>
   <trkpt lat="43.932660000000006" lon="-113.7993">
    <ele>2339.9468548302607</ele>
   </trkpt>
   <trkpt lat="43.93233" lon="-113.7998">
    <ele>2346.549364352881</ele>
   </trkpt>
   <trkpt lat="43.93179000000001" lon="-113.80029">
    <ele>2356.793140597433</ele>
   </trkpt>
   <trkpt lat="43.93138000054182" lon="-113.80061000213162">
    <ele>2363.8735736315098</ele>
   </trkpt>
   <trkpt lat="43.93097" lon="-113.80093000000001">
    <ele>2369.3804603240515</ele>
   </trkpt>
   <trkpt lat="43.930600000000005" lon="-113.80119">
    <ele>2373.634742607163</ele>
   </trkpt>
   <trkpt lat="43.930220000000006" lon="-113.80154">
    <ele>2380.202277421155</ele>
   </trkpt>
   <trkpt lat="43.93001" lon="-113.80177">
    <ele>2383.452505304108</ele>
   </trkpt>
   <trkpt lat="43.92971000000001" lon="-113.80217">
    <ele>2388.112150904353</ele>
   </trkpt>
   <trkpt lat="43.92953000000001" lon="-113.80221">
    <ele>2389.8800722179153</ele>
   </trkpt>
   <trkpt lat="43.9294" lon="-113.80214000000001">
    <ele>2392.0954420026815</ele>
   </trkpt>
   <trkpt lat="43.929030000000004" lon="-113.80182">
    <ele>2396.0072985628713</ele>
   </trkpt>
   <trkpt lat="43.928920000000005" lon="-113.80177">
    <ele>2396.5684493700624</ele>
   </trkpt>
   <trkpt lat="43.928790000000006" lon="-113.80177">
    <ele>2397.7260452820406</ele>
   </trkpt>
   <trkpt lat="43.92871" lon="-113.80181">
    <ele>2398.271165432489</ele>
   </trkpt>
   <trkpt lat="43.92866" lon="-113.80186">
    <ele>2398.9676854458426</ele>
   </trkpt>
   <trkpt lat="43.928630000000005" lon="-113.80209">
    <ele>2400.2805448417257</ele>
   </trkpt>
   <trkpt lat="43.928670000000004" lon="-113.80221">
    <ele>2400.964032384197</ele>
   </trkpt>
   <trkpt lat="43.92882" lon="-113.80250000000001">
    <ele>2402.7877904764637</ele>
   </trkpt>
   <trkpt lat="43.929100000000005" lon="-113.80281000000001">
    <ele>2405.831047816792</ele>
   </trkpt>
   <trkpt lat="43.929320000000004" lon="-113.80298">
    <ele>2407.9791787749327</ele>
   </trkpt>
   <trkpt lat="43.92971000000001" lon="-113.80307">
    <ele>2411.2546446010147</ele>
   </trkpt>
   <trkpt lat="43.929790000000004" lon="-113.80311">
    <ele>2412.745496014905</ele>
   </trkpt>
   <trkpt lat="43.929860000000005" lon="-113.80324">
    <ele>2412.745496014905</ele>
   </trkpt>
   <trkpt lat="43.9299" lon="-113.80338">
    <ele>2414.3298260218057</ele>
   </trkpt>
   <trkpt lat="43.92987000210616" lon="-113.80407500034978">
    <ele>2419.21868913998</ele>
   </trkpt>
   <trkpt lat="43.929840000000006" lon="-113.80477">
    <ele>2426.4424360267144</ele>
   </trkpt>
   <trkpt lat="43.929750000000006" lon="-113.80512">
    <ele>2430.978530774062</ele>
   </trkpt>
   <trkpt lat="43.929590000000005" lon="-113.80548">
    <ele>2434.9948565728073</ele>
   </trkpt>
   <trkpt lat="43.92915000000001" lon="-113.8062">
    <ele>2442.045533551266</ele>
   </trkpt>
   <trkpt lat="43.929050000000004" lon="-113.80633">
    <ele>2444.1338036012376</ele>
   </trkpt>
   <trkpt lat="43.928900000000006" lon="-113.80647">
    <ele>2446.0445042955234</ele>
   </trkpt>
   <trkpt lat="43.92851" lon="-113.80673000000002">
    <ele>2450.7518031736136</ele>
   </trkpt>
   <trkpt lat="43.92835" lon="-113.80669">
    <ele>2452.1747137285847</ele>
   </trkpt>
   <trkpt lat="43.92813" lon="-113.80629">
    <ele>2454.849305990312</ele>
   </trkpt>
   <trkpt lat="43.92781" lon="-113.80584">
    <ele>2456.92556538569</ele>
   </trkpt>
   <trkpt lat="43.927310000000006" lon="-113.8054">
    <ele>2460.4143767325168</ele>
   </trkpt>
   <trkpt lat="43.92721" lon="-113.80532000000001">
    <ele>2461.7997082459538</ele>
   </trkpt>
   <trkpt lat="43.92658" lon="-113.80509">
    <ele>2467.7668211053933</ele>
   </trkpt>
   <trkpt lat="43.92631" lon="-113.80495">
    <ele>2470.56605922855</ele>
   </trkpt>
   <trkpt lat="43.926170000000006" lon="-113.80485000000002">
    <ele>2471.059249159837</ele>
   </trkpt>
   <trkpt lat="43.92596" lon="-113.80456000000001">
    <ele>2472.948169487347</ele>
   </trkpt>
   <trkpt lat="43.925700000000006" lon="-113.80396">
    <ele>2476.0849423983636</ele>
   </trkpt>
   <trkpt lat="43.92557" lon="-113.80373000000002">
    <ele>2477.098007470587</ele>
   </trkpt>
   <trkpt lat="43.925290000000004" lon="-113.80329">
    <ele>2480.0368252026706</ele>
   </trkpt>
   <trkpt lat="43.92508" lon="-113.80285">
    <ele>2481.7692120953648</ele>
   </trkpt>
   <trkpt lat="43.92486" lon="-113.80223000000001">
    <ele>2485.381242260086</ele>
   </trkpt>
   <trkpt lat="43.92425" lon="-113.80136">
    <ele>2492.068074864709</ele>
   </trkpt>
   <trkpt lat="43.924130000000005" lon="-113.80123">
    <ele>2493.4040756763434</ele>
   </trkpt>
   <trkpt lat="43.923880000000004" lon="-113.80106">
    <ele>2494.692097359288</ele>
   </trkpt>
   <trkpt lat="43.92316000027805" lon="-113.80078499665201">
    <ele>2499.7709575338827</ele>
   </trkpt>
   <trkpt lat="43.92244" lon="-113.80051">
    <ele>2507.327043422546</ele>
   </trkpt>
   <trkpt lat="43.92215" lon="-113.80033">
    <ele>2509.842978500894</ele>
   </trkpt>
   <trkpt lat="43.92163" lon="-113.80016">
    <ele>2513.652089111576</ele>
   </trkpt>
   <trkpt lat="43.9215" lon="-113.80008000000001">
    <ele>2514.97118305665</ele>
   </trkpt>
   <trkpt lat="43.92137" lon="-113.79993">
    <ele>2516.226875500911</ele>
   </trkpt>
   <trkpt lat="43.921020000000006" lon="-113.79959000000001">
    <ele>2518.956076148047</ele>
   </trkpt>
   <trkpt lat="43.920480000000005" lon="-113.79939">
    <ele>2520.392259095969</ele>
   </trkpt>
   <trkpt lat="43.92016" lon="-113.79922">
    <ele>2520.9466279608187</ele>
   </trkpt>
   <trkpt lat="43.91967000110672" lon="-113.79872499596219">
    <ele>2521.2670123980215</ele>
   </trkpt>
   <trkpt lat="43.919180000000004" lon="-113.79823">
    <ele>2521.6631771516436</ele>
   </trkpt>
   <trkpt lat="43.918800000000005" lon="-113.79781000000001">
    <ele>2522.842253056554</ele>
   </trkpt>
   <trkpt lat="43.918250001231605" lon="-113.79723499446543">
    <ele>2526.0559912908175</ele>
   </trkpt>
   <trkpt lat="43.9177" lon="-113.79666">
    <ele>2529.821677530292</ele>
   </trkpt>
   <trkpt lat="43.91738" lon="-113.79635">
    <ele>2532.2775510984457</ele>
   </trkpt>
   <trkpt lat="43.91725" lon="-113.79626">
    <ele>2532.4838360752283</ele>
   </trkpt>
   <trkpt lat="43.91662" lon="-113.79595">
    <ele>2534.1516393059537</ele>
   </trkpt>
   <trkpt lat="43.91582750159841" lon="-113.79560248612444">
    <ele>2535.356671645392</ele>
   </trkpt>
   <trkpt lat="43.91503500214371" lon="-113.79525498150508">
    <ele>2538.9272880320327</ele>
   </trkpt>
   <trkpt lat="43.914242501635954" lon="-113.79490748614143">
    <ele>2545.949602033656</ele>
   </trkpt>
   <trkpt lat="43.913450000000005" lon="-113.79456">
    <ele>2556.2549572365883</ele>
   </trkpt>
   <trkpt lat="43.913320000000006" lon="-113.79452">
    <ele>2558.191147500868</ele>
   </trkpt>
   <trkpt lat="43.913230000000006" lon="-113.79452">
    <ele>2558.191147500868</ele>
   </trkpt>
   <trkpt lat="43.91315" lon="-113.7946">
    <ele>2560.139009476506</ele>
   </trkpt>
   <trkpt lat="43.91310000000001" lon="-113.79469">
    <ele>2561.2095213519033</ele>
   </trkpt>
   <trkpt lat="43.913070000000005" lon="-113.79478">
    <ele>2561.2095213519033</ele>
   </trkpt>
   <trkpt lat="43.91302" lon="-113.79523">
    <ele>2565.348300140406</ele>
   </trkpt>
   <trkpt lat="43.91286" lon="-113.79563">
    <ele>2570.7308873014003</ele>
   </trkpt>
   <trkpt lat="43.912580000000005" lon="-113.79622">
    <ele>2578.3276818401287</ele>
   </trkpt>
   <trkpt lat="43.91222000140276" lon="-113.7967900034699">
    <ele>2586.9801001041606</ele>
   </trkpt>
   <trkpt lat="43.911860000000004" lon="-113.79736000000001">
    <ele>2596.762858821816</ele>
   </trkpt>
   <trkpt lat="43.9114" lon="-113.79802000000001">
    <ele>2606.013533906824</ele>
   </trkpt>
   <trkpt lat="43.91116" lon="-113.79829000000001">
    <ele>2609.863095517537</ele>
   </trkpt>
   <trkpt lat="43.91105" lon="-113.79838000000001">
    <ele>2610.684526821992</ele>
   </trkpt>
   <trkpt lat="43.910970000000006" lon="-113.79841">
    <ele>2611.654573527404</ele>
   </trkpt>
   <trkpt lat="43.91087" lon="-113.79838000000001">
    <ele>2612.440367261028</ele>
   </trkpt>
   <trkpt lat="43.91053" lon="-113.79823">
    <ele>2615.8153905088243</ele>
   </trkpt>
   <trkpt lat="43.9104" lon="-113.79815">
    <ele>2617.477553214066</ele>
   </trkpt>
   <trkpt lat="43.910250000000005" lon="-113.79801">
    <ele>2619.11507165589</ele>
   </trkpt>
   <trkpt lat="43.909810000647724" lon="-113.79764999740628">
    <ele>2624.9888215718634</ele>
   </trkpt>
   <trkpt lat="43.90937" lon="-113.79729">
    <ele>2630.1222782312666</ele>
   </trkpt>
   <trkpt lat="43.90875500086393" lon="-113.79686999572509">
    <ele>2636.8605440165534</ele>
   </trkpt>
   <trkpt lat="43.90814" lon="-113.79645000000001">
    <ele>2643.2190673211026</ele>
   </trkpt>
   <trkpt lat="43.907630000000005" lon="-113.79613">
    <ele>2648.2429698774185</ele>
   </trkpt>
   <trkpt lat="43.9072" lon="-113.79591">
    <ele>2651.423510207623</ele>
   </trkpt>
   <trkpt lat="43.9069" lon="-113.79581">
    <ele>2653.2521781387363</ele>
   </trkpt>
   <trkpt lat="43.9065" lon="-113.79568">
    <ele>2655.688668079865</ele>
   </trkpt>
   <trkpt lat="43.90600500009624" lon="-113.79558499922092">
    <ele>2658.561185126335</ele>
   </trkpt>
   <trkpt lat="43.90551000000001" lon="-113.79549000000002">
    <ele>2658.9670117484734</ele>
   </trkpt>
   <trkpt lat="43.90552" lon="-113.79549000000002">
    <ele>2658.9670117484734</ele>
   </trkpt>
   <trkpt lat="43.905440000000006" lon="-113.79546">
    <ele>2658.89056604146</ele>
   </trkpt>
   <trkpt lat="43.90511" lon="-113.79528">
    <ele>2658.338930653835</ele>
   </trkpt>
   <trkpt lat="43.904990000000005" lon="-113.79528">
    <ele>2658.2532202329608</ele>
   </trkpt>
   <trkpt lat="43.90478" lon="-113.79528">
    <ele>2657.5314023072465</ele>
   </trkpt>
   <trkpt lat="43.90446" lon="-113.79536">
    <ele>2655.833270421863</ele>
   </trkpt>
   <trkpt lat="43.90410000000001" lon="-113.79563">
    <ele>2652.4521858083513</ele>
   </trkpt>
   <trkpt lat="43.903960000000005" lon="-113.79562000000001">
    <ele>2651.5864832662332</ele>
   </trkpt>
   <trkpt lat="43.903830000000006" lon="-113.79559">
    <ele>2651.0984852378056</ele>
   </trkpt>
   <trkpt lat="43.903740000000006" lon="-113.7955">
    <ele>2649.678035598886</ele>
   </trkpt>
   <trkpt lat="43.90359" lon="-113.79519">
    <ele>2647.3664804549603</ele>
   </trkpt>
   <trkpt lat="43.90359" lon="-113.79492">
    <ele>2645.8322647633922</ele>
   </trkpt>
   <trkpt lat="43.90366" lon="-113.79475000000001">
    <ele>2644.157530966511</ele>
   </trkpt>
   <trkpt lat="43.90393" lon="-113.79438">
    <ele>2638.959449529929</ele>
   </trkpt>
   <trkpt lat="43.90402" lon="-113.7942">
    <ele>2637.3100804460587</ele>
   </trkpt>
   <trkpt lat="43.90411" lon="-113.79384">
    <ele>2634.915487818947</ele>
   </trkpt>
   <trkpt lat="43.90419000000001" lon="-113.79339">
    <ele>2631.275486877286</ele>
   </trkpt>
   <trkpt lat="43.904230000000005" lon="-113.79304">
    <ele>2629.8246767685573</ele>
   </trkpt>
   <trkpt lat="43.90428500186076" lon="-113.79239000038079">
    <ele>2625.376969081993</ele>
   </trkpt>
   <trkpt lat="43.904340000000005" lon="-113.79174">
    <ele>2620.2037687174857</ele>
   </trkpt>
   <trkpt lat="43.904410000000006" lon="-113.79147">
    <ele>2618.082301615878</ele>
   </trkpt>
   <trkpt lat="43.904500000000006" lon="-113.7912">
    <ele>2616.6872829830377</ele>
   </trkpt>
   <trkpt lat="43.90453" lon="-113.79102">
    <ele>2615.249420205158</ele>
   </trkpt>
   <trkpt lat="43.904520000000005" lon="-113.7908">
    <ele>2614.5352745336936</ele>
   </trkpt>
   <trkpt lat="43.90446" lon="-113.79049">
    <ele>2611.6940145348003</ele>
   </trkpt>
   <trkpt lat="43.904320000000006" lon="-113.79017">
    <ele>2609.6796260560154</ele>
   </trkpt>
   <trkpt lat="43.90406" lon="-113.78973">
    <ele>2606.154960765894</ele>
   </trkpt>
   <trkpt lat="43.903940000000006" lon="-113.78956000000001">
    <ele>2604.685641051651</ele>
   </trkpt>
   <trkpt lat="43.903740000000006" lon="-113.78938000000001">
    <ele>2601.5546057337633</ele>
   </trkpt>
   <trkpt lat="43.903040000000004" lon="-113.78905">
    <ele>2595.482131052505</ele>
   </trkpt>
   <trkpt lat="43.902910000000006" lon="-113.78901">
    <ele>2594.003578639055</ele>
   </trkpt>
   <trkpt lat="43.902640000000005" lon="-113.78883">
    <ele>2591.074174171779</ele>
   </trkpt>
   <trkpt lat="43.902370000000005" lon="-113.7886">
    <ele>2588.4177133449493</ele>
   </trkpt>
   <trkpt lat="43.901860000000006" lon="-113.78798">
    <ele>2584.3730843584176</ele>
   </trkpt>
   <trkpt lat="43.901740000000004" lon="-113.78777000000001">
    <ele>2583.2356801889223</ele>
   </trkpt>
   <trkpt lat="43.90144" lon="-113.78705000000001">
    <ele>2579.3167489830316</ele>
   </trkpt>
   <trkpt lat="43.9010700040518" lon="-113.78637332503078">
    <ele>2576.0106943337823</ele>
   </trkpt>
   <trkpt lat="43.900700004110774" lon="-113.78569665847206">
    <ele>2572.136280349174</ele>
   </trkpt>
   <trkpt lat="43.900330000000004" lon="-113.78502">
    <ele>2568.7641953674433</ele>
   </trkpt>
   <trkpt lat="43.9003" lon="-113.78500000000001">
    <ele>2568.7641953674433</ele>
   </trkpt>
   <trkpt lat="43.900270000000006" lon="-113.78498">
    <ele>2568.7641953674433</ele>
   </trkpt>
   <trkpt lat="43.900150000000004" lon="-113.78498">
    <ele>2567.807377018855</ele>
   </trkpt>
   <trkpt lat="43.90012" lon="-113.78515000000002">
    <ele>2566.8575967509246</ele>
   </trkpt>
   <trkpt lat="43.90016000000001" lon="-113.78569">
    <ele>2564.9477771782153</ele>
   </trkpt>
   <trkpt lat="43.90012" lon="-113.78632">
    <ele>2561.744413510037</ele>
   </trkpt>
   <trkpt lat="43.9001" lon="-113.78732000000001">
    <ele>2557.063313941183</ele>
   </trkpt>
   <trkpt lat="43.900040000000004" lon="-113.78784">
    <ele>2554.081952819748</ele>
   </trkpt>
   <trkpt lat="43.89996" lon="-113.78887">
    <ele>2549.687625856833</ele>
   </trkpt>
   <trkpt lat="43.89976" lon="-113.78999">
    <ele>2547.0667959604016</ele>
   </trkpt>
   <trkpt lat="43.89967" lon="-113.79035">
    <ele>2546.4921591064</ele>
   </trkpt>
   <trkpt lat="43.89961" lon="-113.79048">
    <ele>2545.910605551543</ele>
   </trkpt>
   <trkpt lat="43.899330000000006" lon="-113.79089">
    <ele>2544.785608264189</ele>
   </trkpt>
   <trkpt lat="43.899080000000005" lon="-113.79139">
    <ele>2542.9641543352845</ele>
   </trkpt>
   <trkpt lat="43.89875000000001" lon="-113.79219">
    <ele>2540.4303209884683</ele>
   </trkpt>
   <trkpt lat="43.89858" lon="-113.79254">
    <ele>2539.4809795390347</ele>
   </trkpt>
   <trkpt lat="43.89849" lon="-113.79268">
    <ele>2539.171563463197</ele>
   </trkpt>
   <trkpt lat="43.89784" lon="-113.79344">
    <ele>2536.3348985571683</ele>
   </trkpt>
   <trkpt lat="43.89757" lon="-113.79384">
    <ele>2535.218606925571</ele>
   </trkpt>
   <trkpt lat="43.89739" lon="-113.7942">
    <ele>2534.244245731581</ele>
   </trkpt>
   <trkpt lat="43.897220000000004" lon="-113.79465">
    <ele>2533.1915201540696</ele>
   </trkpt>
   <trkpt lat="43.89696000000001" lon="-113.79545">
    <ele>2530.7261763448</ele>
   </trkpt>
   <trkpt lat="43.896910000000005" lon="-113.79568">
    <ele>2529.9052587775745</ele>
   </trkpt>
   <trkpt lat="43.89685000448426" lon="-113.79669500115149">
    <ele>2526.5207718891807</ele>
   </trkpt>
   <trkpt lat="43.89679" lon="-113.79771000000001">
    <ele>2523.8158610508153</ele>
   </trkpt>
   <trkpt lat="43.89676" lon="-113.79792">
    <ele>2523.4032398309664</ele>
   </trkpt>
   <trkpt lat="43.896460000000005" lon="-113.79881">
    <ele>2520.6037787485457</ele>
   </trkpt>
   <trkpt lat="43.89641" lon="-113.79950000000001">
    <ele>2518.5117075325597</ele>
   </trkpt>
   <trkpt lat="43.89631000000001" lon="-113.79999000000001">
    <ele>2517.1342484294573</ele>
   </trkpt>
   <trkpt lat="43.89623" lon="-113.80016">
    <ele>2516.533986425601</ele>
   </trkpt>
   <trkpt lat="43.895860000000006" lon="-113.8007">
    <ele>2514.6138431892327</ele>
   </trkpt>
   <trkpt lat="43.8958" lon="-113.80087">
    <ele>2513.916497440497</ele>
   </trkpt>
   <trkpt lat="43.895675001905936" lon="-113.80152500118973">
    <ele>2511.8131490594587</ele>
   </trkpt>
   <trkpt lat="43.89555" lon="-113.80218">
    <ele>2510.2348429022722</ele>
   </trkpt>
   <trkpt lat="43.89544" lon="-113.80266">
    <ele>2508.8743210738576</ele>
   </trkpt>
   <trkpt lat="43.89513" lon="-113.80366000000001">
    <ele>2504.955347444636</ele>
   </trkpt>
   <trkpt lat="43.89497" lon="-113.80432">
    <ele>2502.4377104938467</ele>
   </trkpt>
   <trkpt lat="43.894890000000004" lon="-113.8045">
    <ele>2501.9132397514577</ele>
   </trkpt>
   <trkpt lat="43.894560000000006" lon="-113.80509">
    <ele>2498.907263770537</ele>
   </trkpt>
   <trkpt lat="43.89448" lon="-113.8053">
    <ele>2497.408193643831</ele>
   </trkpt>
   <trkpt lat="43.89419" lon="-113.80571">
    <ele>2495.251465447159</ele>
   </trkpt>
   <trkpt lat="43.894000000000005" lon="-113.80611">
    <ele>2493.481164542052</ele>
   </trkpt>
   <trkpt lat="43.893930000000005" lon="-113.80643">
    <ele>2491.927725258158</ele>
   </trkpt>
   <trkpt lat="43.89368" lon="-113.80705">
    <ele>2489.5478398540604</ele>
   </trkpt>
   <trkpt lat="43.89346500213178" lon="-113.80776500290459">
    <ele>2486.0606435990812</ele>
   </trkpt>
   <trkpt lat="43.89325" lon="-113.80848">
    <ele>2482.9209132869005</ele>
   </trkpt>
   <trkpt lat="43.893190000000004" lon="-113.80875">
    <ele>2482.042031484576</ele>
   </trkpt>
   <trkpt lat="43.89311" lon="-113.80938">
    <ele>2480.2674029048976</ele>
   </trkpt>
   <trkpt lat="43.892920000000004" lon="-113.81036">
    <ele>2477.2581037966265</ele>
   </trkpt>
   <trkpt lat="43.892900000000004" lon="-113.8113">
    <ele>2474.3806647511637</ele>
   </trkpt>
   <trkpt lat="43.892880000000005" lon="-113.81161000000002">
    <ele>2473.5155081534995</ele>
   </trkpt>
   <trkpt lat="43.892830000000004" lon="-113.81184">
    <ele>2472.9466966835253</ele>
   </trkpt>
   <trkpt lat="43.89269" lon="-113.81225">
    <ele>2471.9640884689074</ele>
   </trkpt>
   <trkpt lat="43.89233" lon="-113.81305">
    <ele>2468.687275352741</ele>
   </trkpt>
   <trkpt lat="43.89211" lon="-113.81369000000001">
    <ele>2466.2484482346545</ele>
   </trkpt>
   <trkpt lat="43.89204" lon="-113.81405000000001">
    <ele>2464.9639894418333</ele>
   </trkpt>
   <trkpt lat="43.892010000000006" lon="-113.81431">
    <ele>2464.13146627096</ele>
   </trkpt>
   <trkpt lat="43.89202" lon="-113.81457">
    <ele>2463.324871505119</ele>
   </trkpt>
   <trkpt lat="43.89211" lon="-113.81542">
    <ele>2460.6496206632637</ele>
   </trkpt>
   <trkpt lat="43.8922" lon="-113.816">
    <ele>2459.5189658135596</ele>
   </trkpt>
   <trkpt lat="43.89235" lon="-113.81657000000001">
    <ele>2458.6008149838185</ele>
   </trkpt>
   <trkpt lat="43.892450000000004" lon="-113.81731">
    <ele>2457.3964192198127</ele>
   </trkpt>
   <trkpt lat="43.892410000000005" lon="-113.81788">
    <ele>2457.010877402734</ele>
   </trkpt>
   <trkpt lat="43.892410000000005" lon="-113.81811">
    <ele>2456.905683828283</ele>
   </trkpt>
   <trkpt lat="43.89247" lon="-113.81887">
    <ele>2455.6842630289143</ele>
   </trkpt>
   <trkpt lat="43.892430000000004" lon="-113.81936">
    <ele>2454.6756928035825</ele>
   </trkpt>
   <trkpt lat="43.89224" lon="-113.81994">
    <ele>2453.1921000199463</ele>
   </trkpt>
   <trkpt lat="43.892120000000006" lon="-113.82013">
    <ele>2452.2927363526655</ele>
   </trkpt>
   <trkpt lat="43.89155" lon="-113.82090000000001">
    <ele>2447.7837581469857</ele>
   </trkpt>
   <trkpt lat="43.89132500130656" lon="-113.82146000226685">
    <ele>2445.669506717205</ele>
   </trkpt>
   <trkpt lat="43.8911" lon="-113.82202000000001">
    <ele>2444.112379257232</ele>
   </trkpt>
   <trkpt lat="43.89099" lon="-113.82218">
    <ele>2443.715411374123</ele>
   </trkpt>
   <trkpt lat="43.89088" lon="-113.82223">
    <ele>2443.5955443672547</ele>
   </trkpt>
   <trkpt lat="43.89083" lon="-113.82223">
    <ele>2443.3606289249196</ele>
   </trkpt>
   <trkpt lat="43.89056" lon="-113.82205">
    <ele>2442.8577607889288</ele>
   </trkpt>
   <trkpt lat="43.890420000000006" lon="-113.822">
    <ele>2442.7228655963613</ele>
   </trkpt>
   <trkpt lat="43.890240000000006" lon="-113.822">
    <ele>2442.6077073478223</ele>
   </trkpt>
   <trkpt lat="43.889720000000004" lon="-113.82218">
    <ele>2442.308610902487</ele>
   </trkpt>
   <trkpt lat="43.88956" lon="-113.82227">
    <ele>2442.128655660253</ele>
   </trkpt>
   <trkpt lat="43.889210000000006" lon="-113.82259">
    <ele>2441.36953106047</ele>
   </trkpt>
   <trkpt lat="43.88882" lon="-113.82317">
    <ele>2440.308929243085</ele>
   </trkpt>
   <trkpt lat="43.88861000000001" lon="-113.82344">
    <ele>2439.892156910104</ele>
   </trkpt>
   <trkpt lat="43.88812000068543" lon="-113.82387000364335">
    <ele>2438.8050893819704</ele>
   </trkpt>
   <trkpt lat="43.88763" lon="-113.82430000000001">
    <ele>2437.884299533139</ele>
   </trkpt>
   <trkpt lat="43.887420000000006" lon="-113.82439000000001">
    <ele>2437.71617001305</ele>
   </trkpt>
   <trkpt lat="43.88696" lon="-113.82456">
    <ele>2437.0261625616845</ele>
   </trkpt>
   <trkpt lat="43.88667" lon="-113.8247">
    <ele>2436.1608661623</ele>
   </trkpt>
   <trkpt lat="43.88655000000001" lon="-113.82482">
    <ele>2435.799563382477</ele>
   </trkpt>
   <trkpt lat="43.886390000000006" lon="-113.825">
    <ele>2435.3991316701636</ele>
   </trkpt>
   <trkpt lat="43.88618" lon="-113.82522000000002">
    <ele>2434.618356208783</ele>
   </trkpt>
   <trkpt lat="43.885960000000004" lon="-113.82536">
    <ele>2434.245682181035</ele>
   </trkpt>
   <trkpt lat="43.88568" lon="-113.8255">
    <ele>2433.5542693821267</ele>
   </trkpt>
   <trkpt lat="43.8855" lon="-113.82554">
    <ele>2433.395100377554</ele>
   </trkpt>
   <trkpt lat="43.88523000000001" lon="-113.82555">
    <ele>2433.091228969533</ele>
   </trkpt>
   <trkpt lat="43.8847" lon="-113.82554">
    <ele>2432.322717658382</ele>
   </trkpt>
   <trkpt lat="43.884080000000004" lon="-113.82585">
    <ele>2430.9449528549985</ele>
   </trkpt>
   <trkpt lat="43.88393000000001" lon="-113.82594">
    <ele>2430.631687659536</ele>
   </trkpt>
   <trkpt lat="43.883700000000005" lon="-113.82594">
    <ele>2430.2225841926884</ele>
   </trkpt>
   <trkpt lat="43.883430000000004" lon="-113.82585">
    <ele>2429.739973413456</ele>
   </trkpt>
   <trkpt lat="43.883280000000006" lon="-113.82576">
    <ele>2429.4534805150774</ele>
   </trkpt>
   <trkpt lat="43.882580000000004" lon="-113.82573000000001">
    <ele>2428.7048373037815</ele>
   </trkpt>
   <trkpt lat="43.882400000000004" lon="-113.82568">
    <ele>2428.4279477322043</ele>
   </trkpt>
   <trkpt lat="43.88158000000001" lon="-113.82567">
    <ele>2427.007691966327</ele>
   </trkpt>
   <trkpt lat="43.88138" lon="-113.82559">
    <ele>2426.668461600735</ele>
   </trkpt>
   <trkpt lat="43.880610000000004" lon="-113.82518">
    <ele>2425.4086253045543</ele>
   </trkpt>
   <trkpt lat="43.880500000000005" lon="-113.82514">
    <ele>2425.271810944925</ele>
   </trkpt>
   <trkpt lat="43.880370000000006" lon="-113.82513000000002">
    <ele>2425.175326144834</ele>
   </trkpt>
   <trkpt lat="43.8802" lon="-113.82514">
    <ele>2424.951679226109</ele>
   </trkpt>
   <trkpt lat="43.87989" lon="-113.82523">
    <ele>2424.6525168677063</ele>
   </trkpt>
   <trkpt lat="43.87975" lon="-113.82524000000001">
    <ele>2424.6076323250336</ele>
   </trkpt>
   <trkpt lat="43.8793" lon="-113.82523">
    <ele>2424.047574861273</ele>
   </trkpt>
   <trkpt lat="43.87879" lon="-113.82514">
    <ele>2423.530288422838</ele>
   </trkpt>
   <trkpt lat="43.878130000000006" lon="-113.82487">
    <ele>2422.6462710857995</ele>
   </trkpt>
   <trkpt lat="43.877790000000005" lon="-113.82465">
    <ele>2422.0883644789174</ele>
   </trkpt>
   <trkpt lat="43.87765" lon="-113.82461">
    <ele>2421.779522553342</ele>
   </trkpt>
   <trkpt lat="43.87707" lon="-113.82464">
    <ele>2420.7807254288496</ele>
   </trkpt>
   <trkpt lat="43.87671" lon="-113.82469">
    <ele>2420.3597311947915</ele>
   </trkpt>
   <trkpt lat="43.875980000000006" lon="-113.82496">
    <ele>2419.742387977602</ele>
   </trkpt>
   <trkpt lat="43.8755600000051" lon="-113.82519000174459">
    <ele>2420.1553152936317</ele>
   </trkpt>
   <trkpt lat="43.87514" lon="-113.82542000000001">
    <ele>2420.89448135355</ele>
   </trkpt>
   <trkpt lat="43.87500000000001" lon="-113.82559">
    <ele>2421.1423979736455</ele>
   </trkpt>
   <trkpt lat="43.874930000000006" lon="-113.82564">
    <ele>2421.1423979736455</ele>
   </trkpt>
   <trkpt lat="43.87436" lon="-113.82644">
    <ele>2422.0251841272225</ele>
   </trkpt>
   <trkpt lat="43.87384500164168" lon="-113.82704500517451">
    <ele>2421.444548377106</ele>
   </trkpt>
   <trkpt lat="43.87333" lon="-113.82765">
    <ele>2420.300502074221</ele>
   </trkpt>
   <trkpt lat="43.87306" lon="-113.82796">
    <ele>2419.508609140177</ele>
   </trkpt>
   <trkpt lat="43.872595000981015" lon="-113.82841500347344">
    <ele>2418.1980480433253</ele>
   </trkpt>
   <trkpt lat="43.872130000000006" lon="-113.82887000000001">
    <ele>2417.759033382224</ele>
   </trkpt>
   <trkpt lat="43.87189" lon="-113.8293">
    <ele>2417.830778056022</ele>
   </trkpt>
   <trkpt lat="43.87172" lon="-113.82989">
    <ele>2418.092134262351</ele>
   </trkpt>
   <trkpt lat="43.871570000000006" lon="-113.83029">
    <ele>2418.313429144063</ele>
   </trkpt>
   <trkpt lat="43.87127" lon="-113.83096">
    <ele>2418.5462627747943</ele>
   </trkpt>
   <trkpt lat="43.87086" lon="-113.83163">
    <ele>2418.232181568246</ele>
   </trkpt>
   <trkpt lat="43.870515001034285" lon="-113.83216500342816">
    <ele>2417.8816848972842</ele>
   </trkpt>
   <trkpt lat="43.87017" lon="-113.8327">
    <ele>2417.0089055306485</ele>
   </trkpt>
   <trkpt lat="43.86983" lon="-113.83302">
    <ele>2416.247985551229</ele>
   </trkpt>
   <trkpt lat="43.8697" lon="-113.83311">
    <ele>2415.7390879119157</ele>
   </trkpt>
   <trkpt lat="43.86959" lon="-113.83313000000001">
    <ele>2415.7390879119157</ele>
   </trkpt>
   <trkpt lat="43.869530000000005" lon="-113.83312000000001">
    <ele>2415.343191173527</ele>
   </trkpt>
   <trkpt lat="43.869460000000004" lon="-113.83307">
    <ele>2415.343191173527</ele>
   </trkpt>
   <trkpt lat="43.86939" lon="-113.83297">
    <ele>2414.9280578700564</ele>
   </trkpt>
   <trkpt lat="43.869240000000005" lon="-113.83257">
    <ele>2414.2781276648648</ele>
   </trkpt>
   <trkpt lat="43.869170000000004" lon="-113.83245000000001">
    <ele>2414.074483978063</ele>
   </trkpt>
   <trkpt lat="43.869080000000004" lon="-113.83239">
    <ele>2413.8778334012363</ele>
   </trkpt>
   <trkpt lat="43.86878" lon="-113.83239">
    <ele>2412.91100707241</ele>
   </trkpt>
   <trkpt lat="43.868030000000005" lon="-113.83254000000001">
    <ele>2410.845028558202</ele>
   </trkpt>
   <trkpt lat="43.867900000000006" lon="-113.83262">
    <ele>2410.7108145796274</ele>
   </trkpt>
   <trkpt lat="43.86777" lon="-113.83279">
    <ele>2410.483439423979</ele>
   </trkpt>
   <trkpt lat="43.867700000000006" lon="-113.83311">
    <ele>2409.965798736936</ele>
   </trkpt>
   <trkpt lat="43.867650000000005" lon="-113.83351">
    <ele>2409.2460419893473</ele>
   </trkpt>
   <trkpt lat="43.867520000000006" lon="-113.83406000000001">
    <ele>2407.9308742808817</ele>
   </trkpt>
   <trkpt lat="43.867090000000005" lon="-113.83502000000001">
    <ele>2404.797680299335</ele>
   </trkpt>
   <trkpt lat="43.866960000000006" lon="-113.83522">
    <ele>2404.1864112654703</ele>
   </trkpt>
   <trkpt lat="43.86661000090244" lon="-113.83569000284115">
    <ele>2402.6318166459855</ele>
   </trkpt>
   <trkpt lat="43.866260000000004" lon="-113.83616">
    <ele>2400.706114079656</ele>
   </trkpt>
   <trkpt lat="43.866170000000004" lon="-113.83633">
    <ele>2400.385989192128</ele>
   </trkpt>
   <trkpt lat="43.86601" lon="-113.83691">
    <ele>2398.3659741603515</ele>
   </trkpt>
   <trkpt lat="43.865880000000004" lon="-113.83727">
    <ele>2397.4414805576653</ele>
   </trkpt>
   <trkpt lat="43.86574" lon="-113.83746000000001">
    <ele>2396.5508668033317</ele>
   </trkpt>
   <trkpt lat="43.86547" lon="-113.83776">
    <ele>2395.768065274701</ele>
   </trkpt>
   <trkpt lat="43.865050000000004" lon="-113.83808">
    <ele>2394.416497678175</ele>
   </trkpt>
   <trkpt lat="43.864760000000004" lon="-113.83839">
    <ele>2393.0810788831786</ele>
   </trkpt>
   <trkpt lat="43.86426" lon="-113.8387">
    <ele>2391.1689076554585</ele>
   </trkpt>
   <trkpt lat="43.86404" lon="-113.83879">
    <ele>2390.395056867421</ele>
   </trkpt>
   <trkpt lat="43.863350000000004" lon="-113.83857">
    <ele>2388.4388207042434</ele>
   </trkpt>
   <trkpt lat="43.86316" lon="-113.83857">
    <ele>2387.9354940217054</ele>
   </trkpt>
   <trkpt lat="43.862950000000005" lon="-113.83875">
    <ele>2387.1783752354468</ele>
   </trkpt>
   <trkpt lat="43.862570000000005" lon="-113.8392">
    <ele>2385.521184103469</ele>
   </trkpt>
   <trkpt lat="43.862" lon="-113.83964">
    <ele>2383.537989257193</ele>
   </trkpt>
   <trkpt lat="43.86168000000001" lon="-113.83997000000001">
    <ele>2382.352970083431</ele>
   </trkpt>
   <trkpt lat="43.86141000000001" lon="-113.84045">
    <ele>2381.1707915549505</ele>
   </trkpt>
   <trkpt lat="43.86113" lon="-113.84085">
    <ele>2379.901403125843</ele>
   </trkpt>
   <trkpt lat="43.86045500163394" lon="-113.84145500681531">
    <ele>2376.871255593922</ele>
   </trkpt>
   <trkpt lat="43.85978" lon="-113.84206">
    <ele>2374.5230881937596</ele>
   </trkpt>
   <trkpt lat="43.85929" lon="-113.84243000000001">
    <ele>2373.062812188535</ele>
   </trkpt>
   <trkpt lat="43.85868000000001" lon="-113.84328000000001">
    <ele>2371.2073019285435</ele>
   </trkpt>
   <trkpt lat="43.858200000000004" lon="-113.84389000000002">
    <ele>2369.3200675828743</ele>
   </trkpt>
   <trkpt lat="43.858050000000006" lon="-113.84422">
    <ele>2368.7602282819553</ele>
   </trkpt>
   <trkpt lat="43.857960000000006" lon="-113.84439">
    <ele>2368.3980190389493</ele>
   </trkpt>
   <trkpt lat="43.85774000000001" lon="-113.84457">
    <ele>2367.684684166332</ele>
   </trkpt>
   <trkpt lat="43.857670000000006" lon="-113.84466">
    <ele>2367.684684166332</ele>
   </trkpt>
   <trkpt lat="43.85763" lon="-113.84476000000001">
    <ele>2367.505479982288</ele>
   </trkpt>
   <trkpt lat="43.85752" lon="-113.84519">
    <ele>2366.851806941632</ele>
   </trkpt>
   <trkpt lat="43.85736000000001" lon="-113.84542">
    <ele>2366.3437959732114</ele>
   </trkpt>
   <trkpt lat="43.857260000000004" lon="-113.84555">
    <ele>2366.0190427463067</ele>
   </trkpt>
   <trkpt lat="43.856910000000006" lon="-113.84582">
    <ele>2364.953302125714</ele>
   </trkpt>
   <trkpt lat="43.85669" lon="-113.84609">
    <ele>2364.322955107214</ele>
   </trkpt>
   <trkpt lat="43.85634" lon="-113.84631">
    <ele>2363.6916226490093</ele>
   </trkpt>
   <trkpt lat="43.85624000000001" lon="-113.84645">
    <ele>2363.3613005673665</ele>
   </trkpt>
   <trkpt lat="43.85596" lon="-113.84694">
    <ele>2363.141203184052</ele>
   </trkpt>
   <trkpt lat="43.855880000000006" lon="-113.84704">
    <ele>2363.141203184052</ele>
   </trkpt>
   <trkpt lat="43.855720000000005" lon="-113.84721">
    <ele>2363.178491157573</ele>
   </trkpt>
   <trkpt lat="43.85549" lon="-113.84734">
    <ele>2363.8045097505333</ele>
   </trkpt>
   <trkpt lat="43.855380000000004" lon="-113.84745000000001">
    <ele>2363.861086172493</ele>
   </trkpt>
   <trkpt lat="43.85528" lon="-113.84758000000001">
    <ele>2364.455892655783</ele>
   </trkpt>
   <trkpt lat="43.85490000178258" lon="-113.8482450044921">
    <ele>2367.5791665100255</ele>
   </trkpt>
   <trkpt lat="43.85452" lon="-113.84891">
    <ele>2371.633963932583</ele>
   </trkpt>
   <trkpt lat="43.85389000000001" lon="-113.84968">
    <ele>2374.4425219484347</ele>
   </trkpt>
   <trkpt lat="43.853350000000006" lon="-113.85043">
    <ele>2374.3627553200554</ele>
   </trkpt>
   <trkpt lat="43.852970000000006" lon="-113.85101">
    <ele>2373.965279564973</ele>
   </trkpt>
   <trkpt lat="43.85262" lon="-113.85146">
    <ele>2374.174577428142</ele>
   </trkpt>
   <trkpt lat="43.8522850009947" lon="-113.85194000271032">
    <ele>2374.7935508729074</ele>
   </trkpt>
   <trkpt lat="43.85195" lon="-113.85242000000001">
    <ele>2375.7757800276795</ele>
   </trkpt>
   <trkpt lat="43.85174000000001" lon="-113.85267">
    <ele>2376.380543224346</ele>
   </trkpt>
   <trkpt lat="43.8513" lon="-113.85298">
    <ele>2378.0303745753845</ele>
   </trkpt>
   <trkpt lat="43.85047500080388" lon="-113.85341000594913">
    <ele>2380.8558591772753</ele>
   </trkpt>
   <trkpt lat="43.849650000000004" lon="-113.85384">
    <ele>2382.6777374048447</ele>
   </trkpt>
   <trkpt lat="43.849250000000005" lon="-113.85401">
    <ele>2383.3649498052</ele>
   </trkpt>
   <trkpt lat="43.84877" lon="-113.85407000000001">
    <ele>2384.0453043287685</ele>
   </trkpt>
   <trkpt lat="43.848560000000006" lon="-113.85406">
    <ele>2384.1737868407445</ele>
   </trkpt>
   <trkpt lat="43.848440000000004" lon="-113.85407000000001">
    <ele>2384.1303978669234</ele>
   </trkpt>
   <trkpt lat="43.84808" lon="-113.85446">
    <ele>2384.06154129771</ele>
   </trkpt>
   <trkpt lat="43.84785" lon="-113.8546">
    <ele>2383.6659350877057</ele>
   </trkpt>
   <trkpt lat="43.84734500033786" lon="-113.8548200018073">
    <ele>2382.819217388184</ele>
   </trkpt>
   <trkpt lat="43.84684" lon="-113.85504">
    <ele>2382.4281181835904</ele>
   </trkpt>
   <trkpt lat="43.84628" lon="-113.85544000000002">
    <ele>2382.5058158196052</ele>
   </trkpt>
   <trkpt lat="43.84604" lon="-113.85554">
    <ele>2382.5154078435544</ele>
   </trkpt>
   <trkpt lat="43.845600000000005" lon="-113.85563">
    <ele>2382.398996453787</ele>
   </trkpt>
   <trkpt lat="43.84501" lon="-113.85572">
    <ele>2382.1939045309405</ele>
   </trkpt>
   <trkpt lat="43.84445" lon="-113.85581">
    <ele>2383.2389859880686</ele>
   </trkpt>
   <trkpt lat="43.84407" lon="-113.85594">
    <ele>2384.3994655281244</ele>
   </trkpt>
   <trkpt lat="43.843900000000005" lon="-113.85595">
    <ele>2385.076133976266</ele>
   </trkpt>
   <trkpt lat="43.843440000054805" lon="-113.85594499996205">
    <ele>2386.8680316916734</ele>
   </trkpt>
   <trkpt lat="43.842980000000004" lon="-113.85594">
    <ele>2389.202124143215</ele>
   </trkpt>
   <trkpt lat="43.842525000148235" lon="-113.85597000021929">
    <ele>2391.522097459818</ele>
   </trkpt>
   <trkpt lat="43.84207000000001" lon="-113.85600000000001">
    <ele>2394.182450044126</ele>
   </trkpt>
   <trkpt lat="43.84158" lon="-113.85608">
    <ele>2396.8139255513943</ele>
   </trkpt>
   <trkpt lat="43.84107000010341" lon="-113.85619500097275">
    <ele>2398.9198027229745</ele>
   </trkpt>
   <trkpt lat="43.84056" lon="-113.85631000000001">
    <ele>2400.165722175937</ele>
   </trkpt>
   <trkpt lat="43.84019000000001" lon="-113.85640000000001">
    <ele>2400.308624054776</ele>
   </trkpt>
   <trkpt lat="43.839490000000005" lon="-113.85666">
    <ele>2399.231774866872</ele>
   </trkpt>
   <trkpt lat="43.838800000000006" lon="-113.85689">
    <ele>2400.0431360535476</ele>
   </trkpt>
   <trkpt lat="43.83838" lon="-113.85698000000001">
    <ele>2401.45702972696</ele>
   </trkpt>
   <trkpt lat="43.838260000000005" lon="-113.85697">
    <ele>2402.3562132996294</ele>
   </trkpt>
   <trkpt lat="43.83782" lon="-113.85679">
    <ele>2404.2602977252036</ele>
   </trkpt>
   <trkpt lat="43.837220000806155" lon="-113.8564766603393">
    <ele>2406.7134367123635</ele>
   </trkpt>
   <trkpt lat="43.83662000075622" lon="-113.85616332697998">
    <ele>2407.116618246999</ele>
   </trkpt>
   <trkpt lat="43.836020000000005" lon="-113.85585">
    <ele>2405.9838777923846</ele>
   </trkpt>
   <trkpt lat="43.83561" lon="-113.85562000000002">
    <ele>2404.3830823534577</ele>
   </trkpt>
   <trkpt lat="43.835440000000006" lon="-113.85546000000001">
    <ele>2403.587175062789</ele>
   </trkpt>
   <trkpt lat="43.83516" lon="-113.85537000000001">
    <ele>2402.358379787947</ele>
   </trkpt>
   <trkpt lat="43.834920000000004" lon="-113.8554">
    <ele>2401.964095956068</ele>
   </trkpt>
   <trkpt lat="43.834790000000005" lon="-113.85537000000001">
    <ele>2401.862274797221</ele>
   </trkpt>
   <trkpt lat="43.834680000000006" lon="-113.85532">
    <ele>2401.434800027957</ele>
   </trkpt>
   <trkpt lat="43.834630000000004" lon="-113.85527">
    <ele>2401.434800027957</ele>
   </trkpt>
   <trkpt lat="43.834610000000005" lon="-113.85518">
    <ele>2401.057309181634</ele>
   </trkpt>
   <trkpt lat="43.83462" lon="-113.855">
    <ele>2400.8375237999944</ele>
   </trkpt>
   <trkpt lat="43.83466000000001" lon="-113.85491">
    <ele>2400.643262830557</ele>
   </trkpt>
   <trkpt lat="43.8348" lon="-113.85474">
    <ele>2400.20341963677</ele>
   </trkpt>
   <trkpt lat="43.834920000000004" lon="-113.85456">
    <ele>2399.53802188043</ele>
   </trkpt>
   <trkpt lat="43.83496" lon="-113.85442">
    <ele>2398.9746758725933</ele>
   </trkpt>
   <trkpt lat="43.834950000000006" lon="-113.85433">
    <ele>2398.613157482928</ele>
   </trkpt>
   <trkpt lat="43.83484000000001" lon="-113.85401">
    <ele>2397.359953224045</ele>
   </trkpt>
   <trkpt lat="43.8348" lon="-113.85371">
    <ele>2396.5035560799192</ele>
   </trkpt>
   <trkpt lat="43.834740000000004" lon="-113.85353">
    <ele>2395.698968629444</ele>
   </trkpt>
   <trkpt lat="43.83462" lon="-113.85343">
    <ele>2394.787223595423</ele>
   </trkpt>
   <trkpt lat="43.83457000000001" lon="-113.85334">
    <ele>2394.326140065126</ele>
   </trkpt>
   <trkpt lat="43.834500000000006" lon="-113.85313000000001">
    <ele>2393.2239917019883</ele>
   </trkpt>
   <trkpt lat="43.834430000000005" lon="-113.85307">
    <ele>2392.0781833776387</ele>
   </trkpt>
   <trkpt lat="43.834270000000004" lon="-113.85295">
    <ele>2391.581587041479</ele>
   </trkpt>
   <trkpt lat="43.83406" lon="-113.85273000000001">
    <ele>2388.98866681841</ele>
   </trkpt>
   <trkpt lat="43.83349000077189" lon="-113.85229999586713">
    <ele>2383.22379604462</ele>
   </trkpt>
   <trkpt lat="43.83292" lon="-113.85187">
    <ele>2378.865419883429</ele>
   </trkpt>
   <trkpt lat="43.832570000000004" lon="-113.85165">
    <ele>2376.5712544627413</ele>
   </trkpt>
   <trkpt lat="43.831880000000005" lon="-113.85129">
    <ele>2373.7700388163216</ele>
   </trkpt>
   <trkpt lat="43.831430000000005" lon="-113.85101">
    <ele>2373.1158510137802</ele>
   </trkpt>
   <trkpt lat="43.83117" lon="-113.85093">
    <ele>2372.752541377209</ele>
   </trkpt>
   <trkpt lat="43.830960000000005" lon="-113.85093">
    <ele>2372.6275804108036</ele>
   </trkpt>
   <trkpt lat="43.830330000000004" lon="-113.85106">
    <ele>2371.754897652362</ele>
   </trkpt>
   <trkpt lat="43.830020000000005" lon="-113.85102">
    <ele>2371.0264407347813</ele>
   </trkpt>
   <trkpt lat="43.82983" lon="-113.85097">
    <ele>2370.2054664031443</ele>
   </trkpt>
   <trkpt lat="43.82968" lon="-113.85088">
    <ele>2369.794666200784</ele>
   </trkpt>
   <trkpt lat="43.829570000000004" lon="-113.85079">
    <ele>2368.761869329206</ele>
   </trkpt>
   <trkpt lat="43.82947" lon="-113.85066">
    <ele>2368.4692124631547</ele>
   </trkpt>
   <trkpt lat="43.82931000000001" lon="-113.85031000000001">
    <ele>2366.977621512908</ele>
   </trkpt>
   <trkpt lat="43.82912" lon="-113.85004">
    <ele>2365.770752047236</ele>
   </trkpt>
   <trkpt lat="43.82909" lon="-113.84995">
    <ele>2365.3744260636627</ele>
   </trkpt>
   <trkpt lat="43.82907" lon="-113.84982000000001">
    <ele>2364.981619218268</ele>
   </trkpt>
   <trkpt lat="43.829060000000005" lon="-113.84927">
    <ele>2362.651070001649</ele>
   </trkpt>
   <trkpt lat="43.829010000000004" lon="-113.84883">
    <ele>2360.7799977157983</ele>
   </trkpt>
   <trkpt lat="43.828860000000006" lon="-113.84816000000001">
    <ele>2359.081972166896</ele>
   </trkpt>
   <trkpt lat="43.82882" lon="-113.8481">
    <ele>2359.081972166896</ele>
   </trkpt>
   <trkpt lat="43.82876" lon="-113.84806">
    <ele>2358.606522775576</ele>
   </trkpt>
   <trkpt lat="43.82865" lon="-113.84806">
    <ele>2358.3655978217034</ele>
   </trkpt>
   <trkpt lat="43.828590000000005" lon="-113.8481">
    <ele>2358.1749146238353</ele>
   </trkpt>
   <trkpt lat="43.82853" lon="-113.84815">
    <ele>2358.1749146238353</ele>
   </trkpt>
   <trkpt lat="43.82826" lon="-113.8486">
    <ele>2357.1998429560913</ele>
   </trkpt>
   <trkpt lat="43.828120000000006" lon="-113.84878">
    <ele>2356.6932537402968</ele>
   </trkpt>
   <trkpt lat="43.82793" lon="-113.84892">
    <ele>2356.1606286148262</ele>
   </trkpt>
   <trkpt lat="43.82772000000001" lon="-113.84901">
    <ele>2355.8482689416574</ele>
   </trkpt>
   <trkpt lat="43.82725000000001" lon="-113.84915000000001">
    <ele>2355.805842820655</ele>
   </trkpt>
   <trkpt lat="43.827090000000005" lon="-113.84917000000002">
    <ele>2355.805842820655</ele>
   </trkpt>
   <trkpt lat="43.82686" lon="-113.84914">
    <ele>2355.8724217475374</ele>
   </trkpt>
   <trkpt lat="43.82676" lon="-113.84909">
    <ele>2355.811988832947</ele>
   </trkpt>
   <trkpt lat="43.826600000000006" lon="-113.84892">
    <ele>2355.7404384228616</ele>
   </trkpt>
   <trkpt lat="43.82627" lon="-113.84868000000002">
    <ele>2355.3149197256917</ele>
   </trkpt>
   <trkpt lat="43.82614" lon="-113.84861000000001">
    <ele>2355.2684262403536</ele>
   </trkpt>
   <trkpt lat="43.826010000000004" lon="-113.84870000000001">
    <ele>2355.046057921766</ele>
   </trkpt>
   <trkpt lat="43.82596" lon="-113.84878">
    <ele>2354.9050267992257</ele>
   </trkpt>
   <trkpt lat="43.82564000000001" lon="-113.84964000000001">
    <ele>2355.6761814586966</ele>
   </trkpt>
   <trkpt lat="43.825570000000006" lon="-113.8499">
    <ele>2356.49919714518</ele>
   </trkpt>
   <trkpt lat="43.825480000000006" lon="-113.84999">
    <ele>2356.7061108919934</ele>
   </trkpt>
   <trkpt lat="43.82535" lon="-113.85007">
    <ele>2357.797082622629</ele>
   </trkpt>
   <trkpt lat="43.8252" lon="-113.85012">
    <ele>2359.0624929080805</ele>
   </trkpt>
   <trkpt lat="43.824780000000004" lon="-113.85016">
    <ele>2361.912027685392</ele>
   </trkpt>
   <trkpt lat="43.82435" lon="-113.85003">
    <ele>2365.9200408355573</ele>
   </trkpt>
   <trkpt lat="43.82397" lon="-113.84985">
    <ele>2368.8897016490514</ele>
   </trkpt>
   <trkpt lat="43.82381" lon="-113.84972">
    <ele>2369.661737512654</ele>
   </trkpt>
   <trkpt lat="43.82374" lon="-113.84972">
    <ele>2369.817958932581</ele>
   </trkpt>
   <trkpt lat="43.82361" lon="-113.84976">
    <ele>2370.2719953737433</ele>
   </trkpt>
   <trkpt lat="43.82349000000001" lon="-113.84988000000001">
    <ele>2370.689137522545</ele>
   </trkpt>
   <trkpt lat="43.82340000000001" lon="-113.84982000000001">
    <ele>2370.624425447401</ele>
   </trkpt>
   <trkpt lat="43.82327" lon="-113.84972">
    <ele>2370.94640668112</ele>
   </trkpt>
   <trkpt lat="43.82266000147221" lon="-113.8491599943745">
    <ele>2370.7010222213007</ele>
   </trkpt>
   <trkpt lat="43.822050000000004" lon="-113.8486">
    <ele>2368.999669681449</ele>
   </trkpt>
   <trkpt lat="43.82159" lon="-113.84824">
    <ele>2368.564106638834</ele>
   </trkpt>
   <trkpt lat="43.82104666812558" lon="-113.84783665935568">
    <ele>2367.917132528846</ele>
   </trkpt>
   <trkpt lat="43.82050333483272" lon="-113.84743332605248">
    <ele>2367.3859926228865</ele>
   </trkpt>
   <trkpt lat="43.81996" lon="-113.84703">
    <ele>2367.3257933564378</ele>
   </trkpt>
   <trkpt lat="43.81948000053002" lon="-113.84669499733528">
    <ele>2367.5935832178166</ele>
   </trkpt>
   <trkpt lat="43.819" lon="-113.84636">
    <ele>2367.95415598185</ele>
   </trkpt>
   <trkpt lat="43.818323334424264" lon="-113.84600332523975">
    <ele>2368.5505366874745</ele>
   </trkpt>
   <trkpt lat="43.81764666773931" lon="-113.84564665856358">
    <ele>2369.582759370606</ele>
   </trkpt>
   <trkpt lat="43.816970000000005" lon="-113.84529">
    <ele>2370.7269360750743</ele>
   </trkpt>
   <trkpt lat="43.81638000054563" lon="-113.84503332824882">
    <ele>2370.863966050568</ele>
   </trkpt>
   <trkpt lat="43.815790000516834" lon="-113.84477666156971">
    <ele>2370.574505066708</ele>
   </trkpt>
   <trkpt lat="43.815200000000004" lon="-113.84452">
    <ele>2370.556653999841</ele>
   </trkpt>
   <trkpt lat="43.81440000072987" lon="-113.84411499458194">
    <ele>2371.700746937138</ele>
   </trkpt>
   <trkpt lat="43.8136" lon="-113.84371000000002">
    <ele>2373.891735455004</ele>
   </trkpt>
   <trkpt lat="43.812990000000006" lon="-113.84336">
    <ele>2375.418148103301</ele>
   </trkpt>
   <trkpt lat="43.81264" lon="-113.84309">
    <ele>2376.283805386027</ele>
   </trkpt>
   <trkpt lat="43.81250000000001" lon="-113.84295000000002">
    <ele>2376.670662707826</ele>
   </trkpt>
   <trkpt lat="43.8118550039211" lon="-113.84240248226187">
    <ele>2377.8356561039045</ele>
   </trkpt>
   <trkpt lat="43.81121000522846" lon="-113.84185497634981">
    <ele>2378.919322813906</ele>
   </trkpt>
   <trkpt lat="43.81056500392222" lon="-113.84130748226339">
    <ele>2379.9844559600365</ele>
   </trkpt>
   <trkpt lat="43.809920000000005" lon="-113.84076">
    <ele>2381.3003604875744</ele>
   </trkpt>
   <trkpt lat="43.80920500167118" lon="-113.84013999257404">
    <ele>2382.5656236652003</ele>
   </trkpt>
   <trkpt lat="43.808490000000006" lon="-113.83952000000001">
    <ele>2384.1596849757325</ele>
   </trkpt>
   <trkpt lat="43.80829000000001" lon="-113.83938">
    <ele>2384.674823859879</ele>
   </trkpt>
   <trkpt lat="43.80761000170215" lon="-113.8400050071159">
    <ele>2386.8997405363825</ele>
   </trkpt>
   <trkpt lat="43.80693" lon="-113.84063">
    <ele>2388.8608515283518</ele>
   </trkpt>
   <trkpt lat="43.8063050013408" lon="-113.84119000588291">
    <ele>2390.353107490323</ele>
   </trkpt>
   <trkpt lat="43.80568" lon="-113.84175">
    <ele>2392.055851314841</ele>
   </trkpt>
   <trkpt lat="43.80536" lon="-113.84202">
    <ele>2392.890135599234</ele>
   </trkpt>
   <trkpt lat="43.80498" lon="-113.84239000000001">
    <ele>2393.9710260122756</ele>
   </trkpt>
   <trkpt lat="43.804570000000005" lon="-113.84287">
    <ele>2395.23743912033</ele>
   </trkpt>
   <trkpt lat="43.804410000000004" lon="-113.84314">
    <ele>2395.923804245212</ele>
   </trkpt>
   <trkpt lat="43.803980013201716" lon="-113.8441450217205">
    <ele>2397.883031236409</ele>
   </trkpt>
   <trkpt lat="43.803550017596706" lon="-113.84515002897317">
    <ele>2399.4500405329086</ele>
   </trkpt>
   <trkpt lat="43.80312001318528" lon="-113.84615502175816">
    <ele>2401.007852489769</ele>
   </trkpt>
   <trkpt lat="43.802690000000005" lon="-113.84716">
    <ele>2402.5838385841575</ele>
   </trkpt>
   <trkpt lat="43.802440000000004" lon="-113.84781000000001">
    <ele>2403.7819031916824</ele>
   </trkpt>
   <trkpt lat="43.8021200024297" lon="-113.8485700042806">
    <ele>2405.123752782796</ele>
   </trkpt>
   <trkpt lat="43.8018" lon="-113.84933000000001">
    <ele>2406.3918541216062</ele>
   </trkpt>
   <trkpt lat="43.801370009985924" lon="-113.85040001539345">
    <ele>2407.839983416523</ele>
   </trkpt>
   <trkpt lat="43.80094000998934" lon="-113.85147001538469">
    <ele>2409.2527680413436</ele>
   </trkpt>
   <trkpt lat="43.80051" lon="-113.85254">
    <ele>2410.558998812199</ele>
   </trkpt>
   <trkpt lat="43.80021500201708" lon="-113.8532300035436">
    <ele>2411.3865069939884</ele>
   </trkpt>
   <trkpt lat="43.79992" lon="-113.85392">
    <ele>2412.2617615570184</ele>
   </trkpt>
   <trkpt lat="43.79960667178356" lon="-113.85468667472723">
    <ele>2413.2014809641037</ele>
   </trkpt>
   <trkpt lat="43.79929333844223" lon="-113.85545334141335">
    <ele>2414.193150679649</ele>
   </trkpt>
   <trkpt lat="43.79898" lon="-113.85622000000001">
    <ele>2415.2447274779447</ele>
   </trkpt>
   <trkpt lat="43.798566676095604" lon="-113.85726001439251">
    <ele>2416.8126449461124</ele>
   </trkpt>
   <trkpt lat="43.79815334276065" lon="-113.85830001439636">
    <ele>2417.8782131971852</ele>
   </trkpt>
   <trkpt lat="43.797740000000005" lon="-113.85934">
    <ele>2418.3503853355583</ele>
   </trkpt>
   <trkpt lat="43.79744000217197" lon="-113.86003500333597">
    <ele>2418.5693252081414</ele>
   </trkpt>
   <trkpt lat="43.797140000000006" lon="-113.86073">
    <ele>2419.095001033636</ele>
   </trkpt>
   <trkpt lat="43.79678001031674" lon="-113.86161751600271">
    <ele>2419.669895396217</ele>
   </trkpt>
   <trkpt lat="43.796420013765754" lon="-113.86250502131169">
    <ele>2419.741760174429</ele>
   </trkpt>
   <trkpt lat="43.796060010347254" lon="-113.86339251592699">
    <ele>2419.6518765031415</ele>
   </trkpt>
   <trkpt lat="43.795700000000004" lon="-113.86428000000001">
    <ele>2419.8339324450417</ele>
   </trkpt>
   <trkpt lat="43.795345010637384" lon="-113.86518251612276">
    <ele>2420.1703830580173</ele>
   </trkpt>
   <trkpt lat="43.794990014172974" lon="-113.86608502152264">
    <ele>2420.078747635542</ele>
   </trkpt>
   <trkpt lat="43.794635010606946" lon="-113.86698751619969">
    <ele>2420.1448173214744</ele>
   </trkpt>
   <trkpt lat="43.79428" lon="-113.86789">
    <ele>2421.4476796548993</ele>
   </trkpt>
   <trkpt lat="43.79388" lon="-113.86886000000001">
    <ele>2423.7788843259323</ele>
   </trkpt>
   <trkpt lat="43.79349500452188" lon="-113.8698750064581">
    <ele>2426.098502055408</ele>
   </trkpt>
   <trkpt lat="43.793110000000006" lon="-113.87089">
    <ele>2428.179226881261</ele>
   </trkpt>
   <trkpt lat="43.792750005297705" lon="-113.87199500673398">
    <ele>2430.4070971534516</ele>
   </trkpt>
   <trkpt lat="43.792390000000005" lon="-113.87310000000001">
    <ele>2432.8681243221727</ele>
   </trkpt>
   <trkpt lat="43.79224000000001" lon="-113.87362">
    <ele>2434.4463679523806</ele>
   </trkpt>
   <trkpt lat="43.7921250019929" lon="-113.87429500125992">
    <ele>2436.4589583598354</ele>
   </trkpt>
   <trkpt lat="43.792010000000005" lon="-113.87497">
    <ele>2437.767362570352</ele>
   </trkpt>
   <trkpt lat="43.79189500266288" lon="-113.87575000142901">
    <ele>2440.53431020242</ele>
   </trkpt>
   <trkpt lat="43.79178" lon="-113.87653">
    <ele>2442.8275070108302</ele>
   </trkpt>
   <trkpt lat="43.791700000000006" lon="-113.8769">
    <ele>2443.6042734387993</ele>
   </trkpt>
   <trkpt lat="43.79157" lon="-113.8773">
    <ele>2445.0055404295513</ele>
   </trkpt>
   <trkpt lat="43.791360000000005" lon="-113.87783">
    <ele>2446.4432407273302</ele>
   </trkpt>
   <trkpt lat="43.791180000000004" lon="-113.87819">
    <ele>2447.709719961719</ele>
   </trkpt>
   <trkpt lat="43.7906460083067" lon="-113.87888002465367">
    <ele>2449.237329222513</ele>
   </trkpt>
   <trkpt lat="43.79011201246212" lon="-113.87957003697728">
    <ele>2451.0346147119585</ele>
   </trkpt>
   <trkpt lat="43.78957801246642" lon="-113.88026003697117">
    <ele>2452.2342070796717</ele>
   </trkpt>
   <trkpt lat="43.789044008319756" lon="-113.88095002463572">
    <ele>2454.0276542881215</ele>
   </trkpt>
   <trkpt lat="43.78851" lon="-113.88164">
    <ele>2455.609364425783</ele>
   </trkpt>
   <trkpt lat="43.78829" lon="-113.88195">
    <ele>2456.28781404465</ele>
   </trkpt>
   <trkpt lat="43.78802" lon="-113.88244">
    <ele>2457.4782802942655</ele>
   </trkpt>
   <trkpt lat="43.78760500361322" lon="-113.88334500619008">
    <ele>2459.8640514132535</ele>
   </trkpt>
   <trkpt lat="43.78719" lon="-113.88425000000001">
    <ele>2462.970698959172</ele>
   </trkpt>
   <trkpt lat="43.787000000000006" lon="-113.88461000000001">
    <ele>2464.121590919495</ele>
   </trkpt>
   <trkpt lat="43.786750000000005" lon="-113.88495">
    <ele>2465.3924202533935</ele>
   </trkpt>
   <trkpt lat="43.78626500122052" lon="-113.88551000471288">
    <ele>2468.8823107806566</ele>
   </trkpt>
   <trkpt lat="43.78578" lon="-113.88607">
    <ele>2473.0222105240687</ele>
   </trkpt>
   <trkpt lat="43.78529" lon="-113.88666">
    <ele>2477.79819056912</ele>
   </trkpt>
   <trkpt lat="43.78501000000001" lon="-113.88706">
    <ele>2480.0436544279664</ele>
   </trkpt>
   <trkpt lat="43.78483000000001" lon="-113.88737">
    <ele>2481.492559559252</ele>
   </trkpt>
   <trkpt lat="43.78463000000001" lon="-113.88783000000001">
    <ele>2482.6661345403813</ele>
   </trkpt>
   <trkpt lat="43.78437000210981" lon="-113.88852000290997">
    <ele>2486.056819811523</ele>
   </trkpt>
   <trkpt lat="43.784110000000005" lon="-113.88921">
    <ele>2488.733294540466</ele>
   </trkpt>
   <trkpt lat="43.78388" lon="-113.88978000000002">
    <ele>2490.518729964266</ele>
   </trkpt>
   <trkpt lat="43.78349667601895" lon="-113.8908133464705">
    <ele>2493.8823719785296</ele>
   </trkpt>
   <trkpt lat="43.78311334272805" lon="-113.89184667968922">
    <ele>2497.5179295763883</ele>
   </trkpt>
   <trkpt lat="43.78273" lon="-113.89288">
    <ele>2501.8816374782937</ele>
   </trkpt>
   <trkpt lat="43.782430000000005" lon="-113.8935">
    <ele>2504.058295292666</ele>
   </trkpt>
   <trkpt lat="43.78226" lon="-113.89377">
    <ele>2504.993941632111</ele>
   </trkpt>
   <trkpt lat="43.78211" lon="-113.89395">
    <ele>2505.5951671667226</ele>
   </trkpt>
   <trkpt lat="43.78170000089933" lon="-113.89440000306786">
    <ele>2507.0783918314637</ele>
   </trkpt>
   <trkpt lat="43.781290000000006" lon="-113.89485">
    <ele>2508.3950693883244</ele>
   </trkpt>
   <trkpt lat="43.780860000000004" lon="-113.89534">
    <ele>2510.162983539245</ele>
   </trkpt>
   <trkpt lat="43.78025" lon="-113.89592">
    <ele>2511.8336164426173</ele>
   </trkpt>
   <trkpt lat="43.780100000000004" lon="-113.8961">
    <ele>2511.9847284271227</ele>
   </trkpt>
   <trkpt lat="43.779830000000004" lon="-113.89628">
    <ele>2511.920567020476</ele>
   </trkpt>
   <trkpt lat="43.77955" lon="-113.89642">
    <ele>2511.8973218432443</ele>
   </trkpt>
   <trkpt lat="43.77899000031748" lon="-113.8966300019199">
    <ele>2511.2801650977494</ele>
   </trkpt>
   <trkpt lat="43.77843" lon="-113.89684000000001">
    <ele>2509.991473257667</ele>
   </trkpt>
   <trkpt lat="43.77785" lon="-113.89704">
    <ele>2508.145171667401</ele>
   </trkpt>
   <trkpt lat="43.777710000000006" lon="-113.89713">
    <ele>2507.51975392502</ele>
   </trkpt>
   <trkpt lat="43.777570000000004" lon="-113.89726">
    <ele>2506.6457962633567</ele>
   </trkpt>
   <trkpt lat="43.77723" lon="-113.89781">
    <ele>2505.5374095094376</ele>
   </trkpt>
   <trkpt lat="43.77713000000001" lon="-113.89793">
    <ele>2505.013095721711</ele>
   </trkpt>
   <trkpt lat="43.776900000000005" lon="-113.89803">
    <ele>2504.555292081621</ele>
   </trkpt>
   <trkpt lat="43.77610000000001" lon="-113.89829">
    <ele>2504.259751862089</ele>
   </trkpt>
   <trkpt lat="43.77544" lon="-113.89856">
    <ele>2503.867660619723</ele>
   </trkpt>
   <trkpt lat="43.774980000000006" lon="-113.89883">
    <ele>2502.3867507759023</ele>
   </trkpt>
   <trkpt lat="43.774820000000005" lon="-113.89896">
    <ele>2501.5707999482843</ele>
   </trkpt>
   <trkpt lat="43.774660000000004" lon="-113.89919">
    <ele>2499.948356464229</ele>
   </trkpt>
   <trkpt lat="43.774550000000005" lon="-113.89945000000002">
    <ele>2498.6427668931165</ele>
   </trkpt>
   <trkpt lat="43.77441" lon="-113.89964">
    <ele>2497.26294968132</ele>
   </trkpt>
   <trkpt lat="43.77427" lon="-113.89977">
    <ele>2495.386548143845</ele>
   </trkpt>
   <trkpt lat="43.774100000000004" lon="-113.89986">
    <ele>2494.2849190671955</ele>
   </trkpt>
   <trkpt lat="43.773700000000005" lon="-113.89991">
    <ele>2491.4699205432703</ele>
   </trkpt>
   <trkpt lat="43.773250000000004" lon="-113.89992000000001">
    <ele>2489.5351959073932</ele>
   </trkpt>
   <trkpt lat="43.77306" lon="-113.89995">
    <ele>2488.5167546357366</ele>
   </trkpt>
   <trkpt lat="43.772980000000004" lon="-113.89999">
    <ele>2488.1052718868423</ele>
   </trkpt>
   <trkpt lat="43.772690000000004" lon="-113.90022">
    <ele>2486.0979868245267</ele>
   </trkpt>
   <trkpt lat="43.77216000000001" lon="-113.90075000000002">
    <ele>2481.438797146164</ele>
   </trkpt>
   <trkpt lat="43.771840000000005" lon="-113.90098">
    <ele>2479.0589588833604</ele>
   </trkpt>
   <trkpt lat="43.77154" lon="-113.90111">
    <ele>2478.047072901175</ele>
   </trkpt>
   <trkpt lat="43.77113000000001" lon="-113.9012">
    <ele>2475.523426160061</ele>
   </trkpt>
   <trkpt lat="43.77064" lon="-113.9012">
    <ele>2473.3162740465573</ele>
   </trkpt>
   <trkpt lat="43.770410000000005" lon="-113.90114000000001">
    <ele>2472.7908715329454</ele>
   </trkpt>
   <trkpt lat="43.770210000000006" lon="-113.90104000000001">
    <ele>2472.085313865881</ele>
   </trkpt>
   <trkpt lat="43.770010000000006" lon="-113.90089">
    <ele>2471.5121126825757</ele>
   </trkpt>
   <trkpt lat="43.76963000058194" lon="-113.90052999772887">
    <ele>2469.351825161885</ele>
   </trkpt>
   <trkpt lat="43.76925000000001" lon="-113.90017">
    <ele>2467.1658757742375</ele>
   </trkpt>
   <trkpt lat="43.768740001675866" lon="-113.89954499463781">
    <ele>2463.784682040848</ele>
   </trkpt>
   <trkpt lat="43.76823" lon="-113.89892">
    <ele>2459.312639272132</ele>
   </trkpt>
   <trkpt lat="43.76809" lon="-113.89871000000001">
    <ele>2458.170809239363</ele>
   </trkpt>
   <trkpt lat="43.768010000000004" lon="-113.89864000000001">
    <ele>2457.710959966795</ele>
   </trkpt>
   <trkpt lat="43.76793000000001" lon="-113.89856">
    <ele>2457.227024823623</ele>
   </trkpt>
   <trkpt lat="43.76778" lon="-113.89853000000001">
    <ele>2456.459075076213</ele>
   </trkpt>
   <trkpt lat="43.76769" lon="-113.89853000000001">
    <ele>2455.161979310014</ele>
   </trkpt>
   <trkpt lat="43.7676" lon="-113.89857">
    <ele>2454.6000429394758</ele>
   </trkpt>
   <trkpt lat="43.767480000000006" lon="-113.8987">
    <ele>2453.938194998989</ele>
   </trkpt>
   <trkpt lat="43.76738" lon="-113.89896">
    <ele>2452.7960955894523</ele>
   </trkpt>
   <trkpt lat="43.76722" lon="-113.89951">
    <ele>2448.5898874594463</ele>
   </trkpt>
   <trkpt lat="43.76713" lon="-113.89995">
    <ele>2446.925306649495</ele>
   </trkpt>
   <trkpt lat="43.76711" lon="-113.90017">
    <ele>2446.573929058455</ele>
   </trkpt>
   <trkpt lat="43.76713" lon="-113.9004">
    <ele>2446.5284484191634</ele>
   </trkpt>
   <trkpt lat="43.76722" lon="-113.90071">
    <ele>2446.3202547333603</ele>
   </trkpt>
   <trkpt lat="43.7674550019343" lon="-113.9013899970928">
    <ele>2445.840029589938</ele>
   </trkpt>
   <trkpt lat="43.76769" lon="-113.90207000000001">
    <ele>2445.376065270801</ele>
   </trkpt>
   <trkpt lat="43.76787" lon="-113.90268">
    <ele>2444.7812202561536</ele>
   </trkpt>
   <trkpt lat="43.7682500098267" lon="-113.90373998661663">
    <ele>2444.4102525487733</ele>
   </trkpt>
   <trkpt lat="43.76863000985732" lon="-113.90479998670182">
    <ele>2445.533502218804</ele>
   </trkpt>
   <trkpt lat="43.76901" lon="-113.90586">
    <ele>2447.5169056197983</ele>
   </trkpt>
   <trkpt lat="43.76917" lon="-113.9064">
    <ele>2448.786697699166</ele>
   </trkpt>
   <trkpt lat="43.769200000000005" lon="-113.90672">
    <ele>2449.3562594808304</ele>
   </trkpt>
   <trkpt lat="43.769200000000005" lon="-113.90707">
    <ele>2450.3146607368585</ele>
   </trkpt>
   <trkpt lat="43.76916000000001" lon="-113.90753000000001">
    <ele>2451.7305258053916</ele>
   </trkpt>
   <trkpt lat="43.768820000000005" lon="-113.90868">
    <ele>2456.256665222768</ele>
   </trkpt>
   <trkpt lat="43.768710000000006" lon="-113.90939000000002">
    <ele>2457.589163001322</ele>
   </trkpt>
   <trkpt lat="43.768570000000004" lon="-113.90983000000001">
    <ele>2457.956202188997</ele>
   </trkpt>
   <trkpt lat="43.768320001218285" lon="-113.91036000222842">
    <ele>2458.006756505075</ele>
   </trkpt>
   <trkpt lat="43.76807" lon="-113.91089000000001">
    <ele>2456.9003613747113</ele>
   </trkpt>
   <trkpt lat="43.76782" lon="-113.91147000000001">
    <ele>2455.66874891148</ele>
   </trkpt>
   <trkpt lat="43.76773" lon="-113.9116">
    <ele>2455.44638614145</ele>
   </trkpt>
   <trkpt lat="43.767590000000006" lon="-113.91172">
    <ele>2455.0190393079633</ele>
   </trkpt>
   <trkpt lat="43.767030000000005" lon="-113.91199">
    <ele>2454.2592246673585</ele>
   </trkpt>
   <trkpt lat="43.76662" lon="-113.91223000000001">
    <ele>2455.1227078583324</ele>
   </trkpt>
   <trkpt lat="43.766360000000006" lon="-113.91241000000001">
    <ele>2455.992385139949</ele>
   </trkpt>
   <trkpt lat="43.765745000979315" lon="-113.91289500502265">
    <ele>2456.3397674841326</ele>
   </trkpt>
   <trkpt lat="43.765130000000006" lon="-113.91338">
    <ele>2455.179432759218</ele>
   </trkpt>
   <trkpt lat="43.76455000000001" lon="-113.91379">
    <ele>2452.9157942014185</ele>
   </trkpt>
   <trkpt lat="43.764100000000006" lon="-113.91405">
    <ele>2451.4853690684236</ele>
   </trkpt>
   <trkpt lat="43.76350666697746" lon="-113.91425000398002">
    <ele>2450.2244586922334</ele>
   </trkpt>
   <trkpt lat="43.762913333606164" lon="-113.91445000399274">
    <ele>2449.1432078282605</ele>
   </trkpt>
   <trkpt lat="43.76232" lon="-113.91465000000001">
    <ele>2448.2461265587795</ele>
   </trkpt>
   <trkpt lat="43.76184000002612" lon="-113.91480000122596">
    <ele>2447.595224297612</ele>
   </trkpt>
   <trkpt lat="43.76136" lon="-113.91495">
    <ele>2446.506194717911</ele>
   </trkpt>
   <trkpt lat="43.760940000000005" lon="-113.91515000000001">
    <ele>2445.089732459799</ele>
   </trkpt>
   <trkpt lat="43.760740000000006" lon="-113.91528000000001">
    <ele>2444.479620811485</ele>
   </trkpt>
   <trkpt lat="43.76035" lon="-113.91562">
    <ele>2443.0524940635473</ele>
   </trkpt>
   <trkpt lat="43.760200000000005" lon="-113.91571">
    <ele>2442.7816663126077</ele>
   </trkpt>
   <trkpt lat="43.75977" lon="-113.91581000000001">
    <ele>2441.403160490161</ele>
   </trkpt>
   <trkpt lat="43.75889" lon="-113.91593">
    <ele>2439.480943980533</ele>
   </trkpt>
   <trkpt lat="43.758280000000006" lon="-113.91594">
    <ele>2438.4043083277083</ele>
   </trkpt>
   <trkpt lat="43.758" lon="-113.91602">
    <ele>2437.665552984244</ele>
   </trkpt>
   <trkpt lat="43.75742000047406" lon="-113.91633500303078">
    <ele>2435.053136293272</ele>
   </trkpt>
   <trkpt lat="43.756840000000004" lon="-113.91665">
    <ele>2432.660357324352</ele>
   </trkpt>
   <trkpt lat="43.75661" lon="-113.91675000000001">
    <ele>2431.957520113091</ele>
   </trkpt>
   <trkpt lat="43.75625" lon="-113.91687">
    <ele>2430.024877671644</ele>
   </trkpt>
   <trkpt lat="43.75614" lon="-113.91692">
    <ele>2429.213157017002</ele>
   </trkpt>
   <trkpt lat="43.75602000000001" lon="-113.91705">
    <ele>2428.7328664316274</ele>
   </trkpt>
   <trkpt lat="43.755970000000005" lon="-113.91714">
    <ele>2428.373730048774</ele>
   </trkpt>
   <trkpt lat="43.75594" lon="-113.91741">
    <ele>2427.1012105672094</ele>
   </trkpt>
   <trkpt lat="43.75596" lon="-113.91751000000001">
    <ele>2427.1012105672094</ele>
   </trkpt>
   <trkpt lat="43.75616" lon="-113.9179">
    <ele>2425.2910530518097</ele>
   </trkpt>
   <trkpt lat="43.756310000000006" lon="-113.91808">
    <ele>2424.29685212945</ele>
   </trkpt>
   <trkpt lat="43.757070000000006" lon="-113.91862">
    <ele>2418.1207278005268</ele>
   </trkpt>
   <trkpt lat="43.757250000000006" lon="-113.9188">
    <ele>2416.4301010990184</ele>
   </trkpt>
   <trkpt lat="43.75733" lon="-113.91893">
    <ele>2415.335102273521</ele>
   </trkpt>
   <trkpt lat="43.75744" lon="-113.91929">
    <ele>2414.206384393556</ele>
   </trkpt>
   <trkpt lat="43.75744" lon="-113.91942">
    <ele>2413.0387331429292</ele>
   </trkpt>
   <trkpt lat="43.757400000000004" lon="-113.91969">
    <ele>2411.87285187647</ele>
   </trkpt>
   <trkpt lat="43.757270000000005" lon="-113.91996">
    <ele>2410.7388535101563</ele>
   </trkpt>
   <trkpt lat="43.756660000000004" lon="-113.92064">
    <ele>2404.835869320315</ele>
   </trkpt>
   <trkpt lat="43.75648" lon="-113.92076000000002">
    <ele>2403.133558208056</ele>
   </trkpt>
   <trkpt lat="43.756280000000004" lon="-113.92086">
    <ele>2402.0681615204253</ele>
   </trkpt>
   <trkpt lat="43.756060000000005" lon="-113.9209">
    <ele>2401.0850564925513</ele>
   </trkpt>
   <trkpt lat="43.755750000000006" lon="-113.92094000000002">
    <ele>2399.3667835684073</ele>
   </trkpt>
   <trkpt lat="43.75545" lon="-113.9209">
    <ele>2398.528211704449</ele>
   </trkpt>
   <trkpt lat="43.75476500006468" lon="-113.92077499856853">
    <ele>2397.0553435623046</ele>
   </trkpt>
   <trkpt lat="43.75408" lon="-113.92065000000001">
    <ele>2396.4859310571514</ele>
   </trkpt>
   <trkpt lat="43.75346999990098" lon="-113.92055499901014">
    <ele>2396.2369134370733</ele>
   </trkpt>
   <trkpt lat="43.752860000000005" lon="-113.92046">
    <ele>2396.4059347110533</ele>
   </trkpt>
   <trkpt lat="43.75255000000001" lon="-113.92042000000001">
    <ele>2396.3749306656287</ele>
   </trkpt>
   <trkpt lat="43.75226000000001" lon="-113.92042000000001">
    <ele>2396.227973330583</ele>
   </trkpt>
   <trkpt lat="43.75209" lon="-113.92045">
    <ele>2396.015343036477</ele>
   </trkpt>
   <trkpt lat="43.75170000000001" lon="-113.92063">
    <ele>2395.549095851275</ele>
   </trkpt>
   <trkpt lat="43.75114000073581" lon="-113.92101500354072">
    <ele>2395.390894617131</ele>
   </trkpt>
   <trkpt lat="43.75058000000001" lon="-113.9214">
    <ele>2397.7464943213286</ele>
   </trkpt>
   <trkpt lat="43.750280000000004" lon="-113.92157">
    <ele>2399.326792625442</ele>
   </trkpt>
   <trkpt lat="43.75000000000001" lon="-113.92162">
    <ele>2400.899076489455</ele>
   </trkpt>
   <trkpt lat="43.74911" lon="-113.92149">
    <ele>2405.06680204061</ele>
   </trkpt>
   <trkpt lat="43.74869" lon="-113.92158">
    <ele>2406.3125648627974</ele>
   </trkpt>
   <trkpt lat="43.74851" lon="-113.92168000000001">
    <ele>2406.6152271193087</ele>
   </trkpt>
   <trkpt lat="43.74823000000001" lon="-113.92193">
    <ele>2407.0083355362854</ele>
   </trkpt>
   <trkpt lat="43.74814000000001" lon="-113.92211">
    <ele>2406.8843891545666</ele>
   </trkpt>
   <trkpt lat="43.748110000000004" lon="-113.92233">
    <ele>2406.885611089909</ele>
   </trkpt>
   <trkpt lat="43.748110000000004" lon="-113.92256">
    <ele>2406.841410323149</ele>
   </trkpt>
   <trkpt lat="43.7481933403428" lon="-113.92345666416831">
    <ele>2405.7867531681572</ele>
   </trkpt>
   <trkpt lat="43.74827667367601" lon="-113.92435333083348">
    <ele>2404.4408713107114</ele>
   </trkpt>
   <trkpt lat="43.748360000000005" lon="-113.92525">
    <ele>2403.1775340040354</ele>
   </trkpt>
   <trkpt lat="43.74846" lon="-113.92605">
    <ele>2402.04498252711</ele>
   </trkpt>
   <trkpt lat="43.74850000000001" lon="-113.92654">
    <ele>2401.443715557443</ele>
   </trkpt>
   <trkpt lat="43.74848" lon="-113.92704">
    <ele>2400.789091427569</ele>
   </trkpt>
   <trkpt lat="43.74842" lon="-113.92748">
    <ele>2400.179478381817</ele>
   </trkpt>
   <trkpt lat="43.7483" lon="-113.92794">
    <ele>2399.4369714612203</ele>
   </trkpt>
   <trkpt lat="43.74803501094337" lon="-113.92885501217165">
    <ele>2398.471711375983</ele>
   </trkpt>
   <trkpt lat="43.74777001458744" lon="-113.9297700162415">
    <ele>2398.7463687610148</ele>
   </trkpt>
   <trkpt lat="43.7475050109323" lon="-113.93068501220948">
    <ele>2400.0313814400984</ele>
   </trkpt>
   <trkpt lat="43.747240000000005" lon="-113.9316">
    <ele>2401.125368970706</ele>
   </trkpt>
   <trkpt lat="43.74702000126089" lon="-113.93216500241215">
    <ele>2401.6182097901687</ele>
   </trkpt>
   <trkpt lat="43.7468" lon="-113.93273">
    <ele>2401.8138606733337</ele>
   </trkpt>
   <trkpt lat="43.74653000177243" lon="-113.93337500300746">
    <ele>2402.0855431197774</ele>
   </trkpt>
   <trkpt lat="43.74626000000001" lon="-113.93402">
    <ele>2402.665436020482</ele>
   </trkpt>
   <trkpt lat="43.74591" lon="-113.93478">
    <ele>2403.7528305962496</ele>
   </trkpt>
   <trkpt lat="43.74547500431066" lon="-113.93577000710705">
    <ele>2404.907813563714</ele>
   </trkpt>
   <trkpt lat="43.74504" lon="-113.93676">
    <ele>2405.856127427009</ele>
   </trkpt>
   <trkpt lat="43.744670000000006" lon="-113.93752">
    <ele>2406.934730705637</ele>
   </trkpt>
   <trkpt lat="43.744295003471414" lon="-113.93841000553111">
    <ele>2408.2105591689246</ele>
   </trkpt>
   <trkpt lat="43.74392" lon="-113.9393">
    <ele>2407.6486500857923</ele>
   </trkpt>
   <trkpt lat="43.74381" lon="-113.93988">
    <ele>2406.332907475545</ele>
   </trkpt>
   <trkpt lat="43.74381" lon="-113.94008000000001">
    <ele>2405.9935842263712</ele>
   </trkpt>
   <trkpt lat="43.74385" lon="-113.94029">
    <ele>2405.6994702806833</ele>
   </trkpt>
   <trkpt lat="43.743990000000004" lon="-113.94055000000002">
    <ele>2405.694003860474</ele>
   </trkpt>
   <trkpt lat="43.744220000000006" lon="-113.94074">
    <ele>2405.6528804061004</ele>
   </trkpt>
   <trkpt lat="43.74463" lon="-113.94087">
    <ele>2405.5002035982156</ele>
   </trkpt>
   <trkpt lat="43.74481" lon="-113.94083">
    <ele>2405.638516777808</ele>
   </trkpt>
   <trkpt lat="43.744980000000005" lon="-113.94078">
    <ele>2406.046001757609</ele>
   </trkpt>
   <trkpt lat="43.74555" lon="-113.94042">
    <ele>2405.8220575679097</ele>
   </trkpt>
   <trkpt lat="43.74577" lon="-113.9402">
    <ele>2405.5619900624497</ele>
   </trkpt>
   <trkpt lat="43.746390000000005" lon="-113.93948">
    <ele>2404.632550535213</ele>
   </trkpt>
   <trkpt lat="43.74677000109555" lon="-113.93901000281967">
    <ele>2404.31365239278</ele>
   </trkpt>
   <trkpt lat="43.747150000000005" lon="-113.93854">
    <ele>2403.968285443067</ele>
   </trkpt>
   <trkpt lat="43.74739" lon="-113.93828">
    <ele>2403.7198839764965</ele>
   </trkpt>
   <trkpt lat="43.74772" lon="-113.938">
    <ele>2403.7377730818316</ele>
   </trkpt>
   <trkpt lat="43.748140000492974" lon="-113.93767000230122">
    <ele>2404.1699013887896</ele>
   </trkpt>
   <trkpt lat="43.748560000000005" lon="-113.93734">
    <ele>2404.364876263402</ele>
   </trkpt>
   <trkpt lat="43.748870000000004" lon="-113.93715">
    <ele>2403.899171697698</ele>
   </trkpt>
   <trkpt lat="43.74918" lon="-113.93702">
    <ele>2402.687574329012</ele>
   </trkpt>
   <trkpt lat="43.74985" lon="-113.9368">
    <ele>2398.7633804990733</ele>
   </trkpt>
   <trkpt lat="43.749990000000004" lon="-113.9368">
    <ele>2397.7441288348473</ele>
   </trkpt>
   <trkpt lat="43.75048" lon="-113.93666">
    <ele>2395.2086125611136</ele>
   </trkpt>
   <trkpt lat="43.750870000000006" lon="-113.93662">
    <ele>2393.84558994548</ele>
   </trkpt>
   <trkpt lat="43.751470000131185" lon="-113.93668499936057">
    <ele>2392.272191233578</ele>
   </trkpt>
   <trkpt lat="43.75207" lon="-113.93675">
    <ele>2390.8683240559476</ele>
   </trkpt>
   <trkpt lat="43.7526" lon="-113.93684">
    <ele>2389.466550207654</ele>
   </trkpt>
   <trkpt lat="43.75291000000001" lon="-113.93685">
    <ele>2388.9444903021713</ele>
   </trkpt>
   <trkpt lat="43.7536849999917" lon="-113.9369399988294">
    <ele>2386.540356487135</ele>
   </trkpt>
   <trkpt lat="43.75446" lon="-113.93703000000001">
    <ele>2384.719809429187</ele>
   </trkpt>
   <trkpt lat="43.7548" lon="-113.93703000000001">
    <ele>2383.924264584388</ele>
   </trkpt>
   <trkpt lat="43.75493" lon="-113.93702">
    <ele>2383.649645057997</ele>
   </trkpt>
   <trkpt lat="43.755390000000006" lon="-113.93689">
    <ele>2382.5719126262316</ele>
   </trkpt>
   <trkpt lat="43.75601000034906" lon="-113.93669333740496">
    <ele>2381.055857363275</ele>
   </trkpt>
   <trkpt lat="43.75663000036092" lon="-113.9364966707346">
    <ele>2380.3156717501092</ele>
   </trkpt>
   <trkpt lat="43.757250000000006" lon="-113.9363">
    <ele>2380.065896930519</ele>
   </trkpt>
   <trkpt lat="43.757830000000006" lon="-113.93635">
    <ele>2379.9824690910045</ele>
   </trkpt>
   <trkpt lat="43.75837500005798" lon="-113.93643999918397">
    <ele>2379.8232462565966</ele>
   </trkpt>
   <trkpt lat="43.75892" lon="-113.93653">
    <ele>2379.304321056334</ele>
   </trkpt>
   <trkpt lat="43.759420000000006" lon="-113.93653">
    <ele>2378.6906246250965</ele>
   </trkpt>
   <trkpt lat="43.7601633333113" lon="-113.93648000124536">
    <ele>2376.7572482079654</ele>
   </trkpt>
   <trkpt lat="43.76090666660076" lon="-113.93643000124834">
    <ele>2375.1769593221293</ele>
   </trkpt>
   <trkpt lat="43.76165" lon="-113.93638000000001">
    <ele>2374.146188204694</ele>
   </trkpt>
   <trkpt lat="43.762100000065956" lon="-113.93636500011068">
    <ele>2373.6050419170992</ele>
   </trkpt>
   <trkpt lat="43.762550000000005" lon="-113.93635">
    <ele>2373.007886643018</ele>
   </trkpt>
   <trkpt lat="43.76288" lon="-113.93631">
    <ele>2372.6196633911377</ele>
   </trkpt>
   <trkpt lat="43.76358000002251" lon="-113.93627000093561">
    <ele>2371.7799503602832</ele>
   </trkpt>
   <trkpt lat="43.76428000003106" lon="-113.93623000093514">
    <ele>2370.799296429059</ele>
   </trkpt>
   <trkpt lat="43.76498" lon="-113.93619000000001">
    <ele>2369.658604850715</ele>
   </trkpt>
   <trkpt lat="43.76572" lon="-113.93617">
    <ele>2367.7453592890492</ele>
   </trkpt>
   <trkpt lat="43.76658000025872" lon="-113.9360350058196">
    <ele>2366.0265757164875</ele>
   </trkpt>
   <trkpt lat="43.76744000035853" lon="-113.93590000775748">
    <ele>2364.588292775943</ele>
   </trkpt>
   <trkpt lat="43.76830000029946" lon="-113.93576500581344">
    <ele>2363.077916300145</ele>
   </trkpt>
   <trkpt lat="43.76916000000001" lon="-113.93563">
    <ele>2360.9283579102466</ele>
   </trkpt>
   <trkpt lat="43.769540000000006" lon="-113.93563">
    <ele>2359.6512335787743</ele>
   </trkpt>
   <trkpt lat="43.77038" lon="-113.93572">
    <ele>2358.236659615729</ele>
   </trkpt>
   <trkpt lat="43.77089" lon="-113.93586">
    <ele>2357.899150958458</ele>
   </trkpt>
   <trkpt lat="43.771150000000006" lon="-113.93587000000001">
    <ele>2357.5984924149434</ele>
   </trkpt>
   <trkpt lat="43.771530000000006" lon="-113.93587000000001">
    <ele>2357.271444151318</ele>
   </trkpt>
   <trkpt lat="43.77201" lon="-113.93576000000002">
    <ele>2356.689033229745</ele>
   </trkpt>
   <trkpt lat="43.772180000000006" lon="-113.93564">
    <ele>2356.1847049315643</ele>
   </trkpt>
   <trkpt lat="43.77259" lon="-113.93518">
    <ele>2355.5018256291223</ele>
   </trkpt>
   <trkpt lat="43.77275" lon="-113.93506000000001">
    <ele>2355.4231609241147</ele>
   </trkpt>
   <trkpt lat="43.77284" lon="-113.93502000000001">
    <ele>2355.533060199649</ele>
   </trkpt>
   <trkpt lat="43.77293" lon="-113.93502000000001">
    <ele>2355.533060199649</ele>
   </trkpt>
   <trkpt lat="43.77304" lon="-113.93509">
    <ele>2355.6847189858026</ele>
   </trkpt>
   <trkpt lat="43.7732" lon="-113.93527">
    <ele>2355.903610006293</ele>
   </trkpt>
   <trkpt lat="43.773360000000004" lon="-113.93551000000001">
    <ele>2356.1749630342247</ele>
   </trkpt>
   <trkpt lat="43.773520000000005" lon="-113.93595">
    <ele>2357.386263814807</ele>
   </trkpt>
   <trkpt lat="43.773970000000006" lon="-113.93657">
    <ele>2361.0036868844973</ele>
   </trkpt>
   <trkpt lat="43.774260000000005" lon="-113.93689">
    <ele>2362.877639733309</ele>
   </trkpt>
   <trkpt lat="43.77464500103526" lon="-113.93737999683083">
    <ele>2365.3760788032214</ele>
   </trkpt>
   <trkpt lat="43.77503" lon="-113.93787">
    <ele>2367.601017793289</ele>
   </trkpt>
   <trkpt lat="43.77523" lon="-113.93801">
    <ele>2368.5289206971443</ele>
   </trkpt>
   <trkpt lat="43.775310000000005" lon="-113.93805">
    <ele>2368.5289206971443</ele>
   </trkpt>
   <trkpt lat="43.77559" lon="-113.93809">
    <ele>2369.190450830373</ele>
   </trkpt>
   <trkpt lat="43.775940000000006" lon="-113.93805">
    <ele>2369.459167991192</ele>
   </trkpt>
   <trkpt lat="43.77665200044114" lon="-113.93788800771966">
    <ele>2369.025731970139</ele>
   </trkpt>
   <trkpt lat="43.777364000653456" lon="-113.93772601158156">
    <ele>2368.119268414814</ele>
   </trkpt>
   <trkpt lat="43.77807600063698" lon="-113.9375640115855">
    <ele>2367.06268128946</ele>
   </trkpt>
   <trkpt lat="43.7787880003917" lon="-113.9374020077313">
    <ele>2366.475180503864</ele>
   </trkpt>
   <trkpt lat="43.779500000000006" lon="-113.93724">
    <ele>2366.3923376825564</ele>
   </trkpt>
   <trkpt lat="43.779720000000005" lon="-113.93715">
    <ele>2366.36573997903</ele>
   </trkpt>
   <trkpt lat="43.78031" lon="-113.93684">
    <ele>2366.28137940431</ele>
   </trkpt>
   <trkpt lat="43.78096500054472" lon="-113.93651000358007">
    <ele>2366.348082573006</ele>
   </trkpt>
   <trkpt lat="43.781620000000004" lon="-113.93618000000001">
    <ele>2366.4310950103577</ele>
   </trkpt>
   <trkpt lat="43.782275000405335" lon="-113.93588500322033">
    <ele>2366.4447101146197</ele>
   </trkpt>
   <trkpt lat="43.78293" lon="-113.93559">
    <ele>2366.844693547804</ele>
   </trkpt>
   <trkpt lat="43.783570000000005" lon="-113.93527">
    <ele>2368.584595765531</ele>
   </trkpt>
   <trkpt lat="43.78440666804443" lon="-113.93487001120492">
    <ele>2370.307760481723</ele>
   </trkpt>
   <trkpt lat="43.78524333469391" lon="-113.93447001121335">
    <ele>2368.6111258487053</ele>
   </trkpt>
   <trkpt lat="43.786080000000005" lon="-113.93407">
    <ele>2366.2035826707765</ele>
   </trkpt>
   <trkpt lat="43.786260000000006" lon="-113.93393">
    <ele>2365.699674851856</ele>
   </trkpt>
   <trkpt lat="43.78642000000001" lon="-113.93376">
    <ele>2365.246212803277</ele>
   </trkpt>
   <trkpt lat="43.78685000131709" lon="-113.93319500416236">
    <ele>2363.7452926968567</ele>
   </trkpt>
   <trkpt lat="43.78728" lon="-113.93263">
    <ele>2361.6741215855336</ele>
   </trkpt>
   <trkpt lat="43.78748" lon="-113.93228">
    <ele>2360.72790705193</ele>
   </trkpt>
   <trkpt lat="43.78752" lon="-113.93214">
    <ele>2360.755486578977</ele>
   </trkpt>
   <trkpt lat="43.78754000000001" lon="-113.93192">
    <ele>2360.578758302958</ele>
   </trkpt>
   <trkpt lat="43.78757" lon="-113.93115">
    <ele>2360.864909794141</ele>
   </trkpt>
   <trkpt lat="43.787620000000004" lon="-113.93093">
    <ele>2360.9700026852743</ele>
   </trkpt>
   <trkpt lat="43.787670000000006" lon="-113.93084">
    <ele>2361.015073453894</ele>
   </trkpt>
   <trkpt lat="43.78797" lon="-113.93048">
    <ele>2361.304364301521</ele>
   </trkpt>
   <trkpt lat="43.78844500059249" lon="-113.93010000304945">
    <ele>2360.884368781901</ele>
   </trkpt>
   <trkpt lat="43.788920000000005" lon="-113.92972">
    <ele>2359.3926933215275</ele>
   </trkpt>
   <trkpt lat="43.78971000000001" lon="-113.92914">
    <ele>2357.820466777828</ele>
   </trkpt>
   <trkpt lat="43.7903" lon="-113.92892">
    <ele>2357.204112033895</ele>
   </trkpt>
   <trkpt lat="43.791030000000006" lon="-113.92853000000001">
    <ele>2356.096680666581</ele>
   </trkpt>
   <trkpt lat="43.791320000000006" lon="-113.92834">
    <ele>2355.696200499514</ele>
   </trkpt>
   <trkpt lat="43.791760000415344" lon="-113.92800000257164">
    <ele>2355.271748113066</ele>
   </trkpt>
   <trkpt lat="43.7922" lon="-113.92766">
    <ele>2354.342869582181</ele>
   </trkpt>
   <trkpt lat="43.79289000133396" lon="-113.92710000649254">
    <ele>2352.75503139923</ele>
   </trkpt>
   <trkpt lat="43.793580000000006" lon="-113.92654">
    <ele>2351.6632153557075</ele>
   </trkpt>
   <trkpt lat="43.79383000000001" lon="-113.92637">
    <ele>2351.22562977281</ele>
   </trkpt>
   <trkpt lat="43.794383334984346" lon="-113.9259400079329">
    <ele>2349.733701815856</ele>
   </trkpt>
   <trkpt lat="43.79493666835658" lon="-113.92551000790277">
    <ele>2348.5577765528656</ele>
   </trkpt>
   <trkpt lat="43.79549" lon="-113.92508000000001">
    <ele>2347.6308752784335</ele>
   </trkpt>
   <trkpt lat="43.796200000000006" lon="-113.92476">
    <ele>2346.0114923960978</ele>
   </trkpt>
   <trkpt lat="43.79677" lon="-113.92458">
    <ele>2344.1599512361586</ele>
   </trkpt>
   <trkpt lat="43.797595000218536" lon="-113.92435500310715">
    <ele>2341.784732242185</ele>
   </trkpt>
   <trkpt lat="43.79842" lon="-113.92413">
    <ele>2340.4834169030505</ele>
   </trkpt>
   <trkpt lat="43.79885" lon="-113.92399">
    <ele>2340.316789788738</ele>
   </trkpt>
   <trkpt lat="43.79963200095174" lon="-113.92375801214217">
    <ele>2340.1567142420336</ele>
   </trkpt>
   <trkpt lat="43.80041400143423" lon="-113.92352601821163">
    <ele>2338.677689400513</ele>
   </trkpt>
   <trkpt lat="43.80119600144744" lon="-113.92329401820804">
    <ele>2336.017286283102</ele>
   </trkpt>
   <trkpt lat="43.80197800099133" lon="-113.9230620121311">
    <ele>2333.8070379366773</ele>
   </trkpt>
   <trkpt lat="43.802760000000006" lon="-113.92283">
    <ele>2332.5825001535845</ele>
   </trkpt>
   <trkpt lat="43.80336000023996" lon="-113.9226533368915">
    <ele>2331.9798226343</ele>
   </trkpt>
   <trkpt lat="43.803960000207795" lon="-113.92247667023436">
    <ele>2331.5619953605988</ele>
   </trkpt>
   <trkpt lat="43.80456" lon="-113.9223">
    <ele>2331.346172988379</ele>
   </trkpt>
   <trkpt lat="43.80483" lon="-113.9222">
    <ele>2331.2516063023236</ele>
   </trkpt>
   <trkpt lat="43.80516" lon="-113.92212">
    <ele>2331.095547299334</ele>
   </trkpt>
   <trkpt lat="43.80599333383348" lon="-113.92187000698874">
    <ele>2330.8442145494864</ele>
   </trkpt>
   <trkpt lat="43.806826667122024" lon="-113.92162000700229">
    <ele>2330.510748274586</ele>
   </trkpt>
   <trkpt lat="43.807660000000006" lon="-113.92137000000001">
    <ele>2329.516570303857</ele>
   </trkpt>
   <trkpt lat="43.80846500024931" lon="-113.9211350031647">
    <ele>2328.3920580311888</ele>
   </trkpt>
   <trkpt lat="43.809270000000005" lon="-113.9209">
    <ele>2327.6052943019686</ele>
   </trkpt>
   <trkpt lat="43.8099300002257" lon="-113.92068500236795">
    <ele>2326.9930689981484</ele>
   </trkpt>
   <trkpt lat="43.810590000000005" lon="-113.92047000000001">
    <ele>2326.2807527095756</ele>
   </trkpt>
   <trkpt lat="43.8113850000619" lon="-113.92026000282983">
    <ele>2325.192021288925</ele>
   </trkpt>
   <trkpt lat="43.812180000000005" lon="-113.92005">
    <ele>2324.492622050855</ele>
   </trkpt>
   <trkpt lat="43.81284500031892" lon="-113.9198250024722">
    <ele>2324.4513668343866</ele>
   </trkpt>
   <trkpt lat="43.81351" lon="-113.9196">
    <ele>2325.3462053821086</ele>
   </trkpt>
   <trkpt lat="43.813990000000004" lon="-113.91947">
    <ele>2326.0341588560705</ele>
   </trkpt>
   <trkpt lat="43.81438000000001" lon="-113.91934">
    <ele>2326.329374338948</ele>
   </trkpt>
   <trkpt lat="43.81479500042094" lon="-113.91905000197741">
    <ele>2326.1407141854875</ele>
   </trkpt>
   <trkpt lat="43.81521" lon="-113.91876">
    <ele>2325.199495975479</ele>
   </trkpt>
   <trkpt lat="43.81596750406868" lon="-113.91820252121383">
    <ele>2322.681006961348</ele>
   </trkpt>
   <trkpt lat="43.81672500542752" lon="-113.91764502828373">
    <ele>2321.052024283118</ele>
   </trkpt>
   <trkpt lat="43.817482504076374" lon="-113.91708752120897">
    <ele>2320.835579183641</ele>
   </trkpt>
   <trkpt lat="43.81824" lon="-113.91653000000001">
    <ele>2321.808656758562</ele>
   </trkpt>
   <trkpt lat="43.81855" lon="-113.91642">
    <ele>2322.2195205307817</ele>
   </trkpt>
   <trkpt lat="43.81907" lon="-113.91626000000001">
    <ele>2322.425221082024</ele>
   </trkpt>
   <trkpt lat="43.81945" lon="-113.91611">
    <ele>2322.3679131434474</ele>
   </trkpt>
   <trkpt lat="43.82015333420787" lon="-113.9157866743015">
    <ele>2321.5986570368277</ele>
   </trkpt>
   <trkpt lat="43.82085666750422" lon="-113.91546334098528">
    <ele>2320.6429800782794</ele>
   </trkpt>
   <trkpt lat="43.821560000000005" lon="-113.91514000000001">
    <ele>2319.815690862077</ele>
   </trkpt>
   <trkpt lat="43.82189" lon="-113.91505000000001">
    <ele>2319.7096040820334</ele>
   </trkpt>
   <trkpt lat="43.82224" lon="-113.91504">
    <ele>2319.7876138073793</ele>
   </trkpt>
   <trkpt lat="43.8224" lon="-113.91505000000001">
    <ele>2319.905333911161</ele>
   </trkpt>
   <trkpt lat="43.823170000000005" lon="-113.91545">
    <ele>2322.642365534682</ele>
   </trkpt>
   <trkpt lat="43.82339" lon="-113.91559000000001">
    <ele>2323.5767206553455</ele>
   </trkpt>
   <trkpt lat="43.82349000000001" lon="-113.91571">
    <ele>2324.6545148083783</ele>
   </trkpt>
   <trkpt lat="43.82356" lon="-113.91589">
    <ele>2325.8029445962434</ele>
   </trkpt>
   <trkpt lat="43.82359" lon="-113.91602">
    <ele>2325.8029445962434</ele>
   </trkpt>
   <trkpt lat="43.82359" lon="-113.91611">
    <ele>2326.5517616639568</ele>
   </trkpt>
   <trkpt lat="43.823440000000005" lon="-113.91689000000001">
    <ele>2331.5155725403697</ele>
   </trkpt>
   <trkpt lat="43.82345" lon="-113.91709000000002">
    <ele>2333.1043757815983</ele>
   </trkpt>
   <trkpt lat="43.8235" lon="-113.91727000000002">
    <ele>2335.464858758714</ele>
   </trkpt>
   <trkpt lat="43.823600000000006" lon="-113.91745">
    <ele>2337.073386066368</ele>
   </trkpt>
   <trkpt lat="43.823780000000006" lon="-113.91751000000001">
    <ele>2339.02821995439</ele>
   </trkpt>
   <trkpt lat="43.82408" lon="-113.91745">
    <ele>2341.475403816157</ele>
   </trkpt>
   <trkpt lat="43.824560000000005" lon="-113.91727000000002">
    <ele>2345.7887564471694</ele>
   </trkpt>
   <trkpt lat="43.82462" lon="-113.91727000000002">
    <ele>2345.7887564471694</ele>
   </trkpt>
   <trkpt lat="43.82471" lon="-113.91729000000001">
    <ele>2346.9735031757255</ele>
   </trkpt>
   <trkpt lat="43.82482" lon="-113.91741">
    <ele>2347.468509629875</ele>
   </trkpt>
   <trkpt lat="43.82486" lon="-113.91759">
    <ele>2348.6146525417703</ele>
   </trkpt>
   <trkpt lat="43.824850000000005" lon="-113.91774000000001">
    <ele>2349.285570045769</ele>
   </trkpt>
   <trkpt lat="43.824630000000006" lon="-113.91831">
    <ele>2353.1636786616946</ele>
   </trkpt>
   <trkpt lat="43.82442" lon="-113.91875">
    <ele>2357.1515775615626</ele>
   </trkpt>
   <trkpt lat="43.82396000194935" lon="-113.91942000517392">
    <ele>2362.5793664641988</ele>
   </trkpt>
   <trkpt lat="43.8235" lon="-113.92009000000002">
    <ele>2368.275370860235</ele>
   </trkpt>
   <trkpt lat="43.82336" lon="-113.92032">
    <ele>2369.909692774193</ele>
   </trkpt>
   <trkpt lat="43.823220000000006" lon="-113.92073">
    <ele>2373.5643084101207</ele>
   </trkpt>
   <trkpt lat="43.823220000000006" lon="-113.92095">
    <ele>2374.86181390178</ele>
   </trkpt>
   <trkpt lat="43.82329" lon="-113.92117">
    <ele>2375.3414901874207</ele>
   </trkpt>
   <trkpt lat="43.82336" lon="-113.92127">
    <ele>2376.438182455388</ele>
   </trkpt>
   <trkpt lat="43.82349000000001" lon="-113.92136">
    <ele>2377.155130185492</ele>
   </trkpt>
   <trkpt lat="43.82376" lon="-113.92141000000001">
    <ele>2378.2555044757696</ele>
   </trkpt>
   <trkpt lat="43.82395" lon="-113.92139">
    <ele>2378.9619612665206</ele>
   </trkpt>
   <trkpt lat="43.824180000000005" lon="-113.92127">
    <ele>2379.7021152612597</ele>
   </trkpt>
   <trkpt lat="43.824723334657435" lon="-113.92088000710085">
    <ele>2379.5431874097767</ele>
   </trkpt>
   <trkpt lat="43.8252666679887" lon="-113.92049000710244">
    <ele>2378.0887622943364</ele>
   </trkpt>
   <trkpt lat="43.825810000000004" lon="-113.9201">
    <ele>2375.9731492476494</ele>
   </trkpt>
   <trkpt lat="43.826570000000004" lon="-113.9196">
    <ele>2373.106055914541</ele>
   </trkpt>
   <trkpt lat="43.82728" lon="-113.91917000000001">
    <ele>2372.2222684543467</ele>
   </trkpt>
   <trkpt lat="43.82784" lon="-113.91889">
    <ele>2373.0539029274096</ele>
   </trkpt>
   <trkpt lat="43.82862500014019" lon="-113.91866500298224">
    <ele>2374.1993645795683</ele>
   </trkpt>
   <trkpt lat="43.82941" lon="-113.91844">
    <ele>2373.692011452015</ele>
   </trkpt>
   <trkpt lat="43.82963" lon="-113.91826">
    <ele>2373.3836684989737</ele>
   </trkpt>
   <trkpt lat="43.82988" lon="-113.91799">
    <ele>2372.838607849158</ele>
   </trkpt>
   <trkpt lat="43.83014" lon="-113.91772">
    <ele>2372.0821885434366</ele>
   </trkpt>
   <trkpt lat="43.830690000000004" lon="-113.91728">
    <ele>2370.604944606448</ele>
   </trkpt>
   <trkpt lat="43.83117" lon="-113.91696">
    <ele>2371.5187078522654</ele>
   </trkpt>
   <trkpt lat="43.83170000078116" lon="-113.91655500354612">
    <ele>2373.7610886580246</ele>
   </trkpt>
   <trkpt lat="43.83223" lon="-113.91615000000002">
    <ele>2375.6948164871637</ele>
   </trkpt>
   <trkpt lat="43.83268500031009" lon="-113.91591500175586">
    <ele>2375.829301311043</ele>
   </trkpt>
   <trkpt lat="43.83314" lon="-113.91568000000001">
    <ele>2375.2532828703124</ele>
   </trkpt>
   <trkpt lat="43.83384333420668" lon="-113.91536000755175">
    <ele>2372.950814438517</ele>
   </trkpt>
   <trkpt lat="43.83454666752051" lon="-113.91504000756076">
    <ele>2370.8438616787653</ele>
   </trkpt>
   <trkpt lat="43.83525" lon="-113.91472">
    <ele>2367.957648025135</ele>
   </trkpt>
   <trkpt lat="43.83585000039411" lon="-113.91445500262571">
    <ele>2365.4132561037236</ele>
   </trkpt>
   <trkpt lat="43.836450000000006" lon="-113.91419">
    <ele>2363.1654368691957</ele>
   </trkpt>
   <trkpt lat="43.837140000000005" lon="-113.91400000000002">
    <ele>2361.1486981002</ele>
   </trkpt>
   <trkpt lat="43.83784666693531" lon="-113.91383667052715">
    <ele>2359.1044186712575</ele>
   </trkpt>
   <trkpt lat="43.83855333363802" lon="-113.91367333718554">
    <ele>2356.8392752897585</ele>
   </trkpt>
   <trkpt lat="43.83926" lon="-113.91351">
    <ele>2354.880774601685</ele>
   </trkpt>
   <trkpt lat="43.839800000000004" lon="-113.91334">
    <ele>2353.5830651796327</ele>
   </trkpt>
   <trkpt lat="43.84033" lon="-113.9132">
    <ele>2352.6367795590827</ele>
   </trkpt>
   <trkpt lat="43.84120600021227" lon="-113.913092006342">
    <ele>2350.679806083874</ele>
   </trkpt>
   <trkpt lat="43.84208200032285" lon="-113.91298400951264">
    <ele>2348.4280773335568</ele>
   </trkpt>
   <trkpt lat="43.842958000331706" lon="-113.91287600951173">
    <ele>2346.086657056855</ele>
   </trkpt>
   <trkpt lat="43.843834000238886" lon="-113.91276800633909">
    <ele>2343.3666514206725</ele>
   </trkpt>
   <trkpt lat="43.844710000000006" lon="-113.91266">
    <ele>2340.9518900107223</ele>
   </trkpt>
   <trkpt lat="43.84503" lon="-113.91268000000001">
    <ele>2340.2801134840165</ele>
   </trkpt>
   <trkpt lat="43.84539" lon="-113.9128">
    <ele>2339.595684306448</ele>
   </trkpt>
   <trkpt lat="43.845690000000005" lon="-113.91286000000001">
    <ele>2339.3567357255906</ele>
   </trkpt>
   <trkpt lat="43.846000000000004" lon="-113.91289">
    <ele>2338.961818240847</ele>
   </trkpt>
   <trkpt lat="43.84628" lon="-113.91289">
    <ele>2338.3853210492553</ele>
   </trkpt>
   <trkpt lat="43.84695000000001" lon="-113.9128">
    <ele>2336.775179098627</ele>
   </trkpt>
   <trkpt lat="43.84723" lon="-113.91266">
    <ele>2335.5457845902297</ele>
   </trkpt>
   <trkpt lat="43.847970000000004" lon="-113.91217">
    <ele>2332.4937371804635</ele>
   </trkpt>
   <trkpt lat="43.84841000068458" lon="-113.91177000296251">
    <ele>2330.1620259439997</ele>
   </trkpt>
   <trkpt lat="43.848850000000006" lon="-113.91137">
    <ele>2328.8971911187864</ele>
   </trkpt>
   <trkpt lat="43.84929000110089" lon="-113.91090500326315">
    <ele>2326.8974704881007</ele>
   </trkpt>
   <trkpt lat="43.84973" lon="-113.91044000000001">
    <ele>2325.7202379960886</ele>
   </trkpt>
   <trkpt lat="43.85017000122171" lon="-113.90992000378554">
    <ele>2324.214551894757</ele>
   </trkpt>
   <trkpt lat="43.85061" lon="-113.9094">
    <ele>2322.6201537467696</ele>
   </trkpt>
   <trkpt lat="43.851000000000006" lon="-113.90882">
    <ele>2320.8287927120173</ele>
   </trkpt>
   <trkpt lat="43.85155" lon="-113.90814">
    <ele>2317.898671048826</ele>
   </trkpt>
   <trkpt lat="43.851800000000004" lon="-113.90775000000001">
    <ele>2315.8859697974344</ele>
   </trkpt>
   <trkpt lat="43.85221000389522" lon="-113.90708000924326">
    <ele>2312.719573476359</ele>
   </trkpt>
   <trkpt lat="43.85262000387626" lon="-113.90641000927438">
    <ele>2309.5630608751835</ele>
   </trkpt>
   <trkpt lat="43.853030000000004" lon="-113.90574000000001">
    <ele>2306.573969126335</ele>
   </trkpt>
   <trkpt lat="43.8532" lon="-113.90555">
    <ele>2305.9116100475835</ele>
   </trkpt>
   <trkpt lat="43.853390000000005" lon="-113.90538000000001">
    <ele>2305.3091346419596</ele>
   </trkpt>
   <trkpt lat="43.853640000000006" lon="-113.90528">
    <ele>2304.494044216231</ele>
   </trkpt>
   <trkpt lat="43.85437" lon="-113.9051">
    <ele>2302.7304932478933</ele>
   </trkpt>
   <trkpt lat="43.85517333360616" lon="-113.90492000485193">
    <ele>2300.5051504176245</ele>
   </trkpt>
   <trkpt lat="43.855976666929806" lon="-113.90474000485418">
    <ele>2298.322478845517</ele>
   </trkpt>
   <trkpt lat="43.85678" lon="-113.90456">
    <ele>2296.2696009241076</ele>
   </trkpt>
   <trkpt lat="43.85758200051461" lon="-113.90439000914401">
    <ele>2294.2973632964363</ele>
   </trkpt>
   <trkpt lat="43.858384000777235" lon="-113.90422001371513">
    <ele>2292.349945355605</ele>
   </trkpt>
   <trkpt lat="43.85918600078787" lon="-113.90405001371315">
    <ele>2290.398486776067</ele>
   </trkpt>
   <trkpt lat="43.85998800054651" lon="-113.90388000913775">
    <ele>2288.536141959805</ele>
   </trkpt>
   <trkpt lat="43.86079" lon="-113.90371">
    <ele>2287.0068670621363</ele>
   </trkpt>
   <trkpt lat="43.86134000005236" lon="-113.90356500134803">
    <ele>2285.9762265637787</ele>
   </trkpt>
   <trkpt lat="43.86189" lon="-113.90342000000001">
    <ele>2285.130638928446</ele>
   </trkpt>
   <trkpt lat="43.862240004782166" lon="-113.90446499392799">
    <ele>2284.221868589601</ele>
   </trkpt>
   <trkpt lat="43.862590000000004" lon="-113.90551">
    <ele>2283.4650045884737</ele>
   </trkpt>
   <trkpt lat="43.862860000000005" lon="-113.90618">
    <ele>2282.776880434066</ele>
   </trkpt>
   <trkpt lat="43.86299" lon="-113.90645">
    <ele>2282.5572927241624</ele>
   </trkpt>
   <trkpt lat="43.8632900010829" lon="-113.90693999759314">
    <ele>2281.9943744358375</ele>
   </trkpt>
   <trkpt lat="43.86359" lon="-113.90743">
    <ele>2281.173709343736</ele>
   </trkpt>
   <trkpt lat="43.86412500253594" lon="-113.90820999282992">
    <ele>2280.06529818985</ele>
   </trkpt>
   <trkpt lat="43.86466" lon="-113.90899">
    <ele>2278.8149666294835</ele>
   </trkpt>
   <trkpt lat="43.86522500781103" lon="-113.90976247804227">
    <ele>2277.4845889358166</ele>
   </trkpt>
   <trkpt lat="43.86579001041865" lon="-113.91053497072795">
    <ele>2276.364012908581</ele>
   </trkpt>
   <trkpt lat="43.86635500782267" lon="-113.91130747805748">
    <ele>2275.583503100471</ele>
   </trkpt>
   <trkpt lat="43.86692" lon="-113.91208">
    <ele>2274.545853530506</ele>
   </trkpt>
   <trkpt lat="43.8675140121942" lon="-113.91291596668378">
    <ele>2273.385193439577</ele>
   </trkpt>
   <trkpt lat="43.868108018294485" lon="-113.91375195002934">
    <ele>2272.291984443631</ele>
   </trkpt>
   <trkpt lat="43.86870201830066" lon="-113.91458795003713">
    <ele>2271.15073786562</ele>
   </trkpt>
   <trkpt lat="43.86929601221244" lon="-113.91542396670775">
    <ele>2269.8964940126107</ele>
   </trkpt>
   <trkpt lat="43.869890000000005" lon="-113.91626000000001">
    <ele>2268.695264518872</ele>
   </trkpt>
   <trkpt lat="43.87047801253676" lon="-113.91710796652933">
    <ele>2267.556168432466</ele>
   </trkpt>
   <trkpt lat="43.87106601880339" lon="-113.91795594979062">
    <ele>2266.3377850886773</ele>
   </trkpt>
   <trkpt lat="43.871654018799646" lon="-113.91880394978436">
    <ele>2265.344644356486</ele>
   </trkpt>
   <trkpt lat="43.872242012525284" lon="-113.91965196651108">
    <ele>2264.539317800183</ele>
   </trkpt>
   <trkpt lat="43.87283" lon="-113.9205">
    <ele>2261.475053467922</ele>
   </trkpt>
   <trkpt lat="43.873185001301984" lon="-113.92103499689455">
    <ele>2260.119055225754</ele>
   </trkpt>
   <trkpt lat="43.873540000000006" lon="-113.92157">
    <ele>2260.427245121867</ele>
   </trkpt>
   <trkpt lat="43.87403500580171" lon="-113.92223498345228">
    <ele>2261.8302418796475</ele>
   </trkpt>
   <trkpt lat="43.87453000774736" lon="-113.92289997795186">
    <ele>2262.6033356168687</ele>
   </trkpt>
   <trkpt lat="43.87502500583688" lon="-113.92356498349906">
    <ele>2261.83306580322</ele>
   </trkpt>
   <trkpt lat="43.87552" lon="-113.92423000000001">
    <ele>2260.557374620819</ele>
   </trkpt>
   <trkpt lat="43.876035001403835" lon="-113.9247899951999">
    <ele>2259.206125798096</ele>
   </trkpt>
   <trkpt lat="43.87655" lon="-113.92535000000001">
    <ele>2257.8982960033654</ele>
   </trkpt>
   <trkpt lat="43.87717000133087" lon="-113.9259249939145">
    <ele>2256.4307004553716</ele>
   </trkpt>
   <trkpt lat="43.877790000000005" lon="-113.9265">
    <ele>2255.0078644195632</ele>
   </trkpt>
   <trkpt lat="43.87836" lon="-113.92712000000002">
    <ele>2253.5808292462707</ele>
   </trkpt>
   <trkpt lat="43.87881666932419" lon="-113.9276733248365">
    <ele>2252.514216577335</ele>
   </trkpt>
   <trkpt lat="43.87927333597856" lon="-113.92822665815481">
    <ele>2251.616088557217</ele>
   </trkpt>
   <trkpt lat="43.87973" lon="-113.92878">
    <ele>2250.9665812225976</ele>
   </trkpt>
   <trkpt lat="43.880270003908976" lon="-113.92945332107246">
    <ele>2250.641555102067</ele>
   </trkpt>
   <trkpt lat="43.88081000386458" lon="-113.93012665435025">
    <ele>2250.7729554625203</ele>
   </trkpt>
   <trkpt lat="43.881350000000005" lon="-113.9308">
    <ele>2250.42529293812</ele>
   </trkpt>
   <trkpt lat="43.8817650013615" lon="-113.9313799958128">
    <ele>2249.54461817433</ele>
   </trkpt>
   <trkpt lat="43.882180000000005" lon="-113.93196">
    <ele>2248.1358929557164</ele>
   </trkpt>
   <trkpt lat="43.88273500170876" lon="-113.93258499418384">
    <ele>2246.8404516960454</ele>
   </trkpt>
   <trkpt lat="43.88329" lon="-113.93321">
    <ele>2245.7904887693676</ele>
   </trkpt>
   <trkpt lat="43.8836" lon="-113.93362">
    <ele>2244.9945358736527</ele>
   </trkpt>
   <trkpt lat="43.883840000000006" lon="-113.93406">
    <ele>2244.5222702076107</ele>
   </trkpt>
   <trkpt lat="43.884080000000004" lon="-113.93464000000002">
    <ele>2244.0813093017928</ele>
   </trkpt>
   <trkpt lat="43.884510000000006" lon="-113.93554">
    <ele>2243.1968156056323</ele>
   </trkpt>
   <trkpt lat="43.88496000000001" lon="-113.93661000000002">
    <ele>2242.7013551524483</ele>
   </trkpt>
   <trkpt lat="43.88523000000001" lon="-113.93715">
    <ele>2242.4644437783386</ele>
   </trkpt>
   <trkpt lat="43.885650000000005" lon="-113.93814">
    <ele>2241.6814618083436</ele>
   </trkpt>
   <trkpt lat="43.88599000000001" lon="-113.9389">
    <ele>2240.931667218498</ele>
   </trkpt>
   <trkpt lat="43.88626" lon="-113.93959000000001">
    <ele>2240.1009692140983</ele>
   </trkpt>
   <trkpt lat="43.88662000518355" lon="-113.94067999342272">
    <ele>2239.0789665583875</ele>
   </trkpt>
   <trkpt lat="43.88698" lon="-113.94177">
    <ele>2238.3377239350452</ele>
   </trkpt>
   <trkpt lat="43.887240004883495" lon="-113.94251999339048">
    <ele>2237.821008944476</ele>
   </trkpt>
   <trkpt lat="43.887500004861984" lon="-113.94326999332834">
    <ele>2237.1183250468493</ele>
   </trkpt>
   <trkpt lat="43.88776" lon="-113.94402000000001">
    <ele>2236.316602411039</ele>
   </trkpt>
   <trkpt lat="43.88812000454293" lon="-113.94503999385431">
    <ele>2235.494584014595</ele>
   </trkpt>
   <trkpt lat="43.88848" lon="-113.94606">
    <ele>2234.6807126514527</ele>
   </trkpt>
   <trkpt lat="43.88879000312069" lon="-113.94690999549535">
    <ele>2234.1271091860635</ele>
   </trkpt>
   <trkpt lat="43.889100000000006" lon="-113.94776">
    <ele>2233.7119083635025</ele>
   </trkpt>
   <trkpt lat="43.88932500194922" lon="-113.94841499775458">
    <ele>2233.5513556815877</ele>
   </trkpt>
   <trkpt lat="43.88955000000001" lon="-113.94907">
    <ele>2233.0839425591303</ele>
   </trkpt>
   <trkpt lat="43.890040000000006" lon="-113.95009">
    <ele>2231.604980549746</ele>
   </trkpt>
   <trkpt lat="43.89040000000001" lon="-113.95076">
    <ele>2230.63304634933</ele>
   </trkpt>
   <trkpt lat="43.8905" lon="-113.95102000000001">
    <ele>2230.392721840454</ele>
   </trkpt>
   <trkpt lat="43.890510000000006" lon="-113.95104">
    <ele>2230.392721840454</ele>
   </trkpt>
   <trkpt lat="43.89059" lon="-113.95127000000001">
    <ele>2230.193176678533</ele>
   </trkpt>
   <trkpt lat="43.89088" lon="-113.95233">
    <ele>2229.561096361957</ele>
   </trkpt>
   <trkpt lat="43.890980000000006" lon="-113.95284000000001">
    <ele>2229.341038673165</ele>
   </trkpt>
   <trkpt lat="43.891020000000005" lon="-113.95349000000002">
    <ele>2229.055029192634</ele>
   </trkpt>
   <trkpt lat="43.890996673017526" lon="-113.95434333396337">
    <ele>2228.582417540646</ele>
   </trkpt>
   <trkpt lat="43.89097333968524" lon="-113.95519666725819">
    <ele>2227.777323594844</ele>
   </trkpt>
   <trkpt lat="43.890950000000004" lon="-113.95605">
    <ele>2226.487282396464</ele>
   </trkpt>
   <trkpt lat="43.89094000349179" lon="-113.95694500021406">
    <ele>2225.8942446238934</ele>
   </trkpt>
   <trkpt lat="43.890930000000004" lon="-113.95784">
    <ele>2225.8400898620716</ele>
   </trkpt>
   <trkpt lat="43.89097500444733" lon="-113.95884999922859">
    <ele>2225.8760037513484</ele>
   </trkpt>
   <trkpt lat="43.891020000000005" lon="-113.95986">
    <ele>2224.2098740455126</ele>
   </trkpt>
   <trkpt lat="43.89110001214296" lon="-113.96103999684605">
    <ele>2222.423414194256</ele>
   </trkpt>
   <trkpt lat="43.89118001214409" lon="-113.96221999686236">
    <ele>2221.182699171285</ele>
   </trkpt>
   <trkpt lat="43.89126" lon="-113.96340000000001">
    <ele>2220.785326728351</ele>
   </trkpt>
   <trkpt lat="43.89132" lon="-113.9637">
    <ele>2220.682483249774</ele>
   </trkpt>
   <trkpt lat="43.89146" lon="-113.96411">
    <ele>2220.476363813461</ele>
   </trkpt>
   <trkpt lat="43.89171" lon="-113.96455">
    <ele>2220.027224767576</ele>
   </trkpt>
   <trkpt lat="43.89217" lon="-113.96527">
    <ele>2219.329163814082</ele>
   </trkpt>
   <trkpt lat="43.89247" lon="-113.96581">
    <ele>2218.9959819956707</ele>
   </trkpt>
   <trkpt lat="43.89253" lon="-113.96599">
    <ele>2218.796003667144</ele>
   </trkpt>
   <trkpt lat="43.892540000000004" lon="-113.96612">
    <ele>2218.572338585078</ele>
   </trkpt>
   <trkpt lat="43.89253" lon="-113.96679">
    <ele>2218.1604970395956</ele>
   </trkpt>
   <trkpt lat="43.892450000000004" lon="-113.96787">
    <ele>2216.857780211035</ele>
   </trkpt>
   <trkpt lat="43.89246000000001" lon="-113.96806000000001">
    <ele>2216.771503175937</ele>
   </trkpt>
   <trkpt lat="43.892480000000006" lon="-113.96822">
    <ele>2216.851465150999</ele>
   </trkpt>
   <trkpt lat="43.89274" lon="-113.96916">
    <ele>2216.7375782466293</ele>
   </trkpt>
   <trkpt lat="43.8928" lon="-113.96948">
    <ele>2216.608094661662</ele>
   </trkpt>
   <trkpt lat="43.89289" lon="-113.97025000000001">
    <ele>2216.2523094097187</ele>
   </trkpt>
   <trkpt lat="43.89297001010872" lon="-113.9713266637773">
    <ele>2215.1006985135264</ele>
   </trkpt>
   <trkpt lat="43.89305001010899" lon="-113.97240333044743">
    <ele>2214.7669442396696</ele>
   </trkpt>
   <trkpt lat="43.893130000000006" lon="-113.97348000000001">
    <ele>2214.3029802288906</ele>
   </trkpt>
   <trkpt lat="43.89318500517867" lon="-113.97456999896286">
    <ele>2213.9117550112037</ele>
   </trkpt>
   <trkpt lat="43.893240000000006" lon="-113.97566">
    <ele>2214.1259823596324</ele>
   </trkpt>
   <trkpt lat="43.893330000000006" lon="-113.97661000000001">
    <ele>2214.0396879314967</ele>
   </trkpt>
   <trkpt lat="43.893400016407405" lon="-113.97772999604416">
    <ele>2212.5987003962073</ele>
   </trkpt>
   <trkpt lat="43.89347002187631" lon="-113.97884999472168">
    <ele>2210.7385881649807</ele>
   </trkpt>
   <trkpt lat="43.89354001640667" lon="-113.97996999603217">
    <ele>2209.9462492760526</ele>
   </trkpt>
   <trkpt lat="43.89361" lon="-113.98109000000001">
    <ele>2209.7117981767537</ele>
   </trkpt>
   <trkpt lat="43.89372" lon="-113.98207000000001">
    <ele>2208.460264443485</ele>
   </trkpt>
   <trkpt lat="43.893765003451506" lon="-113.98295999928581">
    <ele>2207.214586934198</ele>
   </trkpt>
   <trkpt lat="43.89381" lon="-113.98385">
    <ele>2206.4811601544993</ele>
   </trkpt>
   <trkpt lat="43.89387000000001" lon="-113.98443">
    <ele>2206.4031487962</ele>
   </trkpt>
   <trkpt lat="43.893930000000005" lon="-113.98528">
    <ele>2205.960952003302</ele>
   </trkpt>
   <trkpt lat="43.894040000000004" lon="-113.98568000000002">
    <ele>2205.841724369619</ele>
   </trkpt>
   <trkpt lat="43.894290000000005" lon="-113.98631">
    <ele>2205.724388555406</ele>
   </trkpt>
   <trkpt lat="43.89452000000001" lon="-113.98700000000001">
    <ele>2205.261471254463</ele>
   </trkpt>
   <trkpt lat="43.89486" lon="-113.9881">
    <ele>2203.9937154589925</ele>
   </trkpt>
   <trkpt lat="43.89503500411189" lon="-113.98906999720207">
    <ele>2201.649940788673</ele>
   </trkpt>
   <trkpt lat="43.895210000000006" lon="-113.99004000000001">
    <ele>2200.1059176252534</ele>
   </trkpt>
   <trkpt lat="43.89526" lon="-113.99043">
    <ele>2199.8208436586324</ele>
   </trkpt>
   <trkpt lat="43.89533" lon="-113.9907">
    <ele>2199.5481798573255</ele>
   </trkpt>
   <trkpt lat="43.895810000000004" lon="-113.9916">
    <ele>2198.710047417216</ele>
   </trkpt>
   <trkpt lat="43.89616000237592" lon="-113.99233999562587">
    <ele>2198.046759429295</ele>
   </trkpt>
   <trkpt lat="43.896510000000006" lon="-113.99308">
    <ele>2197.3004432902258</ele>
   </trkpt>
   <trkpt lat="43.896640000000005" lon="-113.99331000000001">
    <ele>2197.1267752473955</ele>
   </trkpt>
   <trkpt lat="43.89687000000001" lon="-113.99392">
    <ele>2196.846409059357</ele>
   </trkpt>
   <trkpt lat="43.897090000000006" lon="-113.99482">
    <ele>2196.4174534391814</ele>
   </trkpt>
   <trkpt lat="43.89712" lon="-113.99509">
    <ele>2196.309274744489</ele>
   </trkpt>
   <trkpt lat="43.897270000000006" lon="-113.99567">
    <ele>2196.128243833426</ele>
   </trkpt>
   <trkpt lat="43.89734000000001" lon="-113.99607">
    <ele>2195.912748529019</ele>
   </trkpt>
   <trkpt lat="43.897420000000004" lon="-113.99701">
    <ele>2196.013843513154</ele>
   </trkpt>
   <trkpt lat="43.897420000000004" lon="-113.99742">
    <ele>2195.9729825852914</ele>
   </trkpt>
   <trkpt lat="43.89746" lon="-113.99770000000001">
    <ele>2195.621026425783</ele>
   </trkpt>
   <trkpt lat="43.897580000000005" lon="-113.99804">
    <ele>2195.3478153300216</ele>
   </trkpt>
   <trkpt lat="43.89777" lon="-113.9984">
    <ele>2194.705270284753</ele>
   </trkpt>
   <trkpt lat="43.89786" lon="-113.9988">
    <ele>2194.179533690858</ele>
   </trkpt>
   <trkpt lat="43.89793" lon="-113.99956">
    <ele>2191.9835632994277</ele>
   </trkpt>
   <trkpt lat="43.89797000284063" lon="-114.00036499976461">
    <ele>2190.0367903865917</ele>
   </trkpt>
   <trkpt lat="43.898010000000006" lon="-114.00117000000002">
    <ele>2188.997973126484</ele>
   </trkpt>
   <trkpt lat="43.8980850051013" lon="-114.00224999886538">
    <ele>2189.106923704158</ele>
   </trkpt>
   <trkpt lat="43.898160000000004" lon="-114.00333">
    <ele>2190.698170393677</ele>
   </trkpt>
   <trkpt lat="43.89820000210159" lon="-114.00402499945586">
    <ele>2191.2791246942825</ele>
   </trkpt>
   <trkpt lat="43.89824" lon="-114.00472">
    <ele>2191.621895162664</ele>
   </trkpt>
   <trkpt lat="43.898255003296775" lon="-114.00558999958447">
    <ele>2191.2495125463133</ele>
   </trkpt>
   <trkpt lat="43.898270000000004" lon="-114.00646">
    <ele>2190.5905917923324</ele>
   </trkpt>
   <trkpt lat="43.89815000531735" lon="-114.00756500228637">
    <ele>2189.6887450107893</ele>
   </trkpt>
   <trkpt lat="43.898030000000006" lon="-114.00867000000001">
    <ele>2188.7505881199872</ele>
   </trkpt>
   <trkpt lat="43.8978000051327" lon="-114.0097600044356">
    <ele>2187.9095035700398</ele>
   </trkpt>
   <trkpt lat="43.89757" lon="-114.01085">
    <ele>2188.0547583959096</ele>
   </trkpt>
   <trkpt lat="43.8973" lon="-114.01174">
    <ele>2188.551997063532</ele>
   </trkpt>
   <trkpt lat="43.8973" lon="-114.01246">
    <ele>2188.504377559693</ele>
   </trkpt>
   <trkpt lat="43.897180000000006" lon="-114.01326">
    <ele>2187.6721319393205</ele>
   </trkpt>
   <trkpt lat="43.89703" lon="-114.0138">
    <ele>2187.3687552550214</ele>
   </trkpt>
   <trkpt lat="43.89662000467497" lon="-114.01483000696801">
    <ele>2186.858865587826</ele>
   </trkpt>
   <trkpt lat="43.89621" lon="-114.01586">
    <ele>2187.867634314988</ele>
   </trkpt>
   <trkpt lat="43.895970000000005" lon="-114.01657000000002">
    <ele>2189.349750182736</ele>
   </trkpt>
   <trkpt lat="43.89582" lon="-114.01684000000002">
    <ele>2190.071593920131</ele>
   </trkpt>
   <trkpt lat="43.89569" lon="-114.01716">
    <ele>2190.414241635531</ele>
   </trkpt>
   <trkpt lat="43.895450000000004" lon="-114.01823">
    <ele>2191.2805188038133</ele>
   </trkpt>
   <trkpt lat="43.89535" lon="-114.01905000000001">
    <ele>2190.5904541764967</ele>
   </trkpt>
   <trkpt lat="43.89529" lon="-114.0194">
    <ele>2190.533311645863</ele>
   </trkpt>
   <trkpt lat="43.895070000000004" lon="-114.02003">
    <ele>2190.345690384018</ele>
   </trkpt>
   <trkpt lat="43.894763343934166" lon="-114.02113334474969">
    <ele>2191.2788374374377</ele>
   </trkpt>
   <trkpt lat="43.89445667725277" lon="-114.02223667813578">
    <ele>2191.0952250594037</ele>
   </trkpt>
   <trkpt lat="43.89415" lon="-114.02334">
    <ele>2189.8411717633066</ele>
   </trkpt>
   <trkpt lat="43.89392" lon="-114.02438000000001">
    <ele>2188.991342471317</ele>
   </trkpt>
   <trkpt lat="43.89388" lon="-114.02469">
    <ele>2188.888945042391</ele>
   </trkpt>
   <trkpt lat="43.89383" lon="-114.02589">
    <ele>2189.095163260876</ele>
   </trkpt>
   <trkpt lat="43.89375500286664" lon="-114.02670000095542">
    <ele>2188.9808740073704</ele>
   </trkpt>
   <trkpt lat="43.89368" lon="-114.02751">
    <ele>2187.4201457981558</ele>
   </trkpt>
   <trkpt lat="43.89368" lon="-114.02808">
    <ele>2186.015427557584</ele>
   </trkpt>
   <trkpt lat="43.89365" lon="-114.02912">
    <ele>2183.6134058221983</ele>
   </trkpt>
   <trkpt lat="43.89369000000001" lon="-114.02996">
    <ele>2182.6992535869576</ele>
   </trkpt>
   <trkpt lat="43.89366500285701" lon="-114.03077000045747">
    <ele>2181.113378905713</ele>
   </trkpt>
   <trkpt lat="43.893640000000005" lon="-114.03158">
    <ele>2178.685811148947</ele>
   </trkpt>
   <trkpt lat="43.89355001241709" lon="-114.03277333695073">
    <ele>2174.8708299741206</ele>
   </trkpt>
   <trkpt lat="43.893460012416256" lon="-114.0339666702948">
    <ele>2172.4148347614027</ele>
   </trkpt>
   <trkpt lat="43.893370000000004" lon="-114.03516">
    <ele>2171.1096229946534</ele>
   </trkpt>
   <trkpt lat="43.8932833400915" lon="-114.03604000250759">
    <ele>2170.716730587192</ele>
   </trkpt>
   <trkpt lat="43.89319667343011" lon="-114.03692000245397">
    <ele>2171.334544452052</ele>
   </trkpt>
   <trkpt lat="43.89311" lon="-114.0378">
    <ele>2172.5200205204865</ele>
   </trkpt>
   <trkpt lat="43.89303334130715" lon="-114.03875666921647">
    <ele>2172.2048692177023</ele>
   </trkpt>
   <trkpt lat="43.892956674633524" lon="-114.03971333596992">
    <ele>2170.693835411181</ele>
   </trkpt>
   <trkpt lat="43.892880000000005" lon="-114.04067">
    <ele>2169.120865882058</ele>
   </trkpt>
   <trkpt lat="43.8927966729676" lon="-114.04152000237224">
    <ele>2168.9573198683884</ele>
   </trkpt>
   <trkpt lat="43.8927133396349" lon="-114.04237000236577">
    <ele>2169.524176539475</ele>
   </trkpt>
   <trkpt lat="43.892630000000004" lon="-114.04322">
    <ele>2170.4860938327224</ele>
   </trkpt>
   <trkpt lat="43.892630001986554" lon="-114.04389500005806">
    <ele>2171.495634771261</ele>
   </trkpt>
   <trkpt lat="43.892630000000004" lon="-114.04457000000001">
    <ele>2172.5084058038988</ele>
   </trkpt>
   <trkpt lat="43.892720000000004" lon="-114.04528">
    <ele>2173.185331309795</ele>
   </trkpt>
   <trkpt lat="43.89290000791342" lon="-114.04623332750785">
    <ele>2174.0010342686014</ele>
   </trkpt>
   <trkpt lat="43.893080007901624" lon="-114.04718666077868">
    <ele>2173.1874028753164</ele>
   </trkpt>
   <trkpt lat="43.893260000000005" lon="-114.04814">
    <ele>2171.515689118903</ele>
   </trkpt>
   <trkpt lat="43.89331000171878" lon="-114.04876499967064">
    <ele>2170.871632822654</ele>
   </trkpt>
   <trkpt lat="43.89336" lon="-114.04939">
    <ele>2171.0845114476156</ele>
   </trkpt>
   <trkpt lat="43.893385004672" lon="-114.0504249996228">
    <ele>2172.928159766185</ele>
   </trkpt>
   <trkpt lat="43.89341" lon="-114.05146">
    <ele>2173.598588899703</ele>
   </trkpt>
   <trkpt lat="43.893456678201" lon="-114.05260999824571">
    <ele>2173.1278153682088</ele>
   </trkpt>
   <trkpt lat="43.893503344869636" lon="-114.05375999829398">
    <ele>2172.2063205592735</ele>
   </trkpt>
   <trkpt lat="43.893550000000005" lon="-114.05491">
    <ele>2171.739848724083</ele>
   </trkpt>
   <trkpt lat="43.893565002419486" lon="-114.0556549997894">
    <ele>2171.806036170812</ele>
   </trkpt>
   <trkpt lat="43.89358" lon="-114.05640000000001">
    <ele>2172.1877940292593</ele>
   </trkpt>
   <trkpt lat="43.89363000627516" lon="-114.05759999891221">
    <ele>2171.9653377216096</ele>
   </trkpt>
   <trkpt lat="43.89368" lon="-114.0588">
    <ele>2170.737684327186</ele>
   </trkpt>
   <trkpt lat="43.893710008722074" lon="-114.05979999905705">
    <ele>2169.21384202984</ele>
   </trkpt>
   <trkpt lat="43.893740008724016" lon="-114.06079999912178">
    <ele>2167.8872778081286</ele>
   </trkpt>
   <trkpt lat="43.89377" lon="-114.0618">
    <ele>2166.8836891182345</ele>
   </trkpt>
   <trkpt lat="43.89381500542043" lon="-114.06291499915437">
    <ele>2166.9729041825067</ele>
   </trkpt>
   <trkpt lat="43.893860000000004" lon="-114.06403">
    <ele>2166.0885826287686</ele>
   </trkpt>
   <trkpt lat="43.893880002686814" lon="-114.06481499973742">
    <ele>2164.862238804756</ele>
   </trkpt>
   <trkpt lat="43.8939" lon="-114.0656">
    <ele>2162.5090735542335</ele>
   </trkpt>
   <trkpt lat="43.89394000208817" lon="-114.06629499922303">
    <ele>2160.843635490244</ele>
   </trkpt>
   <trkpt lat="43.893980000000006" lon="-114.06699">
    <ele>2158.977934118748</ele>
   </trkpt>
   <trkpt lat="43.89414" lon="-114.06806">
    <ele>2155.7870022186416</ele>
   </trkpt>
   <trkpt lat="43.894352512225275" lon="-114.0690274895584">
    <ele>2153.6883144543226</ele>
   </trkpt>
   <trkpt lat="43.894565016288105" lon="-114.0699949860218">
    <ele>2153.388682067202</ele>
   </trkpt>
   <trkpt lat="43.894777512188384" lon="-114.07096248939008">
    <ele>2152.845282043462</ele>
   </trkpt>
   <trkpt lat="43.89499000000001" lon="-114.07193000000001">
    <ele>2153.016500737246</ele>
   </trkpt>
   <trkpt lat="43.895140000000005" lon="-114.07312">
    <ele>2154.030529348463</ele>
   </trkpt>
   <trkpt lat="43.895410000000005" lon="-114.07415">
    <ele>2155.2985298090016</ele>
   </trkpt>
   <trkpt lat="43.895480000000006" lon="-114.07451">
    <ele>2155.2885968840783</ele>
   </trkpt>
   <trkpt lat="43.89586000445317" lon="-114.07551999356927">
    <ele>2155.7254643468677</ele>
   </trkpt>
   <trkpt lat="43.896240000000006" lon="-114.07653">
    <ele>2156.681162456402</ele>
   </trkpt>
   <trkpt lat="43.89631000000001" lon="-114.0768">
    <ele>2156.9001812334595</ele>
   </trkpt>
   <trkpt lat="43.89643" lon="-114.07707">
    <ele>2157.0273619017635</ele>
   </trkpt>
   <trkpt lat="43.89659" lon="-114.0776">
    <ele>2157.018858022865</ele>
   </trkpt>
   <trkpt lat="43.896880001214434" lon="-114.07811999753109">
    <ele>2156.567219216795</ele>
   </trkpt>
   <trkpt lat="43.89717" lon="-114.07864000000001">
    <ele>2156.0565698937708</ele>
   </trkpt>
   <trkpt lat="43.89753000096633" lon="-114.07913499686703">
    <ele>2155.543486959024</ele>
   </trkpt>
   <trkpt lat="43.897890000000004" lon="-114.07963000000001">
    <ele>2154.882390315876</ele>
   </trkpt>
   <trkpt lat="43.89833000148236" lon="-114.08020499580424">
    <ele>2154.0423895786867</ele>
   </trkpt>
   <trkpt lat="43.898770000000006" lon="-114.08078">
    <ele>2153.644534286398</ele>
   </trkpt>
   <trkpt lat="43.899" lon="-114.08115000000001">
    <ele>2153.444119578324</ele>
   </trkpt>
   <trkpt lat="43.899190000000004" lon="-114.08159">
    <ele>2153.079312121443</ele>
   </trkpt>
   <trkpt lat="43.89932" lon="-114.08217">
    <ele>2152.6052524741935</ele>
   </trkpt>
   <trkpt lat="43.899420006555125" lon="-114.08303666380138">
    <ele>2151.704247982446</ele>
   </trkpt>
   <trkpt lat="43.89952000656045" lon="-114.08390333051403">
    <ele>2151.1367939066336</ele>
   </trkpt>
   <trkpt lat="43.899620000000006" lon="-114.08477">
    <ele>2150.44464001063</ele>
   </trkpt>
   <trkpt lat="43.89974" lon="-114.08558000000001">
    <ele>2149.9222518523443</ele>
   </trkpt>
   <trkpt lat="43.899860000000004" lon="-114.08669">
    <ele>2149.784910554173</ele>
   </trkpt>
   <trkpt lat="43.899820000000005" lon="-114.08767">
    <ele>2150.5828614070897</ele>
   </trkpt>
   <trkpt lat="43.89975000843609" lon="-114.08865333558772">
    <ele>2151.296375447603</ele>
   </trkpt>
   <trkpt lat="43.89968000844019" lon="-114.08963666886338">
    <ele>2151.9447816431602</ele>
   </trkpt>
   <trkpt lat="43.89961" lon="-114.09062000000002">
    <ele>2152.38774300683</ele>
   </trkpt>
   <trkpt lat="43.89955000169118" lon="-114.09125000104802">
    <ele>2152.303768386292</ele>
   </trkpt>
   <trkpt lat="43.89949" lon="-114.09188">
    <ele>2151.9052220711687</ele>
   </trkpt>
   <trkpt lat="43.89940000000001" lon="-114.09305">
    <ele>2151.318716742627</ele>
   </trkpt>
   <trkpt lat="43.89932000228383" lon="-114.09378000134285">
    <ele>2150.1214168346332</ele>
   </trkpt>
   <trkpt lat="43.899240000000006" lon="-114.09451000000001">
    <ele>2148.2071452800647</ele>
   </trkpt>
   <trkpt lat="43.89918" lon="-114.09493">
    <ele>2146.6989718165955</ele>
   </trkpt>
   <trkpt lat="43.89911" lon="-114.0952">
    <ele>2144.4432284628606</ele>
   </trkpt>
   <trkpt lat="43.89884000000001" lon="-114.09609">
    <ele>2138.3024757226653</ele>
   </trkpt>
   <trkpt lat="43.898810000000005" lon="-114.09649">
    <ele>2136.7610745768293</ele>
   </trkpt>
   <trkpt lat="43.89887" lon="-114.09736000000001">
    <ele>2135.267119099002</ele>
   </trkpt>
   <trkpt lat="43.898880000000005" lon="-114.09798">
    <ele>2136.389135531837</ele>
   </trkpt>
   <trkpt lat="43.898830000000004" lon="-114.09816000000001">
    <ele>2138.1181369601622</ele>
   </trkpt>
   <trkpt lat="43.898790000000005" lon="-114.09847">
    <ele>2139.479800153872</ele>
   </trkpt>
   <trkpt lat="43.8988" lon="-114.09887">
    <ele>2140.2059616262068</ele>
   </trkpt>
   <trkpt lat="43.898860000000006" lon="-114.09941">
    <ele>2142.832296522354</ele>
   </trkpt>
   <trkpt lat="43.899080000000005" lon="-114.10057">
    <ele>2146.340810591285</ele>
   </trkpt>
   <trkpt lat="43.89905" lon="-114.10085000000001">
    <ele>2148.1013203262396</ele>
   </trkpt>
   <trkpt lat="43.899350000000005" lon="-114.10101">
    <ele>2148.896216189002</ele>
   </trkpt>
   <trkpt lat="43.900040000000004" lon="-114.10146">
    <ele>2153.0487179537527</ele>
   </trkpt>
   <trkpt lat="43.900310000000005" lon="-114.10178">
    <ele>2154.01523053914</ele>
   </trkpt>
   <trkpt lat="43.90046" lon="-114.102">
    <ele>2154.6341960405293</ele>
   </trkpt>
   <trkpt lat="43.90053" lon="-114.10218">
    <ele>2154.6341960405293</ele>
   </trkpt>
   <trkpt lat="43.90064" lon="-114.10236">
    <ele>2155.139852046401</ele>
   </trkpt>
   <trkpt lat="43.90095500068661" lon="-114.10264249700231">
    <ele>2156.3406219805665</ele>
   </trkpt>
   <trkpt lat="43.90127000137322" lon="-114.10292499400461">
    <ele>2158.5323345352817</ele>
   </trkpt>
   <trkpt lat="43.90195926520651" lon="-114.10340193232284">
    <ele>2159.2107790862738</ele>
   </trkpt>
   <trkpt lat="43.90199366589762" lon="-114.10329071373982">
    <ele>2159.2107790862738</ele>
   </trkpt>
   <trkpt lat="43.90208122924491" lon="-114.10286573904347">
    <ele>2158.300767448046</ele>
   </trkpt>
   <trkpt lat="43.902382630783855" lon="-114.1019110547374">
    <ele>2154.1900920089493</ele>
   </trkpt>
   <trkpt lat="43.90251543916369" lon="-114.10159332707896">
    <ele>2152.5380168168886</ele>
   </trkpt>
   <trkpt lat="43.90272249063895" lon="-114.10118798948433">
    <ele>2151.987900412972</ele>
   </trkpt>
   <trkpt lat="43.90281086080945" lon="-114.1009410473585">
    <ele>2151.534938113498</ele>
   </trkpt>
   <trkpt lat="43.90291891156187" lon="-114.10052084507889">
    <ele>2151.0351375442942</ele>
   </trkpt>
   <trkpt lat="43.90302292009915" lon="-114.10026086488395">
    <ele>2150.499365348759</ele>
   </trkpt>
   <trkpt lat="43.90316952505007" lon="-114.09996910717098">
    <ele>2149.3594915673193</ele>
   </trkpt>
   <trkpt lat="43.90356012211585" lon="-114.09886237995411">
    <ele>2146.6733482440004</ele>
   </trkpt>
   <trkpt lat="43.90379323352497" lon="-114.09813878582851">
    <ele>2145.0289083341527</ele>
   </trkpt>
   <trkpt lat="43.90385276433682" lon="-114.09793176762176">
    <ele>2144.0092768305162</ele>
   </trkpt>
   <trkpt lat="43.903946618541546" lon="-114.09774989198021">
    <ele>2143.5375173954303</ele>
   </trkpt>
   <trkpt lat="43.90415211505717" lon="-114.09742858747838">
    <ele>2143.1601149607422</ele>
   </trkpt>
   <trkpt lat="43.904242075714976" lon="-114.09737364183515">
    <ele>2142.9803466716758</ele>
   </trkpt>
   <trkpt lat="43.90439058313033" lon="-114.09732193785041">
    <ele>2142.9803466716758</ele>
   </trkpt>
   <trkpt lat="43.90446507145923" lon="-114.09724969705883">
    <ele>2141.159255153941</ele>
   </trkpt>
   <trkpt lat="43.90464101643197" lon="-114.09702261728842">
    <ele>2141.948767948732</ele>
   </trkpt>
   <trkpt lat="43.90480228105352" lon="-114.09694679794069">
    <ele>2142.6902865035013</ele>
   </trkpt>
   <trkpt lat="43.904986162814446" lon="-114.09692650121494">
    <ele>2143.330935075807</ele>
   </trkpt>
   <trkpt lat="43.905321219136034" lon="-114.09688359084356">
    <ele>2145.51136494537</ele>
   </trkpt>
   <trkpt lat="43.905686275220035" lon="-114.09680292936275">
    <ele>2146.1977083968636</ele>
   </trkpt>
   <trkpt lat="43.90577537400318" lon="-114.09675325003825">
    <ele>2147.9889942512955</ele>
   </trkpt>
   <trkpt lat="43.905999350395774" lon="-114.09653736261559">
    <ele>2149.439003315444</ele>
   </trkpt>
   <trkpt lat="43.9061205500568" lon="-114.09647047455921">
    <ele>2149.7129775873555</ele>
   </trkpt>
   <trkpt lat="43.90652761765459" lon="-114.09640631505931">
    <ele>2149.4674914066763</ele>
   </trkpt>
   <trkpt lat="43.90680264809058" lon="-114.0963860673845">
    <ele>2148.4755170412454</ele>
   </trkpt>
   <trkpt lat="43.9069085489168" lon="-114.09641823867005">
    <ele>2148.3317409785454</ele>
   </trkpt>
   <trkpt lat="43.9069831578776" lon="-114.09646212868626">
    <ele>2147.8208270854284</ele>
   </trkpt>
   <trkpt lat="43.907057980384806" lon="-114.09650538741813">
    <ele>2147.5112037581703</ele>
   </trkpt>
   <trkpt lat="43.907132931619735" lon="-114.09654754502294">
    <ele>2146.9932974088674</ele>
   </trkpt>
   <trkpt lat="43.9071945625408" lon="-114.0965578215644">
    <ele>2146.9932974088674</ele>
   </trkpt>
   <trkpt lat="43.90725638630344" lon="-114.0965572979881">
    <ele>2146.523833284432</ele>
   </trkpt>
   <trkpt lat="43.907323054757924" lon="-114.0965545473028">
    <ele>2146.523833284432</ele>
   </trkpt>
   <trkpt lat="43.9073885618407" lon="-114.09655942612459">
    <ele>2146.523833284432</ele>
   </trkpt>
   <trkpt lat="43.90745514785778" lon="-114.09655019118166">
    <ele>2146.088268910131</ele>
   </trkpt>
   <trkpt lat="43.907541183343604" lon="-114.09650806916342">
    <ele>2146.088268910131</ele>
   </trkpt>
   <trkpt lat="43.907606947218234" lon="-114.09643142536494">
    <ele>2145.679385967623</ele>
   </trkpt>
   <trkpt lat="43.907707104729106" lon="-114.09619332652984">
    <ele>2144.5288986740434</ele>
   </trkpt>
   <trkpt lat="43.90775776734093" lon="-114.09599727289735">
    <ele>2143.673358185949</ele>
   </trkpt>
   <trkpt lat="43.907760518340275" lon="-114.0957856261017">
    <ele>2142.763389153053</ele>
   </trkpt>
   <trkpt lat="43.90772293195573" lon="-114.09529034377624">
    <ele>2140.2576401207843</ele>
   </trkpt>
   <trkpt lat="43.90777924964638" lon="-114.09529916489338">
    <ele>2139.872268527161</ele>
   </trkpt>
   <trkpt lat="43.90806638401622" lon="-114.09590823561112">
    <ele>2139.8334526460126</ele>
   </trkpt>
   <trkpt lat="43.908485537418024" lon="-114.09658966079222">
    <ele>2140.143585218371</ele>
   </trkpt>
   <trkpt lat="43.908541897449496" lon="-114.09667584690328">
    <ele>2140.143585218371</ele>
   </trkpt>
   <trkpt lat="43.90859777187647" lon="-114.09676266382121">
    <ele>2140.143585218371</ele>
   </trkpt>
   <trkpt lat="43.908653254877684" lon="-114.09684996983755">
    <ele>2140.2980131333597</ele>
   </trkpt>
   <trkpt lat="43.90870839285965" lon="-114.09693770071176">
    <ele>2140.3244549719775</ele>
   </trkpt>
   <trkpt lat="43.908763169595815" lon="-114.09702587303885">
    <ele>2140.3244549719775</ele>
   </trkpt>
   <trkpt lat="43.9090230323498" lon="-114.0973892904137">
    <ele>2140.346944338059</ele>
   </trkpt>
   <trkpt lat="43.90922359565603" lon="-114.09768136683805">
    <ele>2140.261588448167</ele>
   </trkpt>
   <trkpt lat="43.90940255621931" lon="-114.09801110683122">
    <ele>2140.319323278381</ele>
   </trkpt>
   <trkpt lat="43.909559217369136" lon="-114.0983460821684">
    <ele>2140.319323278381</ele>
   </trkpt>
   <trkpt lat="43.90974468134244" lon="-114.09862835518597">
    <ele>2139.50191854581</ele>
   </trkpt>
   <trkpt lat="43.9102874532732" lon="-114.09939488871107">
    <ele>2138.03860099477</ele>
   </trkpt>
   <trkpt lat="43.91039449828036" lon="-114.09960317599389">
    <ele>2138.0270792946776</ele>
   </trkpt>
   <trkpt lat="43.91063596032084" lon="-114.09992991740049">
    <ele>2138.0220678808905</ele>
   </trkpt>
   <trkpt lat="43.91074234582645" lon="-114.10009099837806">
    <ele>2138.0220678808905</ele>
   </trkpt>
   <trkpt lat="43.91080812493435" lon="-114.10013000550158">
    <ele>2138.0220678808905</ele>
   </trkpt>
   <trkpt lat="43.91087283173271" lon="-114.10009033889777">
    <ele>2138.0220678808905</ele>
   </trkpt>
   <trkpt lat="43.91129151276745" lon="-114.09967898030405">
    <ele>2138.3828716743465</ele>
   </trkpt>
   <trkpt lat="43.91181862412735" lon="-114.09920450938414">
    <ele>2134.099564480796</ele>
   </trkpt>
   <trkpt lat="43.91192136964133" lon="-114.09914602024126">
    <ele>2133.5827120503523</ele>
   </trkpt>
   <trkpt lat="43.91203787922081" lon="-114.09913342496193">
    <ele>2132.850397737336</ele>
   </trkpt>
   <trkpt lat="43.912259367188774" lon="-114.09918429529141">
    <ele>2132.0934133650067</ele>
   </trkpt>
   <trkpt lat="43.91246313192337" lon="-114.09922332606587">
    <ele>2132.0446064434555</ele>
   </trkpt>
   <trkpt lat="43.91273365749544" lon="-114.09925125291552">
    <ele>2131.7170508779022</ele>
   </trkpt>
   <trkpt lat="43.91282941791092" lon="-114.09929889142015">
    <ele>2131.5047210754337</ele>
   </trkpt>
   <trkpt lat="43.91290086068263" lon="-114.09938400410863">
    <ele>2131.5644327153627</ele>
   </trkpt>
   <trkpt lat="43.91295583262313" lon="-114.09951721835776">
    <ele>2131.4757665471993</ele>
   </trkpt>
   <trkpt lat="43.91305062700188" lon="-114.09980607713169">
    <ele>2131.4201997801924</ele>
   </trkpt>
   <trkpt lat="43.91306040030036" lon="-114.10029750625996">
    <ele>2131.455758071229</ele>
   </trkpt>
   <trkpt lat="43.91308921884565" lon="-114.10040447252915">
    <ele>2131.5496499541423</ele>
   </trkpt>
   <trkpt lat="43.91314267555487" lon="-114.10047846669623">
    <ele>2131.705193162566</ele>
   </trkpt>
   <trkpt lat="43.91322528814888" lon="-114.10052103526826">
    <ele>2131.8652380322333</ele>
   </trkpt>
   <trkpt lat="43.91370018415632" lon="-114.10056553608705">
    <ele>2131.7157459334258</ele>
   </trkpt>
   <trkpt lat="43.91390413592088" lon="-114.10062017912595">
    <ele>2131.5389937119417</ele>
   </trkpt>
   <trkpt lat="43.91417772645155" lon="-114.10079239229665">
    <ele>2131.2299175004787</ele>
   </trkpt>
   <trkpt lat="43.914325679068725" lon="-114.10092724171314">
    <ele>2131.2299175004787</ele>
   </trkpt>
   <trkpt lat="43.91444737014329" lon="-114.10109343330646">
    <ele>2131.2299175004787</ele>
   </trkpt>
   <trkpt lat="43.91456558916584" lon="-114.10132935557215">
    <ele>2130.854290646395</ele>
   </trkpt>
   <trkpt lat="43.914977956825695" lon="-114.10222045690149">
    <ele>2129.987871276433</ele>
   </trkpt>
   <trkpt lat="43.915208991746894" lon="-114.10265352378045">
    <ele>2129.716474971595</ele>
   </trkpt>
   <trkpt lat="43.915374861836284" lon="-114.10300486068316">
    <ele>2130.008988577944</ele>
   </trkpt>
   <trkpt lat="43.91548535517921" lon="-114.10315639613857">
    <ele>2129.825133928358</ele>
   </trkpt>
   <trkpt lat="43.915672427853195" lon="-114.10334337290416">
    <ele>2129.2223954327437</ele>
   </trkpt>
   <trkpt lat="43.9158703106773" lon="-114.10361686029631">
    <ele>2128.522559468041</ele>
   </trkpt>
   <trkpt lat="43.91597076585798" lon="-114.103703757658">
    <ele>2127.9484757072214</ele>
   </trkpt>
   <trkpt lat="43.91606942719464" lon="-114.10373898319274">
    <ele>2127.9484757072214</ele>
   </trkpt>
   <trkpt lat="43.916177383382106" lon="-114.10372412238847">
    <ele>2127.1960477133916</ele>
   </trkpt>
   <trkpt lat="43.916385289127106" lon="-114.10363946588933">
    <ele>2126.1048157981068</ele>
   </trkpt>
   <trkpt lat="43.91654416494606" lon="-114.10364491830742">
    <ele>2125.543656296275</ele>
   </trkpt>
   <trkpt lat="43.916753560882064" lon="-114.10365212820074">
    <ele>2124.6404919515508</ele>
   </trkpt>
   <trkpt lat="43.91705888433638" lon="-114.1036285387733">
    <ele>2123.3220317166465</ele>
   </trkpt>
   <trkpt lat="43.91716365869884" lon="-114.10365010765706">
    <ele>2122.456143561268</ele>
   </trkpt>
   <trkpt lat="43.917232091520404" lon="-114.10370532253903">
    <ele>2122.1176029599324</ele>
   </trkpt>
   <trkpt lat="43.917311915836464" lon="-114.10384554018175">
    <ele>2121.911453516886</ele>
   </trkpt>
   <trkpt lat="43.917378486743395" lon="-114.10395385058936">
    <ele>2121.3965761095956</ele>
   </trkpt>
   <trkpt lat="43.91744830180869" lon="-114.1040035982808">
    <ele>2121.3965761095956</ele>
   </trkpt>
   <trkpt lat="43.91760349650573" lon="-114.10403526752337">
    <ele>2121.258061534571</ele>
   </trkpt>
   <trkpt lat="43.91791812829678" lon="-114.10405161842367">
    <ele>2120.779982747583</ele>
   </trkpt>
   <trkpt lat="43.917986574304706" lon="-114.10412109448998">
    <ele>2120.59090469067</ele>
   </trkpt>
   <trkpt lat="43.91815140492086" lon="-114.10438705322284">
    <ele>2119.3804444828916</ele>
   </trkpt>
   <trkpt lat="43.918292657962816" lon="-114.1046771976683">
    <ele>2117.9844002699597</ele>
   </trkpt>
   <trkpt lat="43.918505991666564" lon="-114.10516309707698">
    <ele>2117.962854011826</ele>
   </trkpt>
   <trkpt lat="43.9185500695903" lon="-114.10533929289542">
    <ele>2117.962854011826</ele>
   </trkpt>
   <trkpt lat="43.91858013591158" lon="-114.10561274698294">
    <ele>2118.0020024183837</ele>
   </trkpt>
   <trkpt lat="43.91863743279786" lon="-114.10581710245226">
    <ele>2118.0559651051653</ele>
   </trkpt>
   <trkpt lat="43.91879201336493" lon="-114.1061882109097">
    <ele>2118.0559651051653</ele>
   </trkpt>
   <trkpt lat="43.91891177880947" lon="-114.10660336332984">
    <ele>2117.936388768992</ele>
   </trkpt>
   <trkpt lat="43.91909998802005" lon="-114.10743203025625">
    <ele>2115.8190051928796</ele>
   </trkpt>
   <trkpt lat="43.91930268183984" lon="-114.10814478764898">
    <ele>2114.987269497186</ele>
   </trkpt>
   <trkpt lat="43.919370991201134" lon="-114.10857904638702">
    <ele>2115.8934424995214</ele>
   </trkpt>
   <trkpt lat="43.91941632238058" lon="-114.1088759606764">
    <ele>2116.061011130434</ele>
   </trkpt>
   <trkpt lat="43.91945351557686" lon="-114.10912806287335">
    <ele>2116.4791356357164</ele>
   </trkpt>
   <trkpt lat="43.91945149326173" lon="-114.10930738693814">
    <ele>2116.7009888216644</ele>
   </trkpt>
   <trkpt lat="43.91941870472619" lon="-114.10942681416627">
    <ele>2117.1187941232724</ele>
   </trkpt>
   <trkpt lat="43.91932076018202" lon="-114.10962936285503">
    <ele>2117.361289566602</ele>
   </trkpt>
   <trkpt lat="43.91931710428507" lon="-114.10973072283714">
    <ele>2117.361289566602</ele>
   </trkpt>
   <trkpt lat="43.91938654700567" lon="-114.11002318661987">
    <ele>2117.824625782145</ele>
   </trkpt>
   <trkpt lat="43.919383249805115" lon="-114.11013816321348">
    <ele>2118.310996244546</ele>
   </trkpt>
   <trkpt lat="43.91934584553165" lon="-114.11029923711767">
    <ele>2118.310996244546</ele>
   </trkpt>
   <trkpt lat="43.91929415510971" lon="-114.11039721906471">
    <ele>2118.8587209718976</ele>
   </trkpt>
   <trkpt lat="43.91922623593009" lon="-114.11045067311474">
    <ele>2119.1810289346013</ele>
   </trkpt>
   <trkpt lat="43.91906934271882" lon="-114.11049417665022">
    <ele>2119.698615710089</ele>
   </trkpt>
   <trkpt lat="43.91890552599514" lon="-114.11049287666025">
    <ele>2120.161907263089</ele>
   </trkpt>
   <trkpt lat="43.918666775513124" lon="-114.11042975814414">
    <ele>2120.3971435114877</ele>
   </trkpt>
   <trkpt lat="43.91845733094612" lon="-114.11043188565469">
    <ele>2121.17212820483</ele>
   </trkpt>
   <trkpt lat="43.91823618857594" lon="-114.1104820462063">
    <ele>2122.1773690683344</ele>
   </trkpt>
   <trkpt lat="43.91805397414175" lon="-114.11052659609982">
    <ele>2122.6445520697653</ele>
   </trkpt>
   <trkpt lat="43.91772107701955" lon="-114.11054707265555">
    <ele>2123.3712676942127</ele>
   </trkpt>
   <trkpt lat="43.91747186658071" lon="-114.1106340238129">
    <ele>2123.608833946767</ele>
   </trkpt>
   <trkpt lat="43.9173511189452" lon="-114.11067266634309">
    <ele>2123.608833946767</ele>
   </trkpt>
   <trkpt lat="43.91722103853085" lon="-114.11066001116957">
    <ele>2124.288332478294</ele>
   </trkpt>
   <trkpt lat="43.91708173946019" lon="-114.11059787194547">
    <ele>2124.583187261754</ele>
   </trkpt>
   <trkpt lat="43.91642503303361" lon="-114.11010225963838">
    <ele>2127.014118365031</ele>
   </trkpt>
   <trkpt lat="43.91625414876514" lon="-114.10992574621213">
    <ele>2127.7748283070764</ele>
   </trkpt>
   <trkpt lat="43.91615492235281" lon="-114.10975685002362">
    <ele>2128.0970601669665</ele>
   </trkpt>
   <trkpt lat="43.91608546188276" lon="-114.10970288423746">
    <ele>2128.2744900782423</ele>
   </trkpt>
   <trkpt lat="43.915993387394316" lon="-114.10969072579434">
    <ele>2128.2744900782423</ele>
   </trkpt>
   <trkpt lat="43.91581099094557" lon="-114.10972710401654">
    <ele>2128.731044116471</ele>
   </trkpt>
   <trkpt lat="43.91542170542246" lon="-114.10988497660544">
    <ele>2129.2318748663447</ele>
   </trkpt>
   <trkpt lat="43.915291667413825" lon="-114.10990039963734">
    <ele>2129.23134262298</ele>
   </trkpt>
   <trkpt lat="43.91521099523636" lon="-114.10987127867595">
    <ele>2129.35200005651</ele>
   </trkpt>
   <trkpt lat="43.91504900804613" lon="-114.10970284617558">
    <ele>2129.571303301425</ele>
   </trkpt>
   <trkpt lat="43.914978509499264" lon="-114.1096878288125">
    <ele>2129.571303301425</ele>
   </trkpt>
   <trkpt lat="43.914943503881744" lon="-114.10975470328056">
    <ele>2129.768911222806</ele>
   </trkpt>
   <trkpt lat="43.915227747158625" lon="-114.11017900329017">
    <ele>2129.90629270827</ele>
   </trkpt>
   <trkpt lat="43.915404229076984" lon="-114.11040579322149">
    <ele>2129.6713160679155</ele>
   </trkpt>
   <trkpt lat="43.91604306990642" lon="-114.11122839647963">
    <ele>2127.5122196697635</ele>
   </trkpt>
   <trkpt lat="43.91667201188789" lon="-114.11206596472032">
    <ele>2126.1056928335374</ele>
   </trkpt>
   <trkpt lat="43.91731" lon="-114.11289000000001">
    <ele>2124.6126296825846</ele>
   </trkpt>
   <trkpt lat="43.91786000236491" lon="-114.11361999330724">
    <ele>2123.1398981317393</ele>
   </trkpt>
   <trkpt lat="43.91841" lon="-114.11435000000002">
    <ele>2122.008530522998</ele>
   </trkpt>
   <trkpt lat="43.91885500195621" lon="-114.11502499490555">
    <ele>2120.8456663923207</ele>
   </trkpt>
   <trkpt lat="43.91930000000001" lon="-114.1157">
    <ele>2119.8699176113355</ele>
   </trkpt>
   <trkpt lat="43.91974500199194" lon="-114.11634999535724">
    <ele>2118.581598894048</ele>
   </trkpt>
   <trkpt lat="43.920190000000005" lon="-114.117">
    <ele>2117.6248169255364</ele>
   </trkpt>
   <trkpt lat="43.92067500240884" lon="-114.117739994">
    <ele>2116.89055617479</ele>
   </trkpt>
   <trkpt lat="43.92116" lon="-114.11848">
    <ele>2116.292487236354</ele>
   </trkpt>
   <trkpt lat="43.92173667026091" lon="-114.1191199876179">
    <ele>2116.008770986361</ele>
   </trkpt>
   <trkpt lat="43.92231333695" lon="-114.1197599876426">
    <ele>2114.690102960746</ele>
   </trkpt>
   <trkpt lat="43.92289" lon="-114.1204">
    <ele>2114.287275600864</ele>
   </trkpt>
   <trkpt lat="43.92339000114736" lon="-114.12090499579138">
    <ele>2111.7234125520786</ele>
   </trkpt>
   <trkpt lat="43.92389" lon="-114.12141000000001">
    <ele>2110.5815760714668</ele>
   </trkpt>
   <trkpt lat="43.92316000122768" lon="-114.12193500642354">
    <ele>2110.111416194508</ele>
   </trkpt>
   <trkpt lat="43.922430000000006" lon="-114.12246">
    <ele>2111.001121112004</ele>
   </trkpt>
   <trkpt lat="43.92177666822445" lon="-114.12288667605696">
    <ele>2112.1581227874494</ele>
   </trkpt>
   <trkpt lat="43.92112333486134" lon="-114.12331334274293">
    <ele>2113.140375832208</ele>
   </trkpt>
   <trkpt lat="43.92047" lon="-114.12374000000001">
    <ele>2114.0362851389395</ele>
   </trkpt>
   <trkpt lat="43.91986000145989" lon="-114.12415000841106">
    <ele>2114.8860707855715</ele>
   </trkpt>
   <trkpt lat="43.91925000145382" lon="-114.12456000841502">
    <ele>2115.9125663346986</ele>
   </trkpt>
   <trkpt lat="43.91864" lon="-114.12497">
    <ele>2116.8964006339074</ele>
   </trkpt>
   <trkpt lat="43.918030000666874" lon="-114.12535500393398">
    <ele>2117.62862988688</ele>
   </trkpt>
   <trkpt lat="43.91742000000001" lon="-114.12574000000001">
    <ele>2118.3023613254145</ele>
   </trkpt>
   <trkpt lat="43.916970000000006" lon="-114.12613">
    <ele>2118.570458116102</ele>
   </trkpt>
   <trkpt lat="43.916610000000006" lon="-114.12653">
    <ele>2118.6990746813494</ele>
   </trkpt>
   <trkpt lat="43.916250000000005" lon="-114.12744">
    <ele>2118.9475674697815</ele>
   </trkpt>
   <trkpt lat="43.91594500331934" lon="-114.12830500427215">
    <ele>2119.276820743209</ele>
   </trkpt>
   <trkpt lat="43.91564" lon="-114.12917000000002">
    <ele>2118.5118369097327</ele>
   </trkpt>
   <trkpt lat="43.91531000235239" lon="-114.12991000418278">
    <ele>2117.6382659789</ele>
   </trkpt>
   <trkpt lat="43.91498000000001" lon="-114.13065">
    <ele>2117.5014475793646</ele>
   </trkpt>
   <trkpt lat="43.914730000000006" lon="-114.13107000000001">
    <ele>2117.9874068867184</ele>
   </trkpt>
   <trkpt lat="43.91411000596624" lon="-114.13190001734979">
    <ele>2119.527017393739</ele>
   </trkpt>
   <trkpt lat="43.9134900059249" lon="-114.13273001740485">
    <ele>2122.385295799327</ele>
   </trkpt>
   <trkpt lat="43.912870000000005" lon="-114.13356">
    <ele>2125.828065905746</ele>
   </trkpt>
   <trkpt lat="43.91232000421407" lon="-114.13454500913214">
    <ele>2128.30704627778</ele>
   </trkpt>
   <trkpt lat="43.911770000000004" lon="-114.13553">
    <ele>2129.27929433874</ele>
   </trkpt>
   <trkpt lat="43.91129" lon="-114.13603">
    <ele>2129.199108760001</ele>
   </trkpt>
   <trkpt lat="43.910900000000005" lon="-114.13634">
    <ele>2129.1147880561643</ele>
   </trkpt>
   <trkpt lat="43.91033" lon="-114.13671000000001">
    <ele>2129.7291669524175</ele>
   </trkpt>
   <trkpt lat="43.90983500037835" lon="-114.13697000211845">
    <ele>2130.3877920216237</ele>
   </trkpt>
   <trkpt lat="43.90934" lon="-114.13723">
    <ele>2130.97029751701</ele>
   </trkpt>
   <trkpt lat="43.90859000107248" lon="-114.13770500592906">
    <ele>2131.9152358403617</ele>
   </trkpt>
   <trkpt lat="43.90784" lon="-114.13818">
    <ele>2133.274338964821</ele>
   </trkpt>
   <trkpt lat="43.907155002130814" lon="-114.13858251388884">
    <ele>2134.9498533202686</ele>
   </trkpt>
   <trkpt lat="43.90647000284881" lon="-114.1389850185136">
    <ele>2136.3314336755425</ele>
   </trkpt>
   <trkpt lat="43.90578500215408" lon="-114.13938751387471">
    <ele>2137.560772277031</ele>
   </trkpt>
   <trkpt lat="43.905100000000004" lon="-114.13979">
    <ele>2138.0537314572784</ele>
   </trkpt>
   <trkpt lat="43.904485000584664" lon="-114.14019000420586">
    <ele>2137.8164676674974</ele>
   </trkpt>
   <trkpt lat="43.903870000000005" lon="-114.14059">
    <ele>2137.567793712286</ele>
   </trkpt>
   <trkpt lat="43.903560000000006" lon="-114.14090000000002">
    <ele>2137.7096536950894</ele>
   </trkpt>
   <trkpt lat="43.903000000000006" lon="-114.14153">
    <ele>2138.547882034486</ele>
   </trkpt>
   <trkpt lat="43.90264500166227" lon="-114.14213500349453">
    <ele>2139.1913521249153</ele>
   </trkpt>
   <trkpt lat="43.90229" lon="-114.14274">
    <ele>2139.867049560717</ele>
   </trkpt>
   <trkpt lat="43.901885001808836" lon="-114.14339000447522">
    <ele>2140.6364537100685</ele>
   </trkpt>
   <trkpt lat="43.90148000000001" lon="-114.14404">
    <ele>2141.4896872586423</ele>
   </trkpt>
   <trkpt lat="43.90099" lon="-114.14498">
    <ele>2142.3269011855537</ele>
   </trkpt>
   <trkpt lat="43.90050000583448" lon="-114.14580001354575">
    <ele>2142.8139659290623</ele>
   </trkpt>
   <trkpt lat="43.900010005805406" lon="-114.14662001359422">
    <ele>2143.2157353567504</ele>
   </trkpt>
   <trkpt lat="43.89952" lon="-114.14744">
    <ele>2143.6823792980877</ele>
   </trkpt>
   <trkpt lat="43.898973339658404" lon="-114.14829334904142">
    <ele>2144.270143593471</ele>
   </trkpt>
   <trkpt lat="43.89842667296684" lon="-114.14914668241336">
    <ele>2144.883178654318</ele>
   </trkpt>
   <trkpt lat="43.89788" lon="-114.15">
    <ele>2145.689999300156</ele>
   </trkpt>
   <trkpt lat="43.89753500162862" lon="-114.15062500375629">
    <ele>2146.2820309382932</ele>
   </trkpt>
   <trkpt lat="43.89719" lon="-114.15125">
    <ele>2146.835348147194</ele>
   </trkpt>
   <trkpt lat="43.89677500198104" lon="-114.15193500488105">
    <ele>2147.0503864538664</ele>
   </trkpt>
   <trkpt lat="43.89636" lon="-114.15262000000001">
    <ele>2146.96993982214</ele>
   </trkpt>
   <trkpt lat="43.89590500294489" lon="-114.15343500613993">
    <ele>2147.242979272626</ele>
   </trkpt>
   <trkpt lat="43.895450000000004" lon="-114.15425">
    <ele>2148.599141938805</ele>
   </trkpt>
   <trkpt lat="43.895160000000004" lon="-114.15487">
    <ele>2149.450757501525</ele>
   </trkpt>
   <trkpt lat="43.89502" lon="-114.15532">
    <ele>2149.874576542583</ele>
   </trkpt>
   <trkpt lat="43.89502" lon="-114.15556000000001">
    <ele>2150.152418456401</ele>
   </trkpt>
   <trkpt lat="43.89495" lon="-114.15617">
    <ele>2150.883996344513</ele>
   </trkpt>
   <trkpt lat="43.894915006385126" lon="-114.15738000065804">
    <ele>2152.1244167459695</ele>
   </trkpt>
   <trkpt lat="43.89488" lon="-114.15859">
    <ele>2153.709827933676</ele>
   </trkpt>
   <trkpt lat="43.89481000000001" lon="-114.15917">
    <ele>2154.335985662082</ele>
   </trkpt>
   <trkpt lat="43.894800000000004" lon="-114.15939000000002">
    <ele>2154.6227074656063</ele>
   </trkpt>
   <trkpt lat="43.894670000000005" lon="-114.15975">
    <ele>2154.922271149658</ele>
   </trkpt>
   <trkpt lat="43.8943300016915" lon="-114.16039500391479">
    <ele>2155.717922800513</ele>
   </trkpt>
   <trkpt lat="43.89399" lon="-114.16104000000001">
    <ele>2156.8271475869174</ele>
   </trkpt>
   <trkpt lat="43.893477511180535" lon="-114.1619650239014">
    <ele>2158.5217862498725</ele>
   </trkpt>
   <trkpt lat="43.892965014899644" lon="-114.16289003188194">
    <ele>2159.9858856488</ele>
   </trkpt>
   <trkpt lat="43.89245251115759" lon="-114.16381502394202">
    <ele>2160.4016279031707</ele>
   </trkpt>
   <trkpt lat="43.891940000000005" lon="-114.16474000000001">
    <ele>2160.8812707154593</ele>
   </trkpt>
   <trkpt lat="43.891830000000006" lon="-114.16499">
    <ele>2161.0768289074886</ele>
   </trkpt>
   <trkpt lat="43.891740000000006" lon="-114.16536">
    <ele>2161.472922622467</ele>
   </trkpt>
   <trkpt lat="43.89155" lon="-114.16535">
    <ele>2161.647002003748</ele>
   </trkpt>
   <trkpt lat="43.891540000000006" lon="-114.16535">
    <ele>2161.7850343115756</ele>
   </trkpt>
   <trkpt lat="43.89117" lon="-114.16557">
    <ele>2162.2773347750235</ele>
   </trkpt>
   <trkpt lat="43.890510000000006" lon="-114.16607">
    <ele>2164.150983045652</ele>
   </trkpt>
   <trkpt lat="43.88990200873435" lon="-114.1667780289184">
    <ele>2165.8289762030317</ele>
   </trkpt>
   <trkpt lat="43.88929401309736" lon="-114.16748604338173">
    <ele>2167.939046020438</ele>
   </trkpt>
   <trkpt lat="43.88868601308922" lon="-114.1681940433905">
    <ele>2170.2551583456875</ele>
   </trkpt>
   <trkpt lat="43.8880780087101" lon="-114.1689020289452">
    <ele>2172.828383193889</ele>
   </trkpt>
   <trkpt lat="43.88747" lon="-114.16961">
    <ele>2176.229637920627</ele>
   </trkpt>
   <trkpt lat="43.88720000000001" lon="-114.16988">
    <ele>2178.5989856953515</ele>
   </trkpt>
   <trkpt lat="43.88687" lon="-114.17054">
    <ele>2181.3639112950095</ele>
   </trkpt>
   <trkpt lat="43.88678" lon="-114.17059">
    <ele>2181.3639112950095</ele>
   </trkpt>
   <trkpt lat="43.886320000000005" lon="-114.17081">
    <ele>2183.6540725623972</ele>
   </trkpt>
   <trkpt lat="43.88570000000001" lon="-114.17113">
    <ele>2186.1990090606178</ele>
   </trkpt>
   <trkpt lat="43.885070000000006" lon="-114.17150000000001">
    <ele>2188.1856112900546</ele>
   </trkpt>
   <trkpt lat="43.884750000000004" lon="-114.17158">
    <ele>2189.095553723376</ele>
   </trkpt>
   <trkpt lat="43.88414499993927" lon="-114.1716300005137">
    <ele>2191.1709732379954</ele>
   </trkpt>
   <trkpt lat="43.88354" lon="-114.17168000000001">
    <ele>2193.163960082982</ele>
   </trkpt>
   <trkpt lat="43.882650000000005" lon="-114.17161000000002">
    <ele>2196.2953251005365</ele>
   </trkpt>
   <trkpt lat="43.88188" lon="-114.17162">
    <ele>2199.952629004089</ele>
   </trkpt>
   <trkpt lat="43.881080000000004" lon="-114.17153">
    <ele>2202.566772887234</ele>
   </trkpt>
   <trkpt lat="43.880190000000006" lon="-114.17153">
    <ele>2204.477352368395</ele>
   </trkpt>
   <trkpt lat="43.87974000045364" lon="-114.17128999829536">
    <ele>2205.1704197725653</ele>
   </trkpt>
   <trkpt lat="43.879290000000005" lon="-114.17105000000001">
    <ele>2205.892808790097</ele>
   </trkpt>
   <trkpt lat="43.87865" lon="-114.17081">
    <ele>2206.8928736488415</ele>
   </trkpt>
   <trkpt lat="43.878400000000006" lon="-114.17060000000001">
    <ele>2207.172167670532</ele>
   </trkpt>
   <trkpt lat="43.877970000000005" lon="-114.17055">
    <ele>2207.208591723116</ele>
   </trkpt>
   <trkpt lat="43.87749" lon="-114.17046">
    <ele>2207.040569690876</ele>
   </trkpt>
   <trkpt lat="43.87698500016726" lon="-114.17029999866163">
    <ele>2207.41236836757</ele>
   </trkpt>
   <trkpt lat="43.87648" lon="-114.17014">
    <ele>2208.0142912704664</ele>
   </trkpt>
   <trkpt lat="43.87601500016777" lon="-114.16994499847918">
    <ele>2208.886995929996</ele>
   </trkpt>
   <trkpt lat="43.875550000000004" lon="-114.16975000000001">
    <ele>2209.5654840137795</ele>
   </trkpt>
   <trkpt lat="43.87501" lon="-114.16942">
    <ele>2210.510615148065</ele>
   </trkpt>
   <trkpt lat="43.87465" lon="-114.16923000000001">
    <ele>2211.682759397013</ele>
   </trkpt>
   <trkpt lat="43.874460000000006" lon="-114.16915000000002">
    <ele>2212.030722334817</ele>
   </trkpt>
   <trkpt lat="43.87379000000001" lon="-114.16893">
    <ele>2213.0628944003693</ele>
   </trkpt>
   <trkpt lat="43.87348" lon="-114.1688">
    <ele>2213.4998026211847</ele>
   </trkpt>
   <trkpt lat="43.872890000000005" lon="-114.16850000000001">
    <ele>2213.882046857682</ele>
   </trkpt>
   <trkpt lat="43.87216" lon="-114.16805000000001">
    <ele>2214.441116220849</ele>
   </trkpt>
   <trkpt lat="43.871570000000006" lon="-114.16765000000001">
    <ele>2215.177451767003</ele>
   </trkpt>
   <trkpt lat="43.870933333907594" lon="-114.16739332784965">
    <ele>2216.4632855933505</ele>
   </trkpt>
   <trkpt lat="43.870296667240744" lon="-114.16713666118301">
    <ele>2218.2416290531146</ele>
   </trkpt>
   <trkpt lat="43.86966" lon="-114.16688">
    <ele>2219.4441310086854</ele>
   </trkpt>
   <trkpt lat="43.86907000073546" lon="-114.1664949962472">
    <ele>2220.1944626220557</ele>
   </trkpt>
   <trkpt lat="43.868480000000005" lon="-114.16611">
    <ele>2220.786445617369</ele>
   </trkpt>
   <trkpt lat="43.868140000000004" lon="-114.16593">
    <ele>2221.5894405763793</ele>
   </trkpt>
   <trkpt lat="43.867960000000004" lon="-114.16589">
    <ele>2222.1147012514725</ele>
   </trkpt>
   <trkpt lat="43.86777" lon="-114.16589">
    <ele>2222.9914084970947</ele>
   </trkpt>
   <trkpt lat="43.867610000000006" lon="-114.16602">
    <ele>2223.187115036963</ele>
   </trkpt>
   <trkpt lat="43.867490000000004" lon="-114.16615000000002">
    <ele>2223.516435365461</ele>
   </trkpt>
   <trkpt lat="43.867340000000006" lon="-114.16625">
    <ele>2224.0042255565218</ele>
   </trkpt>
   <trkpt lat="43.867230000000006" lon="-114.16635000000001">
    <ele>2224.1867426458384</ele>
   </trkpt>
   <trkpt lat="43.866980000000005" lon="-114.16638">
    <ele>2224.7516547948485</ele>
   </trkpt>
   <trkpt lat="43.866130000000005" lon="-114.16602">
    <ele>2226.125821117189</ele>
   </trkpt>
   <trkpt lat="43.86536" lon="-114.1658">
    <ele>2226.4127336942647</ele>
   </trkpt>
   <trkpt lat="43.865210000000005" lon="-114.16575">
    <ele>2226.705392850656</ele>
   </trkpt>
   <trkpt lat="43.864820000340565" lon="-114.16541499768059">
    <ele>2227.939731183673</ele>
   </trkpt>
   <trkpt lat="43.864430000000006" lon="-114.16508">
    <ele>2229.1762927614736</ele>
   </trkpt>
   <trkpt lat="43.864250000000006" lon="-114.16501000000001">
    <ele>2229.79424801107</ele>
   </trkpt>
   <trkpt lat="43.864000000000004" lon="-114.16496000000001">
    <ele>2230.5195547881563</ele>
   </trkpt>
   <trkpt lat="43.86318000000001" lon="-114.16508">
    <ele>2234.611451919867</ele>
   </trkpt>
   <trkpt lat="43.86243" lon="-114.16517">
    <ele>2238.581949737834</ele>
   </trkpt>
   <trkpt lat="43.86192500004856" lon="-114.16524500063171">
    <ele>2240.350556713052</ele>
   </trkpt>
   <trkpt lat="43.86142" lon="-114.16532000000001">
    <ele>2242.842063297175</ele>
   </trkpt>
   <trkpt lat="43.861430000000006" lon="-114.16595000000001">
    <ele>2244.722051447975</ele>
   </trkpt>
   <trkpt lat="43.86195000007243" lon="-114.16600999948322">
    <ele>2245.2932965530886</ele>
   </trkpt>
   <trkpt lat="43.86247" lon="-114.16607">
    <ele>2244.580071099305</ele>
   </trkpt>
   <trkpt lat="43.86258" lon="-114.1662">
    <ele>2243.8341267499095</ele>
   </trkpt>
   <trkpt lat="43.86341500027491" lon="-114.16644499657228">
    <ele>2239.4906126932983</ele>
   </trkpt>
   <trkpt lat="43.864250000000006" lon="-114.16669">
    <ele>2236.0591011796305</ele>
   </trkpt>
   <trkpt lat="43.86469" lon="-114.16696">
    <ele>2235.708924960486</ele>
   </trkpt>
   <trkpt lat="43.865180002439516" lon="-114.16749665776526">
    <ele>2237.8294533514195</ele>
   </trkpt>
   <trkpt lat="43.86567000236768" lon="-114.1680333243531">
    <ele>2239.733529403403</ele>
   </trkpt>
   <trkpt lat="43.86616" lon="-114.16857">
    <ele>2240.359837616209</ele>
   </trkpt>
   <trkpt lat="43.866710000000005" lon="-114.16876">
    <ele>2239.1234732296834</ele>
   </trkpt>
   <trkpt lat="43.86674" lon="-114.16885">
    <ele>2238.611889400753</ele>
   </trkpt>
   <trkpt lat="43.86758500010418" lon="-114.16897999816179">
    <ele>2233.697042810157</ele>
   </trkpt>
   <trkpt lat="43.868430000000004" lon="-114.16911">
    <ele>2226.390732189366</ele>
   </trkpt>
   <trkpt lat="43.86878" lon="-114.1693">
    <ele>2223.6896247589493</ele>
   </trkpt>
   <trkpt lat="43.86919" lon="-114.16933000000002">
    <ele>2221.5275466757375</ele>
   </trkpt>
   <trkpt lat="43.869260000000004" lon="-114.16943">
    <ele>2221.2378981658253</ele>
   </trkpt>
   <trkpt lat="43.869735000129154" lon="-114.16956999889715">
    <ele>2219.524153757555</ele>
   </trkpt>
   <trkpt lat="43.87021" lon="-114.16971000000001">
    <ele>2220.136659347559</ele>
   </trkpt>
   <trkpt lat="43.87089" lon="-114.17036">
    <ele>2224.161288031944</ele>
   </trkpt>
   <trkpt lat="43.871700000000004" lon="-114.17059">
    <ele>2229.296557077762</ele>
   </trkpt>
   <trkpt lat="43.871840000000006" lon="-114.17081">
    <ele>2230.5325498192146</ele>
   </trkpt>
   <trkpt lat="43.87205" lon="-114.17175">
    <ele>2238.9466239186645</ele>
   </trkpt>
   <trkpt lat="43.87248000207225" lon="-114.17242499526435">
    <ele>2245.7964969554396</ele>
   </trkpt>
   <trkpt lat="43.872910000000005" lon="-114.1731">
    <ele>2252.180284793751</ele>
   </trkpt>
   <trkpt lat="43.87315" lon="-114.17405000000001">
    <ele>2255.550274009759</ele>
   </trkpt>
   <trkpt lat="43.87319500398792" lon="-114.17500499952375">
    <ele>2257.3657883010605</ele>
   </trkpt>
   <trkpt lat="43.87324" lon="-114.17596">
    <ele>2259.452397631594</ele>
   </trkpt>
   <trkpt lat="43.87339" lon="-114.17702000000001">
    <ele>2261.1399856284434</ele>
   </trkpt>
   <trkpt lat="43.87366" lon="-114.17694000000002">
    <ele>2260.700558121902</ele>
   </trkpt>
   <trkpt lat="43.87377" lon="-114.17733000000001">
    <ele>2260.1842850098046</ele>
   </trkpt>
   <trkpt lat="43.873810000000006" lon="-114.17790000000001">
    <ele>2258.2646338561854</ele>
   </trkpt>
   <trkpt lat="43.873760000000004" lon="-114.17829">
    <ele>2256.8174372757844</ele>
   </trkpt>
   <trkpt lat="43.873310000000004" lon="-114.17926000000001">
    <ele>2253.3348275225535</ele>
   </trkpt>
   <trkpt lat="43.87318500298074" lon="-114.1800850016431">
    <ele>2251.4615206754734</ele>
   </trkpt>
   <trkpt lat="43.87306" lon="-114.18091000000001">
    <ele>2249.4888001926693</ele>
   </trkpt>
   <trkpt lat="43.872715001117996" lon="-114.18140500279426">
    <ele>2248.0116656556434</ele>
   </trkpt>
   <trkpt lat="43.872370000000004" lon="-114.18190000000001">
    <ele>2247.1730965785423</ele>
   </trkpt>
   <trkpt lat="43.871950001266974" lon="-114.18243500374604">
    <ele>2246.06442278453</ele>
   </trkpt>
   <trkpt lat="43.87153000000001" lon="-114.18297000000001">
    <ele>2246.0481284848206</ele>
   </trkpt>
   <trkpt lat="43.87089000131718" lon="-114.18351500583353">
    <ele>2247.618031675177</ele>
   </trkpt>
   <trkpt lat="43.870250000000006" lon="-114.18406">
    <ele>2250.056044151827</ele>
   </trkpt>
   <trkpt lat="43.87013" lon="-114.18429">
    <ele>2250.3300649888665</ele>
   </trkpt>
   <trkpt lat="43.87003000000001" lon="-114.18468000000001">
    <ele>2250.4460960842603</ele>
   </trkpt>
   <trkpt lat="43.86983" lon="-114.18509">
    <ele>2250.2368020031927</ele>
   </trkpt>
   <trkpt lat="43.86972" lon="-114.18629000000001">
    <ele>2248.7855650892043</ele>
   </trkpt>
   <trkpt lat="43.869490000000006" lon="-114.18678000000001">
    <ele>2248.0789539195102</ele>
   </trkpt>
   <trkpt lat="43.86932" lon="-114.18729">
    <ele>2247.33502635467</ele>
   </trkpt>
   <trkpt lat="43.86928" lon="-114.18747">
    <ele>2247.0790152161962</ele>
   </trkpt>
   <trkpt lat="43.86929000000001" lon="-114.18765">
    <ele>2246.913685608159</ele>
   </trkpt>
   <trkpt lat="43.869580000000006" lon="-114.18805">
    <ele>2246.549649319658</ele>
   </trkpt>
   <trkpt lat="43.869670000000006" lon="-114.18847000000001">
    <ele>2246.4069491153996</ele>
   </trkpt>
   <trkpt lat="43.86954" lon="-114.18912">
    <ele>2246.154387986718</ele>
   </trkpt>
   <trkpt lat="43.86928" lon="-114.18909000000001">
    <ele>2246.4401481908853</ele>
   </trkpt>
   <trkpt lat="43.86928" lon="-114.18922">
    <ele>2246.6634396463905</ele>
   </trkpt>
   <trkpt lat="43.86887" lon="-114.18984">
    <ele>2248.529315824442</ele>
   </trkpt>
   <trkpt lat="43.86825000002743" lon="-114.18997500141559">
    <ele>2251.823119763611</ele>
   </trkpt>
   <trkpt lat="43.867630000000005" lon="-114.19011">
    <ele>2255.0217847004724</ele>
   </trkpt>
   <trkpt lat="43.86757" lon="-114.1902">
    <ele>2255.557511823887</ele>
   </trkpt>
   <trkpt lat="43.86732000000001" lon="-114.19024">
    <ele>2256.4459808404895</ele>
   </trkpt>
   <trkpt lat="43.86683500062205" lon="-114.190575002634">
    <ele>2258.8156847100076</ele>
   </trkpt>
   <trkpt lat="43.866350000000004" lon="-114.19091">
    <ele>2262.378964367103</ele>
   </trkpt>
   <trkpt lat="43.865880000000004" lon="-114.19154">
    <ele>2265.59497397638</ele>
   </trkpt>
   <trkpt lat="43.865610000000004" lon="-114.19245000000001">
    <ele>2267.977798160419</ele>
   </trkpt>
   <trkpt lat="43.865575002934975" lon="-114.19327000040268">
    <ele>2267.6364645317353</ele>
   </trkpt>
   <trkpt lat="43.86554" lon="-114.19409">
    <ele>2265.4497449755345</ele>
   </trkpt>
   <trkpt lat="43.865305002800866" lon="-114.1948950032573">
    <ele>2263.049912024063</ele>
   </trkpt>
   <trkpt lat="43.86507" lon="-114.19570000000002">
    <ele>2260.911623326751</ele>
   </trkpt>
   <trkpt lat="43.865" lon="-114.19677000000001">
    <ele>2259.5939156736235</ele>
   </trkpt>
   <trkpt lat="43.86491" lon="-114.19702000000001">
    <ele>2259.6403861493623</ele>
   </trkpt>
   <trkpt lat="43.864200000000004" lon="-114.19758000000002">
    <ele>2262.0973085190976</ele>
   </trkpt>
   <trkpt lat="43.86386" lon="-114.19794">
    <ele>2263.5468903522724</ele>
   </trkpt>
   <trkpt lat="43.863480002255336" lon="-114.1986600045986">
    <ele>2263.860965868249</ele>
   </trkpt>
   <trkpt lat="43.8631" lon="-114.19938">
    <ele>2260.8411912273823</ele>
   </trkpt>
   <trkpt lat="43.86287" lon="-114.20005">
    <ele>2257.292919526182</ele>
   </trkpt>
   <trkpt lat="43.86288000406004" lon="-114.20101499983815">
    <ele>2254.835764244507</ele>
   </trkpt>
   <trkpt lat="43.86289" lon="-114.20198">
    <ele>2253.5555793779627</ele>
   </trkpt>
   <trkpt lat="43.86298" lon="-114.20256">
    <ele>2253.437271538387</ele>
   </trkpt>
   <trkpt lat="43.86319" lon="-114.20291">
    <ele>2253.3516718792757</ele>
   </trkpt>
   <trkpt lat="43.86314" lon="-114.20342000000001">
    <ele>2253.325637276537</ele>
   </trkpt>
   <trkpt lat="43.86296" lon="-114.20386">
    <ele>2253.4737907693075</ele>
   </trkpt>
   <trkpt lat="43.862460000000006" lon="-114.20463000000001">
    <ele>2254.3427177525537</ele>
   </trkpt>
   <trkpt lat="43.86222000218057" lon="-114.20533500279814">
    <ele>2255.4941018603113</ele>
   </trkpt>
   <trkpt lat="43.86198" lon="-114.20604000000002">
    <ele>2256.6186710246243</ele>
   </trkpt>
   <trkpt lat="43.86186" lon="-114.20653000000001">
    <ele>2256.8002261190463</ele>
   </trkpt>
   <trkpt lat="43.86203000383913" lon="-114.20746999724632">
    <ele>2256.629147003663</ele>
   </trkpt>
   <trkpt lat="43.8622" lon="-114.20841000000001">
    <ele>2255.865569041711</ele>
   </trkpt>
   <trkpt lat="43.862410000000004" lon="-114.20848000000001">
    <ele>2256.0374146129607</ele>
   </trkpt>
   <trkpt lat="43.862480000000005" lon="-114.20864">
    <ele>2256.424307284169</ele>
   </trkpt>
   <trkpt lat="43.8626" lon="-114.20865">
    <ele>2256.8757412436407</ele>
   </trkpt>
   <trkpt lat="43.862750000000005" lon="-114.20870000000001">
    <ele>2257.294522386276</ele>
   </trkpt>
   <trkpt lat="43.86296" lon="-114.209">
    <ele>2257.9277880519235</ele>
   </trkpt>
   <trkpt lat="43.863060000000004" lon="-114.20955000000001">
    <ele>2259.017622549861</ele>
   </trkpt>
   <trkpt lat="43.86292" lon="-114.21000000000001">
    <ele>2261.277325055122</ele>
   </trkpt>
   <trkpt lat="43.862590000000004" lon="-114.21066">
    <ele>2263.411333597265</ele>
   </trkpt>
   <trkpt lat="43.8623300013538" lon="-114.21122000247124">
    <ele>2265.320026891095</ele>
   </trkpt>
   <trkpt lat="43.86207" lon="-114.21178">
    <ele>2266.913728952273</ele>
   </trkpt>
   <trkpt lat="43.86198" lon="-114.2121">
    <ele>2267.069571684054</ele>
   </trkpt>
   <trkpt lat="43.861725001646015" lon="-114.21272000272462">
    <ele>2267.1182278722727</ele>
   </trkpt>
   <trkpt lat="43.861470000000004" lon="-114.21334">
    <ele>2267.4500986765943</ele>
   </trkpt>
   <trkpt lat="43.86112500465862" lon="-114.2143700058611">
    <ele>2269.594952238512</ele>
   </trkpt>
   <trkpt lat="43.860780000000005" lon="-114.2154">
    <ele>2271.39913170726</ele>
   </trkpt>
   <trkpt lat="43.860470003322206" lon="-114.21625500407316">
    <ele>2271.8389780816997</ele>
   </trkpt>
   <trkpt lat="43.86016" lon="-114.21711">
    <ele>2272.2913366562984</ele>
   </trkpt>
   <trkpt lat="43.85983500387508" lon="-114.21805000505827">
    <ele>2272.865631719456</ele>
   </trkpt>
   <trkpt lat="43.85951" lon="-114.21899">
    <ele>2273.5696161331925</ele>
   </trkpt>
   <trkpt lat="43.859280000000005" lon="-114.21962">
    <ele>2274.1016960090633</ele>
   </trkpt>
   <trkpt lat="43.85898" lon="-114.22028">
    <ele>2275.0120242365765</ele>
   </trkpt>
   <trkpt lat="43.8588" lon="-114.2206">
    <ele>2275.5471113346275</ele>
   </trkpt>
   <trkpt lat="43.858410000000006" lon="-114.22122">
    <ele>2276.5068961041943</ele>
   </trkpt>
   <trkpt lat="43.858200000000004" lon="-114.22149">
    <ele>2277.2904756462167</ele>
   </trkpt>
   <trkpt lat="43.857580014670845" lon="-114.22223861811452">
    <ele>2279.0358976720786</ele>
   </trkpt>
   <trkpt lat="43.856960024455" lon="-114.22298722066138">
    <ele>2280.5335374478846</ele>
   </trkpt>
   <trkpt lat="43.8563400293527" lon="-114.22373580764115">
    <ele>2281.9809264261435</ele>
   </trkpt>
   <trkpt lat="43.855720029364136" lon="-114.22448437905435">
    <ele>2282.830724738857</ele>
   </trkpt>
   <trkpt lat="43.85510002448951" lon="-114.22523293490151">
    <ele>2283.294576482875</ele>
   </trkpt>
   <trkpt lat="43.85448001472904" lon="-114.22598147518318">
    <ele>2283.7051522481997</ele>
   </trkpt>
   <trkpt lat="43.853860000000005" lon="-114.22673">
    <ele>2283.697888313419</ele>
   </trkpt>
   <trkpt lat="43.85330750596121" lon="-114.22740501875822">
    <ele>2282.8056751010977</ele>
   </trkpt>
   <trkpt lat="43.8527550079494" lon="-114.22808002500925">
    <ele>2281.717017954595</ele>
   </trkpt>
   <trkpt lat="43.85220250596466" lon="-114.22875501875345">
    <ele>2281.357899904</ele>
   </trkpt>
   <trkpt lat="43.85165000000001" lon="-114.22943000000001">
    <ele>2282.350098135661</ele>
   </trkpt>
   <trkpt lat="43.8513" lon="-114.22982">
    <ele>2283.203913274214</ele>
   </trkpt>
   <trkpt lat="43.85067000266532" lon="-114.2305950081289">
    <ele>2284.8920659005908</ele>
   </trkpt>
   <trkpt lat="43.85004000000001" lon="-114.23137000000001">
    <ele>2286.623127184147</ele>
   </trkpt>
   <trkpt lat="43.84968000069483" lon="-114.23179000262166">
    <ele>2287.2722536881097</ele>
   </trkpt>
   <trkpt lat="43.849320000000006" lon="-114.23221000000001">
    <ele>2288.0050401032536</ele>
   </trkpt>
   <trkpt lat="43.849140000000006" lon="-114.23241000000002">
    <ele>2288.258425299733</ele>
   </trkpt>
   <trkpt lat="43.848850000000006" lon="-114.23288000000001">
    <ele>2288.85737135618</ele>
   </trkpt>
   <trkpt lat="43.84855500269991" lon="-114.23365500361945">
    <ele>2289.6765330296566</ele>
   </trkpt>
   <trkpt lat="43.84826" lon="-114.23443">
    <ele>2290.610956290725</ele>
   </trkpt>
   <trkpt lat="43.847893340576185" lon="-114.23534001113295">
    <ele>2291.563299260389</ele>
   </trkpt>
   <trkpt lat="43.84752667393159" lon="-114.23625001107803">
    <ele>2292.7755905253734</ele>
   </trkpt>
   <trkpt lat="43.84716" lon="-114.23716">
    <ele>2294.326044800366</ele>
   </trkpt>
   <trkpt lat="43.84684333900813" lon="-114.23796667522929">
    <ele>2295.5946806368256</ele>
   </trkpt>
   <trkpt lat="43.846526672342264" lon="-114.23877334189379">
    <ele>2296.94905596116</ele>
   </trkpt>
   <trkpt lat="43.846210000000006" lon="-114.23958">
    <ele>2298.4897504239552</ele>
   </trkpt>
   <trkpt lat="43.84597" lon="-114.24025">
    <ele>2300.471821397295</ele>
   </trkpt>
   <trkpt lat="43.84558000854518" lon="-114.24124001294723">
    <ele>2303.2143331087027</ele>
   </trkpt>
   <trkpt lat="43.84519000854421" lon="-114.24223001294948">
    <ele>2305.3051508022722</ele>
   </trkpt>
   <trkpt lat="43.844800000000006" lon="-114.24322000000001">
    <ele>2306.4282450725264</ele>
   </trkpt>
   <trkpt lat="43.844460000000005" lon="-114.24402">
    <ele>2307.1863455723014</ele>
   </trkpt>
   <trkpt lat="43.84410500394875" lon="-114.24498000590002">
    <ele>2307.9330080700033</ele>
   </trkpt>
   <trkpt lat="43.84375000000001" lon="-114.24594">
    <ele>2309.497997290552</ele>
   </trkpt>
   <trkpt lat="43.84339000000001" lon="-114.24676000000001">
    <ele>2312.455107655773</ele>
   </trkpt>
   <trkpt lat="43.842960000000005" lon="-114.24782">
    <ele>2316.433587453036</ele>
   </trkpt>
   <trkpt lat="43.84279" lon="-114.24827">
    <ele>2316.6773376670976</ele>
   </trkpt>
   <trkpt lat="43.842470000000006" lon="-114.24886000000001">
    <ele>2315.861465849556</ele>
   </trkpt>
   <trkpt lat="43.84197" lon="-114.24952">
    <ele>2314.8084163518815</ele>
   </trkpt>
   <trkpt lat="43.84143000209328" lon="-114.25019500597593">
    <ele>2315.617025418358</ele>
   </trkpt>
   <trkpt lat="43.84089" lon="-114.25087">
    <ele>2317.417529607643</ele>
   </trkpt>
   <trkpt lat="43.84043000126552" lon="-114.2514100041702">
    <ele>2318.679571917163</ele>
   </trkpt>
   <trkpt lat="43.83997" lon="-114.25195000000001">
    <ele>2320.0798608971095</ele>
   </trkpt>
   <trkpt lat="43.83973" lon="-114.25221">
    <ele>2320.9967612713613</ele>
   </trkpt>
   <trkpt lat="43.839510000000004" lon="-114.25256">
    <ele>2321.9949745118015</ele>
   </trkpt>
   <trkpt lat="43.8390900038151" lon="-114.25350000670002">
    <ele>2323.825652865068</ele>
   </trkpt>
   <trkpt lat="43.83867" lon="-114.25444">
    <ele>2325.7495637466354</ele>
   </trkpt>
   <trkpt lat="43.83818" lon="-114.25543">
    <ele>2327.8378650019768</ele>
   </trkpt>
   <trkpt lat="43.83771" lon="-114.25615">
    <ele>2329.675793877025</ele>
   </trkpt>
   <trkpt lat="43.83744" lon="-114.25668">
    <ele>2330.6839406728077</ele>
   </trkpt>
   <trkpt lat="43.837160000000004" lon="-114.25713">
    <ele>2331.7199539806866</ele>
   </trkpt>
   <trkpt lat="43.836890000000004" lon="-114.2574">
    <ele>2333.248865540977</ele>
   </trkpt>
   <trkpt lat="43.836780000000005" lon="-114.25749">
    <ele>2333.6371417356277</ele>
   </trkpt>
   <trkpt lat="43.83661" lon="-114.25754">
    <ele>2334.317929462192</ele>
   </trkpt>
   <trkpt lat="43.83639" lon="-114.25758">
    <ele>2335.0112310439504</ele>
   </trkpt>
   <trkpt lat="43.835925000201" lon="-114.25756499988957">
    <ele>2337.8179577166043</ele>
   </trkpt>
   <trkpt lat="43.835460000000005" lon="-114.25755000000001">
    <ele>2341.0270516663</ele>
   </trkpt>
   <trkpt lat="43.83525" lon="-114.25759000000001">
    <ele>2342.1370223889544</ele>
   </trkpt>
   <trkpt lat="43.83493000000001" lon="-114.25771">
    <ele>2344.207298245795</ele>
   </trkpt>
   <trkpt lat="43.83449000026952" lon="-114.2579550018021">
    <ele>2347.371544262802</ele>
   </trkpt>
   <trkpt lat="43.834050000000005" lon="-114.25820000000002">
    <ele>2350.2723148297505</ele>
   </trkpt>
   <trkpt lat="43.833740000000006" lon="-114.25838">
    <ele>2353.725152087806</ele>
   </trkpt>
   <trkpt lat="43.833400000000005" lon="-114.2587">
    <ele>2357.9484827092156</ele>
   </trkpt>
   <trkpt lat="43.833000000000006" lon="-114.25897">
    <ele>2360.6391468668926</ele>
   </trkpt>
   <trkpt lat="43.83217000048769" lon="-114.25932500496354">
    <ele>2363.9881123637397</ele>
   </trkpt>
   <trkpt lat="43.831340000000004" lon="-114.25968">
    <ele>2367.3026730100373</ele>
   </trkpt>
   <trkpt lat="43.83108" lon="-114.25973">
    <ele>2371.542088505352</ele>
   </trkpt>
   <trkpt lat="43.830420000000004" lon="-114.25973">
    <ele>2377.0016557010986</ele>
   </trkpt>
   <trkpt lat="43.830070000000006" lon="-114.25977">
    <ele>2380.8978842370598</ele>
   </trkpt>
   <trkpt lat="43.82943" lon="-114.25995">
    <ele>2386.529958497359</ele>
   </trkpt>
   <trkpt lat="43.82893000000001" lon="-114.26022">
    <ele>2390.8567269519453</ele>
   </trkpt>
   <trkpt lat="43.82836" lon="-114.26072">
    <ele>2395.2882959502854</ele>
   </trkpt>
   <trkpt lat="43.827985000829536" lon="-114.26114000257093">
    <ele>2398.139442176696</ele>
   </trkpt>
   <trkpt lat="43.82761000000001" lon="-114.26156">
    <ele>2401.1558029660227</ele>
   </trkpt>
   <trkpt lat="43.827130000000004" lon="-114.26223">
    <ele>2404.410756432809</ele>
   </trkpt>
   <trkpt lat="43.8265" lon="-114.26292000000001">
    <ele>2407.8559755687706</ele>
   </trkpt>
   <trkpt lat="43.82627" lon="-114.26304">
    <ele>2408.126953697837</ele>
   </trkpt>
   <trkpt lat="43.82593000000001" lon="-114.26310000000001">
    <ele>2408.051485955076</ele>
   </trkpt>
   <trkpt lat="43.825120000000005" lon="-114.26312000000001">
    <ele>2407.5910553271765</ele>
   </trkpt>
   <trkpt lat="43.82509" lon="-114.26313">
    <ele>2407.5910553271765</ele>
   </trkpt>
   <trkpt lat="43.82434000000001" lon="-114.26314">
    <ele>2406.7942163573744</ele>
   </trkpt>
   <trkpt lat="43.82379499985377" lon="-114.263119999812">
    <ele>2406.8598897441275</ele>
   </trkpt>
   <trkpt lat="43.82325" lon="-114.26310000000001">
    <ele>2407.296210471942</ele>
   </trkpt>
   <trkpt lat="43.822540000000004" lon="-114.263">
    <ele>2404.5537192430397</ele>
   </trkpt>
   <trkpt lat="43.82233" lon="-114.26292000000001">
    <ele>2402.8579333422313</ele>
   </trkpt>
   <trkpt lat="43.8222" lon="-114.26286">
    <ele>2401.677208422486</ele>
   </trkpt>
   <trkpt lat="43.82199000000001" lon="-114.26264">
    <ele>2399.0431882230523</ele>
   </trkpt>
   <trkpt lat="43.821490000000004" lon="-114.26184">
    <ele>2389.5878090450246</ele>
   </trkpt>
   <trkpt lat="43.82124" lon="-114.26149000000001">
    <ele>2384.388507506656</ele>
   </trkpt>
   <trkpt lat="43.82099" lon="-114.26122000000001">
    <ele>2382.0704131687726</ele>
   </trkpt>
   <trkpt lat="43.82057500029707" lon="-114.26087499741755">
    <ele>2378.094823908913</ele>
   </trkpt>
   <trkpt lat="43.82016" lon="-114.26053">
    <ele>2374.974583970364</ele>
   </trkpt>
   <trkpt lat="43.81954000143687" lon="-114.25992499356259">
    <ele>2370.2753477844526</ele>
   </trkpt>
   <trkpt lat="43.818920000000006" lon="-114.25932">
    <ele>2366.0448200785054</ele>
   </trkpt>
   <trkpt lat="43.81842" lon="-114.25879">
    <ele>2363.553972560433</ele>
   </trkpt>
   <trkpt lat="43.81786" lon="-114.25803">
    <ele>2360.1126555883507</ele>
   </trkpt>
   <trkpt lat="43.817750000000004" lon="-114.25794">
    <ele>2359.105176654183</ele>
   </trkpt>
   <trkpt lat="43.81763" lon="-114.25785">
    <ele>2358.4237327861993</ele>
   </trkpt>
   <trkpt lat="43.8173" lon="-114.25771">
    <ele>2356.207529675197</ele>
   </trkpt>
   <trkpt lat="43.817150000000005" lon="-114.25771">
    <ele>2355.129916478981</ele>
   </trkpt>
   <trkpt lat="43.816690000095186" lon="-114.25775500033822">
    <ele>2351.0650250966105</ele>
   </trkpt>
   <trkpt lat="43.816230000000004" lon="-114.2578">
    <ele>2347.2414359958975</ele>
   </trkpt>
   <trkpt lat="43.81575" lon="-114.25793000000002">
    <ele>2343.231792618305</ele>
   </trkpt>
   <trkpt lat="43.81552000000001" lon="-114.25808">
    <ele>2341.990896276143</ele>
   </trkpt>
   <trkpt lat="43.81515000076517" lon="-114.25848500245455">
    <ele>2338.0373356916584</ele>
   </trkpt>
   <trkpt lat="43.814780000000006" lon="-114.25889000000001">
    <ele>2333.9810865206155</ele>
   </trkpt>
   <trkpt lat="43.814490000000006" lon="-114.25914000000002">
    <ele>2331.781351538648</ele>
   </trkpt>
   <trkpt lat="43.8143" lon="-114.25923">
    <ele>2330.674938415254</ele>
   </trkpt>
   <trkpt lat="43.81416" lon="-114.25928">
    <ele>2330.1412767085753</ele>
   </trkpt>
   <trkpt lat="43.813660000000006" lon="-114.25932">
    <ele>2326.791068092487</ele>
   </trkpt>
   <trkpt lat="43.81324" lon="-114.25943000000001">
    <ele>2324.9480849679485</ele>
   </trkpt>
   <trkpt lat="43.81295" lon="-114.2595">
    <ele>2323.6449229639807</ele>
   </trkpt>
   <trkpt lat="43.8128" lon="-114.25947000000001">
    <ele>2323.1589431878306</ele>
   </trkpt>
   <trkpt lat="43.812250000000006" lon="-114.25932">
    <ele>2320.794627722322</ele>
   </trkpt>
   <trkpt lat="43.81154" lon="-114.25919">
    <ele>2317.009779870086</ele>
   </trkpt>
   <trkpt lat="43.811040000000006" lon="-114.25906">
    <ele>2314.00763097312</ele>
   </trkpt>
   <trkpt lat="43.810750000000006" lon="-114.25906">
    <ele>2312.159912647789</ele>
   </trkpt>
   <trkpt lat="43.810190000000006" lon="-114.25923">
    <ele>2307.68953621126</ele>
   </trkpt>
   <trkpt lat="43.809760000000004" lon="-114.25928">
    <ele>2304.126767821709</ele>
   </trkpt>
   <trkpt lat="43.809610000000006" lon="-114.25928">
    <ele>2303.0363773923445</ele>
   </trkpt>
   <trkpt lat="43.80919" lon="-114.25919">
    <ele>2300.4880134532336</ele>
   </trkpt>
   <trkpt lat="43.808690000000006" lon="-114.25915">
    <ele>2297.8663138439256</ele>
   </trkpt>
   <trkpt lat="43.80848" lon="-114.25907000000001">
    <ele>2296.1072385245816</ele>
   </trkpt>
   <trkpt lat="43.80785" lon="-114.2587">
    <ele>2290.5534470138114</ele>
   </trkpt>
   <trkpt lat="43.80756" lon="-114.25848">
    <ele>2289.0312265931952</ele>
   </trkpt>
   <trkpt lat="43.80698" lon="-114.25784000000002">
    <ele>2283.091906536549</ele>
   </trkpt>
   <trkpt lat="43.806850000000004" lon="-114.25767">
    <ele>2281.9831288241794</ele>
   </trkpt>
   <trkpt lat="43.80664" lon="-114.25727">
    <ele>2279.605017624722</ele>
   </trkpt>
   <trkpt lat="43.80608" lon="-114.2566">
    <ele>2273.9496687048513</ele>
   </trkpt>
   <trkpt lat="43.80547000000001" lon="-114.25601">
    <ele>2268.8048782790393</ele>
   </trkpt>
   <trkpt lat="43.805130000000005" lon="-114.25572000000001">
    <ele>2266.2043192536603</ele>
   </trkpt>
   <trkpt lat="43.80478" lon="-114.25547">
    <ele>2263.6389439275854</ele>
   </trkpt>
   <trkpt lat="43.804140000000004" lon="-114.25513000000001">
    <ele>2259.694866824912</ele>
   </trkpt>
   <trkpt lat="43.80359000000001" lon="-114.25494">
    <ele>2255.6357421032612</ele>
   </trkpt>
   <trkpt lat="43.802870000000006" lon="-114.25459000000001">
    <ele>2247.8068127168017</ele>
   </trkpt>
   <trkpt lat="43.80266" lon="-114.25458">
    <ele>2245.9056316884125</ele>
   </trkpt>
   <trkpt lat="43.80216" lon="-114.25458">
    <ele>2240.9708029652465</ele>
   </trkpt>
   <trkpt lat="43.802020000000006" lon="-114.25458">
    <ele>2240.0812822343096</ele>
   </trkpt>
   <trkpt lat="43.801880000000004" lon="-114.25453">
    <ele>2238.0119853770916</ele>
   </trkpt>
   <trkpt lat="43.801310000886424" lon="-114.2540849957725">
    <ele>2232.428326104487</ele>
   </trkpt>
   <trkpt lat="43.800740000000005" lon="-114.25364">
    <ele>2227.696308182222</ele>
   </trkpt>
   <trkpt lat="43.80050000000001" lon="-114.2535">
    <ele>2225.9306140671324</ele>
   </trkpt>
   <trkpt lat="43.800290000000004" lon="-114.25346">
    <ele>2223.923755789838</ele>
   </trkpt>
   <trkpt lat="43.8001" lon="-114.25356000000001">
    <ele>2223.209834640605</ele>
   </trkpt>
   <trkpt lat="43.800050000000006" lon="-114.25361000000001">
    <ele>2222.5317099341332</ele>
   </trkpt>
   <trkpt lat="43.79999" lon="-114.25374000000001">
    <ele>2221.6344942506225</ele>
   </trkpt>
   <trkpt lat="43.79986" lon="-114.25417000000002">
    <ele>2217.157946991815</ele>
   </trkpt>
   <trkpt lat="43.799710000000005" lon="-114.25486000000001">
    <ele>2213.739167655976</ele>
   </trkpt>
   <trkpt lat="43.799640000000004" lon="-114.25499">
    <ele>2212.2666817401882</ele>
   </trkpt>
   <trkpt lat="43.79955" lon="-114.25512">
    <ele>2211.5138370793306</ele>
   </trkpt>
   <trkpt lat="43.7995" lon="-114.25516">
    <ele>2210.8682778054103</ele>
   </trkpt>
   <trkpt lat="43.7991" lon="-114.25534">
    <ele>2207.9953140520815</ele>
   </trkpt>
   <trkpt lat="43.798480000000005" lon="-114.2557">
    <ele>2202.7602309313147</ele>
   </trkpt>
   <trkpt lat="43.79833000000001" lon="-114.25587000000002">
    <ele>2201.2559735100176</ele>
   </trkpt>
   <trkpt lat="43.798080000000006" lon="-114.25623000000002">
    <ele>2198.1590519088113</ele>
   </trkpt>
   <trkpt lat="43.797900000000006" lon="-114.25633">
    <ele>2196.763744363198</ele>
   </trkpt>
   <trkpt lat="43.797560000000004" lon="-114.25647000000001">
    <ele>2194.125801317064</ele>
   </trkpt>
   <trkpt lat="43.796780000000005" lon="-114.25686">
    <ele>2187.569418509201</ele>
   </trkpt>
   <trkpt lat="43.796640000000004" lon="-114.25691">
    <ele>2185.2985591084403</ele>
   </trkpt>
   <trkpt lat="43.796350000000004" lon="-114.25691">
    <ele>2181.3063502326977</ele>
   </trkpt>
   <trkpt lat="43.796150000000004" lon="-114.25699000000002">
    <ele>2178.7139539878176</ele>
   </trkpt>
   <trkpt lat="43.795910000000006" lon="-114.25713">
    <ele>2172.4658394786898</ele>
   </trkpt>
   <trkpt lat="43.79563" lon="-114.25736">
    <ele>2167.0881096388903</ele>
   </trkpt>
   <trkpt lat="43.79513" lon="-114.25767">
    <ele>2163.029942893319</ele>
   </trkpt>
   <trkpt lat="43.794990000000006" lon="-114.25768000000001">
    <ele>2162.2811391094447</ele>
   </trkpt>
   <trkpt lat="43.79471" lon="-114.25764000000001">
    <ele>2161.9289608470904</ele>
   </trkpt>
   <trkpt lat="43.79457" lon="-114.25768000000001">
    <ele>2161.9517586014326</ele>
   </trkpt>
   <trkpt lat="43.79428" lon="-114.25789">
    <ele>2162.0540525499428</ele>
   </trkpt>
   <trkpt lat="43.7939" lon="-114.25812">
    <ele>2161.3468667968004</ele>
   </trkpt>
   <trkpt lat="43.79381" lon="-114.25822000000001">
    <ele>2160.268281624651</ele>
   </trkpt>
   <trkpt lat="43.79356000000001" lon="-114.25865">
    <ele>2157.341890396802</ele>
   </trkpt>
   <trkpt lat="43.79339" lon="-114.25880000000001">
    <ele>2155.94381585355</ele>
   </trkpt>
   <trkpt lat="43.793260000000004" lon="-114.25888">
    <ele>2155.94381585355</ele>
   </trkpt>
   <trkpt lat="43.79312" lon="-114.25892">
    <ele>2154.438819198869</ele>
   </trkpt>
   <trkpt lat="43.792970000000004" lon="-114.25893">
    <ele>2152.9832927446464</ele>
   </trkpt>
   <trkpt lat="43.792320000000004" lon="-114.25892">
    <ele>2149.3183749460386</ele>
   </trkpt>
   <trkpt lat="43.79196" lon="-114.25893">
    <ele>2146.0459251580314</ele>
   </trkpt>
   <trkpt lat="43.791540000000005" lon="-114.25901">
    <ele>2141.9730317471976</ele>
   </trkpt>
   <trkpt lat="43.791050000000006" lon="-114.25914000000002">
    <ele>2136.4004346938104</ele>
   </trkpt>
   <trkpt lat="43.7907" lon="-114.25924">
    <ele>2134.600836979008</ele>
   </trkpt>
   <trkpt lat="43.790200000000006" lon="-114.25952000000001">
    <ele>2129.196662934176</ele>
   </trkpt>
   <trkpt lat="43.790040000000005" lon="-114.25968">
    <ele>2126.9658402168666</ele>
   </trkpt>
   <trkpt lat="43.78976" lon="-114.26">
    <ele>2124.1580697544928</ele>
   </trkpt>
   <trkpt lat="43.7896" lon="-114.26017000000002">
    <ele>2122.885251348325</ele>
   </trkpt>
   <trkpt lat="43.789480000000005" lon="-114.26024000000001">
    <ele>2122.2465636874313</ele>
   </trkpt>
   <trkpt lat="43.78923" lon="-114.26036">
    <ele>2120.1477421816226</ele>
   </trkpt>
   <trkpt lat="43.78867" lon="-114.26050000000001">
    <ele>2115.7301287173877</ele>
   </trkpt>
   <trkpt lat="43.788093334355416" lon="-114.26085334019173">
    <ele>2109.530909278167</ele>
   </trkpt>
   <trkpt lat="43.7875166676223" lon="-114.26120667356567">
    <ele>2104.456405232617</ele>
   </trkpt>
   <trkpt lat="43.78694" lon="-114.26156">
    <ele>2100.6976641440856</ele>
   </trkpt>
   <trkpt lat="43.78636666816098" lon="-114.26197667467353">
    <ele>2096.766452857619</ele>
   </trkpt>
   <trkpt lat="43.785793334808254" lon="-114.26239334135418">
    <ele>2091.6168792251333</ele>
   </trkpt>
   <trkpt lat="43.78522" lon="-114.26281000000002">
    <ele>2085.431139575031</ele>
   </trkpt>
   <trkpt lat="43.78459500071001" lon="-114.26317500374064">
    <ele>2080.1247367402657</ele>
   </trkpt>
   <trkpt lat="43.783970000000004" lon="-114.26354">
    <ele>2075.3478202121123</ele>
   </trkpt>
   <trkpt lat="43.78367" lon="-114.2638">
    <ele>2072.139262731884</ele>
   </trkpt>
   <trkpt lat="43.78296" lon="-114.26452">
    <ele>2064.4054104145084</ele>
   </trkpt>
   <trkpt lat="43.78273" lon="-114.2647">
    <ele>2062.2123724861563</ele>
   </trkpt>
   <trkpt lat="43.78235" lon="-114.26492">
    <ele>2060.024153216539</ele>
   </trkpt>
   <trkpt lat="43.78161" lon="-114.26523">
    <ele>2053.4540088344993</ele>
   </trkpt>
   <trkpt lat="43.781420000000004" lon="-114.26532">
    <ele>2051.047267694589</ele>
   </trkpt>
   <trkpt lat="43.78112" lon="-114.26555">
    <ele>2048.6886302720245</ele>
   </trkpt>
   <trkpt lat="43.78047600424985" lon="-114.2660440212882">
    <ele>2042.7345161693956</ele>
   </trkpt>
   <trkpt lat="43.77983200637186" lon="-114.26653803193402">
    <ele>2036.8973692081754</ele>
   </trkpt>
   <trkpt lat="43.77918800636615" lon="-114.26703203193789">
    <ele>2031.8900080796452</ele>
   </trkpt>
   <trkpt lat="43.778544004232806" lon="-114.26752602130026">
    <ele>2027.9188783093502</ele>
   </trkpt>
   <trkpt lat="43.7779" lon="-114.26802">
    <ele>2021.8738238637718</ele>
   </trkpt>
   <trkpt lat="43.777570000000004" lon="-114.26832">
    <ele>2018.0793145857033</ele>
   </trkpt>
   <trkpt lat="43.777300000000004" lon="-114.26865000000001">
    <ele>2014.0923055135095</ele>
   </trkpt>
   <trkpt lat="43.776740000000004" lon="-114.26959000000001">
    <ele>2006.2913221789117</ele>
   </trkpt>
   <trkpt lat="43.776650000000004" lon="-114.26971">
    <ele>2004.8464428247976</ele>
   </trkpt>
   <trkpt lat="43.776450000000004" lon="-114.26993000000002">
    <ele>2002.634941802911</ele>
   </trkpt>
   <trkpt lat="43.775822502294076" lon="-114.27035251332786">
    <ele>1997.2930732694724</ele>
   </trkpt>
   <trkpt lat="43.775195003031754" lon="-114.27077501778838">
    <ele>1992.8164898948346</ele>
   </trkpt>
   <trkpt lat="43.774567502213095" lon="-114.27119751338198">
    <ele>1988.090382266994</ele>
   </trkpt>
   <trkpt lat="43.77394" lon="-114.27162000000001">
    <ele>1983.3635056107923</ele>
   </trkpt>
   <trkpt lat="43.77329000160573" lon="-114.27223000664543">
    <ele>1977.2376914660579</ele>
   </trkpt>
   <trkpt lat="43.77264" lon="-114.27284000000002">
    <ele>1973.1684964200836</ele>
   </trkpt>
   <trkpt lat="43.772240000000004" lon="-114.27318000000001">
    <ele>1971.2724838373335</ele>
   </trkpt>
   <trkpt lat="43.77185" lon="-114.27347">
    <ele>1969.6741832355297</ele>
   </trkpt>
   <trkpt lat="43.77110787319428" lon="-114.27400222869271">
    <ele>1967.2531651237757</ele>
   </trkpt>
   <trkpt lat="43.77036574391895" lon="-114.27453444417722">
    <ele>1965.1469118779614</ele>
   </trkpt>
   <trkpt lat="43.76962361217408" lon="-114.27506664645416">
    <ele>1963.3184183918586</ele>
   </trkpt>
   <trkpt lat="43.76888147795983" lon="-114.27559883552415">
    <ele>1961.754017695403</ele>
   </trkpt>
   <trkpt lat="43.76813934127632" lon="-114.27613101138782">
    <ele>1960.699521698092</ele>
   </trkpt>
   <trkpt lat="43.76739720212367" lon="-114.27666317404578">
    <ele>1960.2378470613844</ele>
   </trkpt>
   <trkpt lat="43.766655060502" lon="-114.27719532349867">
    <ele>1959.709037244969</ele>
   </trkpt>
   <trkpt lat="43.76591291641146" lon="-114.27772745974711">
    <ele>1958.4376271436768</ele>
   </trkpt>
   <trkpt lat="43.76517076985214" lon="-114.27825958279175">
    <ele>1956.3015058039844</ele>
   </trkpt>
   <trkpt lat="43.7644286208242" lon="-114.27879169263319">
    <ele>1953.8519172934155</ele>
   </trkpt>
   <trkpt lat="43.76368646932775" lon="-114.27932378927208">
    <ele>1951.3291564293</ele>
   </trkpt>
   <trkpt lat="43.76294431536289" lon="-114.279855872709">
    <ele>1948.7515296658999</ele>
   </trkpt>
   <trkpt lat="43.76220215892979" lon="-114.28038794294461">
    <ele>1946.4641166592842</ele>
   </trkpt>
   <trkpt lat="43.76146000000001" lon="-114.28092000000001">
    <ele>1944.4276514100484</ele>
   </trkpt>
   <trkpt lat="43.76095" lon="-114.28131">
    <ele>1943.2405724053297</ele>
   </trkpt>
   <trkpt lat="43.76031333521522" lon="-114.2817700097631">
    <ele>1942.901433413262</ele>
   </trkpt>
   <trkpt lat="43.75967666858559" lon="-114.28223000973618">
    <ele>1943.9511734484522</ele>
   </trkpt>
   <trkpt lat="43.759040000000006" lon="-114.28269">
    <ele>1945.5495890732557</ele>
   </trkpt>
   <trkpt lat="43.75856" lon="-114.28301">
    <ele>1946.174784532546</ele>
   </trkpt>
   <trkpt lat="43.757940000000005" lon="-114.28338000000001">
    <ele>1945.400500991314</ele>
   </trkpt>
   <trkpt lat="43.757360000000006" lon="-114.28369">
    <ele>1943.5468169675707</ele>
   </trkpt>
   <trkpt lat="43.75666000046246" lon="-114.2840250039317">
    <ele>1940.7213768296585</ele>
   </trkpt>
   <trkpt lat="43.75596" lon="-114.28436">
    <ele>1937.446679619873</ele>
   </trkpt>
   <trkpt lat="43.755500000000005" lon="-114.28462">
    <ele>1936.0357689181576</ele>
   </trkpt>
   <trkpt lat="43.75513" lon="-114.28484">
    <ele>1936.1727039236496</ele>
   </trkpt>
   <trkpt lat="43.754490000000004" lon="-114.2853">
    <ele>1938.0309428190053</ele>
   </trkpt>
   <trkpt lat="43.753890000000006" lon="-114.28583">
    <ele>1938.9749106768031</ele>
   </trkpt>
   <trkpt lat="43.75328750410258" lon="-114.28639251702201">
    <ele>1937.73716143787</ele>
   </trkpt>
   <trkpt lat="43.752685005446494" lon="-114.2869550227177">
    <ele>1937.489844351664</ele>
   </trkpt>
   <trkpt lat="43.75208250403186" lon="-114.2875175170875">
    <ele>1939.2455363311938</ele>
   </trkpt>
   <trkpt lat="43.75148" lon="-114.28808000000001">
    <ele>1941.584752062359</ele>
   </trkpt>
   <trkpt lat="43.750930000000004" lon="-114.28866000000001">
    <ele>1943.6816567446897</ele>
   </trkpt>
   <trkpt lat="43.750620000000005" lon="-114.28906">
    <ele>1943.9998388965043</ele>
   </trkpt>
   <trkpt lat="43.750460000000004" lon="-114.28932">
    <ele>1944.0396946171818</ele>
   </trkpt>
   <trkpt lat="43.75011000168223" lon="-114.28995500385032">
    <ele>1944.0105736124133</ele>
   </trkpt>
   <trkpt lat="43.74976" lon="-114.29059000000001">
    <ele>1943.534302821767</ele>
   </trkpt>
   <trkpt lat="43.749390000000005" lon="-114.29116">
    <ele>1943.6111305773888</ele>
   </trkpt>
   <trkpt lat="43.748960000000004" lon="-114.29165">
    <ele>1942.382368288207</ele>
   </trkpt>
   <trkpt lat="43.74844666897172" lon="-114.29217000897235">
    <ele>1939.8391200251801</ele>
   </trkpt>
   <trkpt lat="43.747933335585955" lon="-114.29269000902535">
    <ele>1936.4490801520208</ele>
   </trkpt>
   <trkpt lat="43.747420000000005" lon="-114.29321000000002">
    <ele>1934.2584978901411</ele>
   </trkpt>
   <trkpt lat="43.746790000000004" lon="-114.29379000000002">
    <ele>1933.277782591129</ele>
   </trkpt>
   <trkpt lat="43.746330000613966" lon="-114.29415500277854">
    <ele>1932.955258901955</ele>
   </trkpt>
   <trkpt lat="43.745870000000004" lon="-114.29452">
    <ele>1931.884051597291</ele>
   </trkpt>
   <trkpt lat="43.745125465282534" lon="-114.29501642537204">
    <ele>1928.9996604412536</ele>
   </trkpt>
   <trkpt lat="43.74438092841661" lon="-114.29551283839562">
    <ele>1928.1123230076062</ele>
   </trkpt>
   <trkpt lat="43.74363638940232" lon="-114.29600923907141">
    <ele>1926.3144895885168</ele>
   </trkpt>
   <trkpt lat="43.74289184823981" lon="-114.2965056273999">
    <ele>1924.1935400783998</ele>
   </trkpt>
   <trkpt lat="43.742147304929134" lon="-114.29700200338176">
    <ele>1921.9480873148534</ele>
   </trkpt>
   <trkpt lat="43.74140275947044" lon="-114.29749836701755">
    <ele>1919.719289871258</ele>
   </trkpt>
   <trkpt lat="43.74065821186384" lon="-114.29799471830789">
    <ele>1917.732570014946</ele>
   </trkpt>
   <trkpt lat="43.73991366210944" lon="-114.29849105725333">
    <ele>1916.0911849993088</ele>
   </trkpt>
   <trkpt lat="43.73916911020734" lon="-114.2989873838545">
    <ele>1914.4106087130465</ele>
   </trkpt>
   <trkpt lat="43.738424556157646" lon="-114.29948369811197">
    <ele>1912.5135041467568</ele>
   </trkpt>
   <trkpt lat="43.737680000000005" lon="-114.29998">
    <ele>1910.4811418909073</ele>
   </trkpt>
   <trkpt lat="43.737" lon="-114.30047">
    <ele>1907.7496129015917</ele>
   </trkpt>
   <trkpt lat="43.73685666666667" lon="-114.30059">
    <ele>1907.2467621539624</ele>
   </trkpt>
   <trkpt lat="43.73671322177587" lon="-114.30070975532858">
    <ele>1907.2467621539624</ele>
   </trkpt>
   <trkpt lat="43.7365713703296" lon="-114.30083279670832">
    <ele>1906.8189156407286</ele>
   </trkpt>
   <trkpt lat="43.73640388454603" lon="-114.30100012701959">
    <ele>1906.8189156407286</ele>
   </trkpt>
   <trkpt lat="43.73586672347414" lon="-114.30158145036201">
    <ele>1904.4614364916445</ele>
   </trkpt>
   <trkpt lat="43.735258395972245" lon="-114.30231126647904">
    <ele>1899.2697780535748</ele>
   </trkpt>
   <trkpt lat="43.73469005767018" lon="-114.30306352003049">
    <ele>1894.9690627623543</ele>
   </trkpt>
   <trkpt lat="43.73405965660317" lon="-114.30393572180053">
    <ele>1891.8341123391804</ele>
   </trkpt>
   <trkpt lat="43.73346036764255" lon="-114.30477651091466">
    <ele>1890.0448382509223</ele>
   </trkpt>
   <trkpt lat="43.732854205511906" lon="-114.30563271151385">
    <ele>1887.2242783423947</ele>
   </trkpt>
   <trkpt lat="43.73224438331567" lon="-114.3064970259317">
    <ele>1883.4502926967052</ele>
   </trkpt>
   <trkpt lat="43.73179532252176" lon="-114.30715712602617">
    <ele>1879.5095014389208</ele>
   </trkpt>
   <trkpt lat="43.731330492056486" lon="-114.30790790463823">
    <ele>1875.8347451917969</ele>
   </trkpt>
   <trkpt lat="43.73078912895208" lon="-114.30885693115205">
    <ele>1872.3927187923719</ele>
   </trkpt>
   <trkpt lat="43.73028639670041" lon="-114.30980924832838">
    <ele>1870.4850245694251</ele>
   </trkpt>
   <trkpt lat="43.72981243417964" lon="-114.31085757406356">
    <ele>1869.525252534966</ele>
   </trkpt>
   <trkpt lat="43.72938047496538" lon="-114.3118163145009">
    <ele>1869.3821380516767</ele>
   </trkpt>
   <trkpt lat="43.728934286947826" lon="-114.31280784474896">
    <ele>1869.2626926962669</ele>
   </trkpt>
   <trkpt lat="43.72852283403507" lon="-114.31372343725273">
    <ele>1868.9307872012084</ele>
   </trkpt>
   <trkpt lat="43.72810270803404" lon="-114.31465986846192">
    <ele>1868.0937580155612</ele>
   </trkpt>
   <trkpt lat="43.72769105794117" lon="-114.31557941780683">
    <ele>1866.7281796219104</ele>
   </trkpt>
   <trkpt lat="43.727244390666435" lon="-114.31658056537705">
    <ele>1865.2733552073223</ele>
   </trkpt>
   <trkpt lat="43.72681022694128" lon="-114.31756170711229">
    <ele>1864.0586679229725</ele>
   </trkpt>
   <trkpt lat="43.726412233425016" lon="-114.31851838483612">
    <ele>1863.093136040068</ele>
   </trkpt>
   <trkpt lat="43.72601455794473" lon="-114.31956739637121">
    <ele>1860.7406675477916</ele>
   </trkpt>
   <trkpt lat="43.725648480058084" lon="-114.32061475085952">
    <ele>1858.863205252702</ele>
   </trkpt>
   <trkpt lat="43.72527390907918" lon="-114.32170647683277">
    <ele>1857.0898433703314</ele>
   </trkpt>
   <trkpt lat="43.72489366902296" lon="-114.32274229661054">
    <ele>1856.1704490283234</ele>
   </trkpt>
   <trkpt lat="43.72459698081165" lon="-114.32347090016226">
    <ele>1854.8056456918755</ele>
   </trkpt>
   <trkpt lat="43.72435251774286" lon="-114.3239889882635">
    <ele>1853.5580305406074</ele>
   </trkpt>
   <trkpt lat="43.72404779624517" lon="-114.32455233730671">
    <ele>1853.3717165404757</ele>
   </trkpt>
   <trkpt lat="43.72367699644596" lon="-114.32515525586561">
    <ele>1853.678624698374</ele>
   </trkpt>
   <trkpt lat="43.7232357433897" lon="-114.32580071933789">
    <ele>1853.765323771938</ele>
   </trkpt>
   <trkpt lat="43.72261694834747" lon="-114.32664576931744">
    <ele>1852.8418543267992</ele>
   </trkpt>
   <trkpt lat="43.7220293794765" lon="-114.32744740712012">
    <ele>1851.664694555299</ele>
   </trkpt>
   <trkpt lat="43.721488495839886" lon="-114.32823211107359">
    <ele>1851.950302655443</ele>
   </trkpt>
   <trkpt lat="43.72090089462246" lon="-114.32914204012904">
    <ele>1853.2555298510688</ele>
   </trkpt>
   <trkpt lat="43.72033111086981" lon="-114.33008615409848">
    <ele>1854.880639984384</ele>
   </trkpt>
   <trkpt lat="43.71987673898044" lon="-114.33090297950447">
    <ele>1855.6991104636998</ele>
   </trkpt>
   <trkpt lat="43.71950695755352" lon="-114.33163596479821">
    <ele>1856.1110878107227</ele>
   </trkpt>
   <trkpt lat="43.71904024189124" lon="-114.33265811217203">
    <ele>1856.023737443131</ele>
   </trkpt>
   <trkpt lat="43.71855266708163" lon="-114.33369800064409">
    <ele>1855.2823121049478</ele>
   </trkpt>
   <trkpt lat="43.71805865891561" lon="-114.33471084354026">
    <ele>1854.4102806793865</ele>
   </trkpt>
   <trkpt lat="43.717607976779945" lon="-114.33557374063132">
    <ele>1853.6855473052594</ele>
   </trkpt>
   <trkpt lat="43.717190033483966" lon="-114.33627350007238">
    <ele>1852.6850407834008</ele>
   </trkpt>
   <trkpt lat="43.716790652152014" lon="-114.33690190740599">
    <ele>1851.5991964383586</ele>
   </trkpt>
   <trkpt lat="43.71645760481376" lon="-114.33735706697453">
    <ele>1850.2502494121582</ele>
   </trkpt>
   <trkpt lat="43.71608512057811" lon="-114.33779549173181">
    <ele>1849.1357050848644</ele>
   </trkpt>
   <trkpt lat="43.715674387192685" lon="-114.33821561346579">
    <ele>1847.943004070392</ele>
   </trkpt>
   <trkpt lat="43.715175664090665" lon="-114.33866472434208">
    <ele>1846.7843216171088</ele>
   </trkpt>
   <trkpt lat="43.71445110817278" lon="-114.33924869605372">
    <ele>1845.769665744577</ele>
   </trkpt>
   <trkpt lat="43.71371761140487" lon="-114.33979943905454">
    <ele>1844.8720809369615</ele>
   </trkpt>
   <trkpt lat="43.712946194511204" lon="-114.34035703474684">
    <ele>1844.3843580893001</ele>
   </trkpt>
   <trkpt lat="43.71216910950823" lon="-114.34090981096413">
    <ele>1843.1640752648666</ele>
   </trkpt>
   <trkpt lat="43.71141860841235" lon="-114.34144609554002">
    <ele>1841.92993707442</ele>
   </trkpt>
   <trkpt lat="43.71066225440117" lon="-114.34200302999692">
    <ele>1840.5985176618458</ele>
   </trkpt>
   <trkpt lat="43.71023896786142" lon="-114.34234303406481">
    <ele>1839.8070499628602</ele>
   </trkpt>
   <trkpt lat="43.70986727799159" lon="-114.34268710815543">
    <ele>1839.4309610172775</ele>
   </trkpt>
   <trkpt lat="43.709499351775705" lon="-114.34308060033354">
    <ele>1839.2162276276904</ele>
   </trkpt>
   <trkpt lat="43.70914899154133" lon="-114.34351655891284">
    <ele>1838.8137238182833</ele>
   </trkpt>
   <trkpt lat="43.70882613581004" lon="-114.343982752281">
    <ele>1837.9790272401763</ele>
   </trkpt>
   <trkpt lat="43.70848766728203" lon="-114.34454176506127">
    <ele>1836.7888465496842</ele>
   </trkpt>
   <trkpt lat="43.70793351111085" lon="-114.34549590141516">
    <ele>1836.7345092704165</ele>
   </trkpt>
   <trkpt lat="43.70744553737834" lon="-114.34627491859867">
    <ele>1837.484081769744</ele>
   </trkpt>
   <trkpt lat="43.70711073651811" lon="-114.34675015146887">
    <ele>1837.5948752540353</ele>
   </trkpt>
   <trkpt lat="43.70693877041411" lon="-114.34694735928082">
    <ele>1837.0724730698553</ele>
   </trkpt>
   <trkpt lat="43.70666955803516" lon="-114.34718176039402">
    <ele>1836.9154727696027</ele>
   </trkpt>
   <trkpt lat="43.70621316834007" lon="-114.34750856333532">
    <ele>1835.3855862478206</ele>
   </trkpt>
   <trkpt lat="43.705410482026586" lon="-114.34804376644487">
    <ele>1832.6051719175505</ele>
   </trkpt>
   <trkpt lat="43.70462116143459" lon="-114.34855910859321">
    <ele>1829.8673854694177</ele>
   </trkpt>
   <trkpt lat="43.70381739080405" lon="-114.34906736078916">
    <ele>1827.3913436879327</ele>
   </trkpt>
   <trkpt lat="43.70306871611308" lon="-114.34953417660432">
    <ele>1824.5593848913657</ele>
   </trkpt>
   <trkpt lat="43.702305805510065" lon="-114.3500044771555">
    <ele>1822.6558712025453</ele>
   </trkpt>
   <trkpt lat="43.701514454056024" lon="-114.35048571566334">
    <ele>1822.2305895808468</ele>
   </trkpt>
   <trkpt lat="43.7007284463755" lon="-114.35095766665837">
    <ele>1822.418407823694</ele>
   </trkpt>
   <trkpt lat="43.699921409989194" lon="-114.35146328803407">
    <ele>1822.1031049177718</ele>
   </trkpt>
   <trkpt lat="43.69953382117107" lon="-114.35174594214885">
    <ele>1821.5900209754068</ele>
   </trkpt>
   <trkpt lat="43.69928500792365" lon="-114.3519715377393">
    <ele>1821.1218126025972</ele>
   </trkpt>
   <trkpt lat="43.69910803652649" lon="-114.35218088271202">
    <ele>1820.760120920404</ele>
   </trkpt>
   <trkpt lat="43.698855230408014" lon="-114.3525797317378">
    <ele>1820.5354593699544</ele>
   </trkpt>
   <trkpt lat="43.69832439255353" lon="-114.35349472422821">
    <ele>1819.2165392769493</ele>
   </trkpt>
   <trkpt lat="43.697825038878015" lon="-114.35443326754134">
    <ele>1818.8948915382014</ele>
   </trkpt>
   <trkpt lat="43.69751245352106" lon="-114.35496333935421">
    <ele>1818.6666815095168</ele>
   </trkpt>
   <trkpt lat="43.69718365428177" lon="-114.35545067582149">
    <ele>1818.7743561682473</ele>
   </trkpt>
   <trkpt lat="43.696916324356984" lon="-114.35578680455421">
    <ele>1818.7775000884408</ele>
   </trkpt>
   <trkpt lat="43.69661739776022" lon="-114.35609067606357">
    <ele>1818.6456712498232</ele>
   </trkpt>
   <trkpt lat="43.696313543877814" lon="-114.35634214111587">
    <ele>1817.9323001977166</ele>
   </trkpt>
   <trkpt lat="43.696007196645155" lon="-114.35654244323612">
    <ele>1816.6985261078867</ele>
   </trkpt>
   <trkpt lat="43.69565053974302" lon="-114.35672158767265">
    <ele>1816.1477827434192</ele>
   </trkpt>
   <trkpt lat="43.69525849025211" lon="-114.35686688712806">
    <ele>1814.2961899618172</ele>
   </trkpt>
   <trkpt lat="43.69455491345134" lon="-114.35705791562992">
    <ele>1810.923375398156</ele>
   </trkpt>
   <trkpt lat="43.69371441213978" lon="-114.35725172857232">
    <ele>1809.1188463061749</ele>
   </trkpt>
   <trkpt lat="43.693161614685316" lon="-114.35733919650325">
    <ele>1808.2300053342037</ele>
   </trkpt>
   <trkpt lat="43.69295314878203" lon="-114.35732008685378">
    <ele>1808.0889085665447</ele>
   </trkpt>
   <trkpt lat="43.692730000000005" lon="-114.35728000000002">
    <ele>1808.0462011600116</ele>
   </trkpt>
   <trkpt lat="43.69252" lon="-114.35724">
    <ele>1808.0462011600116</ele>
   </trkpt>
   <trkpt lat="43.69209" lon="-114.35712000000001">
    <ele>1805.4755982417616</ele>
   </trkpt>
   <trkpt lat="43.69153500005942" lon="-114.35693499825811">
    <ele>1804.5145058146875</ele>
   </trkpt>
   <trkpt lat="43.69098" lon="-114.35675">
    <ele>1801.6018021245318</ele>
   </trkpt>
   <trkpt lat="43.69041000000001" lon="-114.35660000000001">
    <ele>1800.3863746662325</ele>
   </trkpt>
   <trkpt lat="43.69019" lon="-114.35659000000001">
    <ele>1800.3863746662325</ele>
   </trkpt>
   <trkpt lat="43.69005000000001" lon="-114.35657">
    <ele>1799.662996474123</ele>
   </trkpt>
   <trkpt lat="43.68968" lon="-114.35662">
    <ele>1799.662996474123</ele>
   </trkpt>
   <trkpt lat="43.689260000000004" lon="-114.3567">
    <ele>1799.0212079418718</ele>
   </trkpt>
   <trkpt lat="43.68864000000001" lon="-114.35698000000001">
    <ele>1798.0084388349794</ele>
   </trkpt>
   <trkpt lat="43.68824" lon="-114.35721000000001">
    <ele>1796.905813335613</ele>
   </trkpt>
   <trkpt lat="43.68753750251504" lon="-114.35764751536392">
    <ele>1795.6752159516939</ele>
   </trkpt>
   <trkpt lat="43.68683500336142" lon="-114.35808502047989">
    <ele>1793.6679667566318</ele>
   </trkpt>
   <trkpt lat="43.686613983011824" lon="-114.35822507951369">
    <ele>1793.22500441538</ele>
   </trkpt>
   <trkpt lat="43.68663636117686" lon="-114.35843432156146">
    <ele>1793.112648947068</ele>
   </trkpt>
   <trkpt lat="43.686654094714974" lon="-114.35864403686132">
    <ele>1792.9639566353624</ele>
   </trkpt>
   <trkpt lat="43.6866593726299" lon="-114.35892649105136">
    <ele>1792.687036698906</ele>
   </trkpt>
   <trkpt lat="43.68665350980157" lon="-114.35911935713136">
    <ele>1792.687036698906</ele>
   </trkpt>
   <trkpt lat="43.68661513114471" lon="-114.35934090395777">
    <ele>1792.5232230660536</ele>
   </trkpt>
   <trkpt lat="43.68656470922153" lon="-114.35947251109039">
    <ele>1792.3388449105369</ele>
   </trkpt>
   <trkpt lat="43.686392777733296" lon="-114.35963682174615">
    <ele>1792.2020189788063</ele>
   </trkpt>
   <trkpt lat="43.68627447306981" lon="-114.35971782412432">
    <ele>1792.1098173424311</ele>
   </trkpt>
   <trkpt lat="43.68615364501197" lon="-114.35979250779235">
    <ele>1792.1098173424311</ele>
   </trkpt>
  </trkseg>
 </trk>
</gpx>