<?xml version="1.0" encoding="UTF-8"?>
<gpx creator="Lanterne Rouge" version="1.1" xmlns="http://www.topografix.com/GPX/1/1" xmlns:xsi="http://www.w3.org/2001/XMLSchema-instance" xsi:schemaLocation="http://www.topografix.com/GPX/1/1 http://www.topografix.com/GPX/1/1/gpx.xsd">
 <metadata>
  <name>Dollarhide</name>
  <author>
   <name>Lanterne Rouge</name>
   <link href="https://lanternerouge.app"/>
  </author>
 </metadata>
 <wpt lat="43.64114332565444" lon="-114.49076547323676">
  <name>Frenchman&apos;s Hot Spring</name>
 </wpt>
 <wpt lat="43.59344" lon="-114.68317">
  <name>RACE End</name>
 </wpt>
 <wpt lat="43.60566" lon="-114.63039">
  <name>RACE Start</name>
 </wpt>
 <wpt lat="43.60568311024184" lon="-114.63007838231526">
  <name>Toilets</name>
 </wpt>
 <wpt lat="43.64141375786642" lon="-114.49756659384704">
  <name>Pit Toilet</name>
 </wpt>
 <wpt lat="43.678699711907086" lon="-114.3631451736147">
  <name>START</name>
 </wpt>
 <wpt lat="43.59379906319583" lon="-114.68306867293775">
  <name>Chaise Lounge</name>
 </wpt>
 <wpt lat="43.64120689686595" lon="-114.49087257143299">
  <name>Salsa Pepper on Dollarhide</name>
 </wpt>
 <trk>
  <name>Dollarhide</name>
  <type>cycling</type>
  <trkseg>
   <trkpt lat="43.67870210320882" lon="-114.36315509295527">
    <ele>1778.67836472776</ele>
   </trkpt>
   <trkpt lat="43.67884" lon="-114.36336000000001">
    <ele>1778.67836472776</ele>
   </trkpt>
   <trkpt lat="43.67898" lon="-114.36355">
    <ele>1778.7804871680662</ele>
   </trkpt>
   <trkpt lat="43.67871" lon="-114.36391">
    <ele>1778.7804871680662</ele>
   </trkpt>
   <trkpt lat="43.67835000120753" lon="-114.36443000307811">
    <ele>1779.013845427269</ele>
   </trkpt>
   <trkpt lat="43.67799" lon="-114.36495000000001">
    <ele>1777.2184185781007</ele>
   </trkpt>
   <trkpt lat="43.67741000291253" lon="-114.36575500765903">
    <ele>1775.3987659832346</ele>
   </trkpt>
   <trkpt lat="43.67683" lon="-114.36656">
    <ele>1773.5519248138294</ele>
   </trkpt>
   <trkpt lat="43.6769" lon="-114.36666000000001">
    <ele>1773.2776207323595</ele>
   </trkpt>
   <trkpt lat="43.6769" lon="-114.36667000000001">
    <ele>1773.2776207323595</ele>
   </trkpt>
   <trkpt lat="43.67731000131897" lon="-114.3672399959702">
    <ele>1772.183776370046</ele>
   </trkpt>
   <trkpt lat="43.67772" lon="-114.36781">
    <ele>1771.1150442899996</ele>
   </trkpt>
   <trkpt lat="43.67779" lon="-114.36789">
    <ele>1771.1150442899996</ele>
   </trkpt>
   <trkpt lat="43.677870000000006" lon="-114.36795000000001">
    <ele>1771.1150442899996</ele>
   </trkpt>
   <trkpt lat="43.67795" lon="-114.36796000000001">
    <ele>1770.1051858970823</ele>
   </trkpt>
   <trkpt lat="43.677960000000006" lon="-114.36816">
    <ele>1769.7413374323467</ele>
   </trkpt>
   <trkpt lat="43.67799" lon="-114.3683">
    <ele>1769.568192925077</ele>
   </trkpt>
   <trkpt lat="43.678070000000005" lon="-114.36843">
    <ele>1769.3582567283459</ele>
   </trkpt>
   <trkpt lat="43.67821000000001" lon="-114.36852">
    <ele>1768.8962691301692</ele>
   </trkpt>
   <trkpt lat="43.678380000000004" lon="-114.36857">
    <ele>1768.4247163853847</ele>
   </trkpt>
   <trkpt lat="43.678470000000004" lon="-114.3687">
    <ele>1768.0400161543025</ele>
   </trkpt>
   <trkpt lat="43.678160000000005" lon="-114.36934000000001">
    <ele>1764.8329287285324</ele>
   </trkpt>
   <trkpt lat="43.67873" lon="-114.36946">
    <ele>1764.867089431696</ele>
   </trkpt>
   <trkpt lat="43.67887" lon="-114.36951">
    <ele>1764.867089431696</ele>
   </trkpt>
   <trkpt lat="43.679430000300094" lon="-114.36959999920256">
    <ele>1765.0254673860632</ele>
   </trkpt>
   <trkpt lat="43.679990000000004" lon="-114.36969">
    <ele>1765.1651247779917</ele>
   </trkpt>
   <trkpt lat="43.679520000000004" lon="-114.37034000000001">
    <ele>1765.3453803259963</ele>
   </trkpt>
   <trkpt lat="43.67987000086584" lon="-114.3707999972424">
    <ele>1765.434929748945</ele>
   </trkpt>
   <trkpt lat="43.680220000000006" lon="-114.37126">
    <ele>1765.69769783589</ele>
   </trkpt>
   <trkpt lat="43.680640000000004" lon="-114.37180000000001">
    <ele>1765.9215352692383</ele>
   </trkpt>
   <trkpt lat="43.68122000288804" lon="-114.37098500788889">
    <ele>1766.85560388569</ele>
   </trkpt>
   <trkpt lat="43.6818" lon="-114.37017000000002">
    <ele>1768.3723716094319</ele>
   </trkpt>
   <trkpt lat="43.681850000000004" lon="-114.37022">
    <ele>1768.3723716094319</ele>
   </trkpt>
   <trkpt lat="43.68225" lon="-114.36969">
    <ele>1768.895222886957</ele>
   </trkpt>
   <trkpt lat="43.682289957323846" lon="-114.36967960217541">
    <ele>1768.895222886957</ele>
   </trkpt>
   <trkpt lat="43.68241361547434" lon="-114.36983472625204">
    <ele>1768.9370952303389</ele>
   </trkpt>
   <trkpt lat="43.68253842262506" lon="-114.36999270030118">
    <ele>1769.233954073263</ele>
   </trkpt>
   <trkpt lat="43.682697" lon="-114.37014799999999">
    <ele>1769.2108405176064</ele>
   </trkpt>
   <trkpt lat="43.682969" lon="-114.370166">
    <ele>1769.1319363084535</ele>
   </trkpt>
   <trkpt lat="43.683168" lon="-114.370057">
    <ele>1769.2720739773936</ele>
   </trkpt>
   <trkpt lat="43.683302" lon="-114.37006200000002">
    <ele>1769.4414310852985</ele>
   </trkpt>
   <trkpt lat="43.683634" lon="-114.370107">
    <ele>1770.014320048143</ele>
   </trkpt>
   <trkpt lat="43.683781" lon="-114.370145">
    <ele>1770.3026171310562</ele>
   </trkpt>
   <trkpt lat="43.68392" lon="-114.37028099999999">
    <ele>1770.6441502987627</ele>
   </trkpt>
   <trkpt lat="43.684224" lon="-114.37035399999999">
    <ele>1771.302541697862</ele>
   </trkpt>
   <trkpt lat="43.685023" lon="-114.37045100000002">
    <ele>1772.083318483718</ele>
   </trkpt>
   <trkpt lat="43.685089" lon="-114.37052">
    <ele>1772.1049649249596</ele>
   </trkpt>
   <trkpt lat="43.685188" lon="-114.370532">
    <ele>1772.1114228083734</ele>
   </trkpt>
   <trkpt lat="43.685217" lon="-114.37065399999999">
    <ele>1772.1209799782232</ele>
   </trkpt>
   <trkpt lat="43.68528899999999" lon="-114.370825">
    <ele>1772.1440025243505</ele>
   </trkpt>
   <trkpt lat="43.685337" lon="-114.370901">
    <ele>1772.1815735308044</ele>
   </trkpt>
   <trkpt lat="43.68545" lon="-114.371027">
    <ele>1772.2686919873365</ele>
   </trkpt>
   <trkpt lat="43.68558" lon="-114.371115">
    <ele>1772.3755233526306</ele>
   </trkpt>
   <trkpt lat="43.685869" lon="-114.371284">
    <ele>1772.4449037098186</ele>
   </trkpt>
   <trkpt lat="43.686643" lon="-114.371716">
    <ele>1772.773234738866</ele>
   </trkpt>
   <trkpt lat="43.686771" lon="-114.371806">
    <ele>1772.9295296798045</ele>
   </trkpt>
   <trkpt lat="43.686957" lon="-114.37196699999998">
    <ele>1773.0705223129553</ele>
   </trkpt>
   <trkpt lat="43.687119" lon="-114.37214600000001">
    <ele>1773.0490073210945</ele>
   </trkpt>
   <trkpt lat="43.687314" lon="-114.372433">
    <ele>1773.086084103824</ele>
   </trkpt>
   <trkpt lat="43.687437" lon="-114.37267200000001">
    <ele>1773.076155710984</ele>
   </trkpt>
   <trkpt lat="43.68754820454585" lon="-114.37300038462884">
    <ele>1774.4620699596492</ele>
   </trkpt>
   <trkpt lat="43.68761836523029" lon="-114.3732013302057">
    <ele>1774.6639360508711</ele>
   </trkpt>
   <trkpt lat="43.68768967248863" lon="-114.37340241665105">
    <ele>1775.6932579386828</ele>
   </trkpt>
   <trkpt lat="43.687746667788616" lon="-114.3736099987871">
    <ele>1776.0657113436625</ele>
   </trkpt>
   <trkpt lat="43.687850000000005" lon="-114.37403">
    <ele>1777.9459348419675</ele>
   </trkpt>
   <trkpt lat="43.687990000000006" lon="-114.37452">
    <ele>1779.97647858976</ele>
   </trkpt>
   <trkpt lat="43.68824" lon="-114.37511">
    <ele>1783.6007369388353</ele>
   </trkpt>
   <trkpt lat="43.688460000000006" lon="-114.37581000000002">
    <ele>1785.4563672315892</ele>
   </trkpt>
   <trkpt lat="43.68878002471964" lon="-114.37687497159288">
    <ele>1785.3205506402119</ele>
   </trkpt>
   <trkpt lat="43.68910003955207" lon="-114.37793995454996">
    <ele>1785.206935339352</ele>
   </trkpt>
   <trkpt lat="43.6894200444971" lon="-114.3790049488712">
    <ele>1785.1822976149244</ele>
   </trkpt>
   <trkpt lat="43.68974003955451" lon="-114.38006995455643">
    <ele>1784.4279299446607</ele>
   </trkpt>
   <trkpt lat="43.69006002472407" lon="-114.38113497160558">
    <ele>1784.0895169867588</ele>
   </trkpt>
   <trkpt lat="43.690380000000005" lon="-114.38220000000001">
    <ele>1784.7862971591667</ele>
   </trkpt>
   <trkpt lat="43.69066" lon="-114.38334">
    <ele>1785.9110995086457</ele>
   </trkpt>
   <trkpt lat="43.69070000000001" lon="-114.38338">
    <ele>1786.7666077749857</ele>
   </trkpt>
   <trkpt lat="43.690720000000006" lon="-114.38349000000001">
    <ele>1786.3028509184385</ele>
   </trkpt>
   <trkpt lat="43.69071" lon="-114.38356">
    <ele>1786.3028509184385</ele>
   </trkpt>
   <trkpt lat="43.69075" lon="-114.38379">
    <ele>1786.4746645557177</ele>
   </trkpt>
   <trkpt lat="43.690830000000005" lon="-114.38429000000001">
    <ele>1786.7919162851138</ele>
   </trkpt>
   <trkpt lat="43.69098500627555" lon="-114.38548999689031">
    <ele>1787.6547696246319</ele>
   </trkpt>
   <trkpt lat="43.691140000000004" lon="-114.38669000000002">
    <ele>1787.9390298204735</ele>
   </trkpt>
   <trkpt lat="43.691190000000006" lon="-114.38743000000001">
    <ele>1788.1732184607283</ele>
   </trkpt>
   <trkpt lat="43.691124017503235" lon="-114.38843200443615">
    <ele>1789.0910506358289</ele>
   </trkpt>
   <trkpt lat="43.69105802625395" lon="-114.38943400666743">
    <ele>1789.840713735013</ele>
   </trkpt>
   <trkpt lat="43.69099202625222" lon="-114.39043600669352">
    <ele>1790.440662515287</ele>
   </trkpt>
   <trkpt lat="43.69092601749804" lon="-114.39143800451419">
    <ele>1791.5181695846986</ele>
   </trkpt>
   <trkpt lat="43.69086" lon="-114.39244000000001">
    <ele>1792.7728713345307</ele>
   </trkpt>
   <trkpt lat="43.6907900083708" lon="-114.39342000230897">
    <ele>1793.9510571467601</ele>
   </trkpt>
   <trkpt lat="43.69072000836926" lon="-114.39440000233047">
    <ele>1794.5338664729156</ele>
   </trkpt>
   <trkpt lat="43.690650000000005" lon="-114.39538">
    <ele>1794.5760684876516</ele>
   </trkpt>
   <trkpt lat="43.69062" lon="-114.39607000000001">
    <ele>1794.1052927597702</ele>
   </trkpt>
   <trkpt lat="43.6905600017049" lon="-114.3966950006017">
    <ele>1793.7976463775797</ele>
   </trkpt>
   <trkpt lat="43.6905" lon="-114.39732000000001">
    <ele>1794.1481538545693</ele>
   </trkpt>
   <trkpt lat="43.69041000000001" lon="-114.39792000000001">
    <ele>1794.4261359890438</ele>
   </trkpt>
   <trkpt lat="43.690340000000006" lon="-114.3982">
    <ele>1794.753183258615</ele>
   </trkpt>
   <trkpt lat="43.6899" lon="-114.3991">
    <ele>1796.4910730202637</ele>
   </trkpt>
   <trkpt lat="43.689710000000005" lon="-114.39938000000001">
    <ele>1797.1138737676279</ele>
   </trkpt>
   <trkpt lat="43.68927" lon="-114.39999">
    <ele>1798.6550334343535</ele>
   </trkpt>
   <trkpt lat="43.68861000280093" lon="-114.40079500888675">
    <ele>1800.1042325143503</ele>
   </trkpt>
   <trkpt lat="43.68795" lon="-114.40160000000002">
    <ele>1801.7503323283286</ele>
   </trkpt>
   <trkpt lat="43.68775" lon="-114.40183">
    <ele>1802.2451055478334</ele>
   </trkpt>
   <trkpt lat="43.68755" lon="-114.40201">
    <ele>1802.482099525568</ele>
   </trkpt>
   <trkpt lat="43.68711500100268" lon="-114.40248500342368">
    <ele>1803.1350672901367</ele>
   </trkpt>
   <trkpt lat="43.68668" lon="-114.40296000000001">
    <ele>1804.1730673256693</ele>
   </trkpt>
   <trkpt lat="43.68605" lon="-114.40358">
    <ele>1805.6378224967775</ele>
   </trkpt>
   <trkpt lat="43.68566500048545" lon="-114.40398500284076">
    <ele>1806.239566255398</ele>
   </trkpt>
   <trkpt lat="43.685280000000006" lon="-114.40439">
    <ele>1806.4341845688102</ele>
   </trkpt>
   <trkpt lat="43.68506000000001" lon="-114.40459000000001">
    <ele>1806.5152003985233</ele>
   </trkpt>
   <trkpt lat="43.685030000000005" lon="-114.40453000000001">
    <ele>1806.5961322666374</ele>
   </trkpt>
   <trkpt lat="43.68473" lon="-114.40489000000001">
    <ele>1806.6946806285541</ele>
   </trkpt>
   <trkpt lat="43.68464" lon="-114.40505">
    <ele>1806.650856171168</ele>
   </trkpt>
   <trkpt lat="43.68455" lon="-114.40526000000001">
    <ele>1806.549830687877</ele>
   </trkpt>
   <trkpt lat="43.684470000000005" lon="-114.4056">
    <ele>1806.5978672637675</ele>
   </trkpt>
   <trkpt lat="43.68430667388872" lon="-114.40651000493789">
    <ele>1806.6765763988274</ele>
   </trkpt>
   <trkpt lat="43.68414334055848" lon="-114.40742000492055">
    <ele>1806.270147894737</ele>
   </trkpt>
   <trkpt lat="43.683980000000005" lon="-114.40833">
    <ele>1806.393328188147</ele>
   </trkpt>
   <trkpt lat="43.6839" lon="-114.40882">
    <ele>1806.7362516404858</ele>
   </trkpt>
   <trkpt lat="43.683890000000005" lon="-114.40901000000001">
    <ele>1807.028797596098</ele>
   </trkpt>
   <trkpt lat="43.683930000000004" lon="-114.40941000000001">
    <ele>1807.4668801126604</ele>
   </trkpt>
   <trkpt lat="43.68417" lon="-114.41047">
    <ele>1808.7104268548985</ele>
   </trkpt>
   <trkpt lat="43.684340000000006" lon="-114.41078">
    <ele>1808.847425374876</ele>
   </trkpt>
   <trkpt lat="43.68477" lon="-114.41137">
    <ele>1808.56112475501</ele>
   </trkpt>
   <trkpt lat="43.684990000000006" lon="-114.41172">
    <ele>1808.349708118006</ele>
   </trkpt>
   <trkpt lat="43.68531" lon="-114.41236">
    <ele>1808.2593122415688</ele>
   </trkpt>
   <trkpt lat="43.685460000000006" lon="-114.41257">
    <ele>1808.3974922368732</ele>
   </trkpt>
   <trkpt lat="43.68558" lon="-114.41268000000001">
    <ele>1808.5245123786408</ele>
   </trkpt>
   <trkpt lat="43.68573000000001" lon="-114.41275">
    <ele>1808.616782505867</ele>
   </trkpt>
   <trkpt lat="43.68616" lon="-114.41281000000001">
    <ele>1808.8357007336156</ele>
   </trkpt>
   <trkpt lat="43.686370000000004" lon="-114.41277000000001">
    <ele>1808.8630254873942</ele>
   </trkpt>
   <trkpt lat="43.68677" lon="-114.41258">
    <ele>1808.8974306558848</ele>
   </trkpt>
   <trkpt lat="43.68712" lon="-114.41244">
    <ele>1808.743587835688</ele>
   </trkpt>
   <trkpt lat="43.68726" lon="-114.4124">
    <ele>1808.7882139607323</ele>
   </trkpt>
   <trkpt lat="43.68748" lon="-114.4124">
    <ele>1808.8645632863354</ele>
   </trkpt>
   <trkpt lat="43.68769" lon="-114.41241000000001">
    <ele>1808.9240402050477</ele>
   </trkpt>
   <trkpt lat="43.68789" lon="-114.41253">
    <ele>1808.9899192464752</ele>
   </trkpt>
   <trkpt lat="43.688190000000006" lon="-114.4128">
    <ele>1809.1949957034085</ele>
   </trkpt>
   <trkpt lat="43.68864000000001" lon="-114.41329">
    <ele>1809.4246394386605</ele>
   </trkpt>
   <trkpt lat="43.6889800008979" lon="-114.41373999746934">
    <ele>1809.7709639393645</ele>
   </trkpt>
   <trkpt lat="43.68932" lon="-114.41419">
    <ele>1810.5302085294895</ele>
   </trkpt>
   <trkpt lat="43.68956" lon="-114.41454">
    <ele>1811.4596294233081</ele>
   </trkpt>
   <trkpt lat="43.689640000000004" lon="-114.41472">
    <ele>1811.8145382293278</ele>
   </trkpt>
   <trkpt lat="43.689750000000004" lon="-114.41508">
    <ele>1812.2802163196218</ele>
   </trkpt>
   <trkpt lat="43.689780000000006" lon="-114.41526">
    <ele>1812.4459683437738</ele>
   </trkpt>
   <trkpt lat="43.68977" lon="-114.41545">
    <ele>1812.4459683437738</ele>
   </trkpt>
   <trkpt lat="43.68972" lon="-114.41566">
    <ele>1812.562403319026</ele>
   </trkpt>
   <trkpt lat="43.68967000000001" lon="-114.41581000000001">
    <ele>1812.7416682967196</ele>
   </trkpt>
   <trkpt lat="43.68919" lon="-114.41683">
    <ele>1813.934451654677</ele>
   </trkpt>
   <trkpt lat="43.688900000000004" lon="-114.41728">
    <ele>1814.3017667409829</ele>
   </trkpt>
   <trkpt lat="43.68869" lon="-114.41754">
    <ele>1815.094661509748</ele>
   </trkpt>
   <trkpt lat="43.68845" lon="-114.41774000000001">
    <ele>1815.4013878258581</ele>
   </trkpt>
   <trkpt lat="43.68806" lon="-114.41799">
    <ele>1815.8797746571327</ele>
   </trkpt>
   <trkpt lat="43.687940000000005" lon="-114.41812000000002">
    <ele>1816.200214446926</ele>
   </trkpt>
   <trkpt lat="43.687830000000005" lon="-114.41826">
    <ele>1816.2848251292812</ele>
   </trkpt>
   <trkpt lat="43.687580000000004" lon="-114.41872000000001">
    <ele>1817.4277340274637</ele>
   </trkpt>
   <trkpt lat="43.68735" lon="-114.41898">
    <ele>1817.909187088972</ele>
   </trkpt>
   <trkpt lat="43.68695" lon="-114.41916">
    <ele>1818.4810204691703</ele>
   </trkpt>
   <trkpt lat="43.68656" lon="-114.41929">
    <ele>1818.5746426088335</ele>
   </trkpt>
   <trkpt lat="43.68584499999835" lon="-114.41934000059685">
    <ele>1818.0357173837683</ele>
   </trkpt>
   <trkpt lat="43.68513" lon="-114.41939">
    <ele>1817.411705571696</ele>
   </trkpt>
   <trkpt lat="43.684720000000006" lon="-114.41947">
    <ele>1817.594497699997</ele>
   </trkpt>
   <trkpt lat="43.68418500004715" lon="-114.41953500057619">
    <ele>1817.8009402465807</ele>
   </trkpt>
   <trkpt lat="43.68365" lon="-114.4196">
    <ele>1818.6204749578596</ele>
   </trkpt>
   <trkpt lat="43.682898000023464" lon="-114.41956799839579">
    <ele>1819.2904558171663</ele>
   </trkpt>
   <trkpt lat="43.682146000037996" lon="-114.41953599759385">
    <ele>1820.1313747995196</ele>
   </trkpt>
   <trkpt lat="43.68139400004361" lon="-114.41950399759412">
    <ele>1820.5253374361228</ele>
   </trkpt>
   <trkpt lat="43.680642000040294" lon="-114.4194719983966">
    <ele>1820.4755660140145</ele>
   </trkpt>
   <trkpt lat="43.67989" lon="-114.41944000000001">
    <ele>1820.1101926570343</ele>
   </trkpt>
   <trkpt lat="43.679190000000006" lon="-114.41947">
    <ele>1820.79459936658</ele>
   </trkpt>
   <trkpt lat="43.67873" lon="-114.41965">
    <ele>1820.933721034707</ele>
   </trkpt>
   <trkpt lat="43.67795666841767" lon="-114.42009667817334">
    <ele>1821.498401829057</ele>
   </trkpt>
   <trkpt lat="43.677183335096096" lon="-114.42054334483302">
    <ele>1822.0092026217962</ele>
   </trkpt>
   <trkpt lat="43.676410000000004" lon="-114.42099">
    <ele>1822.9098170353068</ele>
   </trkpt>
   <trkpt lat="43.675940000000004" lon="-114.42131">
    <ele>1823.6987750117037</ele>
   </trkpt>
   <trkpt lat="43.67573" lon="-114.42157">
    <ele>1824.1530988180953</ele>
   </trkpt>
   <trkpt lat="43.675560000000004" lon="-114.42189">
    <ele>1824.5031091720398</ele>
   </trkpt>
   <trkpt lat="43.67518500272059" lon="-114.42268000493607">
    <ele>1825.012835709948</ele>
   </trkpt>
   <trkpt lat="43.67481" lon="-114.42347000000001">
    <ele>1825.3971804660086</ele>
   </trkpt>
   <trkpt lat="43.674640000000004" lon="-114.4239">
    <ele>1825.660475533802</ele>
   </trkpt>
   <trkpt lat="43.674503339006776" lon="-114.42470667033503">
    <ele>1826.6195218824037</ele>
   </trkpt>
   <trkpt lat="43.67436667234107" lon="-114.42551333699592">
    <ele>1827.6395251796348</ele>
   </trkpt>
   <trkpt lat="43.67423" lon="-114.42632">
    <ele>1828.2424475130404</ele>
   </trkpt>
   <trkpt lat="43.67409000000001" lon="-114.4273">
    <ele>1829.3625870265812</ele>
   </trkpt>
   <trkpt lat="43.674000003033115" lon="-114.42813000096409">
    <ele>1830.7086932654177</ele>
   </trkpt>
   <trkpt lat="43.67391000000001" lon="-114.42896">
    <ele>1833.6041042564543</ele>
   </trkpt>
   <trkpt lat="43.673770000000005" lon="-114.42941">
    <ele>1834.7078013417442</ele>
   </trkpt>
   <trkpt lat="43.673445000794736" lon="-114.42986500261475">
    <ele>1835.5446028714614</ele>
   </trkpt>
   <trkpt lat="43.673120000000004" lon="-114.43032000000001">
    <ele>1836.225188408619</ele>
   </trkpt>
   <trkpt lat="43.673030000000004" lon="-114.43048">
    <ele>1836.4944042451482</ele>
   </trkpt>
   <trkpt lat="43.672880000000006" lon="-114.43084">
    <ele>1836.8090098677312</ele>
   </trkpt>
   <trkpt lat="43.672690001678745" lon="-114.43146500205715">
    <ele>1837.3978041972475</ele>
   </trkpt>
   <trkpt lat="43.67250000000001" lon="-114.43209">
    <ele>1838.1191462538752</ele>
   </trkpt>
   <trkpt lat="43.672430000000006" lon="-114.43227">
    <ele>1838.3054025760277</ele>
   </trkpt>
   <trkpt lat="43.672270000000005" lon="-114.43247000000001">
    <ele>1838.480196272443</ele>
   </trkpt>
   <trkpt lat="43.67163" lon="-114.4329">
    <ele>1839.141821889285</ele>
   </trkpt>
   <trkpt lat="43.67139" lon="-114.43312">
    <ele>1839.0403218590807</ele>
   </trkpt>
   <trkpt lat="43.67119" lon="-114.43341000000001">
    <ele>1839.0437495095116</ele>
   </trkpt>
   <trkpt lat="43.67074000308134" lon="-114.43425000628712">
    <ele>1838.754719628251</ele>
   </trkpt>
   <trkpt lat="43.67029" lon="-114.43509">
    <ele>1840.009216682952</ele>
   </trkpt>
   <trkpt lat="43.670080000000006" lon="-114.43535000000001">
    <ele>1840.5216597387218</ele>
   </trkpt>
   <trkpt lat="43.669740000000004" lon="-114.43572">
    <ele>1841.6485664532902</ele>
   </trkpt>
   <trkpt lat="43.66949" lon="-114.43591">
    <ele>1841.8352490304205</ele>
   </trkpt>
   <trkpt lat="43.66930000000001" lon="-114.43603">
    <ele>1842.0578698471018</ele>
   </trkpt>
   <trkpt lat="43.668620000000004" lon="-114.43635">
    <ele>1842.3582642235992</ele>
   </trkpt>
   <trkpt lat="43.66837" lon="-114.43654000000001">
    <ele>1842.5125712408249</ele>
   </trkpt>
   <trkpt lat="43.668260000000004" lon="-114.43670000000002">
    <ele>1842.7234205970842</ele>
   </trkpt>
   <trkpt lat="43.66776" lon="-114.43752">
    <ele>1844.211395197807</ele>
   </trkpt>
   <trkpt lat="43.6676" lon="-114.43787">
    <ele>1844.2950919321597</ele>
   </trkpt>
   <trkpt lat="43.667550000000006" lon="-114.43805">
    <ele>1844.3698833145322</ele>
   </trkpt>
   <trkpt lat="43.667500000000004" lon="-114.43854">
    <ele>1844.3024922535594</ele>
   </trkpt>
   <trkpt lat="43.66749" lon="-114.43912">
    <ele>1843.5113264630338</ele>
   </trkpt>
   <trkpt lat="43.667500000000004" lon="-114.43952000000002">
    <ele>1842.9010119159468</ele>
   </trkpt>
   <trkpt lat="43.667530000000006" lon="-114.43971">
    <ele>1842.7468745732485</ele>
   </trkpt>
   <trkpt lat="43.667660000000005" lon="-114.44006">
    <ele>1842.3266753709415</ele>
   </trkpt>
   <trkpt lat="43.667820000000006" lon="-114.44038">
    <ele>1842.2648363007422</ele>
   </trkpt>
   <trkpt lat="43.668310000000005" lon="-114.44114">
    <ele>1842.2289454908669</ele>
   </trkpt>
   <trkpt lat="43.668420000000005" lon="-114.44127">
    <ele>1842.3991387712895</ele>
   </trkpt>
   <trkpt lat="43.66855" lon="-114.44136">
    <ele>1842.5084045520728</ele>
   </trkpt>
   <trkpt lat="43.66881" lon="-114.4415">
    <ele>1842.9883132809568</ele>
   </trkpt>
   <trkpt lat="43.66926000017009" lon="-114.44167499870221">
    <ele>1843.4047121884587</ele>
   </trkpt>
   <trkpt lat="43.66971" lon="-114.44185">
    <ele>1844.421552373774</ele>
   </trkpt>
   <trkpt lat="43.66984" lon="-114.44194">
    <ele>1844.5863178649745</ele>
   </trkpt>
   <trkpt lat="43.66995" lon="-114.44208">
    <ele>1844.9327530347866</ele>
   </trkpt>
   <trkpt lat="43.67004" lon="-114.44221">
    <ele>1845.1287586996502</ele>
   </trkpt>
   <trkpt lat="43.67011" lon="-114.44239">
    <ele>1845.4389055730153</ele>
   </trkpt>
   <trkpt lat="43.670170000000006" lon="-114.44279000000002">
    <ele>1845.9115072902132</ele>
   </trkpt>
   <trkpt lat="43.67018" lon="-114.44338">
    <ele>1846.6780885993596</ele>
   </trkpt>
   <trkpt lat="43.67014" lon="-114.44375000000001">
    <ele>1846.781137829199</ele>
   </trkpt>
   <trkpt lat="43.670010000000005" lon="-114.44432">
    <ele>1846.5509555841204</ele>
   </trkpt>
   <trkpt lat="43.66987" lon="-114.44478000000001">
    <ele>1846.5838717042109</ele>
   </trkpt>
   <trkpt lat="43.669760000000004" lon="-114.44503">
    <ele>1846.705398534062</ele>
   </trkpt>
   <trkpt lat="43.66958" lon="-114.44535">
    <ele>1847.0842347765283</ele>
   </trkpt>
   <trkpt lat="43.66893" lon="-114.44611">
    <ele>1849.0604533379296</ele>
   </trkpt>
   <trkpt lat="43.668510000000005" lon="-114.44665">
    <ele>1850.1966930096569</ele>
   </trkpt>
   <trkpt lat="43.668290000000006" lon="-114.44705">
    <ele>1851.2483810925041</ele>
   </trkpt>
   <trkpt lat="43.66818000000001" lon="-114.44731000000002">
    <ele>1851.9051598086126</ele>
   </trkpt>
   <trkpt lat="43.6678900027694" lon="-114.4480950035666">
    <ele>1853.9225875605064</ele>
   </trkpt>
   <trkpt lat="43.6676" lon="-114.44888">
    <ele>1855.557070297769</ele>
   </trkpt>
   <trkpt lat="43.66752" lon="-114.44915">
    <ele>1856.1093362463496</ele>
   </trkpt>
   <trkpt lat="43.66734" lon="-114.45023">
    <ele>1855.9613758974042</ele>
   </trkpt>
   <trkpt lat="43.66727" lon="-114.4505">
    <ele>1855.70732455596</ele>
   </trkpt>
   <trkpt lat="43.66698" lon="-114.4514">
    <ele>1855.7796977475984</ele>
   </trkpt>
   <trkpt lat="43.666760000000004" lon="-114.45202">
    <ele>1857.8635076693506</ele>
   </trkpt>
   <trkpt lat="43.66666" lon="-114.45224">
    <ele>1859.088991374572</ele>
   </trkpt>
   <trkpt lat="43.66658" lon="-114.45235000000001">
    <ele>1860.354735675144</ele>
   </trkpt>
   <trkpt lat="43.66642" lon="-114.45252">
    <ele>1861.3027631979182</ele>
   </trkpt>
   <trkpt lat="43.666290000000004" lon="-114.4526">
    <ele>1861.77909456962</ele>
   </trkpt>
   <trkpt lat="43.66601000000001" lon="-114.45265">
    <ele>1862.473648237675</ele>
   </trkpt>
   <trkpt lat="43.66543" lon="-114.45269">
    <ele>1862.2075526085878</ele>
   </trkpt>
   <trkpt lat="43.66508" lon="-114.45279000000001">
    <ele>1860.4879578670198</ele>
   </trkpt>
   <trkpt lat="43.66429" lon="-114.45324000000001">
    <ele>1859.4874770825384</ele>
   </trkpt>
   <trkpt lat="43.663900000000005" lon="-114.45351000000001">
    <ele>1859.8910748057876</ele>
   </trkpt>
   <trkpt lat="43.663425000827516" lon="-114.45395000349653">
    <ele>1859.9621191330127</ele>
   </trkpt>
   <trkpt lat="43.66295" lon="-114.45439">
    <ele>1859.755743386838</ele>
   </trkpt>
   <trkpt lat="43.66261" lon="-114.45475">
    <ele>1859.6176196615318</ele>
   </trkpt>
   <trkpt lat="43.66245000000001" lon="-114.45497">
    <ele>1859.893781498676</ele>
   </trkpt>
   <trkpt lat="43.662020000000005" lon="-114.45564">
    <ele>1859.990361701492</ele>
   </trkpt>
   <trkpt lat="43.66185" lon="-114.45579000000001">
    <ele>1859.8240871301812</ele>
   </trkpt>
   <trkpt lat="43.66165" lon="-114.45592">
    <ele>1859.760158699488</ele>
   </trkpt>
   <trkpt lat="43.660920000000004" lon="-114.45633000000001">
    <ele>1860.6102793857503</ele>
   </trkpt>
   <trkpt lat="43.66073" lon="-114.45649">
    <ele>1860.9262469566488</ele>
   </trkpt>
   <trkpt lat="43.66055" lon="-114.45664000000001">
    <ele>1861.1941521092215</ele>
   </trkpt>
   <trkpt lat="43.66010000000001" lon="-114.45713">
    <ele>1862.0698247042576</ele>
   </trkpt>
   <trkpt lat="43.65975" lon="-114.45748">
    <ele>1862.3145648124835</ele>
   </trkpt>
   <trkpt lat="43.659210002084656" lon="-114.45797000882135">
    <ele>1861.8959274322</ele>
   </trkpt>
   <trkpt lat="43.65867000207629" lon="-114.45846000882882">
    <ele>1862.2311281263198</ele>
   </trkpt>
   <trkpt lat="43.65813000000001" lon="-114.45895000000002">
    <ele>1864.405576821293</ele>
   </trkpt>
   <trkpt lat="43.65785" lon="-114.45905">
    <ele>1866.4853800280885</ele>
   </trkpt>
   <trkpt lat="43.65757000000001" lon="-114.45906000000001">
    <ele>1867.2879394588458</ele>
   </trkpt>
   <trkpt lat="43.65735" lon="-114.45905">
    <ele>1868.0237089069547</ele>
   </trkpt>
   <trkpt lat="43.656780000000005" lon="-114.45897000000001">
    <ele>1868.4667671615516</ele>
   </trkpt>
   <trkpt lat="43.656060000000004" lon="-114.45891">
    <ele>1865.0487098762355</ele>
   </trkpt>
   <trkpt lat="43.65592" lon="-114.45891">
    <ele>1865.0487098762355</ele>
   </trkpt>
   <trkpt lat="43.6557" lon="-114.45896">
    <ele>1863.81351268764</ele>
   </trkpt>
   <trkpt lat="43.655440000000006" lon="-114.45913000000002">
    <ele>1863.5124560417978</ele>
   </trkpt>
   <trkpt lat="43.654920000000004" lon="-114.45967">
    <ele>1864.5042594226609</ele>
   </trkpt>
   <trkpt lat="43.65454000059851" lon="-114.46003000224616">
    <ele>1866.386368159481</ele>
   </trkpt>
   <trkpt lat="43.654160000000005" lon="-114.46039">
    <ele>1868.1365972783922</ele>
   </trkpt>
   <trkpt lat="43.654" lon="-114.46061">
    <ele>1868.6139619049036</ele>
   </trkpt>
   <trkpt lat="43.653870000000005" lon="-114.46084">
    <ele>1869.1295333155565</ele>
   </trkpt>
   <trkpt lat="43.65379" lon="-114.46111">
    <ele>1869.893182462538</ele>
   </trkpt>
   <trkpt lat="43.653760000000005" lon="-114.46142">
    <ele>1870.1441452284294</ele>
   </trkpt>
   <trkpt lat="43.65379" lon="-114.46170000000001">
    <ele>1870.323843347809</ele>
   </trkpt>
   <trkpt lat="43.654180000000004" lon="-114.46264000000001">
    <ele>1869.8483074218352</ele>
   </trkpt>
   <trkpt lat="43.654340000000005" lon="-114.46308">
    <ele>1869.7003393471525</ele>
   </trkpt>
   <trkpt lat="43.65438" lon="-114.46327000000001">
    <ele>1869.730869904595</ele>
   </trkpt>
   <trkpt lat="43.654360000000004" lon="-114.46367000000001">
    <ele>1869.579354435881</ele>
   </trkpt>
   <trkpt lat="43.65415" lon="-114.46471000000001">
    <ele>1869.9796695456564</ele>
   </trkpt>
   <trkpt lat="43.654000001630756" lon="-114.46532500160887">
    <ele>1869.6862693238827</ele>
   </trkpt>
   <trkpt lat="43.653850000000006" lon="-114.46594">
    <ele>1869.379740186331</ele>
   </trkpt>
   <trkpt lat="43.653780000000005" lon="-114.46612">
    <ele>1869.3092043228874</ele>
   </trkpt>
   <trkpt lat="43.65361" lon="-114.46643">
    <ele>1869.264706253807</ele>
   </trkpt>
   <trkpt lat="43.653400000000005" lon="-114.4667">
    <ele>1869.291487814499</ele>
   </trkpt>
   <trkpt lat="43.65302000051974" lon="-114.46706500236806">
    <ele>1870.170797033203</ele>
   </trkpt>
   <trkpt lat="43.652640000000005" lon="-114.46743000000001">
    <ele>1871.9965242243334</ele>
   </trkpt>
   <trkpt lat="43.65247" lon="-114.46764">
    <ele>1872.568671949111</ele>
   </trkpt>
   <trkpt lat="43.65218" lon="-114.46806000000001">
    <ele>1873.874676333079</ele>
   </trkpt>
   <trkpt lat="43.651880000000006" lon="-114.46863">
    <ele>1874.9400861650008</ele>
   </trkpt>
   <trkpt lat="43.651720000000005" lon="-114.46881">
    <ele>1875.2808237773352</ele>
   </trkpt>
   <trkpt lat="43.651590000000006" lon="-114.46891000000001">
    <ele>1875.5964102365128</ele>
   </trkpt>
   <trkpt lat="43.651390000000006" lon="-114.46903">
    <ele>1875.9263627473338</ele>
   </trkpt>
   <trkpt lat="43.651180000000004" lon="-114.46907000000002">
    <ele>1876.4138520027686</ele>
   </trkpt>
   <trkpt lat="43.650645000067264" lon="-114.46907500004393">
    <ele>1878.2412225667213</ele>
   </trkpt>
   <trkpt lat="43.650110000000005" lon="-114.46908">
    <ele>1879.2207630646326</ele>
   </trkpt>
   <trkpt lat="43.64976" lon="-114.46900000000001">
    <ele>1879.3104549006523</ele>
   </trkpt>
   <trkpt lat="43.649550000000005" lon="-114.4689">
    <ele>1879.5798496586451</ele>
   </trkpt>
   <trkpt lat="43.649280000000005" lon="-114.46881">
    <ele>1879.3933166815084</ele>
   </trkpt>
   <trkpt lat="43.649060000000006" lon="-114.46877">
    <ele>1879.169142422983</ele>
   </trkpt>
   <trkpt lat="43.64885" lon="-114.46885">
    <ele>1878.5701072406782</ele>
   </trkpt>
   <trkpt lat="43.64833" lon="-114.46917">
    <ele>1877.9124603267192</ele>
   </trkpt>
   <trkpt lat="43.64791" lon="-114.46927000000001">
    <ele>1878.3450448629417</ele>
   </trkpt>
   <trkpt lat="43.64762" lon="-114.4693">
    <ele>1879.0330653472827</ele>
   </trkpt>
   <trkpt lat="43.647014999967816" lon="-114.4692349993399">
    <ele>1880.3365156169066</ele>
   </trkpt>
   <trkpt lat="43.64641" lon="-114.46917">
    <ele>1881.6421438875252</ele>
   </trkpt>
   <trkpt lat="43.64612" lon="-114.46917">
    <ele>1881.7946400798085</ele>
   </trkpt>
   <trkpt lat="43.645830000000004" lon="-114.46921">
    <ele>1881.773511909628</ele>
   </trkpt>
   <trkpt lat="43.645570000000006" lon="-114.46935">
    <ele>1882.0424144291765</ele>
   </trkpt>
   <trkpt lat="43.645340000000004" lon="-114.46961">
    <ele>1882.2877230466775</ele>
   </trkpt>
   <trkpt lat="43.64518" lon="-114.46993">
    <ele>1882.3320554523425</ele>
   </trkpt>
   <trkpt lat="43.64498500150319" lon="-114.47051500186414">
    <ele>1882.564862330306</ele>
   </trkpt>
   <trkpt lat="43.64479" lon="-114.4711">
    <ele>1883.005159675382</ele>
   </trkpt>
   <trkpt lat="43.644690000000004" lon="-114.47137000000001">
    <ele>1883.3368904547917</ele>
   </trkpt>
   <trkpt lat="43.64457" lon="-114.47163">
    <ele>1883.5061443784248</ele>
   </trkpt>
   <trkpt lat="43.64423500113707" lon="-114.47214500290097">
    <ele>1884.5213343901564</ele>
   </trkpt>
   <trkpt lat="43.6439" lon="-114.47266">
    <ele>1884.9746602386112</ele>
   </trkpt>
   <trkpt lat="43.64338" lon="-114.4736">
    <ele>1885.6808803825197</ele>
   </trkpt>
   <trkpt lat="43.64325" lon="-114.47396">
    <ele>1885.9197876531236</ele>
   </trkpt>
   <trkpt lat="43.64303" lon="-114.47480000000002">
    <ele>1886.7417588481835</ele>
   </trkpt>
   <trkpt lat="43.642970000000005" lon="-114.47495">
    <ele>1886.9414519243267</ele>
   </trkpt>
   <trkpt lat="43.642880000000005" lon="-114.47512">
    <ele>1887.0935016180072</ele>
   </trkpt>
   <trkpt lat="43.642570000000006" lon="-114.47552">
    <ele>1887.195295492355</ele>
   </trkpt>
   <trkpt lat="43.642390000000006" lon="-114.47584">
    <ele>1887.251284148101</ele>
   </trkpt>
   <trkpt lat="43.64233" lon="-114.47601">
    <ele>1887.4167324226557</ele>
   </trkpt>
   <trkpt lat="43.64215000244247" lon="-114.47677000259351">
    <ele>1888.1029694831432</ele>
   </trkpt>
   <trkpt lat="43.64197" lon="-114.47753000000002">
    <ele>1888.044235879743</ele>
   </trkpt>
   <trkpt lat="43.641870000000004" lon="-114.47777">
    <ele>1887.8408159548387</ele>
   </trkpt>
   <trkpt lat="43.64173" lon="-114.47800000000001">
    <ele>1887.690801251046</ele>
   </trkpt>
   <trkpt lat="43.64157" lon="-114.47821">
    <ele>1887.4254658544385</ele>
   </trkpt>
   <trkpt lat="43.64133" lon="-114.47839">
    <ele>1886.6066097562616</ele>
   </trkpt>
   <trkpt lat="43.641180000000006" lon="-114.47843">
    <ele>1886.5425246683321</ele>
   </trkpt>
   <trkpt lat="43.64103" lon="-114.47844">
    <ele>1886.3313383188217</ele>
   </trkpt>
   <trkpt lat="43.640820000000005" lon="-114.47843">
    <ele>1886.2990126630561</ele>
   </trkpt>
   <trkpt lat="43.64052" lon="-114.47828000000001">
    <ele>1886.3277323331008</ele>
   </trkpt>
   <trkpt lat="43.64027" lon="-114.47817">
    <ele>1886.344914564635</ele>
   </trkpt>
   <trkpt lat="43.639506667956034" lon="-114.4777833235015">
    <ele>1886.8819998284282</ele>
   </trkpt>
   <trkpt lat="43.63874333460878" lon="-114.47739665682796">
    <ele>1887.4125921722375</ele>
   </trkpt>
   <trkpt lat="43.637980000000006" lon="-114.47701">
    <ele>1888.1623140535994</ele>
   </trkpt>
   <trkpt lat="43.637550000000005" lon="-114.47691">
    <ele>1888.5715504476307</ele>
   </trkpt>
   <trkpt lat="43.637260000000005" lon="-114.47687">
    <ele>1888.8747899550738</ele>
   </trkpt>
   <trkpt lat="43.63698" lon="-114.47687">
    <ele>1889.1563782349804</ele>
   </trkpt>
   <trkpt lat="43.63676" lon="-114.47692">
    <ele>1889.3638978536474</ele>
   </trkpt>
   <trkpt lat="43.63617500031134" lon="-114.47716000231173">
    <ele>1890.4752370107426</ele>
   </trkpt>
   <trkpt lat="43.63559" lon="-114.4774">
    <ele>1891.4749574710286</ele>
   </trkpt>
   <trkpt lat="43.635110000000005" lon="-114.47763">
    <ele>1892.2965044236932</ele>
   </trkpt>
   <trkpt lat="43.63474" lon="-114.47794">
    <ele>1892.7506722172934</ele>
   </trkpt>
   <trkpt lat="43.63429500058099" lon="-114.47834500312088">
    <ele>1893.1561163281665</ele>
   </trkpt>
   <trkpt lat="43.63385" lon="-114.47875">
    <ele>1893.9401410048974</ele>
   </trkpt>
   <trkpt lat="43.633630000000004" lon="-114.47901">
    <ele>1894.5202424904617</ele>
   </trkpt>
   <trkpt lat="43.63344" lon="-114.47933">
    <ele>1894.9503575860062</ele>
   </trkpt>
   <trkpt lat="43.633370000000006" lon="-114.47949000000001">
    <ele>1895.2841888546182</ele>
   </trkpt>
   <trkpt lat="43.633370000000006" lon="-114.47950000000002">
    <ele>1895.2841888546182</ele>
   </trkpt>
   <trkpt lat="43.633117513939894" lon="-114.48053251300983">
    <ele>1896.9021530169034</ele>
   </trkpt>
   <trkpt lat="43.63286501858711" lon="-114.48156501734367">
    <ele>1897.5885738720644</ele>
   </trkpt>
   <trkpt lat="43.63261251394183" lon="-114.48259751300142">
    <ele>1897.415105902618</ele>
   </trkpt>
   <trkpt lat="43.632360000000006" lon="-114.48363">
    <ele>1898.881210219364</ele>
   </trkpt>
   <trkpt lat="43.63221" lon="-114.48439">
    <ele>1900.9242087755301</ele>
   </trkpt>
   <trkpt lat="43.632180000000005" lon="-114.48467000000001">
    <ele>1901.7076046144414</ele>
   </trkpt>
   <trkpt lat="43.632160002789796" lon="-114.48547000024872">
    <ele>1903.7411518733154</ele>
   </trkpt>
   <trkpt lat="43.63214000000001" lon="-114.48627">
    <ele>1905.6025269688512</ele>
   </trkpt>
   <trkpt lat="43.632020000000004" lon="-114.48725">
    <ele>1907.7941670457985</ele>
   </trkpt>
   <trkpt lat="43.63186" lon="-114.48819">
    <ele>1909.5150671270312</ele>
   </trkpt>
   <trkpt lat="43.63185" lon="-114.4886">
    <ele>1909.916468032905</ele>
   </trkpt>
   <trkpt lat="43.63188" lon="-114.48878">
    <ele>1910.089741294178</ele>
   </trkpt>
   <trkpt lat="43.63194" lon="-114.48896">
    <ele>1910.1723968606573</ele>
   </trkpt>
   <trkpt lat="43.63224" lon="-114.48964000000001">
    <ele>1910.3397905337104</ele>
   </trkpt>
   <trkpt lat="43.632380000000005" lon="-114.48986000000001">
    <ele>1910.2143989969788</ele>
   </trkpt>
   <trkpt lat="43.63257" lon="-114.49000000000001">
    <ele>1910.1063983925285</ele>
   </trkpt>
   <trkpt lat="43.6332" lon="-114.49021">
    <ele>1909.7204644313988</ele>
   </trkpt>
   <trkpt lat="43.63349" lon="-114.49026">
    <ele>1908.8049340563823</ele>
   </trkpt>
   <trkpt lat="43.633770000000005" lon="-114.49025">
    <ele>1908.1813060252698</ele>
   </trkpt>
   <trkpt lat="43.634330000000006" lon="-114.49009000000001">
    <ele>1906.7313317074183</ele>
   </trkpt>
   <trkpt lat="43.635025000816526" lon="-114.48984000867439">
    <ele>1906.1791049620556</ele>
   </trkpt>
   <trkpt lat="43.635720001088295" lon="-114.48959001156618">
    <ele>1907.63939365114</ele>
   </trkpt>
   <trkpt lat="43.636415000815255" lon="-114.48934000867511">
    <ele>1909.7851628651829</ele>
   </trkpt>
   <trkpt lat="43.63711000000001" lon="-114.48909">
    <ele>1913.0879616040938</ele>
   </trkpt>
   <trkpt lat="43.637600000000006" lon="-114.48896">
    <ele>1915.6897115640131</ele>
   </trkpt>
   <trkpt lat="43.637750000000004" lon="-114.48895">
    <ele>1916.5846479605284</ele>
   </trkpt>
   <trkpt lat="43.63796000000001" lon="-114.489">
    <ele>1917.4050305003343</ele>
   </trkpt>
   <trkpt lat="43.63859" lon="-114.48922">
    <ele>1919.7001325214933</ele>
   </trkpt>
   <trkpt lat="43.63909" lon="-114.48927">
    <ele>1919.3937233357733</ele>
   </trkpt>
   <trkpt lat="43.639230000000005" lon="-114.48926000000002">
    <ele>1919.2959519967146</ele>
   </trkpt>
   <trkpt lat="43.639689999933836" lon="-114.48915500082998">
    <ele>1918.7427671391029</ele>
   </trkpt>
   <trkpt lat="43.640150000000006" lon="-114.48905">
    <ele>1917.5771368252283</ele>
   </trkpt>
   <trkpt lat="43.64029" lon="-114.489">
    <ele>1917.4911720732669</ele>
   </trkpt>
   <trkpt lat="43.640420000000006" lon="-114.48891">
    <ele>1917.5439593895528</ele>
   </trkpt>
   <trkpt lat="43.64054" lon="-114.48879000000001">
    <ele>1917.6687605350196</ele>
   </trkpt>
   <trkpt lat="43.64067" lon="-114.48873">
    <ele>1917.7439978887098</ele>
   </trkpt>
   <trkpt lat="43.64081" lon="-114.48877">
    <ele>1917.901626541165</ele>
   </trkpt>
   <trkpt lat="43.64094" lon="-114.48886">
    <ele>1917.8669088690847</ele>
   </trkpt>
   <trkpt lat="43.641160000000006" lon="-114.48909">
    <ele>1918.4226794627969</ele>
   </trkpt>
   <trkpt lat="43.641220000000004" lon="-114.48927">
    <ele>1918.463849168855</ele>
   </trkpt>
   <trkpt lat="43.64123" lon="-114.48946000000001">
    <ele>1918.943355256182</ele>
   </trkpt>
   <trkpt lat="43.641160000000006" lon="-114.49025">
    <ele>1920.7199357049642</ele>
   </trkpt>
   <trkpt lat="43.641200000000005" lon="-114.49084">
    <ele>1922.349180297635</ele>
   </trkpt>
   <trkpt lat="43.64118000311184" lon="-114.49168500028874">
    <ele>1923.7122381436207</ele>
   </trkpt>
   <trkpt lat="43.641160000000006" lon="-114.49253000000002">
    <ele>1924.8210221139095</ele>
   </trkpt>
   <trkpt lat="43.64119" lon="-114.4933">
    <ele>1925.0714127636481</ele>
   </trkpt>
   <trkpt lat="43.641160000000006" lon="-114.4937">
    <ele>1925.1104833716613</ele>
   </trkpt>
   <trkpt lat="43.641040000000004" lon="-114.49416000000001">
    <ele>1925.2724186907894</ele>
   </trkpt>
   <trkpt lat="43.641000000000005" lon="-114.49455">
    <ele>1925.519122905426</ele>
   </trkpt>
   <trkpt lat="43.64103" lon="-114.49477">
    <ele>1925.5379093925942</ele>
   </trkpt>
   <trkpt lat="43.64115" lon="-114.49513">
    <ele>1926.2950441262903</ele>
   </trkpt>
   <trkpt lat="43.64135" lon="-114.49563">
    <ele>1927.2656988374802</ele>
   </trkpt>
   <trkpt lat="43.64143000000001" lon="-114.4959">
    <ele>1927.7962700326602</ele>
   </trkpt>
   <trkpt lat="43.641450000000006" lon="-114.49612">
    <ele>1927.9512420313326</ele>
   </trkpt>
   <trkpt lat="43.641450000000006" lon="-114.49649000000001">
    <ele>1927.9850156745908</ele>
   </trkpt>
   <trkpt lat="43.641360000000006" lon="-114.49719">
    <ele>1927.885218551356</ele>
   </trkpt>
   <trkpt lat="43.64134000000001" lon="-114.49768">
    <ele>1927.9482030362453</ele>
   </trkpt>
   <trkpt lat="43.64135" lon="-114.49818">
    <ele>1928.0613804128693</ele>
   </trkpt>
   <trkpt lat="43.641490000000005" lon="-114.49885">
    <ele>1929.3719878097036</ele>
   </trkpt>
   <trkpt lat="43.64168" lon="-114.49938000000002">
    <ele>1930.7263150113113</ele>
   </trkpt>
   <trkpt lat="43.64179" lon="-114.49974">
    <ele>1931.2538795684159</ele>
   </trkpt>
   <trkpt lat="43.64196000316421" lon="-114.50058999767106">
    <ele>1932.4977834763013</ele>
   </trkpt>
   <trkpt lat="43.64213" lon="-114.50144">
    <ele>1933.6066627255157</ele>
   </trkpt>
   <trkpt lat="43.6424" lon="-114.50247">
    <ele>1935.2214957558353</ele>
   </trkpt>
   <trkpt lat="43.64246000000001" lon="-114.50288">
    <ele>1935.475119418333</ele>
   </trkpt>
   <trkpt lat="43.64249" lon="-114.50325000000001">
    <ele>1935.9730209907038</ele>
   </trkpt>
   <trkpt lat="43.64247" lon="-114.50386">
    <ele>1936.2151079462853</ele>
   </trkpt>
   <trkpt lat="43.64249" lon="-114.50426000000002">
    <ele>1936.7952647395648</ele>
   </trkpt>
   <trkpt lat="43.64269" lon="-114.50489">
    <ele>1937.7228731529647</ele>
   </trkpt>
   <trkpt lat="43.642720000000004" lon="-114.50507">
    <ele>1938.0089559943497</ele>
   </trkpt>
   <trkpt lat="43.642720000000004" lon="-114.50529000000002">
    <ele>1938.204852782343</ele>
   </trkpt>
   <trkpt lat="43.64266000000001" lon="-114.50625000000001">
    <ele>1938.2657269811382</ele>
   </trkpt>
   <trkpt lat="43.642680000000006" lon="-114.50713">
    <ele>1938.217250566563</ele>
   </trkpt>
   <trkpt lat="43.64271" lon="-114.50735">
    <ele>1938.1593090449164</ele>
   </trkpt>
   <trkpt lat="43.642770000000006" lon="-114.50751000000001">
    <ele>1938.2037149375708</ele>
   </trkpt>
   <trkpt lat="43.642860000000006" lon="-114.50767">
    <ele>1938.2977389771477</ele>
   </trkpt>
   <trkpt lat="43.643060000000006" lon="-114.50794">
    <ele>1938.6370985468463</ele>
   </trkpt>
   <trkpt lat="43.64323" lon="-114.50838">
    <ele>1940.1333500858188</ele>
   </trkpt>
   <trkpt lat="43.643330000000006" lon="-114.50852">
    <ele>1940.9318336154497</ele>
   </trkpt>
   <trkpt lat="43.64412" lon="-114.50897">
    <ele>1943.084517612212</ele>
   </trkpt>
   <trkpt lat="43.644940000000005" lon="-114.50932">
    <ele>1942.467520042084</ele>
   </trkpt>
   <trkpt lat="43.645070000000004" lon="-114.50941">
    <ele>1942.3613047352007</ele>
   </trkpt>
   <trkpt lat="43.64519000000001" lon="-114.5095">
    <ele>1942.0213459146464</ele>
   </trkpt>
   <trkpt lat="43.645300000000006" lon="-114.50964">
    <ele>1942.2238587380903</ele>
   </trkpt>
   <trkpt lat="43.64549" lon="-114.50995">
    <ele>1942.2646410626598</ele>
   </trkpt>
   <trkpt lat="43.645765001093125" lon="-114.51046499752465">
    <ele>1943.192083963705</ele>
   </trkpt>
   <trkpt lat="43.646040000000006" lon="-114.51098">
    <ele>1943.5513167522076</ele>
   </trkpt>
   <trkpt lat="43.646440000000005" lon="-114.51179">
    <ele>1943.276751160071</ele>
   </trkpt>
   <trkpt lat="43.64658" lon="-114.51215">
    <ele>1943.2041788778079</ele>
   </trkpt>
   <trkpt lat="43.646830005235" lon="-114.51292666012993">
    <ele>1943.6853201861195</ele>
   </trkpt>
   <trkpt lat="43.64708000521192" lon="-114.51370332672477">
    <ele>1944.8874959142283</ele>
   </trkpt>
   <trkpt lat="43.647330000000004" lon="-114.51448">
    <ele>1946.9776883964769</ele>
   </trkpt>
   <trkpt lat="43.647490000000005" lon="-114.51483">
    <ele>1948.512616219421</ele>
   </trkpt>
   <trkpt lat="43.64759" lon="-114.51497">
    <ele>1948.8662198753002</ele>
   </trkpt>
   <trkpt lat="43.647710000000004" lon="-114.5151">
    <ele>1949.3601941445638</ele>
   </trkpt>
   <trkpt lat="43.64784" lon="-114.51516000000001">
    <ele>1949.6413035966843</ele>
   </trkpt>
   <trkpt lat="43.648050000000005" lon="-114.51523">
    <ele>1949.982516322287</ele>
   </trkpt>
   <trkpt lat="43.64833" lon="-114.51520000000001">
    <ele>1950.5790502100613</ele>
   </trkpt>
   <trkpt lat="43.648480000000006" lon="-114.51523">
    <ele>1950.7664254982246</ele>
   </trkpt>
   <trkpt lat="43.64867" lon="-114.51537">
    <ele>1950.8612391504842</ele>
   </trkpt>
   <trkpt lat="43.648810000000005" lon="-114.51552000000001">
    <ele>1950.8654436666661</ele>
   </trkpt>
   <trkpt lat="43.648920000000004" lon="-114.51608">
    <ele>1950.3453141506038</ele>
   </trkpt>
   <trkpt lat="43.64919001461347" lon="-114.51713748570414">
    <ele>1950.2938116641753</ele>
   </trkpt>
   <trkpt lat="43.64946001947889" lon="-114.51819498091606">
    <ele>1951.021652079444</ele>
   </trkpt>
   <trkpt lat="43.64973001459609" lon="-114.51925248563556">
    <ele>1952.2154011142602</ele>
   </trkpt>
   <trkpt lat="43.650000000000006" lon="-114.52031000000001">
    <ele>1953.4496829255097</ele>
   </trkpt>
   <trkpt lat="43.65025334245755" lon="-114.52133332468334">
    <ele>1955.343514104463</ele>
   </trkpt>
   <trkpt lat="43.650506675786666" lon="-114.52235665799948">
    <ele>1959.359393668085</ele>
   </trkpt>
   <trkpt lat="43.650760000000005" lon="-114.52338">
    <ele>1964.6888067257767</ele>
   </trkpt>
   <trkpt lat="43.650870000000005" lon="-114.52374">
    <ele>1965.5142768251064</ele>
   </trkpt>
   <trkpt lat="43.650960000000005" lon="-114.52388">
    <ele>1966.2414496777978</ele>
   </trkpt>
   <trkpt lat="43.651070000000004" lon="-114.52401">
    <ele>1966.8204495746015</ele>
   </trkpt>
   <trkpt lat="43.65148000071896" lon="-114.5244149972392">
    <ele>1967.9014430927848</ele>
   </trkpt>
   <trkpt lat="43.65189" lon="-114.52482">
    <ele>1969.068247461253</ele>
   </trkpt>
   <trkpt lat="43.652100000000004" lon="-114.52509">
    <ele>1969.807323005343</ele>
   </trkpt>
   <trkpt lat="43.65218" lon="-114.52526">
    <ele>1970.0492227082698</ele>
   </trkpt>
   <trkpt lat="43.65231000000001" lon="-114.52562">
    <ele>1970.398611981474</ele>
   </trkpt>
   <trkpt lat="43.652420000000006" lon="-114.5262">
    <ele>1970.7927166320023</ele>
   </trkpt>
   <trkpt lat="43.65249000238525" lon="-114.52693999912202">
    <ele>1970.910852666949</ele>
   </trkpt>
   <trkpt lat="43.65256" lon="-114.52768">
    <ele>1971.3506484192699</ele>
   </trkpt>
   <trkpt lat="43.652550000000005" lon="-114.52799">
    <ele>1971.3910152455833</ele>
   </trkpt>
   <trkpt lat="43.65247" lon="-114.52835">
    <ele>1971.2642980590113</ele>
   </trkpt>
   <trkpt lat="43.652390000000004" lon="-114.52853">
    <ele>1971.3431158975611</ele>
   </trkpt>
   <trkpt lat="43.652190000000004" lon="-114.5288">
    <ele>1970.8994488929504</ele>
   </trkpt>
   <trkpt lat="43.65146" lon="-114.52947">
    <ele>1968.5073975860646</ele>
   </trkpt>
   <trkpt lat="43.65131" lon="-114.52966">
    <ele>1968.2767919271305</ele>
   </trkpt>
   <trkpt lat="43.65099" lon="-114.53023">
    <ele>1969.0463206845125</ele>
   </trkpt>
   <trkpt lat="43.650850000000005" lon="-114.53055">
    <ele>1969.4790407576597</ele>
   </trkpt>
   <trkpt lat="43.65061" lon="-114.53127">
    <ele>1970.436752923537</ele>
   </trkpt>
   <trkpt lat="43.65035" lon="-114.53198">
    <ele>1970.7111720304151</ele>
   </trkpt>
   <trkpt lat="43.65023" lon="-114.53244000000001">
    <ele>1970.5588886168819</ele>
   </trkpt>
   <trkpt lat="43.650200000000005" lon="-114.53265">
    <ele>1970.7613153194754</ele>
   </trkpt>
   <trkpt lat="43.650240000000004" lon="-114.53305">
    <ele>1970.7874435819153</ele>
   </trkpt>
   <trkpt lat="43.65050001047167" lon="-114.53394498836951">
    <ele>1971.8669416342432</ele>
   </trkpt>
   <trkpt lat="43.65076001396092" lon="-114.53483998448803">
    <ele>1973.2213408436235</ele>
   </trkpt>
   <trkpt lat="43.65102001046768" lon="-114.53573498835546">
    <ele>1974.2275161210591</ele>
   </trkpt>
   <trkpt lat="43.65128000000001" lon="-114.53663">
    <ele>1975.2833193427869</ele>
   </trkpt>
   <trkpt lat="43.65135" lon="-114.53701000000001">
    <ele>1975.354895044985</ele>
   </trkpt>
   <trkpt lat="43.65138" lon="-114.53741000000001">
    <ele>1975.5257190450525</ele>
   </trkpt>
   <trkpt lat="43.65135334368768" lon="-114.53850000106175">
    <ele>1976.4471990356333</ele>
   </trkpt>
   <trkpt lat="43.651326677018716" lon="-114.53959000115576">
    <ele>1977.4125831776842</ele>
   </trkpt>
   <trkpt lat="43.651300000000006" lon="-114.54068000000001">
    <ele>1979.046496633335</ele>
   </trkpt>
   <trkpt lat="43.651270000000004" lon="-114.54118000000001">
    <ele>1979.5249181464003</ele>
   </trkpt>
   <trkpt lat="43.651210000000006" lon="-114.54157000000001">
    <ele>1979.7547708175218</ele>
   </trkpt>
   <trkpt lat="43.6512" lon="-114.54158000000001">
    <ele>1979.7547708175218</ele>
   </trkpt>
   <trkpt lat="43.65095000414961" lon="-114.5425550040338">
    <ele>1980.172514032443</ele>
   </trkpt>
   <trkpt lat="43.6507" lon="-114.54353">
    <ele>1979.7773043681145</ele>
   </trkpt>
   <trkpt lat="43.6504500147487" lon="-114.54459251332007">
    <ele>1980.2172868772982</ele>
   </trkpt>
   <trkpt lat="43.6502000196566" lon="-114.54565501779516">
    <ele>1981.9154507894864</ele>
   </trkpt>
   <trkpt lat="43.64995001472387" lon="-114.54671751342508">
    <ele>1984.7588399271367</ele>
   </trkpt>
   <trkpt lat="43.6497" lon="-114.54778">
    <ele>1987.9228336090885</ele>
   </trkpt>
   <trkpt lat="43.649640000000005" lon="-114.54796">
    <ele>1988.2428801744136</ele>
   </trkpt>
   <trkpt lat="43.649420000000006" lon="-114.54847000000001">
    <ele>1988.0929920775138</ele>
   </trkpt>
   <trkpt lat="43.649280000000005" lon="-114.54872">
    <ele>1987.9746623262945</ele>
   </trkpt>
   <trkpt lat="43.64893000070994" lon="-114.54914500257044">
    <ele>1987.3666446404404</ele>
   </trkpt>
   <trkpt lat="43.64858" lon="-114.54957">
    <ele>1987.0350919304838</ele>
   </trkpt>
   <trkpt lat="43.64837000000001" lon="-114.54984">
    <ele>1987.2059999530247</ele>
   </trkpt>
   <trkpt lat="43.648210000000006" lon="-114.55017000000001">
    <ele>1987.8876468928831</ele>
   </trkpt>
   <trkpt lat="43.647980001322345" lon="-114.55073000225262">
    <ele>1989.3735014550437</ele>
   </trkpt>
   <trkpt lat="43.64775" lon="-114.55129000000001">
    <ele>1991.1213424195207</ele>
   </trkpt>
   <trkpt lat="43.64741" lon="-114.55205000000001">
    <ele>1992.868967714722</ele>
   </trkpt>
   <trkpt lat="43.647240000000004" lon="-114.55239">
    <ele>1993.3021822201724</ele>
   </trkpt>
   <trkpt lat="43.646730000000005" lon="-114.55307">
    <ele>1993.6737391202812</ele>
   </trkpt>
   <trkpt lat="43.646460000000005" lon="-114.55353000000001">
    <ele>1993.870502684505</ele>
   </trkpt>
   <trkpt lat="43.646170001529406" lon="-114.55410500260075">
    <ele>1994.2110208485947</ele>
   </trkpt>
   <trkpt lat="43.645880000000005" lon="-114.55468">
    <ele>1994.917144914531</ele>
   </trkpt>
   <trkpt lat="43.645480000000006" lon="-114.55562">
    <ele>1996.1531245509966</ele>
   </trkpt>
   <trkpt lat="43.64535" lon="-114.55598">
    <ele>1996.3606740723517</ele>
   </trkpt>
   <trkpt lat="43.64512000550972" lon="-114.55677333932724">
    <ele>1996.9275137330183</ele>
   </trkpt>
   <trkpt lat="43.644890005533185" lon="-114.55756667257957">
    <ele>1997.8507749039866</ele>
   </trkpt>
   <trkpt lat="43.64466" lon="-114.55836000000001">
    <ele>1998.7776472486757</ele>
   </trkpt>
   <trkpt lat="43.64443000199622" lon="-114.55904500276816">
    <ele>1999.999720726642</ele>
   </trkpt>
   <trkpt lat="43.644200000000005" lon="-114.55973000000002">
    <ele>2001.1065037232422</ele>
   </trkpt>
   <trkpt lat="43.64388" lon="-114.56081">
    <ele>2002.7772739771353</ele>
   </trkpt>
   <trkpt lat="43.643820000000005" lon="-114.56121">
    <ele>2003.3830755892784</ele>
   </trkpt>
   <trkpt lat="43.64377" lon="-114.5618">
    <ele>2003.8246563890036</ele>
   </trkpt>
   <trkpt lat="43.643785001732326" lon="-114.56242999994603">
    <ele>2004.783483109248</ele>
   </trkpt>
   <trkpt lat="43.643800000000006" lon="-114.56306000000001">
    <ele>2005.9105301776813</ele>
   </trkpt>
   <trkpt lat="43.64377" lon="-114.56345">
    <ele>2006.7739559109011</ele>
   </trkpt>
   <trkpt lat="43.64369000000001" lon="-114.56385000000002">
    <ele>2007.514334320614</ele>
   </trkpt>
   <trkpt lat="43.643480000000004" lon="-114.56457">
    <ele>2009.236475645636</ele>
   </trkpt>
   <trkpt lat="43.643240000000006" lon="-114.56561">
    <ele>2010.36070107046</ele>
   </trkpt>
   <trkpt lat="43.64311" lon="-114.56596">
    <ele>2010.3247667137955</ele>
   </trkpt>
   <trkpt lat="43.64267" lon="-114.56676000000002">
    <ele>2010.1247462971692</ele>
   </trkpt>
   <trkpt lat="43.64251" lon="-114.56708">
    <ele>2009.9027695256377</ele>
   </trkpt>
   <trkpt lat="43.64231" lon="-114.56762">
    <ele>2009.8961131251167</ele>
   </trkpt>
   <trkpt lat="43.64211000205956" lon="-114.56831000235042">
    <ele>2009.6564952800193</ele>
   </trkpt>
   <trkpt lat="43.64191" lon="-114.569">
    <ele>2010.0795143253183</ele>
   </trkpt>
   <trkpt lat="43.64177" lon="-114.56936">
    <ele>2010.2330484214385</ele>
   </trkpt>
   <trkpt lat="43.641690000000004" lon="-114.5695">
    <ele>2010.2668308014595</ele>
   </trkpt>
   <trkpt lat="43.64115500286481" lon="-114.57030500710752">
    <ele>2010.7383198792352</ele>
   </trkpt>
   <trkpt lat="43.640620000000006" lon="-114.57111">
    <ele>2011.3523919412187</ele>
   </trkpt>
   <trkpt lat="43.64006500362551" lon="-114.57202500849084">
    <ele>2013.1938790313118</ele>
   </trkpt>
   <trkpt lat="43.63951" lon="-114.57294">
    <ele>2015.51918517793</ele>
   </trkpt>
   <trkpt lat="43.63926" lon="-114.57344">
    <ele>2017.3096219139347</ele>
   </trkpt>
   <trkpt lat="43.63889" lon="-114.57372000000001">
    <ele>2018.777107341806</ele>
   </trkpt>
   <trkpt lat="43.63879" lon="-114.57388">
    <ele>2019.3599165052583</ele>
   </trkpt>
   <trkpt lat="43.638740000000006" lon="-114.57406">
    <ele>2019.9247311467172</ele>
   </trkpt>
   <trkpt lat="43.63875" lon="-114.57447">
    <ele>2021.3157865642997</ele>
   </trkpt>
   <trkpt lat="43.63871" lon="-114.57465">
    <ele>2022.1955468421345</ele>
   </trkpt>
   <trkpt lat="43.638630000000006" lon="-114.57482">
    <ele>2022.51237069573</ele>
   </trkpt>
   <trkpt lat="43.63853" lon="-114.57493000000001">
    <ele>2022.9783294881875</ele>
   </trkpt>
   <trkpt lat="43.638270000000006" lon="-114.57514">
    <ele>2023.3899860250838</ele>
   </trkpt>
   <trkpt lat="43.63814000000001" lon="-114.57519">
    <ele>2023.4539802771237</ele>
   </trkpt>
   <trkpt lat="43.638000000000005" lon="-114.57518">
    <ele>2023.490913417603</ele>
   </trkpt>
   <trkpt lat="43.63786" lon="-114.57513000000002">
    <ele>2023.5139982347637</ele>
   </trkpt>
   <trkpt lat="43.63772" lon="-114.57505">
    <ele>2023.5320050889784</ele>
   </trkpt>
   <trkpt lat="43.63747" lon="-114.57484000000001">
    <ele>2023.7075574531311</ele>
   </trkpt>
   <trkpt lat="43.63734" lon="-114.57478">
    <ele>2023.475868350549</ele>
   </trkpt>
   <trkpt lat="43.637190000000004" lon="-114.57475000000001">
    <ele>2023.0964926330685</ele>
   </trkpt>
   <trkpt lat="43.63691" lon="-114.57473">
    <ele>2022.4242845462497</ele>
   </trkpt>
   <trkpt lat="43.63626" lon="-114.57477000000002">
    <ele>2022.3629737213855</ele>
   </trkpt>
   <trkpt lat="43.636120000000005" lon="-114.57479000000001">
    <ele>2022.663305426796</ele>
   </trkpt>
   <trkpt lat="43.63571" lon="-114.575">
    <ele>2023.2909865132071</ele>
   </trkpt>
   <trkpt lat="43.63503" lon="-114.57558000000002">
    <ele>2024.8410121380443</ele>
   </trkpt>
   <trkpt lat="43.6349" lon="-114.57567">
    <ele>2025.4167619265822</ele>
   </trkpt>
   <trkpt lat="43.634570000000004" lon="-114.57585">
    <ele>2026.4151241423322</ele>
   </trkpt>
   <trkpt lat="43.634510000000006" lon="-114.5759">
    <ele>2026.4151241423322</ele>
   </trkpt>
   <trkpt lat="43.63397500279618" lon="-114.57670500720893">
    <ele>2027.6489183639474</ele>
   </trkpt>
   <trkpt lat="43.63344" lon="-114.57751">
    <ele>2028.5610810811843</ele>
   </trkpt>
   <trkpt lat="43.63327" lon="-114.57782">
    <ele>2028.7733550392454</ele>
   </trkpt>
   <trkpt lat="43.63317000000001" lon="-114.57796">
    <ele>2028.9876292063968</ele>
   </trkpt>
   <trkpt lat="43.63299000000001" lon="-114.57814">
    <ele>2029.2640736765657</ele>
   </trkpt>
   <trkpt lat="43.63235" lon="-114.57858">
    <ele>2030.3520836796588</ele>
   </trkpt>
   <trkpt lat="43.63208" lon="-114.57872">
    <ele>2030.2549534089555</ele>
   </trkpt>
   <trkpt lat="43.631800000000005" lon="-114.57881">
    <ele>2030.3114705574947</ele>
   </trkpt>
   <trkpt lat="43.63165" lon="-114.57881">
    <ele>2030.4098485377835</ele>
   </trkpt>
   <trkpt lat="43.631510000000006" lon="-114.57885">
    <ele>2030.4709442929513</ele>
   </trkpt>
   <trkpt lat="43.631370000000004" lon="-114.5789">
    <ele>2030.646847160899</ele>
   </trkpt>
   <trkpt lat="43.631240000000005" lon="-114.57899">
    <ele>2030.8295054861255</ele>
   </trkpt>
   <trkpt lat="43.63076" lon="-114.5794">
    <ele>2031.281694045209</ele>
   </trkpt>
   <trkpt lat="43.630385000554355" lon="-114.57978000244695">
    <ele>2032.3848180250707</ele>
   </trkpt>
   <trkpt lat="43.630010000000006" lon="-114.58016">
    <ele>2033.4356313853284</ele>
   </trkpt>
   <trkpt lat="43.62979000000001" lon="-114.58043">
    <ele>2034.3507996626308</ele>
   </trkpt>
   <trkpt lat="43.62962" lon="-114.58075000000001">
    <ele>2035.2023156423147</ele>
   </trkpt>
   <trkpt lat="43.629560000000005" lon="-114.58093000000001">
    <ele>2035.7780917099205</ele>
   </trkpt>
   <trkpt lat="43.629490000000004" lon="-114.58143000000001">
    <ele>2037.0476840199044</ele>
   </trkpt>
   <trkpt lat="43.629400000000004" lon="-114.58181">
    <ele>2037.7781012140795</ele>
   </trkpt>
   <trkpt lat="43.62933" lon="-114.58199">
    <ele>2038.0796923407754</ele>
   </trkpt>
   <trkpt lat="43.629010001072245" lon="-114.58246000234146">
    <ele>2038.47101447443</ele>
   </trkpt>
   <trkpt lat="43.628690000000006" lon="-114.58293">
    <ele>2038.2561239867507</ele>
   </trkpt>
   <trkpt lat="43.62856" lon="-114.58315">
    <ele>2038.2984757997424</ele>
   </trkpt>
   <trkpt lat="43.628420000000006" lon="-114.58351">
    <ele>2038.7065074432294</ele>
   </trkpt>
   <trkpt lat="43.628260000000004" lon="-114.58414">
    <ele>2039.4560913571404</ele>
   </trkpt>
   <trkpt lat="43.6281" lon="-114.58449">
    <ele>2040.145801058591</ele>
   </trkpt>
   <trkpt lat="43.627610000000004" lon="-114.58508">
    <ele>2041.0917271942292</ele>
   </trkpt>
   <trkpt lat="43.62747" lon="-114.5853">
    <ele>2041.277198479369</ele>
   </trkpt>
   <trkpt lat="43.627390000000005" lon="-114.58557">
    <ele>2041.7501757512287</ele>
   </trkpt>
   <trkpt lat="43.627340000000004" lon="-114.58615">
    <ele>2042.6122537215142</ele>
   </trkpt>
   <trkpt lat="43.627300000000005" lon="-114.58633">
    <ele>2042.9931215863733</ele>
   </trkpt>
   <trkpt lat="43.627230000000004" lon="-114.58651">
    <ele>2043.4366686428507</ele>
   </trkpt>
   <trkpt lat="43.62704" lon="-114.58682">
    <ele>2044.113235621946</ele>
   </trkpt>
   <trkpt lat="43.62693" lon="-114.58692">
    <ele>2044.5547807720613</ele>
   </trkpt>
   <trkpt lat="43.62673" lon="-114.58706000000001">
    <ele>2044.9088020967426</ele>
   </trkpt>
   <trkpt lat="43.6265" lon="-114.58731000000002">
    <ele>2045.5400925317147</ele>
   </trkpt>
   <trkpt lat="43.62615" lon="-114.58781">
    <ele>2046.2921083664019</ele>
   </trkpt>
   <trkpt lat="43.625930000000004" lon="-114.58817">
    <ele>2046.4790759175673</ele>
   </trkpt>
   <trkpt lat="43.625820000000004" lon="-114.5883">
    <ele>2046.5855980511399</ele>
   </trkpt>
   <trkpt lat="43.6257" lon="-114.58839">
    <ele>2046.731379954338</ele>
   </trkpt>
   <trkpt lat="43.625350000000005" lon="-114.58857">
    <ele>2047.4478008891863</ele>
   </trkpt>
   <trkpt lat="43.62523" lon="-114.58866">
    <ele>2047.6076702589753</ele>
   </trkpt>
   <trkpt lat="43.62501" lon="-114.58893">
    <ele>2048.352951778506</ele>
   </trkpt>
   <trkpt lat="43.62482000000001" lon="-114.58921000000001">
    <ele>2048.901903606692</ele>
   </trkpt>
   <trkpt lat="43.624410000000005" lon="-114.59001">
    <ele>2050.344274696038</ele>
   </trkpt>
   <trkpt lat="43.624" lon="-114.59053000000002">
    <ele>2052.7301343640534</ele>
   </trkpt>
   <trkpt lat="43.62346000144919" lon="-114.59112000537387">
    <ele>2054.9990642535413</ele>
   </trkpt>
   <trkpt lat="43.62292" lon="-114.59171">
    <ele>2058.5464464055212</ele>
   </trkpt>
   <trkpt lat="43.62257" lon="-114.59206">
    <ele>2059.9434113444845</ele>
   </trkpt>
   <trkpt lat="43.622016667999134" lon="-114.59244667376382">
    <ele>2060.8676995959713</ele>
   </trkpt>
   <trkpt lat="43.62146333469501" lon="-114.59283334040995">
    <ele>2061.930252942768</ele>
   </trkpt>
   <trkpt lat="43.62091" lon="-114.59322">
    <ele>2063.5677739887283</ele>
   </trkpt>
   <trkpt lat="43.62073" lon="-114.5934">
    <ele>2064.017768890404</ele>
   </trkpt>
   <trkpt lat="43.62051" lon="-114.59367">
    <ele>2064.8893405210947</ele>
   </trkpt>
   <trkpt lat="43.62031" lon="-114.59394">
    <ele>2065.377098328919</ele>
   </trkpt>
   <trkpt lat="43.620020000000004" lon="-114.59453">
    <ele>2066.1415684021636</ele>
   </trkpt>
   <trkpt lat="43.619750001787374" lon="-114.595175002958">
    <ele>2066.6474055721246</ele>
   </trkpt>
   <trkpt lat="43.61948" lon="-114.59582">
    <ele>2067.028111002986</ele>
   </trkpt>
   <trkpt lat="43.61939" lon="-114.59597000000001">
    <ele>2067.2150100220533</ele>
   </trkpt>
   <trkpt lat="43.61928" lon="-114.5961">
    <ele>2067.3861690535446</ele>
   </trkpt>
   <trkpt lat="43.618930000000006" lon="-114.59645">
    <ele>2067.6734554241393</ele>
   </trkpt>
   <trkpt lat="43.61823000165198" lon="-114.59706000707513">
    <ele>2068.9699253884314</ele>
   </trkpt>
   <trkpt lat="43.61753" lon="-114.59767000000001">
    <ele>2070.3930424316363</ele>
   </trkpt>
   <trkpt lat="43.616910000000004" lon="-114.59816000000001">
    <ele>2071.513307339301</ele>
   </trkpt>
   <trkpt lat="43.616710000000005" lon="-114.59828">
    <ele>2071.7575937577703</ele>
   </trkpt>
   <trkpt lat="43.616040000000005" lon="-114.59864">
    <ele>2073.45446080739</ele>
   </trkpt>
   <trkpt lat="43.61526000095012" lon="-114.59897000856043">
    <ele>2075.215370319515</ele>
   </trkpt>
   <trkpt lat="43.614480000951" lon="-114.5993000085599">
    <ele>2076.6832863168665</ele>
   </trkpt>
   <trkpt lat="43.6137" lon="-114.59963">
    <ele>2079.258466387563</ele>
   </trkpt>
   <trkpt lat="43.61356000000001" lon="-114.59964000000001">
    <ele>2079.606054404817</ele>
   </trkpt>
   <trkpt lat="43.613420000000005" lon="-114.59963">
    <ele>2079.781399424979</ele>
   </trkpt>
   <trkpt lat="43.61300000000001" lon="-114.59946000000001">
    <ele>2080.9109048623454</ele>
   </trkpt>
   <trkpt lat="43.61265" lon="-114.59937000000001">
    <ele>2081.4713922605547</ele>
   </trkpt>
   <trkpt lat="43.61207500002472" lon="-114.59929999933114">
    <ele>2082.406015233914</ele>
   </trkpt>
   <trkpt lat="43.61150000000001" lon="-114.59923">
    <ele>2083.7628916456088</ele>
   </trkpt>
   <trkpt lat="43.61121000000001" lon="-114.59924000000001">
    <ele>2084.2004355900185</ele>
   </trkpt>
   <trkpt lat="43.61106" lon="-114.59927">
    <ele>2084.5979718586814</ele>
   </trkpt>
   <trkpt lat="43.61092" lon="-114.59932">
    <ele>2084.9421004043647</ele>
   </trkpt>
   <trkpt lat="43.61065000000001" lon="-114.59945">
    <ele>2085.3702726580746</ele>
   </trkpt>
   <trkpt lat="43.61046" lon="-114.59958">
    <ele>2085.8526300549534</ele>
   </trkpt>
   <trkpt lat="43.61034" lon="-114.59971000000002">
    <ele>2086.1164141747545</ele>
   </trkpt>
   <trkpt lat="43.61014" lon="-114.59999">
    <ele>2086.5227528283367</ele>
   </trkpt>
   <trkpt lat="43.60971000000001" lon="-114.60089">
    <ele>2087.9837192551004</ele>
   </trkpt>
   <trkpt lat="43.60965" lon="-114.60107">
    <ele>2088.4583207976007</ele>
   </trkpt>
   <trkpt lat="43.60961" lon="-114.60147">
    <ele>2089.0271192823166</ele>
   </trkpt>
   <trkpt lat="43.60963" lon="-114.60168000000002">
    <ele>2089.736832292371</ele>
   </trkpt>
   <trkpt lat="43.609700000000004" lon="-114.60196">
    <ele>2090.6243420928586</ele>
   </trkpt>
   <trkpt lat="43.61001" lon="-114.60272">
    <ele>2094.2375374782378</ele>
   </trkpt>
   <trkpt lat="43.61009000000001" lon="-114.60300000000001">
    <ele>2095.6223664288245</ele>
   </trkpt>
   <trkpt lat="43.610110000000006" lon="-114.60321">
    <ele>2097.1118816796047</ele>
   </trkpt>
   <trkpt lat="43.6101" lon="-114.60349000000001">
    <ele>2098.5702872134175</ele>
   </trkpt>
   <trkpt lat="43.60985000475632" lon="-114.60453500435592">
    <ele>2103.61929651191</ele>
   </trkpt>
   <trkpt lat="43.6096" lon="-114.60558">
    <ele>2107.3124675526137</ele>
   </trkpt>
   <trkpt lat="43.60954" lon="-114.60576">
    <ele>2107.959959602918</ele>
   </trkpt>
   <trkpt lat="43.609320000000004" lon="-114.60625">
    <ele>2109.2484634452594</ele>
   </trkpt>
   <trkpt lat="43.609230000000004" lon="-114.60652">
    <ele>2109.9777070148243</ele>
   </trkpt>
   <trkpt lat="43.60915000000001" lon="-114.60689">
    <ele>2110.5481910325025</ele>
   </trkpt>
   <trkpt lat="43.60913" lon="-114.60729">
    <ele>2111.379282232731</ele>
   </trkpt>
   <trkpt lat="43.609170000000006" lon="-114.60769">
    <ele>2111.943994507925</ele>
   </trkpt>
   <trkpt lat="43.60924000000001" lon="-114.60796">
    <ele>2112.7236615300803</ele>
   </trkpt>
   <trkpt lat="43.6095250018377" lon="-114.60861499682264">
    <ele>2114.6106857824543</ele>
   </trkpt>
   <trkpt lat="43.60981" lon="-114.60927000000001">
    <ele>2115.9806804780656</ele>
   </trkpt>
   <trkpt lat="43.609970000000004" lon="-114.60979">
    <ele>2117.3437452190096</ele>
   </trkpt>
   <trkpt lat="43.61014" lon="-114.61050000000002">
    <ele>2119.356638151676</ele>
   </trkpt>
   <trkpt lat="43.61016" lon="-114.61091">
    <ele>2120.0881392042315</ele>
   </trkpt>
   <trkpt lat="43.610150000000004" lon="-114.61172">
    <ele>2122.6291678578464</ele>
   </trkpt>
   <trkpt lat="43.6101100031964" lon="-114.61257500034517">
    <ele>2125.3676159615557</ele>
   </trkpt>
   <trkpt lat="43.61007" lon="-114.61343000000001">
    <ele>2127.772803810946</ele>
   </trkpt>
   <trkpt lat="43.610070001785125" lon="-114.61407000009075">
    <ele>2129.1007728302043</ele>
   </trkpt>
   <trkpt lat="43.61007" lon="-114.61471">
    <ele>2130.9563727156715</ele>
   </trkpt>
   <trkpt lat="43.61001" lon="-114.61561">
    <ele>2134.10832233709</ele>
   </trkpt>
   <trkpt lat="43.609930000000006" lon="-114.61630000000001">
    <ele>2136.2770598309066</ele>
   </trkpt>
   <trkpt lat="43.60980000000001" lon="-114.61695">
    <ele>2138.0294257758483</ele>
   </trkpt>
   <trkpt lat="43.609536672326655" lon="-114.61775667376652">
    <ele>2140.6116102666824</ele>
   </trkpt>
   <trkpt lat="43.6092733389814" lon="-114.61856334046956">
    <ele>2142.672913085974</ele>
   </trkpt>
   <trkpt lat="43.609010000000005" lon="-114.61937">
    <ele>2145.127443673776</ele>
   </trkpt>
   <trkpt lat="43.608780002683645" lon="-114.62015500300849">
    <ele>2147.738144285</ele>
   </trkpt>
   <trkpt lat="43.60855" lon="-114.62094">
    <ele>2150.9188871857414</ele>
   </trkpt>
   <trkpt lat="43.608380006956224" lon="-114.62183333838206">
    <ele>2154.6193664133625</ele>
   </trkpt>
   <trkpt lat="43.60821000695637" lon="-114.62272667171455">
    <ele>2158.2764696272943</ele>
   </trkpt>
   <trkpt lat="43.60804" lon="-114.62362">
    <ele>2161.530383779246</ele>
   </trkpt>
   <trkpt lat="43.60791000236503" lon="-114.62436000172178">
    <ele>2164.832227321521</ele>
   </trkpt>
   <trkpt lat="43.607780000000005" lon="-114.6251">
    <ele>2168.184703992489</ele>
   </trkpt>
   <trkpt lat="43.607570007421316" lon="-114.62602333982342">
    <ele>2171.5920549918897</ele>
   </trkpt>
   <trkpt lat="43.60736000741152" lon="-114.62694667319971">
    <ele>2175.716752631542</ele>
   </trkpt>
   <trkpt lat="43.607150000000004" lon="-114.62787000000002">
    <ele>2181.214148066794</ele>
   </trkpt>
   <trkpt lat="43.607030001631855" lon="-114.62848000116517">
    <ele>2185.2996319345884</ele>
   </trkpt>
   <trkpt lat="43.606910000000006" lon="-114.62909">
    <ele>2188.673825216163</ele>
   </trkpt>
   <trkpt lat="43.60689000000001" lon="-114.6294">
    <ele>2189.5783076193998</ele>
   </trkpt>
   <trkpt lat="43.60688500175515" lon="-114.63003500032795">
    <ele>2191.8996145433875</ele>
   </trkpt>
   <trkpt lat="43.606880000000004" lon="-114.63067000000001">
    <ele>2194.7362543400677</ele>
   </trkpt>
   <trkpt lat="43.606820000000006" lon="-114.63116000000001">
    <ele>2198.2964501601255</ele>
   </trkpt>
   <trkpt lat="43.60680000000001" lon="-114.63165000000001">
    <ele>2202.23834264357</ele>
   </trkpt>
   <trkpt lat="43.606680000000004" lon="-114.63253">
    <ele>2204.3014947279707</ele>
   </trkpt>
   <trkpt lat="43.60661" lon="-114.63271">
    <ele>2204.3014947279707</ele>
   </trkpt>
   <trkpt lat="43.60647" lon="-114.63276">
    <ele>2204.856139458353</ele>
   </trkpt>
   <trkpt lat="43.60633000000001" lon="-114.63271">
    <ele>2204.856139458353</ele>
   </trkpt>
   <trkpt lat="43.60624000000001" lon="-114.63258">
    <ele>2204.856139458353</ele>
   </trkpt>
   <trkpt lat="43.60609" lon="-114.63181000000002">
    <ele>2204.508226302175</ele>
   </trkpt>
   <trkpt lat="43.60593" lon="-114.63115">
    <ele>2207.390415246023</ele>
   </trkpt>
   <trkpt lat="43.60582" lon="-114.63038">
    <ele>2209.058788953128</ele>
   </trkpt>
   <trkpt lat="43.60577000000001" lon="-114.6303">
    <ele>2209.058788953128</ele>
   </trkpt>
   <trkpt lat="43.60569" lon="-114.6303">
    <ele>2209.058788953128</ele>
   </trkpt>
   <trkpt lat="43.60566" lon="-114.63039">
    <ele>2209.058788953128</ele>
   </trkpt>
   <trkpt lat="43.60568000000001" lon="-114.63057">
    <ele>2210.344224436835</ele>
   </trkpt>
   <trkpt lat="43.605720000000005" lon="-114.63088">
    <ele>2210.344224436835</ele>
   </trkpt>
   <trkpt lat="43.60575" lon="-114.63165000000001">
    <ele>2215.00381156528</ele>
   </trkpt>
   <trkpt lat="43.60566" lon="-114.63254">
    <ele>2224.013381287665</ele>
   </trkpt>
   <trkpt lat="43.605650000000004" lon="-114.63316">
    <ele>2227.0955539807665</ele>
   </trkpt>
   <trkpt lat="43.60557" lon="-114.63344000000001">
    <ele>2227.8114405594843</ele>
   </trkpt>
   <trkpt lat="43.60553" lon="-114.6337">
    <ele>2229.0556403938135</ele>
   </trkpt>
   <trkpt lat="43.60557" lon="-114.6342">
    <ele>2231.2211398346008</ele>
   </trkpt>
   <trkpt lat="43.60553" lon="-114.6345">
    <ele>2232.4431561216466</ele>
   </trkpt>
   <trkpt lat="43.6054" lon="-114.63486">
    <ele>2234.9044881754585</ele>
   </trkpt>
   <trkpt lat="43.60537" lon="-114.63519000000001">
    <ele>2235.7838475105477</ele>
   </trkpt>
   <trkpt lat="43.60539000310862" lon="-114.63603499958303">
    <ele>2241.393629206499</ele>
   </trkpt>
   <trkpt lat="43.605410000000006" lon="-114.63688">
    <ele>2245.4116114650105</ele>
   </trkpt>
   <trkpt lat="43.605450000000005" lon="-114.63719">
    <ele>2249.3831223616453</ele>
   </trkpt>
   <trkpt lat="43.605675002317284" lon="-114.6379099974926">
    <ele>2254.2917652503666</ele>
   </trkpt>
   <trkpt lat="43.605900000000005" lon="-114.63863">
    <ele>2259.5926663439827</ele>
   </trkpt>
   <trkpt lat="43.60606000000001" lon="-114.63903">
    <ele>2262.7375350615425</ele>
   </trkpt>
   <trkpt lat="43.606370000000005" lon="-114.63957">
    <ele>2267.449089071314</ele>
   </trkpt>
   <trkpt lat="43.60676" lon="-114.64011">
    <ele>2271.972360176594</ele>
   </trkpt>
   <trkpt lat="43.60703" lon="-114.64046">
    <ele>2274.543318507977</ele>
   </trkpt>
   <trkpt lat="43.60745000088224" lon="-114.64084499752832">
    <ele>2275.371769065669</ele>
   </trkpt>
   <trkpt lat="43.607870000000005" lon="-114.64123000000001">
    <ele>2276.329696313814</ele>
   </trkpt>
   <trkpt lat="43.60811" lon="-114.64149">
    <ele>2277.7364844148137</ele>
   </trkpt>
   <trkpt lat="43.60817" lon="-114.64162">
    <ele>2278.5464942836356</ele>
   </trkpt>
   <trkpt lat="43.608140000000006" lon="-114.6418">
    <ele>2279.0719001520833</ele>
   </trkpt>
   <trkpt lat="43.60799" lon="-114.6423">
    <ele>2281.6525205935604</ele>
   </trkpt>
   <trkpt lat="43.607870000000005" lon="-114.64252">
    <ele>2282.634370485948</ele>
   </trkpt>
   <trkpt lat="43.60766" lon="-114.64265">
    <ele>2284.493856563245</ele>
   </trkpt>
   <trkpt lat="43.60743" lon="-114.64269000000002">
    <ele>2286.1721182223446</ele>
   </trkpt>
   <trkpt lat="43.60725" lon="-114.64265">
    <ele>2287.3951789430544</ele>
   </trkpt>
   <trkpt lat="43.606950000000005" lon="-114.64247">
    <ele>2290.101643103579</ele>
   </trkpt>
   <trkpt lat="43.606770000000004" lon="-114.64243">
    <ele>2292.083277628619</ele>
   </trkpt>
   <trkpt lat="43.60663" lon="-114.64244000000001">
    <ele>2293.6795179478804</ele>
   </trkpt>
   <trkpt lat="43.606390000000005" lon="-114.64262000000001">
    <ele>2296.087294898495</ele>
   </trkpt>
   <trkpt lat="43.60589000210139" lon="-114.643106674721">
    <ele>2301.027666617812</ele>
   </trkpt>
   <trkpt lat="43.605390002138336" lon="-114.6435933413516">
    <ele>2306.5411095334216</ele>
   </trkpt>
   <trkpt lat="43.604890000000005" lon="-114.64408">
    <ele>2310.6644557672394</ele>
   </trkpt>
   <trkpt lat="43.6045" lon="-114.64457000000002">
    <ele>2313.636743218355</ele>
   </trkpt>
   <trkpt lat="43.604200000000006" lon="-114.64511">
    <ele>2315.4298333281777</ele>
   </trkpt>
   <trkpt lat="43.60378" lon="-114.64601">
    <ele>2319.162510424474</ele>
   </trkpt>
   <trkpt lat="43.603550000000006" lon="-114.64663000000002">
    <ele>2320.7572906510236</ele>
   </trkpt>
   <trkpt lat="43.60345" lon="-114.64678">
    <ele>2321.9794122589815</ele>
   </trkpt>
   <trkpt lat="43.603120000000004" lon="-114.64722">
    <ele>2324.810335138589</ele>
   </trkpt>
   <trkpt lat="43.60291" lon="-114.64772">
    <ele>2327.205761688955</ele>
   </trkpt>
   <trkpt lat="43.60264" lon="-114.6482">
    <ele>2330.6312028418515</ele>
   </trkpt>
   <trkpt lat="43.60232500095135" lon="-114.64867000247781">
    <ele>2333.35642279647</ele>
   </trkpt>
   <trkpt lat="43.60201000000001" lon="-114.64914">
    <ele>2334.4957436798313</ele>
   </trkpt>
   <trkpt lat="43.60173" lon="-114.6495">
    <ele>2335.9863282485185</ele>
   </trkpt>
   <trkpt lat="43.601580000000006" lon="-114.64973">
    <ele>2337.5734127333503</ele>
   </trkpt>
   <trkpt lat="43.601220000000005" lon="-114.65072">
    <ele>2341.9582919343534</ele>
   </trkpt>
   <trkpt lat="43.601110000000006" lon="-114.65093">
    <ele>2342.4690856084035</ele>
   </trkpt>
   <trkpt lat="43.60094" lon="-114.65107">
    <ele>2342.967005775698</ele>
   </trkpt>
   <trkpt lat="43.600410000000004" lon="-114.65129">
    <ele>2344.9151739822278</ele>
   </trkpt>
   <trkpt lat="43.600010000000005" lon="-114.65156">
    <ele>2346.153324902945</ele>
   </trkpt>
   <trkpt lat="43.59978" lon="-114.65178000000002">
    <ele>2348.036252772474</ele>
   </trkpt>
   <trkpt lat="43.5996" lon="-114.65202000000001">
    <ele>2349.3098936439533</ele>
   </trkpt>
   <trkpt lat="43.5994" lon="-114.65237">
    <ele>2350.329452000173</ele>
   </trkpt>
   <trkpt lat="43.59931" lon="-114.65268">
    <ele>2352.0339843619445</ele>
   </trkpt>
   <trkpt lat="43.59926" lon="-114.653">
    <ele>2353.8741824392546</ele>
   </trkpt>
   <trkpt lat="43.599320000000006" lon="-114.6534">
    <ele>2355.2029146417294</ele>
   </trkpt>
   <trkpt lat="43.59949" lon="-114.65371">
    <ele>2356.7903899851876</ele>
   </trkpt>
   <trkpt lat="43.59964" lon="-114.65434">
    <ele>2359.9681361932435</ele>
   </trkpt>
   <trkpt lat="43.599905000968356" lon="-114.65485499736728">
    <ele>2363.1553018040895</ele>
   </trkpt>
   <trkpt lat="43.600170000000006" lon="-114.65537">
    <ele>2366.3435985534697</ele>
   </trkpt>
   <trkpt lat="43.600260000000006" lon="-114.6556">
    <ele>2367.6308446366165</ele>
   </trkpt>
   <trkpt lat="43.60032" lon="-114.65586">
    <ele>2368.84251043219</ele>
   </trkpt>
   <trkpt lat="43.60038" lon="-114.6564">
    <ele>2372.9212195260234</ele>
   </trkpt>
   <trkpt lat="43.60038" lon="-114.65716">
    <ele>2376.8114770709713</ele>
   </trkpt>
   <trkpt lat="43.6004450018592" lon="-114.6578099994768">
    <ele>2379.3863210811996</ele>
   </trkpt>
   <trkpt lat="43.60051000000001" lon="-114.65846">
    <ele>2384.6030131155944</ele>
   </trkpt>
   <trkpt lat="43.600570000000005" lon="-114.6589">
    <ele>2386.7868305074085</ele>
   </trkpt>
   <trkpt lat="43.60069" lon="-114.65921000000002">
    <ele>2389.177762684261</ele>
   </trkpt>
   <trkpt lat="43.600730000000006" lon="-114.6594">
    <ele>2389.986932960639</ele>
   </trkpt>
   <trkpt lat="43.600680000000004" lon="-114.65984">
    <ele>2392.7796510045305</ele>
   </trkpt>
   <trkpt lat="43.60072" lon="-114.66092">
    <ele>2397.711776884291</ele>
   </trkpt>
   <trkpt lat="43.60091000754651" lon="-114.66184999416441">
    <ele>2400.4669142992543</ele>
   </trkpt>
   <trkpt lat="43.60110000755437" lon="-114.66277999420286">
    <ele>2404.7856694107645</ele>
   </trkpt>
   <trkpt lat="43.601290000000006" lon="-114.66371000000001">
    <ele>2408.8829474596337</ele>
   </trkpt>
   <trkpt lat="43.60134" lon="-114.66423">
    <ele>2411.492920886484</ele>
   </trkpt>
   <trkpt lat="43.601620000000004" lon="-114.66526">
    <ele>2414.6352406189994</ele>
   </trkpt>
   <trkpt lat="43.60174000000001" lon="-114.66611">
    <ele>2417.0105954686596</ele>
   </trkpt>
   <trkpt lat="43.60191500162824" lon="-114.66671499835446">
    <ele>2419.0316812054552</ele>
   </trkpt>
   <trkpt lat="43.602090000000004" lon="-114.66732">
    <ele>2422.680896296732</ele>
   </trkpt>
   <trkpt lat="43.60217" lon="-114.66769000000001">
    <ele>2426.987648523938</ele>
   </trkpt>
   <trkpt lat="43.602470000000004" lon="-114.66841000000001">
    <ele>2430.5907217734725</ele>
   </trkpt>
   <trkpt lat="43.60246" lon="-114.66854000000001">
    <ele>2431.3607602774296</ele>
   </trkpt>
   <trkpt lat="43.60237" lon="-114.66859000000001">
    <ele>2432.118112679847</ele>
   </trkpt>
   <trkpt lat="43.60228" lon="-114.66857">
    <ele>2432.118112679847</ele>
   </trkpt>
   <trkpt lat="43.60183000000001" lon="-114.66777">
    <ele>2434.4182710571836</ele>
   </trkpt>
   <trkpt lat="43.60168" lon="-114.66754">
    <ele>2434.597576128518</ele>
   </trkpt>
   <trkpt lat="43.60159" lon="-114.66745">
    <ele>2435.2445739140016</ele>
   </trkpt>
   <trkpt lat="43.60117" lon="-114.66737">
    <ele>2436.7146003187295</ele>
   </trkpt>
   <trkpt lat="43.60105" lon="-114.66741">
    <ele>2436.7146003187295</ele>
   </trkpt>
   <trkpt lat="43.60092" lon="-114.66754">
    <ele>2437.5176447403674</ele>
   </trkpt>
   <trkpt lat="43.60035000194457" lon="-114.66822000652648">
    <ele>2441.869712966502</ele>
   </trkpt>
   <trkpt lat="43.59978" lon="-114.66890000000001">
    <ele>2446.343654798046</ele>
   </trkpt>
   <trkpt lat="43.59939000000001" lon="-114.6696">
    <ele>2451.3353083704073</ele>
   </trkpt>
   <trkpt lat="43.599090000000004" lon="-114.67001">
    <ele>2455.2320366292684</ele>
   </trkpt>
   <trkpt lat="43.598835001538056" lon="-114.67061500269955">
    <ele>2459.5370317250236</ele>
   </trkpt>
   <trkpt lat="43.598580000000005" lon="-114.67122">
    <ele>2462.7933128730433</ele>
   </trkpt>
   <trkpt lat="43.598420000000004" lon="-114.67167">
    <ele>2465.6693211906236</ele>
   </trkpt>
   <trkpt lat="43.59835" lon="-114.67207">
    <ele>2468.3714050508697</ele>
   </trkpt>
   <trkpt lat="43.59835" lon="-114.67233">
    <ele>2469.6445924170966</ele>
   </trkpt>
   <trkpt lat="43.59846" lon="-114.67278">
    <ele>2472.458805726642</ele>
   </trkpt>
   <trkpt lat="43.59841" lon="-114.67292">
    <ele>2473.1765926363673</ele>
   </trkpt>
   <trkpt lat="43.59828" lon="-114.67314">
    <ele>2474.68173090883</ele>
   </trkpt>
   <trkpt lat="43.59800000200678" lon="-114.67381500309013">
    <ele>2479.5847365969003</ele>
   </trkpt>
   <trkpt lat="43.59772" lon="-114.67449">
    <ele>2486.0431805065627</ele>
   </trkpt>
   <trkpt lat="43.597485001574725" lon="-114.67511000268664">
    <ele>2489.130470907342</ele>
   </trkpt>
   <trkpt lat="43.59725" lon="-114.67573000000002">
    <ele>2494.52203147903</ele>
   </trkpt>
   <trkpt lat="43.59681000167508" lon="-114.67636000468494">
    <ele>2501.9930270756945</ele>
   </trkpt>
   <trkpt lat="43.59637" lon="-114.67699">
    <ele>2507.7870799934417</ele>
   </trkpt>
   <trkpt lat="43.596360000000004" lon="-114.67713">
    <ele>2508.6476956962165</ele>
   </trkpt>
   <trkpt lat="43.59646" lon="-114.67722">
    <ele>2508.8825961867583</ele>
   </trkpt>
   <trkpt lat="43.596610000000005" lon="-114.67721">
    <ele>2509.7745718950428</ele>
   </trkpt>
   <trkpt lat="43.596830000000004" lon="-114.67708">
    <ele>2510.8357278125422</ele>
   </trkpt>
   <trkpt lat="43.59751000000001" lon="-114.67632">
    <ele>2516.0804839784287</ele>
   </trkpt>
   <trkpt lat="43.597730000000006" lon="-114.67597">
    <ele>2517.9138401781547</ele>
   </trkpt>
   <trkpt lat="43.59798000000001" lon="-114.67567000000001">
    <ele>2520.0534482402436</ele>
   </trkpt>
   <trkpt lat="43.59821" lon="-114.67524">
    <ele>2523.317119646215</ele>
   </trkpt>
   <trkpt lat="43.598490000000005" lon="-114.67489">
    <ele>2526.716198529289</ele>
   </trkpt>
   <trkpt lat="43.59888" lon="-114.67448">
    <ele>2531.428749618395</ele>
   </trkpt>
   <trkpt lat="43.599030000000006" lon="-114.67441000000001">
    <ele>2533.7728507783354</ele>
   </trkpt>
   <trkpt lat="43.599160000000005" lon="-114.67445000000001">
    <ele>2534.674774040851</ele>
   </trkpt>
   <trkpt lat="43.59928" lon="-114.67462">
    <ele>2537.8568352455477</ele>
   </trkpt>
   <trkpt lat="43.59937" lon="-114.67484">
    <ele>2539.549359980236</ele>
   </trkpt>
   <trkpt lat="43.59942" lon="-114.67511">
    <ele>2541.0325701202487</ele>
   </trkpt>
   <trkpt lat="43.59951" lon="-114.67533">
    <ele>2542.1513227535265</ele>
   </trkpt>
   <trkpt lat="43.599650000000004" lon="-114.67547">
    <ele>2543.9428868540326</ele>
   </trkpt>
   <trkpt lat="43.59977000000001" lon="-114.67544000000001">
    <ele>2543.9428868540326</ele>
   </trkpt>
   <trkpt lat="43.59986000000001" lon="-114.67533">
    <ele>2544.709367159347</ele>
   </trkpt>
   <trkpt lat="43.59991" lon="-114.67498">
    <ele>2545.5664301568527</ele>
   </trkpt>
   <trkpt lat="43.59998" lon="-114.67471">
    <ele>2545.817993235282</ele>
   </trkpt>
   <trkpt lat="43.60007" lon="-114.67453">
    <ele>2545.825256645549</ele>
   </trkpt>
   <trkpt lat="43.60033000000001" lon="-114.67427">
    <ele>2546.8766897612472</ele>
   </trkpt>
   <trkpt lat="43.60052" lon="-114.67396000000001">
    <ele>2549.123559462571</ele>
   </trkpt>
   <trkpt lat="43.60063" lon="-114.67373">
    <ele>2550.335783099045</ele>
   </trkpt>
   <trkpt lat="43.600640000000006" lon="-114.67351000000001">
    <ele>2551.488645973612</ele>
   </trkpt>
   <trkpt lat="43.600680000000004" lon="-114.67333">
    <ele>2552.0198879177833</ele>
   </trkpt>
   <trkpt lat="43.600770000000004" lon="-114.67328">
    <ele>2552.5928492880657</ele>
   </trkpt>
   <trkpt lat="43.60089000000001" lon="-114.67336">
    <ele>2553.6360348650123</ele>
   </trkpt>
   <trkpt lat="43.600910000000006" lon="-114.67354">
    <ele>2554.1822837774193</ele>
   </trkpt>
   <trkpt lat="43.60085" lon="-114.67381">
    <ele>2555.858151837927</ele>
   </trkpt>
   <trkpt lat="43.60069" lon="-114.67423000000001">
    <ele>2558.4470024690468</ele>
   </trkpt>
   <trkpt lat="43.60049" lon="-114.67467">
    <ele>2560.4656880650687</ele>
   </trkpt>
   <trkpt lat="43.60032" lon="-114.67493">
    <ele>2562.2834082174886</ele>
   </trkpt>
   <trkpt lat="43.60027" lon="-114.67511">
    <ele>2562.7568794500357</ele>
   </trkpt>
   <trkpt lat="43.60018" lon="-114.6761">
    <ele>2570.710178334805</ele>
   </trkpt>
   <trkpt lat="43.6" lon="-114.67663">
    <ele>2578.365940936885</ele>
   </trkpt>
   <trkpt lat="43.599920000000004" lon="-114.67695">
    <ele>2581.0988546674635</ele>
   </trkpt>
   <trkpt lat="43.599830000000004" lon="-114.67712000000002">
    <ele>2582.513373084915</ele>
   </trkpt>
   <trkpt lat="43.599720000000005" lon="-114.67714000000001">
    <ele>2583.6110356865133</ele>
   </trkpt>
   <trkpt lat="43.599630000000005" lon="-114.67704">
    <ele>2583.532703013388</ele>
   </trkpt>
   <trkpt lat="43.599320000000006" lon="-114.67656000000001">
    <ele>2586.428464841741</ele>
   </trkpt>
   <trkpt lat="43.59917" lon="-114.67642000000001">
    <ele>2587.1448408736474</ele>
   </trkpt>
   <trkpt lat="43.59908" lon="-114.67641">
    <ele>2587.2608291798683</ele>
   </trkpt>
   <trkpt lat="43.598980000000005" lon="-114.67647000000001">
    <ele>2587.426031372244</ele>
   </trkpt>
   <trkpt lat="43.59870500139772" lon="-114.67704500271829">
    <ele>2587.7321884355606</ele>
   </trkpt>
   <trkpt lat="43.59843" lon="-114.67762">
    <ele>2591.0730277238117</ele>
   </trkpt>
   <trkpt lat="43.59834" lon="-114.67789">
    <ele>2592.845359257919</ele>
   </trkpt>
   <trkpt lat="43.598330000000004" lon="-114.67816">
    <ele>2594.7322608854156</ele>
   </trkpt>
   <trkpt lat="43.59834" lon="-114.67839000000001">
    <ele>2596.1153838995897</ele>
   </trkpt>
   <trkpt lat="43.59848" lon="-114.67932">
    <ele>2601.40004199484</ele>
   </trkpt>
   <trkpt lat="43.59845000000001" lon="-114.6795">
    <ele>2603.41153672275</ele>
   </trkpt>
   <trkpt lat="43.59836000000001" lon="-114.67969000000001">
    <ele>2605.7080034844744</ele>
   </trkpt>
   <trkpt lat="43.598220000000005" lon="-114.67987000000001">
    <ele>2608.260672047867</ele>
   </trkpt>
   <trkpt lat="43.597910000000006" lon="-114.68048">
    <ele>2615.330651299712</ele>
   </trkpt>
   <trkpt lat="43.59780000000001" lon="-114.68058">
    <ele>2617.5827947496723</ele>
   </trkpt>
   <trkpt lat="43.59763" lon="-114.68066">
    <ele>2620.792386720033</ele>
   </trkpt>
   <trkpt lat="43.597350000000006" lon="-114.68063000000001">
    <ele>2623.9800121513686</ele>
   </trkpt>
   <trkpt lat="43.597030000000004" lon="-114.68053">
    <ele>2625.8930791231865</ele>
   </trkpt>
   <trkpt lat="43.59677000000001" lon="-114.68039">
    <ele>2626.49750159428</ele>
   </trkpt>
   <trkpt lat="43.596590000000006" lon="-114.68031">
    <ele>2627.2886445589957</ele>
   </trkpt>
   <trkpt lat="43.59642" lon="-114.68032000000001">
    <ele>2627.453368518597</ele>
   </trkpt>
   <trkpt lat="43.59622" lon="-114.68044">
    <ele>2628.3166556845595</ele>
   </trkpt>
   <trkpt lat="43.595980000000004" lon="-114.68067">
    <ele>2629.42728248532</ele>
   </trkpt>
   <trkpt lat="43.59539" lon="-114.68106000000002">
    <ele>2634.170679600453</ele>
   </trkpt>
   <trkpt lat="43.595240000000004" lon="-114.68121000000001">
    <ele>2636.1903746334583</ele>
   </trkpt>
   <trkpt lat="43.59489000000001" lon="-114.68187">
    <ele>2641.389148138069</ele>
   </trkpt>
   <trkpt lat="43.59460000000001" lon="-114.68223">
    <ele>2644.238170713497</ele>
   </trkpt>
   <trkpt lat="43.594350000000006" lon="-114.68247000000001">
    <ele>2645.6013888154102</ele>
   </trkpt>
   <trkpt lat="43.594030000000004" lon="-114.68267000000002">
    <ele>2648.3826779725346</ele>
   </trkpt>
   <trkpt lat="43.593610000000005" lon="-114.68281">
    <ele>2651.5230473619627</ele>
   </trkpt>
   <trkpt lat="43.59337" lon="-114.68287000000001">
    <ele>2652.473168652752</ele>
   </trkpt>
   <trkpt lat="43.593090000000004" lon="-114.6829">
    <ele>2653.371367387221</ele>
   </trkpt>
   <trkpt lat="43.59301000000001" lon="-114.68295">
    <ele>2653.476699760166</ele>
   </trkpt>
   <trkpt lat="43.592940000000006" lon="-114.68303000000002">
    <ele>2653.7883113282564</ele>
   </trkpt>
   <trkpt lat="43.59292000000001" lon="-114.68313">
    <ele>2653.866367649102</ele>
   </trkpt>
   <trkpt lat="43.59344" lon="-114.68317">
    <ele>2654.4612967011926</ele>
   </trkpt>
   <trkpt lat="43.59292000000001" lon="-114.68313">
    <ele>2653.866367649102</ele>
   </trkpt>
   <trkpt lat="43.592940000000006" lon="-114.68303000000002">
    <ele>2653.788311328256</ele>
   </trkpt>
   <trkpt lat="43.59301000000001" lon="-114.68295">
    <ele>2653.476699760166</ele>
   </trkpt>
   <trkpt lat="43.593090000000004" lon="-114.6829">
    <ele>2653.371367387221</ele>
   </trkpt>
   <trkpt lat="43.59337" lon="-114.68287000000001">
    <ele>2652.4731686527516</ele>
   </trkpt>
   <trkpt lat="43.593610000000005" lon="-114.68281">
    <ele>2651.523047361962</ele>
   </trkpt>
   <trkpt lat="43.594030000000004" lon="-114.68267000000002">
    <ele>2648.3826779725346</ele>
   </trkpt>
   <trkpt lat="43.594350000000006" lon="-114.68247000000001">
    <ele>2645.6013888154093</ele>
   </trkpt>
   <trkpt lat="43.59460000000001" lon="-114.68223">
    <ele>2644.2381707134964</ele>
   </trkpt>
   <trkpt lat="43.59489000000001" lon="-114.68187">
    <ele>2641.3891481380683</ele>
   </trkpt>
   <trkpt lat="43.595240000000004" lon="-114.68121000000001">
    <ele>2636.1903746334574</ele>
   </trkpt>
   <trkpt lat="43.59539" lon="-114.68106000000002">
    <ele>2634.170679600452</ele>
   </trkpt>
   <trkpt lat="43.595980000000004" lon="-114.68067">
    <ele>2629.4272824853188</ele>
   </trkpt>
   <trkpt lat="43.59622" lon="-114.68044">
    <ele>2628.3166556845576</ele>
   </trkpt>
   <trkpt lat="43.59642" lon="-114.68032000000001">
    <ele>2627.453368518595</ele>
   </trkpt>
   <trkpt lat="43.596590000000006" lon="-114.68031">
    <ele>2627.2886445589947</ele>
   </trkpt>
   <trkpt lat="43.59677000000001" lon="-114.68039">
    <ele>2626.497501594279</ele>
   </trkpt>
   <trkpt lat="43.597030000000004" lon="-114.68053">
    <ele>2625.893079123185</ele>
   </trkpt>
   <trkpt lat="43.597350000000006" lon="-114.68063000000001">
    <ele>2623.980012151367</ele>
   </trkpt>
   <trkpt lat="43.59763" lon="-114.68066">
    <ele>2620.792386720032</ele>
   </trkpt>
   <trkpt lat="43.59780000000001" lon="-114.68058">
    <ele>2617.5827947496723</ele>
   </trkpt>
   <trkpt lat="43.597910000000006" lon="-114.68048">
    <ele>2615.3306512997115</ele>
   </trkpt>
   <trkpt lat="43.598220000000005" lon="-114.67987000000001">
    <ele>2608.260672047866</ele>
   </trkpt>
   <trkpt lat="43.59836000000001" lon="-114.67969000000001">
    <ele>2605.7080034844735</ele>
   </trkpt>
   <trkpt lat="43.59845000000001" lon="-114.6795">
    <ele>2603.411536722749</ele>
   </trkpt>
   <trkpt lat="43.59848" lon="-114.67932">
    <ele>2601.4000419948393</ele>
   </trkpt>
   <trkpt lat="43.59834" lon="-114.67839000000001">
    <ele>2596.1153838765895</ele>
   </trkpt>
   <trkpt lat="43.598330000000004" lon="-114.67816">
    <ele>2594.7322607992646</ele>
   </trkpt>
   <trkpt lat="43.59834" lon="-114.67789">
    <ele>2592.8453589445694</ele>
   </trkpt>
   <trkpt lat="43.59843" lon="-114.67762">
    <ele>2591.0730272960063</ele>
   </trkpt>
   <trkpt lat="43.59870500148407" lon="-114.67704500253777">
    <ele>2587.732188046647</ele>
   </trkpt>
   <trkpt lat="43.598980000000005" lon="-114.67647000000001">
    <ele>2587.426031015739</ele>
   </trkpt>
   <trkpt lat="43.59908" lon="-114.67641">
    <ele>2587.2608288425295</ele>
   </trkpt>
   <trkpt lat="43.59917" lon="-114.67642000000001">
    <ele>2587.1448405622577</ele>
   </trkpt>
   <trkpt lat="43.599320000000006" lon="-114.67656000000001">
    <ele>2586.4284645789294</ele>
   </trkpt>
   <trkpt lat="43.599630000000005" lon="-114.67704">
    <ele>2583.5327030133876</ele>
   </trkpt>
   <trkpt lat="43.599720000000005" lon="-114.67714000000001">
    <ele>2583.6110356865133</ele>
   </trkpt>
   <trkpt lat="43.599830000000004" lon="-114.67712000000002">
    <ele>2582.513373084915</ele>
   </trkpt>
   <trkpt lat="43.599920000000004" lon="-114.67695">
    <ele>2581.0988546674635</ele>
   </trkpt>
   <trkpt lat="43.6" lon="-114.67663">
    <ele>2578.365940936885</ele>
   </trkpt>
   <trkpt lat="43.60018" lon="-114.6761">
    <ele>2570.710178334805</ele>
   </trkpt>
   <trkpt lat="43.60027" lon="-114.67511">
    <ele>2562.7568794500357</ele>
   </trkpt>
   <trkpt lat="43.60032" lon="-114.67493">
    <ele>2562.283408217488</ele>
   </trkpt>
   <trkpt lat="43.60049" lon="-114.67467">
    <ele>2560.465688065068</ele>
   </trkpt>
   <trkpt lat="43.60069" lon="-114.67423000000001">
    <ele>2558.4470024690463</ele>
   </trkpt>
   <trkpt lat="43.60085" lon="-114.67381">
    <ele>2555.8581518379265</ele>
   </trkpt>
   <trkpt lat="43.600910000000006" lon="-114.67354">
    <ele>2554.1822837774193</ele>
   </trkpt>
   <trkpt lat="43.60089000000001" lon="-114.67336">
    <ele>2553.636034865012</ele>
   </trkpt>
   <trkpt lat="43.600770000000004" lon="-114.67328">
    <ele>2552.5928492880653</ele>
   </trkpt>
   <trkpt lat="43.600680000000004" lon="-114.67333">
    <ele>2552.019887917783</ele>
   </trkpt>
   <trkpt lat="43.600640000000006" lon="-114.67351000000001">
    <ele>2551.488645973612</ele>
   </trkpt>
   <trkpt lat="43.60063" lon="-114.67373">
    <ele>2550.335783099045</ele>
   </trkpt>
   <trkpt lat="43.60052" lon="-114.67396000000001">
    <ele>2549.123559462571</ele>
   </trkpt>
   <trkpt lat="43.60033000000001" lon="-114.67427">
    <ele>2546.8766897612472</ele>
   </trkpt>
   <trkpt lat="43.60007" lon="-114.67453">
    <ele>2545.8252566455494</ele>
   </trkpt>
   <trkpt lat="43.59998" lon="-114.67471">
    <ele>2545.8179932352823</ele>
   </trkpt>
   <trkpt lat="43.59991" lon="-114.67498">
    <ele>2545.566430156853</ele>
   </trkpt>
   <trkpt lat="43.59986000000001" lon="-114.67533">
    <ele>2544.709367159347</ele>
   </trkpt>
   <trkpt lat="43.59977000000001" lon="-114.67544000000001">
    <ele>2543.942886854033</ele>
   </trkpt>
   <trkpt lat="43.599650000000004" lon="-114.67547">
    <ele>2543.942886854033</ele>
   </trkpt>
   <trkpt lat="43.59951" lon="-114.67533">
    <ele>2542.1513227535265</ele>
   </trkpt>
   <trkpt lat="43.59942" lon="-114.67511">
    <ele>2541.032570120249</ele>
   </trkpt>
   <trkpt lat="43.59937" lon="-114.67484">
    <ele>2539.5493599802367</ele>
   </trkpt>
   <trkpt lat="43.59928" lon="-114.67462">
    <ele>2537.856835245548</ele>
   </trkpt>
   <trkpt lat="43.599160000000005" lon="-114.67445000000001">
    <ele>2534.674774040851</ele>
   </trkpt>
   <trkpt lat="43.599030000000006" lon="-114.67441000000001">
    <ele>2533.7728507783354</ele>
   </trkpt>
   <trkpt lat="43.59888" lon="-114.67448">
    <ele>2531.428749618395</ele>
   </trkpt>
   <trkpt lat="43.598490000000005" lon="-114.67489">
    <ele>2526.716198529289</ele>
   </trkpt>
   <trkpt lat="43.59821" lon="-114.67524">
    <ele>2523.317119646215</ele>
   </trkpt>
   <trkpt lat="43.59798000000001" lon="-114.67567000000001">
    <ele>2520.0534482402436</ele>
   </trkpt>
   <trkpt lat="43.597730000000006" lon="-114.67597">
    <ele>2517.9138401781547</ele>
   </trkpt>
   <trkpt lat="43.59751000000001" lon="-114.67632">
    <ele>2516.080483978428</ele>
   </trkpt>
   <trkpt lat="43.596830000000004" lon="-114.67708">
    <ele>2510.835727772895</ele>
   </trkpt>
   <trkpt lat="43.596610000000005" lon="-114.67721">
    <ele>2509.77457184522</ele>
   </trkpt>
   <trkpt lat="43.59646" lon="-114.67722">
    <ele>2508.882595960587</ele>
   </trkpt>
   <trkpt lat="43.596360000000004" lon="-114.67713">
    <ele>2508.647695447428</ele>
   </trkpt>
   <trkpt lat="43.59637" lon="-114.67699">
    <ele>2507.7870795746767</ele>
   </trkpt>
   <trkpt lat="43.59681000178438" lon="-114.67636000452848">
    <ele>2501.993026431821</ele>
   </trkpt>
   <trkpt lat="43.59725" lon="-114.67573000000002">
    <ele>2494.522029980091</ele>
   </trkpt>
   <trkpt lat="43.59748500177578" lon="-114.67511000215619">
    <ele>2489.1304699103753</ele>
   </trkpt>
   <trkpt lat="43.59772" lon="-114.67449">
    <ele>2486.043179746326</ele>
   </trkpt>
   <trkpt lat="43.59800000196455" lon="-114.673815003192">
    <ele>2479.5847367264487</ele>
   </trkpt>
   <trkpt lat="43.59828" lon="-114.67314">
    <ele>2474.6817311504433</ele>
   </trkpt>
   <trkpt lat="43.59841" lon="-114.67292">
    <ele>2473.176592829409</ele>
   </trkpt>
   <trkpt lat="43.59846" lon="-114.67278">
    <ele>2472.458805902134</ele>
   </trkpt>
   <trkpt lat="43.59835" lon="-114.67233">
    <ele>2469.644592443256</ele>
   </trkpt>
   <trkpt lat="43.59835" lon="-114.67207">
    <ele>2468.371404984032</ele>
   </trkpt>
   <trkpt lat="43.598420000000004" lon="-114.67167">
    <ele>2465.669320809138</ele>
   </trkpt>
   <trkpt lat="43.598580000000005" lon="-114.67122">
    <ele>2462.793312363144</ele>
   </trkpt>
   <trkpt lat="43.59883500165229" lon="-114.67061500242853">
    <ele>2459.5370311641345</ele>
   </trkpt>
   <trkpt lat="43.599090000000004" lon="-114.67001">
    <ele>2455.232036068379</ele>
   </trkpt>
   <trkpt lat="43.59939000000001" lon="-114.6696">
    <ele>2451.3353081582045</ele>
   </trkpt>
   <trkpt lat="43.59978" lon="-114.66890000000001">
    <ele>2446.3436543690705</ele>
   </trkpt>
   <trkpt lat="43.60035000208582" lon="-114.66822000635793">
    <ele>2441.8697126629704</ele>
   </trkpt>
   <trkpt lat="43.60092" lon="-114.66754">
    <ele>2437.5176447351855</ele>
   </trkpt>
   <trkpt lat="43.60105" lon="-114.66741">
    <ele>2436.7146004316296</ele>
   </trkpt>
   <trkpt lat="43.60117" lon="-114.66737">
    <ele>2436.7146004316296</ele>
   </trkpt>
   <trkpt lat="43.60159" lon="-114.66745">
    <ele>2435.244573943532</ele>
   </trkpt>
   <trkpt lat="43.60168" lon="-114.66754">
    <ele>2434.597576128518</ele>
   </trkpt>
   <trkpt lat="43.60183000000001" lon="-114.66777">
    <ele>2434.4182710571836</ele>
   </trkpt>
   <trkpt lat="43.60228" lon="-114.66857">
    <ele>2432.1181126798474</ele>
   </trkpt>
   <trkpt lat="43.60237" lon="-114.66859000000001">
    <ele>2432.1181126798474</ele>
   </trkpt>
   <trkpt lat="43.60246" lon="-114.66854000000001">
    <ele>2431.36076027743</ele>
   </trkpt>
   <trkpt lat="43.602470000000004" lon="-114.66841000000001">
    <ele>2430.590721773473</ele>
   </trkpt>
   <trkpt lat="43.60217" lon="-114.66769000000001">
    <ele>2426.987648369137</ele>
   </trkpt>
   <trkpt lat="43.602090000000004" lon="-114.66732">
    <ele>2422.680896080923</ele>
   </trkpt>
   <trkpt lat="43.601915001562126" lon="-114.6667149981259">
    <ele>2419.0316809896462</ele>
   </trkpt>
   <trkpt lat="43.60174000000001" lon="-114.66611">
    <ele>2417.0105952312692</ele>
   </trkpt>
   <trkpt lat="43.601620000000004" lon="-114.66526">
    <ele>2414.6352405936045</ele>
   </trkpt>
   <trkpt lat="43.60134" lon="-114.66423">
    <ele>2411.4929208334465</ele>
   </trkpt>
   <trkpt lat="43.601290000000006" lon="-114.66371000000001">
    <ele>2408.8829472305742</ele>
   </trkpt>
   <trkpt lat="43.60110000753086" lon="-114.66277999408776">
    <ele>2404.785668992324</ele>
   </trkpt>
   <trkpt lat="43.60091000752298" lon="-114.66184999404935">
    <ele>2400.4669138962195</ele>
   </trkpt>
   <trkpt lat="43.60072" lon="-114.66092">
    <ele>2397.711776713078</ele>
   </trkpt>
   <trkpt lat="43.600680000000004" lon="-114.65984">
    <ele>2392.779651004531</ele>
   </trkpt>
   <trkpt lat="43.600730000000006" lon="-114.6594">
    <ele>2389.986932913657</ele>
   </trkpt>
   <trkpt lat="43.60069" lon="-114.65921000000002">
    <ele>2389.1777625772042</ele>
   </trkpt>
   <trkpt lat="43.600570000000005" lon="-114.6589">
    <ele>2386.7868302450984</ele>
   </trkpt>
   <trkpt lat="43.60051000000001" lon="-114.65846">
    <ele>2384.6030126643195</ele>
   </trkpt>
   <trkpt lat="43.6004450018234" lon="-114.65780999911877">
    <ele>2379.3863205888997</ele>
   </trkpt>
   <trkpt lat="43.60038" lon="-114.65716">
    <ele>2376.811476529441</ele>
   </trkpt>
   <trkpt lat="43.60038" lon="-114.6564">
    <ele>2372.9212192730347</ele>
   </trkpt>
   <trkpt lat="43.60032" lon="-114.65586">
    <ele>2368.842511055352</ele>
   </trkpt>
   <trkpt lat="43.600260000000006" lon="-114.6556">
    <ele>2367.6308455182275</ele>
   </trkpt>
   <trkpt lat="43.600170000000006" lon="-114.65537">
    <ele>2366.3435996414382</ele>
   </trkpt>
   <trkpt lat="43.59990500134342" lon="-114.65485499809617">
    <ele>2363.155302793152</ele>
   </trkpt>
   <trkpt lat="43.59964" lon="-114.65434">
    <ele>2359.968137182306</ele>
   </trkpt>
   <trkpt lat="43.59949" lon="-114.65371">
    <ele>2356.790390372527</ele>
   </trkpt>
   <trkpt lat="43.599320000000006" lon="-114.6534">
    <ele>2355.2029146417294</ele>
   </trkpt>
   <trkpt lat="43.59926" lon="-114.653">
    <ele>2353.8741824392546</ele>
   </trkpt>
   <trkpt lat="43.59931" lon="-114.65268">
    <ele>2352.0339843619445</ele>
   </trkpt>
   <trkpt lat="43.5994" lon="-114.65237">
    <ele>2350.3294520001737</ele>
   </trkpt>
   <trkpt lat="43.5996" lon="-114.65202000000001">
    <ele>2349.309893643954</ele>
   </trkpt>
   <trkpt lat="43.59978" lon="-114.65178000000002">
    <ele>2348.036252772475</ele>
   </trkpt>
   <trkpt lat="43.600010000000005" lon="-114.65156">
    <ele>2346.1533249029458</ele>
   </trkpt>
   <trkpt lat="43.600410000000004" lon="-114.65129">
    <ele>2344.9151739822287</ele>
   </trkpt>
   <trkpt lat="43.60094" lon="-114.65107">
    <ele>2342.967005775698</ele>
   </trkpt>
   <trkpt lat="43.601110000000006" lon="-114.65093">
    <ele>2342.4690856084035</ele>
   </trkpt>
   <trkpt lat="43.601220000000005" lon="-114.65072">
    <ele>2341.9582919343534</ele>
   </trkpt>
   <trkpt lat="43.601580000000006" lon="-114.64973">
    <ele>2337.5734127323317</ele>
   </trkpt>
   <trkpt lat="43.60173" lon="-114.6495">
    <ele>2335.9863282424094</ele>
   </trkpt>
   <trkpt lat="43.60201000000001" lon="-114.64914">
    <ele>2334.495743677732</ele>
   </trkpt>
   <trkpt lat="43.60232500097407" lon="-114.64867000244394">
    <ele>2333.3564227943707</ele>
   </trkpt>
   <trkpt lat="43.60264" lon="-114.6482">
    <ele>2330.6312028397524</ele>
   </trkpt>
   <trkpt lat="43.60291" lon="-114.64772">
    <ele>2327.2057616929656</ele>
   </trkpt>
   <trkpt lat="43.603120000000004" lon="-114.64722">
    <ele>2324.8103351385894</ele>
   </trkpt>
   <trkpt lat="43.60345" lon="-114.64678">
    <ele>2321.9794122589815</ele>
   </trkpt>
   <trkpt lat="43.603550000000006" lon="-114.64663000000002">
    <ele>2320.757290651024</ele>
   </trkpt>
   <trkpt lat="43.60378" lon="-114.64601">
    <ele>2319.1625104244745</ele>
   </trkpt>
   <trkpt lat="43.604200000000006" lon="-114.64511">
    <ele>2315.429833328179</ele>
   </trkpt>
   <trkpt lat="43.6045" lon="-114.64457000000002">
    <ele>2313.6367432575507</ele>
   </trkpt>
   <trkpt lat="43.604890000000005" lon="-114.64408">
    <ele>2310.6644560588297</ele>
   </trkpt>
   <trkpt lat="43.605390002027455" lon="-114.6435933414595">
    <ele>2306.541110142895</ele>
   </trkpt>
   <trkpt lat="43.60589000199052" lon="-114.64310667482891">
    <ele>2301.0276671413594</ele>
   </trkpt>
   <trkpt lat="43.606390000000005" lon="-114.64262000000001">
    <ele>2296.0872951696483</ele>
   </trkpt>
   <trkpt lat="43.60663" lon="-114.64244000000001">
    <ele>2293.6795181493126</ele>
   </trkpt>
   <trkpt lat="43.606770000000004" lon="-114.64243">
    <ele>2292.0832777063715</ele>
   </trkpt>
   <trkpt lat="43.606950000000005" lon="-114.64247">
    <ele>2290.101643115427</ele>
   </trkpt>
   <trkpt lat="43.60725" lon="-114.64265">
    <ele>2287.3951789430553</ele>
   </trkpt>
   <trkpt lat="43.60743" lon="-114.64269000000002">
    <ele>2286.172118222346</ele>
   </trkpt>
   <trkpt lat="43.60766" lon="-114.64265">
    <ele>2284.4938565632465</ele>
   </trkpt>
   <trkpt lat="43.607870000000005" lon="-114.64252">
    <ele>2282.6343704859487</ele>
   </trkpt>
   <trkpt lat="43.60799" lon="-114.6423">
    <ele>2281.6525205935613</ele>
   </trkpt>
   <trkpt lat="43.608140000000006" lon="-114.6418">
    <ele>2279.0718999730934</ele>
   </trkpt>
   <trkpt lat="43.60817" lon="-114.64162">
    <ele>2278.546494088374</ele>
   </trkpt>
   <trkpt lat="43.60811" lon="-114.64149">
    <ele>2277.7364841314547</ele>
   </trkpt>
   <trkpt lat="43.607870000000005" lon="-114.64123000000001">
    <ele>2276.3296958662854</ele>
   </trkpt>
   <trkpt lat="43.607450000409735" lon="-114.64084499709519">
    <ele>2275.3717686181403</ele>
   </trkpt>
   <trkpt lat="43.60703" lon="-114.64046">
    <ele>2274.543318015695</ele>
   </trkpt>
   <trkpt lat="43.60676" lon="-114.64011">
    <ele>2271.972359924328</ele>
   </trkpt>
   <trkpt lat="43.606370000000005" lon="-114.63957">
    <ele>2267.4490890713146</ele>
   </trkpt>
   <trkpt lat="43.60606000000001" lon="-114.63903">
    <ele>2262.737534752035</ele>
   </trkpt>
   <trkpt lat="43.605900000000005" lon="-114.63863">
    <ele>2259.59266585259</ele>
   </trkpt>
   <trkpt lat="43.60567500220126" lon="-114.63790999712126">
    <ele>2254.2917647648624</ele>
   </trkpt>
   <trkpt lat="43.605450000000005" lon="-114.63719">
    <ele>2249.3831222293347</ele>
   </trkpt>
   <trkpt lat="43.605410000000006" lon="-114.63688">
    <ele>2247.9349146852983</ele>
   </trkpt>
   <trkpt lat="43.605390003115055" lon="-114.6360349998551">
    <ele>2242.970192031015</ele>
   </trkpt>
   <trkpt lat="43.60537" lon="-114.63519000000001">
    <ele>2237.3825566671903</ele>
   </trkpt>
   <trkpt lat="43.6054" lon="-114.63486">
    <ele>2235.5013942577166</ele>
   </trkpt>
   <trkpt lat="43.60553" lon="-114.6345">
    <ele>2233.526434809718</ele>
   </trkpt>
   <trkpt lat="43.60557" lon="-114.6342">
    <ele>2232.0158991347953</ele>
   </trkpt>
   <trkpt lat="43.60553" lon="-114.6337">
    <ele>2229.162519604872</ele>
   </trkpt>
   <trkpt lat="43.60557" lon="-114.63344000000001">
    <ele>2226.813205822079</ele>
   </trkpt>
   <trkpt lat="43.605650000000004" lon="-114.63316">
    <ele>2225.220934140849</ele>
   </trkpt>
   <trkpt lat="43.60566" lon="-114.63254">
    <ele>2221.6978832212303</ele>
   </trkpt>
   <trkpt lat="43.60575" lon="-114.63165000000001">
    <ele>2216.439580629414</ele>
   </trkpt>
   <trkpt lat="43.605720000000005" lon="-114.63088">
    <ele>2211.1253315151644</ele>
   </trkpt>
   <trkpt lat="43.60566" lon="-114.63039">
    <ele>2209.276581956386</ele>
   </trkpt>
   <trkpt lat="43.60569" lon="-114.6303">
    <ele>2208.9078337673272</ele>
   </trkpt>
   <trkpt lat="43.60577000000001" lon="-114.6303">
    <ele>2208.9078337673272</ele>
   </trkpt>
   <trkpt lat="43.60582" lon="-114.63038">
    <ele>2208.41978622846</ele>
   </trkpt>
   <trkpt lat="43.60593" lon="-114.63115">
    <ele>2205.8955610553953</ele>
   </trkpt>
   <trkpt lat="43.60609" lon="-114.63181000000002">
    <ele>2204.449579336316</ele>
   </trkpt>
   <trkpt lat="43.60624000000001" lon="-114.63258">
    <ele>2204.1495077138634</ele>
   </trkpt>
   <trkpt lat="43.60633000000001" lon="-114.63271">
    <ele>2203.8345047313264</ele>
   </trkpt>
   <trkpt lat="43.60647" lon="-114.63276">
    <ele>2203.840871276695</ele>
   </trkpt>
   <trkpt lat="43.60661" lon="-114.63271">
    <ele>2203.5080844384656</ele>
   </trkpt>
   <trkpt lat="43.606680000000004" lon="-114.63253">
    <ele>2203.0744544961044</ele>
   </trkpt>
   <trkpt lat="43.60680000000001" lon="-114.63165000000001">
    <ele>2199.459917408066</ele>
   </trkpt>
   <trkpt lat="43.606820000000006" lon="-114.63116000000001">
    <ele>2196.802587365096</ele>
   </trkpt>
   <trkpt lat="43.606880000000004" lon="-114.63067000000001">
    <ele>2194.736253743409</ele>
   </trkpt>
   <trkpt lat="43.606885001759494" lon="-114.63003499977759">
    <ele>2191.8996140464533</ele>
   </trkpt>
   <trkpt lat="43.60689000000001" lon="-114.6294">
    <ele>2189.578307269317</ele>
   </trkpt>
   <trkpt lat="43.606910000000006" lon="-114.62909">
    <ele>2188.673824953911</ele>
   </trkpt>
   <trkpt lat="43.6070300016115" lon="-114.6284800012687">
    <ele>2185.2996319303716</ele>
   </trkpt>
   <trkpt lat="43.607150000000004" lon="-114.62787000000002">
    <ele>2181.214148061652</ele>
   </trkpt>
   <trkpt lat="43.607360007440825" lon="-114.62694667307088">
    <ele>2175.7167522923373</ele>
   </trkpt>
   <trkpt lat="43.60757000745062" lon="-114.62602333969453">
    <ele>2171.592054622998</ele>
   </trkpt>
   <trkpt lat="43.607780000000005" lon="-114.6251">
    <ele>2168.1847034546954</ele>
   </trkpt>
   <trkpt lat="43.60791000240805" lon="-114.6243600014769">
    <ele>2164.8322268629386</ele>
   </trkpt>
   <trkpt lat="43.60804" lon="-114.62362">
    <ele>2161.5303833786193</ele>
   </trkpt>
   <trkpt lat="43.608210006955844" lon="-114.62272667171732">
    <ele>2158.276469610511</ele>
   </trkpt>
   <trkpt lat="43.60838000695569" lon="-114.62183333838483">
    <ele>2154.6193664185266</ele>
   </trkpt>
   <trkpt lat="43.60855" lon="-114.62094">
    <ele>2150.918887172375</ele>
   </trkpt>
   <trkpt lat="43.60878000268758" lon="-114.62015500299508">
    <ele>2147.7381442633477</ele>
   </trkpt>
   <trkpt lat="43.609010000000005" lon="-114.61937">
    <ele>2145.12744349252</ele>
   </trkpt>
   <trkpt lat="43.60927333901704" lon="-114.61856334036047">
    <ele>2142.67291287803</ele>
   </trkpt>
   <trkpt lat="43.60953667236228" lon="-114.6177566736574">
    <ele>2140.6116100682816</ele>
   </trkpt>
   <trkpt lat="43.60980000000001" lon="-114.61695">
    <ele>2138.029425742422</ele>
   </trkpt>
   <trkpt lat="43.609930000000006" lon="-114.61630000000001">
    <ele>2136.2770598354355</ele>
   </trkpt>
   <trkpt lat="43.61001" lon="-114.61561">
    <ele>2134.108322308897</ele>
   </trkpt>
   <trkpt lat="43.61007" lon="-114.61471">
    <ele>2130.956372609641</ele>
   </trkpt>
   <trkpt lat="43.610070001785125" lon="-114.61406999990925">
    <ele>2129.1007728293603</ele>
   </trkpt>
   <trkpt lat="43.61007" lon="-114.61343000000001">
    <ele>2127.7728041496853</ele>
   </trkpt>
   <trkpt lat="43.610110003175485" lon="-114.61257500079206">
    <ele>2125.3676164892318</ele>
   </trkpt>
   <trkpt lat="43.610150000000004" lon="-114.61172">
    <ele>2122.629168323708</ele>
   </trkpt>
   <trkpt lat="43.61016" lon="-114.61091">
    <ele>2120.0881392487795</ele>
   </trkpt>
   <trkpt lat="43.61014" lon="-114.61050000000002">
    <ele>2119.3566381516766</ele>
   </trkpt>
   <trkpt lat="43.609970000000004" lon="-114.60979">
    <ele>2117.343745222099</ele>
   </trkpt>
   <trkpt lat="43.60981" lon="-114.60927000000001">
    <ele>2115.980680545023</ele>
   </trkpt>
   <trkpt lat="43.60952500190185" lon="-114.60861499697003">
    <ele>2114.6106858889407</ele>
   </trkpt>
   <trkpt lat="43.60924000000001" lon="-114.60796">
    <ele>2112.7236616215714</ele>
   </trkpt>
   <trkpt lat="43.609170000000006" lon="-114.60769">
    <ele>2111.943994592242</ele>
   </trkpt>
   <trkpt lat="43.60913" lon="-114.60729">
    <ele>2111.379282287607</ele>
   </trkpt>
   <trkpt lat="43.60915000000001" lon="-114.60689">
    <ele>2110.5481910325034</ele>
   </trkpt>
   <trkpt lat="43.609230000000004" lon="-114.60652">
    <ele>2109.9777070148252</ele>
   </trkpt>
   <trkpt lat="43.609320000000004" lon="-114.60625">
    <ele>2109.2484634414614</ele>
   </trkpt>
   <trkpt lat="43.60954" lon="-114.60576">
    <ele>2107.959959591936</ele>
   </trkpt>
   <trkpt lat="43.6096" lon="-114.60558">
    <ele>2107.312467533614</ele>
   </trkpt>
   <trkpt lat="43.60985000476219" lon="-114.6045350043313">
    <ele>2103.6192964737625</ele>
   </trkpt>
   <trkpt lat="43.6101" lon="-114.60349000000001">
    <ele>2098.570287186253</ele>
   </trkpt>
   <trkpt lat="43.610110000000006" lon="-114.60321">
    <ele>2097.1118816604576</ele>
   </trkpt>
   <trkpt lat="43.61009000000001" lon="-114.60300000000001">
    <ele>2095.62236641714</ele>
   </trkpt>
   <trkpt lat="43.61001" lon="-114.60272">
    <ele>2094.2375374744183</ele>
   </trkpt>
   <trkpt lat="43.609700000000004" lon="-114.60196">
    <ele>2090.624342092859</ele>
   </trkpt>
   <trkpt lat="43.60963" lon="-114.60168000000002">
    <ele>2089.736832292371</ele>
   </trkpt>
   <trkpt lat="43.60961" lon="-114.60147">
    <ele>2089.027119282317</ele>
   </trkpt>
   <trkpt lat="43.60965" lon="-114.60107">
    <ele>2088.4583207976007</ele>
   </trkpt>
   <trkpt lat="43.60971000000001" lon="-114.60089">
    <ele>2087.9837192551</ele>
   </trkpt>
   <trkpt lat="43.61014" lon="-114.59999">
    <ele>2086.5227528283363</ele>
   </trkpt>
   <trkpt lat="43.61034" lon="-114.59971000000002">
    <ele>2086.1164141747545</ele>
   </trkpt>
   <trkpt lat="43.61046" lon="-114.59958">
    <ele>2085.8526300549534</ele>
   </trkpt>
   <trkpt lat="43.61065000000001" lon="-114.59945">
    <ele>2085.370272658074</ele>
   </trkpt>
   <trkpt lat="43.61092" lon="-114.59932">
    <ele>2084.9421004044775</ele>
   </trkpt>
   <trkpt lat="43.61106" lon="-114.59927">
    <ele>2084.597971860361</ele>
   </trkpt>
   <trkpt lat="43.61121000000001" lon="-114.59924000000001">
    <ele>2084.200435593127</ele>
   </trkpt>
   <trkpt lat="43.61150000000001" lon="-114.59923">
    <ele>2083.762891649062</ele>
   </trkpt>
   <trkpt lat="43.61207500001799" lon="-114.59929999933033">
    <ele>2082.4060152376614</ele>
   </trkpt>
   <trkpt lat="43.61265" lon="-114.59937000000001">
    <ele>2081.4713922645806</ele>
   </trkpt>
   <trkpt lat="43.61300000000001" lon="-114.59946000000001">
    <ele>2080.9109048627092</ele>
   </trkpt>
   <trkpt lat="43.613420000000005" lon="-114.59963">
    <ele>2079.7813994268117</ele>
   </trkpt>
   <trkpt lat="43.61356000000001" lon="-114.59964000000001">
    <ele>2079.6060544068528</ele>
   </trkpt>
   <trkpt lat="43.6137" lon="-114.59963">
    <ele>2079.258466389853</ele>
   </trkpt>
   <trkpt lat="43.61448000094831" lon="-114.59930000856102">
    <ele>2076.683286321306</ele>
   </trkpt>
   <trkpt lat="43.615260000947444" lon="-114.59897000856155">
    <ele>2075.215370322019</ele>
   </trkpt>
   <trkpt lat="43.616040000000005" lon="-114.59864">
    <ele>2073.4544608083143</ele>
   </trkpt>
   <trkpt lat="43.616710000000005" lon="-114.59828">
    <ele>2071.7575937577694</ele>
   </trkpt>
   <trkpt lat="43.616910000000004" lon="-114.59816000000001">
    <ele>2071.5133073393</ele>
   </trkpt>
   <trkpt lat="43.61753" lon="-114.59767000000001">
    <ele>2070.393042511673</ele>
   </trkpt>
   <trkpt lat="43.61823000159144" lon="-114.59706000712791">
    <ele>2068.9699254596508</ele>
   </trkpt>
   <trkpt lat="43.618930000000006" lon="-114.59645">
    <ele>2067.6734554282675</ele>
   </trkpt>
   <trkpt lat="43.61928" lon="-114.5961">
    <ele>2067.386169019185</ele>
   </trkpt>
   <trkpt lat="43.61939" lon="-114.59597000000001">
    <ele>2067.215009987192</ele>
   </trkpt>
   <trkpt lat="43.61948" lon="-114.59582">
    <ele>2067.028110970855</ele>
   </trkpt>
   <trkpt lat="43.6197500018389" lon="-114.59517500283495">
    <ele>2066.647405542914</ele>
   </trkpt>
   <trkpt lat="43.620020000000004" lon="-114.59453">
    <ele>2066.1415683729538</ele>
   </trkpt>
   <trkpt lat="43.62031" lon="-114.59394">
    <ele>2065.377098325136</ele>
   </trkpt>
   <trkpt lat="43.62051" lon="-114.59367">
    <ele>2064.889340527715</ele>
   </trkpt>
   <trkpt lat="43.62073" lon="-114.5934">
    <ele>2064.0177688812214</ele>
   </trkpt>
   <trkpt lat="43.62091" lon="-114.59322">
    <ele>2063.567774001625</ele>
   </trkpt>
   <trkpt lat="43.62146333460732" lon="-114.59283334047123">
    <ele>2061.9302530161413</ele>
   </trkpt>
   <trkpt lat="43.622016667911446" lon="-114.59244667382508">
    <ele>2060.8676996725676</ele>
   </trkpt>
   <trkpt lat="43.62257" lon="-114.59206">
    <ele>2059.943411329908</ele>
   </trkpt>
   <trkpt lat="43.62292" lon="-114.59171">
    <ele>2058.546446066183</ele>
   </trkpt>
   <trkpt lat="43.62346000158506" lon="-114.59112000522543">
    <ele>2054.9990637118353</ele>
   </trkpt>
   <trkpt lat="43.624" lon="-114.59053000000002">
    <ele>2052.730133898126</ele>
   </trkpt>
   <trkpt lat="43.624410000000005" lon="-114.59001">
    <ele>2050.3442746447536</ele>
   </trkpt>
   <trkpt lat="43.62482000000001" lon="-114.58921000000001">
    <ele>2048.9019036066916</ele>
   </trkpt>
   <trkpt lat="43.62501" lon="-114.58893">
    <ele>2048.3529517785055</ele>
   </trkpt>
   <trkpt lat="43.62523" lon="-114.58866">
    <ele>2047.6076702589746</ele>
   </trkpt>
   <trkpt lat="43.625350000000005" lon="-114.58857">
    <ele>2047.4478008891856</ele>
   </trkpt>
   <trkpt lat="43.6257" lon="-114.58839">
    <ele>2046.7313799543372</ele>
   </trkpt>
   <trkpt lat="43.625820000000004" lon="-114.5883">
    <ele>2046.585598051139</ele>
   </trkpt>
   <trkpt lat="43.625930000000004" lon="-114.58817">
    <ele>2046.4790759175664</ele>
   </trkpt>
   <trkpt lat="43.62615" lon="-114.58781">
    <ele>2046.2921083664007</ele>
   </trkpt>
   <trkpt lat="43.6265" lon="-114.58731000000002">
    <ele>2045.5400925317138</ele>
   </trkpt>
   <trkpt lat="43.62673" lon="-114.58706000000001">
    <ele>2044.9088020967413</ele>
   </trkpt>
   <trkpt lat="43.62693" lon="-114.58692">
    <ele>2044.55478077206</ele>
   </trkpt>
   <trkpt lat="43.62704" lon="-114.58682">
    <ele>2044.1132356219446</ele>
   </trkpt>
   <trkpt lat="43.627230000000004" lon="-114.58651">
    <ele>2043.4366686428493</ele>
   </trkpt>
   <trkpt lat="43.627300000000005" lon="-114.58633">
    <ele>2042.993121586372</ele>
   </trkpt>
   <trkpt lat="43.627340000000004" lon="-114.58615">
    <ele>2042.6122537215128</ele>
   </trkpt>
   <trkpt lat="43.627390000000005" lon="-114.58557">
    <ele>2041.7501757512273</ele>
   </trkpt>
   <trkpt lat="43.62747" lon="-114.5853">
    <ele>2041.2771984793674</ele>
   </trkpt>
   <trkpt lat="43.627610000000004" lon="-114.58508">
    <ele>2041.0917271942276</ele>
   </trkpt>
   <trkpt lat="43.6281" lon="-114.58449">
    <ele>2040.1458010585898</ele>
   </trkpt>
   <trkpt lat="43.628260000000004" lon="-114.58414">
    <ele>2039.4560913571393</ele>
   </trkpt>
   <trkpt lat="43.628420000000006" lon="-114.58351">
    <ele>2038.7065073724152</ele>
   </trkpt>
   <trkpt lat="43.62856" lon="-114.58315">
    <ele>2038.2984755884813</ele>
   </trkpt>
   <trkpt lat="43.628690000000006" lon="-114.58293">
    <ele>2038.2561237190594</ele>
   </trkpt>
   <trkpt lat="43.62901000085328" lon="-114.58246000266307">
    <ele>2038.4710142067386</ele>
   </trkpt>
   <trkpt lat="43.62933" lon="-114.58199">
    <ele>2038.079692073084</ele>
   </trkpt>
   <trkpt lat="43.629400000000004" lon="-114.58181">
    <ele>2037.778100954605</ele>
   </trkpt>
   <trkpt lat="43.629490000000004" lon="-114.58143000000001">
    <ele>2037.0476838792938</ele>
   </trkpt>
   <trkpt lat="43.629560000000005" lon="-114.58093000000001">
    <ele>2035.7780917090192</ele>
   </trkpt>
   <trkpt lat="43.62962" lon="-114.58075000000001">
    <ele>2035.2023156268324</ele>
   </trkpt>
   <trkpt lat="43.62979000000001" lon="-114.58043">
    <ele>2034.3507996112537</ele>
   </trkpt>
   <trkpt lat="43.630010000000006" lon="-114.58016">
    <ele>2033.435631258731</ele>
   </trkpt>
   <trkpt lat="43.63038500070432" lon="-114.57978000229497">
    <ele>2032.3848178984729</ele>
   </trkpt>
   <trkpt lat="43.63076" lon="-114.5794">
    <ele>2031.2816939186114</ele>
   </trkpt>
   <trkpt lat="43.631240000000005" lon="-114.57899">
    <ele>2030.8295054171722</ele>
   </trkpt>
   <trkpt lat="43.631370000000004" lon="-114.5789">
    <ele>2030.6468471415271</ele>
   </trkpt>
   <trkpt lat="43.631510000000006" lon="-114.57885">
    <ele>2030.4709442929498</ele>
   </trkpt>
   <trkpt lat="43.63165" lon="-114.57881">
    <ele>2030.4098485377822</ele>
   </trkpt>
   <trkpt lat="43.631800000000005" lon="-114.57881">
    <ele>2030.3114705574933</ele>
   </trkpt>
   <trkpt lat="43.63208" lon="-114.57872">
    <ele>2030.254953408954</ele>
   </trkpt>
   <trkpt lat="43.63235" lon="-114.57858">
    <ele>2030.352083679657</ele>
   </trkpt>
   <trkpt lat="43.63299000000001" lon="-114.57814">
    <ele>2029.2640736782666</ele>
   </trkpt>
   <trkpt lat="43.63317000000001" lon="-114.57796">
    <ele>2028.9876292096383</ele>
   </trkpt>
   <trkpt lat="43.63327" lon="-114.57782">
    <ele>2028.7733550341168</ele>
   </trkpt>
   <trkpt lat="43.63344" lon="-114.57751">
    <ele>2028.5610811057227</ele>
   </trkpt>
   <trkpt lat="43.633975002852495" lon="-114.57670500712419">
    <ele>2027.6489183880062</ele>
   </trkpt>
   <trkpt lat="43.634510000000006" lon="-114.5759">
    <ele>2026.4151241715176</ele>
   </trkpt>
   <trkpt lat="43.634570000000004" lon="-114.57585">
    <ele>2026.4151241715176</ele>
   </trkpt>
   <trkpt lat="43.6349" lon="-114.57567">
    <ele>2025.41676190674</ele>
   </trkpt>
   <trkpt lat="43.63503" lon="-114.57558000000002">
    <ele>2024.841012130298</ele>
   </trkpt>
   <trkpt lat="43.63571" lon="-114.575">
    <ele>2023.2909865132044</ele>
   </trkpt>
   <trkpt lat="43.636120000000005" lon="-114.57479000000001">
    <ele>2022.6633054267934</ele>
   </trkpt>
   <trkpt lat="43.63626" lon="-114.57477000000002">
    <ele>2022.3629737213835</ele>
   </trkpt>
   <trkpt lat="43.63691" lon="-114.57473">
    <ele>2022.4242845462481</ele>
   </trkpt>
   <trkpt lat="43.637190000000004" lon="-114.57475000000001">
    <ele>2023.0964926330669</ele>
   </trkpt>
   <trkpt lat="43.63734" lon="-114.57478">
    <ele>2023.4758683505477</ele>
   </trkpt>
   <trkpt lat="43.63747" lon="-114.57484000000001">
    <ele>2023.7075574531298</ele>
   </trkpt>
   <trkpt lat="43.63772" lon="-114.57505">
    <ele>2023.532005088977</ele>
   </trkpt>
   <trkpt lat="43.63786" lon="-114.57513000000002">
    <ele>2023.5139982347623</ele>
   </trkpt>
   <trkpt lat="43.638000000000005" lon="-114.57518">
    <ele>2023.4909134176016</ele>
   </trkpt>
   <trkpt lat="43.63814000000001" lon="-114.57519">
    <ele>2023.4539802771224</ele>
   </trkpt>
   <trkpt lat="43.638270000000006" lon="-114.57514">
    <ele>2023.3899860250824</ele>
   </trkpt>
   <trkpt lat="43.63853" lon="-114.57493000000001">
    <ele>2022.9783294881859</ele>
   </trkpt>
   <trkpt lat="43.638630000000006" lon="-114.57482">
    <ele>2022.5123706957286</ele>
   </trkpt>
   <trkpt lat="43.63871" lon="-114.57465">
    <ele>2022.195546842133</ele>
   </trkpt>
   <trkpt lat="43.63875" lon="-114.57447">
    <ele>2021.3157865642982</ele>
   </trkpt>
   <trkpt lat="43.638740000000006" lon="-114.57406">
    <ele>2019.9247311467154</ele>
   </trkpt>
   <trkpt lat="43.63879" lon="-114.57388">
    <ele>2019.359916505257</ele>
   </trkpt>
   <trkpt lat="43.63889" lon="-114.57372000000001">
    <ele>2018.7771073418046</ele>
   </trkpt>
   <trkpt lat="43.63926" lon="-114.57344">
    <ele>2017.3096219313702</ele>
   </trkpt>
   <trkpt lat="43.63951" lon="-114.57294">
    <ele>2015.519185174145</ele>
   </trkpt>
   <trkpt lat="43.64006500367243" lon="-114.57202500841349">
    <ele>2013.193878969739</ele>
   </trkpt>
   <trkpt lat="43.640620000000006" lon="-114.57111">
    <ele>2011.3523918671522</ele>
   </trkpt>
   <trkpt lat="43.64115500278392" lon="-114.57030500722921">
    <ele>2010.7383198122689</ele>
   </trkpt>
   <trkpt lat="43.641690000000004" lon="-114.5695">
    <ele>2010.2668307402103</ele>
   </trkpt>
   <trkpt lat="43.64177" lon="-114.56936">
    <ele>2010.2330483418227</ele>
   </trkpt>
   <trkpt lat="43.64191" lon="-114.569">
    <ele>2010.0795142786274</ele>
   </trkpt>
   <trkpt lat="43.64211000209052" lon="-114.56831000224363">
    <ele>2009.6564952588421</ele>
   </trkpt>
   <trkpt lat="43.64231" lon="-114.56762">
    <ele>2009.8961131039396</ele>
   </trkpt>
   <trkpt lat="43.64251" lon="-114.56708">
    <ele>2009.9027695207224</ele>
   </trkpt>
   <trkpt lat="43.64267" lon="-114.56676000000002">
    <ele>2010.1247462971678</ele>
   </trkpt>
   <trkpt lat="43.64311" lon="-114.56596">
    <ele>2010.3247667137941</ele>
   </trkpt>
   <trkpt lat="43.643240000000006" lon="-114.56561">
    <ele>2010.3607010704586</ele>
   </trkpt>
   <trkpt lat="43.643480000000004" lon="-114.56457">
    <ele>2009.2364756456343</ele>
   </trkpt>
   <trkpt lat="43.64369000000001" lon="-114.56385000000002">
    <ele>2007.5143342900767</ele>
   </trkpt>
   <trkpt lat="43.64377" lon="-114.56345">
    <ele>2006.7739559000756</ele>
   </trkpt>
   <trkpt lat="43.643800000000006" lon="-114.56306000000001">
    <ele>2005.910530141349</ele>
   </trkpt>
   <trkpt lat="43.64378500172741" lon="-114.56242999973936">
    <ele>2004.7834830759436</ele>
   </trkpt>
   <trkpt lat="43.64377" lon="-114.5618">
    <ele>2003.8246563490382</ele>
   </trkpt>
   <trkpt lat="43.643820000000005" lon="-114.56121">
    <ele>2003.3830755829026</ele>
   </trkpt>
   <trkpt lat="43.64388" lon="-114.56081">
    <ele>2002.777273950159</ele>
   </trkpt>
   <trkpt lat="43.644200000000005" lon="-114.55973000000002">
    <ele>2001.1065035560375</ele>
   </trkpt>
   <trkpt lat="43.64443000209395" lon="-114.55904500247712">
    <ele>1999.9997206010994</ele>
   </trkpt>
   <trkpt lat="43.64466" lon="-114.55836000000001">
    <ele>1998.7776473249953</ele>
   </trkpt>
   <trkpt lat="43.6448900054627" lon="-114.55756667282265">
    <ele>1997.8507751527566</ele>
   </trkpt>
   <trkpt lat="43.64512000543924" lon="-114.55677333957034">
    <ele>1996.9275139316285</ele>
   </trkpt>
   <trkpt lat="43.64535" lon="-114.55598">
    <ele>1996.3606741035317</ele>
   </trkpt>
   <trkpt lat="43.645480000000006" lon="-114.55562">
    <ele>1996.1531245356678</ele>
   </trkpt>
   <trkpt lat="43.645880000000005" lon="-114.55468">
    <ele>1994.917145062409</ele>
   </trkpt>
   <trkpt lat="43.64617000135264" lon="-114.55410500295119">
    <ele>1994.211021012903</ele>
   </trkpt>
   <trkpt lat="43.646460000000005" lon="-114.55353000000001">
    <ele>1993.8705028323827</ele>
   </trkpt>
   <trkpt lat="43.646730000000005" lon="-114.55307">
    <ele>1993.6737391789898</ele>
   </trkpt>
   <trkpt lat="43.647240000000004" lon="-114.55239">
    <ele>1993.3021822201708</ele>
   </trkpt>
   <trkpt lat="43.64741" lon="-114.55205000000001">
    <ele>1992.8689676848535</ele>
   </trkpt>
   <trkpt lat="43.64775" lon="-114.55129000000001">
    <ele>1991.121342166593</ele>
   </trkpt>
   <trkpt lat="43.647980001411284" lon="-114.55073000203605">
    <ele>1989.3735012442703</ele>
   </trkpt>
   <trkpt lat="43.648210000000006" lon="-114.55017000000001">
    <ele>1987.887646658197</ele>
   </trkpt>
   <trkpt lat="43.64837000000001" lon="-114.54984">
    <ele>1987.20599983574</ele>
   </trkpt>
   <trkpt lat="43.64858" lon="-114.54957">
    <ele>1987.0350920253825</ele>
   </trkpt>
   <trkpt lat="43.64893000086458" lon="-114.54914500238263">
    <ele>1987.3666447888766</ele>
   </trkpt>
   <trkpt lat="43.649280000000005" lon="-114.54872">
    <ele>1987.9746624882248</ele>
   </trkpt>
   <trkpt lat="43.649420000000006" lon="-114.54847000000001">
    <ele>1988.0929922392745</ele>
   </trkpt>
   <trkpt lat="43.649640000000005" lon="-114.54796">
    <ele>1988.2428801235412</ele>
   </trkpt>
   <trkpt lat="43.6497" lon="-114.54778">
    <ele>1987.9228334196919</ele>
   </trkpt>
   <trkpt lat="43.6499500147732" lon="-114.54671751321546">
    <ele>1984.7588394421862</ele>
   </trkpt>
   <trkpt lat="43.65020001970592" lon="-114.54565501758552">
    <ele>1981.915450362314</ele>
   </trkpt>
   <trkpt lat="43.65045001479803" lon="-114.54459251311043">
    <ele>1980.2172866952399</ele>
   </trkpt>
   <trkpt lat="43.6507" lon="-114.54353">
    <ele>1979.766234765637</ele>
   </trkpt>
   <trkpt lat="43.65094500406193" lon="-114.54257000373923">
    <ele>1980.1562386514975</ele>
   </trkpt>
   <trkpt lat="43.65119000000001" lon="-114.54161">
    <ele>1979.7442237349721</ele>
   </trkpt>
   <trkpt lat="43.65119000000001" lon="-114.54162000000001">
    <ele>1979.7442237349721</ele>
   </trkpt>
   <trkpt lat="43.651270000000004" lon="-114.54118000000001">
    <ele>1979.5177804727718</ele>
   </trkpt>
   <trkpt lat="43.651300000000006" lon="-114.54068000000001">
    <ele>1979.0416176114525</ele>
   </trkpt>
   <trkpt lat="43.6513266770256" lon="-114.53959000087413">
    <ele>1977.4125828675872</ele>
   </trkpt>
   <trkpt lat="43.65135334369457" lon="-114.53850000078013">
    <ele>1976.4471987226816</ele>
   </trkpt>
   <trkpt lat="43.65138" lon="-114.53741000000001">
    <ele>1975.5257190355956</ele>
   </trkpt>
   <trkpt lat="43.65135" lon="-114.53701000000001">
    <ele>1975.3548950721597</ele>
   </trkpt>
   <trkpt lat="43.65128000000001" lon="-114.53663">
    <ele>1975.283319365062</ele>
   </trkpt>
   <trkpt lat="43.65102001047588" lon="-114.53573498838368">
    <ele>1974.2275161734635</ele>
   </trkpt>
   <trkpt lat="43.650760013969126" lon="-114.53483998451625">
    <ele>1973.2213408816572</ele>
   </trkpt>
   <trkpt lat="43.65050001047986" lon="-114.53394498839775">
    <ele>1971.866941659785</ele>
   </trkpt>
   <trkpt lat="43.650240000000004" lon="-114.53305">
    <ele>1970.7874435716687</ele>
   </trkpt>
   <trkpt lat="43.650200000000005" lon="-114.53265">
    <ele>1970.761315320937</ele>
   </trkpt>
   <trkpt lat="43.65023" lon="-114.53244000000001">
    <ele>1970.558888623707</ele>
   </trkpt>
   <trkpt lat="43.65035" lon="-114.53198">
    <ele>1970.7111720304147</ele>
   </trkpt>
   <trkpt lat="43.65061" lon="-114.53127">
    <ele>1970.4367529235365</ele>
   </trkpt>
   <trkpt lat="43.650850000000005" lon="-114.53055">
    <ele>1969.4790407576595</ele>
   </trkpt>
   <trkpt lat="43.65099" lon="-114.53023">
    <ele>1969.046320684512</ele>
   </trkpt>
   <trkpt lat="43.65131" lon="-114.52966">
    <ele>1968.2767919271296</ele>
   </trkpt>
   <trkpt lat="43.65146" lon="-114.52947">
    <ele>1968.507397586064</ele>
   </trkpt>
   <trkpt lat="43.652190000000004" lon="-114.5288">
    <ele>1970.89944889295</ele>
   </trkpt>
   <trkpt lat="43.652390000000004" lon="-114.52853">
    <ele>1971.3431158981089</ele>
   </trkpt>
   <trkpt lat="43.65247" lon="-114.52835">
    <ele>1971.2642980575679</ele>
   </trkpt>
   <trkpt lat="43.652550000000005" lon="-114.52799">
    <ele>1971.3910152412689</ele>
   </trkpt>
   <trkpt lat="43.65256" lon="-114.52768">
    <ele>1971.3506484150835</ele>
   </trkpt>
   <trkpt lat="43.652490002388184" lon="-114.52693999915293">
    <ele>1970.9108526619145</ele>
   </trkpt>
   <trkpt lat="43.652420000000006" lon="-114.5262">
    <ele>1970.7927166269233</ele>
   </trkpt>
   <trkpt lat="43.65231000000001" lon="-114.52562">
    <ele>1970.3986119804044</ele>
   </trkpt>
   <trkpt lat="43.65218" lon="-114.52526">
    <ele>1970.0492227053328</ele>
   </trkpt>
   <trkpt lat="43.652100000000004" lon="-114.52509">
    <ele>1969.8073229994834</ele>
   </trkpt>
   <trkpt lat="43.65189" lon="-114.52482">
    <ele>1969.068247453063</ele>
   </trkpt>
   <trkpt lat="43.65148000071085" lon="-114.52441499723119">
    <ele>1967.9014430845948</ele>
   </trkpt>
   <trkpt lat="43.651070000000004" lon="-114.52401">
    <ele>1966.8204495777995</ele>
   </trkpt>
   <trkpt lat="43.650960000000005" lon="-114.52388">
    <ele>1966.2414497060454</ele>
   </trkpt>
   <trkpt lat="43.650870000000005" lon="-114.52374">
    <ele>1965.514276875917</ele>
   </trkpt>
   <trkpt lat="43.650760000000005" lon="-114.52338">
    <ele>1964.6888068074586</ele>
   </trkpt>
   <trkpt lat="43.65050667579948" lon="-114.52235665805118">
    <ele>1959.3593938393974</ele>
   </trkpt>
   <trkpt lat="43.65025334247034" lon="-114.52133332473505">
    <ele>1955.3435142132153</ele>
   </trkpt>
   <trkpt lat="43.650000000000006" lon="-114.52031000000001">
    <ele>1953.4496829323211</ele>
   </trkpt>
   <trkpt lat="43.64973001463121" lon="-114.51925248577312">
    <ele>1952.2154012126516</ele>
   </trkpt>
   <trkpt lat="43.64946001951402" lon="-114.51819498105364">
    <ele>1951.0216521582988</ele>
   </trkpt>
   <trkpt lat="43.649190014648596" lon="-114.51713748584172">
    <ele>1950.293811687014</ele>
   </trkpt>
   <trkpt lat="43.648920000000004" lon="-114.51608">
    <ele>1950.3453141253367</ele>
   </trkpt>
   <trkpt lat="43.648810000000005" lon="-114.51552000000001">
    <ele>1950.8654436634</ele>
   </trkpt>
   <trkpt lat="43.64867" lon="-114.51537">
    <ele>1950.8612391491922</ele>
   </trkpt>
   <trkpt lat="43.648480000000006" lon="-114.51523">
    <ele>1950.7664254982242</ele>
   </trkpt>
   <trkpt lat="43.64833" lon="-114.51520000000001">
    <ele>1950.5790502100608</ele>
   </trkpt>
   <trkpt lat="43.648050000000005" lon="-114.51523">
    <ele>1949.9825163222865</ele>
   </trkpt>
   <trkpt lat="43.64784" lon="-114.51516000000001">
    <ele>1949.641303596684</ele>
   </trkpt>
   <trkpt lat="43.647710000000004" lon="-114.5151">
    <ele>1949.3601941570996</ele>
   </trkpt>
   <trkpt lat="43.64759" lon="-114.51497">
    <ele>1948.8662199494547</ele>
   </trkpt>
   <trkpt lat="43.647490000000005" lon="-114.51483">
    <ele>1948.512616300991</ele>
   </trkpt>
   <trkpt lat="43.647330000000004" lon="-114.51448">
    <ele>1946.9776885785673</ele>
   </trkpt>
   <trkpt lat="43.64708000528128" lon="-114.51370332694026">
    <ele>1944.887496147806</ele>
   </trkpt>
   <trkpt lat="43.64683000530438" lon="-114.51292666034541">
    <ele>1943.6853204309746</ele>
   </trkpt>
   <trkpt lat="43.64658" lon="-114.51215">
    <ele>1943.204178929876</ele>
   </trkpt>
   <trkpt lat="43.646440000000005" lon="-114.51179">
    <ele>1943.2767511953984</ele>
   </trkpt>
   <trkpt lat="43.646040000000006" lon="-114.51098">
    <ele>1943.551316851571</ele>
   </trkpt>
   <trkpt lat="43.6457650012188" lon="-114.51046499776005">
    <ele>1943.1920840630685</ele>
   </trkpt>
   <trkpt lat="43.64549" lon="-114.50995">
    <ele>1942.2646411620235</ele>
   </trkpt>
   <trkpt lat="43.645300000000006" lon="-114.50964">
    <ele>1942.223858848537</ele>
   </trkpt>
   <trkpt lat="43.64519000000001" lon="-114.5095">
    <ele>1942.021346045248</ele>
   </trkpt>
   <trkpt lat="43.645070000000004" lon="-114.50941">
    <ele>1942.3613048539294</ele>
   </trkpt>
   <trkpt lat="43.644940000000005" lon="-114.50932">
    <ele>1942.4675201032733</ele>
   </trkpt>
   <trkpt lat="43.64412" lon="-114.50897">
    <ele>1943.0845176122118</ele>
   </trkpt>
   <trkpt lat="43.643330000000006" lon="-114.50852">
    <ele>1940.9318336154495</ele>
   </trkpt>
   <trkpt lat="43.64323" lon="-114.50838">
    <ele>1940.1333500858186</ele>
   </trkpt>
   <trkpt lat="43.643060000000006" lon="-114.50794">
    <ele>1938.6370985468461</ele>
   </trkpt>
   <trkpt lat="43.642860000000006" lon="-114.50767">
    <ele>1938.2977389771474</ele>
   </trkpt>
   <trkpt lat="43.642770000000006" lon="-114.50751000000001">
    <ele>1938.2037149375706</ele>
   </trkpt>
   <trkpt lat="43.64271" lon="-114.50735">
    <ele>1938.1593090449162</ele>
   </trkpt>
   <trkpt lat="43.642680000000006" lon="-114.50713">
    <ele>1938.2172505665628</ele>
   </trkpt>
   <trkpt lat="43.64266000000001" lon="-114.50625000000001">
    <ele>1938.2657269811375</ele>
   </trkpt>
   <trkpt lat="43.642720000000004" lon="-114.50529000000002">
    <ele>1938.2048527823426</ele>
   </trkpt>
   <trkpt lat="43.642720000000004" lon="-114.50507">
    <ele>1938.0089559943494</ele>
   </trkpt>
   <trkpt lat="43.64269" lon="-114.50489">
    <ele>1937.7228731529642</ele>
   </trkpt>
   <trkpt lat="43.64249" lon="-114.50426000000002">
    <ele>1936.7952647395643</ele>
   </trkpt>
   <trkpt lat="43.64247" lon="-114.50386">
    <ele>1936.2151079462853</ele>
   </trkpt>
   <trkpt lat="43.64249" lon="-114.50325000000001">
    <ele>1935.9730209907036</ele>
   </trkpt>
   <trkpt lat="43.64246000000001" lon="-114.50288">
    <ele>1935.4751194183327</ele>
   </trkpt>
   <trkpt lat="43.6424" lon="-114.50247">
    <ele>1935.221495755835</ele>
   </trkpt>
   <trkpt lat="43.64213" lon="-114.50144">
    <ele>1933.606662658525</ele>
   </trkpt>
   <trkpt lat="43.64196000313371" lon="-114.50058999751855">
    <ele>1932.497783422633</ele>
   </trkpt>
   <trkpt lat="43.64179" lon="-114.49974">
    <ele>1931.2538795307526</ele>
   </trkpt>
   <trkpt lat="43.64168" lon="-114.49938000000002">
    <ele>1930.7263150441702</ele>
   </trkpt>
   <trkpt lat="43.641490000000005" lon="-114.49885">
    <ele>1929.3719878097036</ele>
   </trkpt>
   <trkpt lat="43.64135" lon="-114.49818">
    <ele>1928.0613804128693</ele>
   </trkpt>
   <trkpt lat="43.64134000000001" lon="-114.49768">
    <ele>1927.9482030362453</ele>
   </trkpt>
   <trkpt lat="43.641360000000006" lon="-114.49719">
    <ele>1927.885218551356</ele>
   </trkpt>
   <trkpt lat="43.641450000000006" lon="-114.49649000000001">
    <ele>1927.9850156745908</ele>
   </trkpt>
   <trkpt lat="43.641450000000006" lon="-114.49612">
    <ele>1927.9512420313326</ele>
   </trkpt>
   <trkpt lat="43.64143000000001" lon="-114.4959">
    <ele>1927.7962700326602</ele>
   </trkpt>
   <trkpt lat="43.64135" lon="-114.49563">
    <ele>1927.2656988374802</ele>
   </trkpt>
   <trkpt lat="43.64115" lon="-114.49513">
    <ele>1926.2950441262903</ele>
   </trkpt>
   <trkpt lat="43.64103" lon="-114.49477">
    <ele>1925.5379093925942</ele>
   </trkpt>
   <trkpt lat="43.641000000000005" lon="-114.49455">
    <ele>1925.519122905426</ele>
   </trkpt>
   <trkpt lat="43.641040000000004" lon="-114.49416000000001">
    <ele>1925.2724186907894</ele>
   </trkpt>
   <trkpt lat="43.641160000000006" lon="-114.4937">
    <ele>1925.1104833716613</ele>
   </trkpt>
   <trkpt lat="43.64119" lon="-114.4933">
    <ele>1925.0714127634249</ele>
   </trkpt>
   <trkpt lat="43.641160000000006" lon="-114.49253000000002">
    <ele>1924.8210221093002</ele>
   </trkpt>
   <trkpt lat="43.6411800031122" lon="-114.49168500027385">
    <ele>1923.7122381367121</ele>
   </trkpt>
   <trkpt lat="43.641200000000005" lon="-114.49084">
    <ele>1922.1844898141971</ele>
   </trkpt>
   <trkpt lat="43.641160000000006" lon="-114.49025">
    <ele>1920.7183302296921</ele>
   </trkpt>
   <trkpt lat="43.641180000000006" lon="-114.48997000000001">
    <ele>1920.172432741554</ele>
   </trkpt>
   <trkpt lat="43.641180000000006" lon="-114.48996000000001">
    <ele>1920.172432741554</ele>
   </trkpt>
   <trkpt lat="43.64123" lon="-114.48946000000001">
    <ele>1919.0899319450998</ele>
   </trkpt>
   <trkpt lat="43.641220000000004" lon="-114.48927">
    <ele>1918.6503846983833</ele>
   </trkpt>
   <trkpt lat="43.641160000000006" lon="-114.48909">
    <ele>1918.5980330059044</ele>
   </trkpt>
   <trkpt lat="43.64094" lon="-114.48886">
    <ele>1917.8569059085958</ele>
   </trkpt>
   <trkpt lat="43.64081" lon="-114.48877">
    <ele>1917.8923930255057</ele>
   </trkpt>
   <trkpt lat="43.64067" lon="-114.48873">
    <ele>1917.7439979588048</ele>
   </trkpt>
   <trkpt lat="43.64054" lon="-114.48879000000001">
    <ele>1917.6687606109556</ele>
   </trkpt>
   <trkpt lat="43.640420000000006" lon="-114.48891">
    <ele>1917.5439595176697</ele>
   </trkpt>
   <trkpt lat="43.64029" lon="-114.489">
    <ele>1917.4911721164879</ele>
   </trkpt>
   <trkpt lat="43.640150000000006" lon="-114.48905">
    <ele>1917.5771367799728</ele>
   </trkpt>
   <trkpt lat="43.639690000162275" lon="-114.48915500077781">
    <ele>1918.7427670897332</ele>
   </trkpt>
   <trkpt lat="43.639230000000005" lon="-114.48926000000002">
    <ele>1919.295951947345</ele>
   </trkpt>
   <trkpt lat="43.63909" lon="-114.48927">
    <ele>1919.3937232992369</ele>
   </trkpt>
   <trkpt lat="43.63859" lon="-114.48922">
    <ele>1919.7001324153211</ele>
   </trkpt>
   <trkpt lat="43.63796000000001" lon="-114.489">
    <ele>1917.405030500334</ele>
   </trkpt>
   <trkpt lat="43.637750000000004" lon="-114.48895">
    <ele>1916.5846479609252</ele>
   </trkpt>
   <trkpt lat="43.637600000000006" lon="-114.48896">
    <ele>1915.6897115655424</ele>
   </trkpt>
   <trkpt lat="43.63711000000001" lon="-114.48909">
    <ele>1913.0879616073041</ele>
   </trkpt>
   <trkpt lat="43.63641500081788" lon="-114.4893400086742">
    <ele>1909.7851628713545</ele>
   </trkpt>
   <trkpt lat="43.63572000109091" lon="-114.48959001156526">
    <ele>1907.6393936577042</ele>
   </trkpt>
   <trkpt lat="43.63502500081916" lon="-114.48984000867345">
    <ele>1906.1791049677431</ele>
   </trkpt>
   <trkpt lat="43.634330000000006" lon="-114.49009000000001">
    <ele>1906.7313317105472</ele>
   </trkpt>
   <trkpt lat="43.633770000000005" lon="-114.49025">
    <ele>1908.1813060253426</ele>
   </trkpt>
   <trkpt lat="43.63349" lon="-114.49026">
    <ele>1908.8049340563819</ele>
   </trkpt>
   <trkpt lat="43.6332" lon="-114.49021">
    <ele>1909.7204644313983</ele>
   </trkpt>
   <trkpt lat="43.63257" lon="-114.49000000000001">
    <ele>1910.106398392528</ele>
   </trkpt>
   <trkpt lat="43.632380000000005" lon="-114.48986000000001">
    <ele>1910.2143989969782</ele>
   </trkpt>
   <trkpt lat="43.63224" lon="-114.48964000000001">
    <ele>1910.3397905337097</ele>
   </trkpt>
   <trkpt lat="43.63194" lon="-114.48896">
    <ele>1910.1723968606566</ele>
   </trkpt>
   <trkpt lat="43.63188" lon="-114.48878">
    <ele>1910.0897412941772</ele>
   </trkpt>
   <trkpt lat="43.63185" lon="-114.4886">
    <ele>1909.9164680329043</ele>
   </trkpt>
   <trkpt lat="43.63186" lon="-114.48819">
    <ele>1909.5150671270305</ele>
   </trkpt>
   <trkpt lat="43.632020000000004" lon="-114.48725">
    <ele>1907.7941670457978</ele>
   </trkpt>
   <trkpt lat="43.63214000000001" lon="-114.48627">
    <ele>1905.6025269842098</ele>
   </trkpt>
   <trkpt lat="43.632160002788915" lon="-114.48547000028374">
    <ele>1903.7411518905637</ele>
   </trkpt>
   <trkpt lat="43.632180000000005" lon="-114.48467000000001">
    <ele>1901.7076046342538</ele>
   </trkpt>
   <trkpt lat="43.63221" lon="-114.48439">
    <ele>1900.9281190398335</ele>
   </trkpt>
   <trkpt lat="43.632360000000006" lon="-114.48363">
    <ele>1898.6981215658293</ele>
   </trkpt>
   <trkpt lat="43.632587511544784" lon="-114.48269001070948">
    <ele>1897.4537519307003</ele>
   </trkpt>
   <trkpt lat="43.6328150153876" lon="-114.48175001430205">
    <ele>1897.6053672620017</ele>
   </trkpt>
   <trkpt lat="43.63304251152833" lon="-114.48081001077784">
    <ele>1897.3682851705692</ele>
   </trkpt>
   <trkpt lat="43.63327" lon="-114.47987">
    <ele>1896.0027561265035</ele>
   </trkpt>
   <trkpt lat="43.633370000000006" lon="-114.47951">
    <ele>1895.4066748493397</ele>
   </trkpt>
   <trkpt lat="43.63344" lon="-114.47933">
    <ele>1895.0561200969757</ele>
   </trkpt>
   <trkpt lat="43.633630000000004" lon="-114.47901">
    <ele>1894.4184701417137</ele>
   </trkpt>
   <trkpt lat="43.63385" lon="-114.47875">
    <ele>1893.961303164656</ele>
   </trkpt>
   <trkpt lat="43.63429500084878" lon="-114.47834500287718">
    <ele>1893.1561161963782</ele>
   </trkpt>
   <trkpt lat="43.63474" lon="-114.47794">
    <ele>1892.7506720855054</ele>
   </trkpt>
   <trkpt lat="43.635110000000005" lon="-114.47763">
    <ele>1892.2965044021917</ele>
   </trkpt>
   <trkpt lat="43.63559" lon="-114.4774">
    <ele>1891.474957527783</ele>
   </trkpt>
   <trkpt lat="43.63617500019075" lon="-114.47716000236122">
    <ele>1890.4752370725557</ele>
   </trkpt>
   <trkpt lat="43.63676" lon="-114.47692">
    <ele>1889.3638978898464</ele>
   </trkpt>
   <trkpt lat="43.63698" lon="-114.47687">
    <ele>1889.1563782543951</ele>
   </trkpt>
   <trkpt lat="43.637260000000005" lon="-114.47687">
    <ele>1888.8747899601326</ele>
   </trkpt>
   <trkpt lat="43.637550000000005" lon="-114.47691">
    <ele>1888.5715504450266</ele>
   </trkpt>
   <trkpt lat="43.637980000000006" lon="-114.47701">
    <ele>1888.1623140424388</ele>
   </trkpt>
   <trkpt lat="43.63874333465048" lon="-114.47739665684908">
    <ele>1887.4125921512964</ele>
   </trkpt>
   <trkpt lat="43.639506667997736" lon="-114.47778332352263">
    <ele>1886.88199980504</ele>
   </trkpt>
   <trkpt lat="43.64027" lon="-114.47817">
    <ele>1886.344914558083</ele>
   </trkpt>
   <trkpt lat="43.64052" lon="-114.47828000000001">
    <ele>1886.3277323270536</ele>
   </trkpt>
   <trkpt lat="43.640820000000005" lon="-114.47843">
    <ele>1886.299012661782</ele>
   </trkpt>
   <trkpt lat="43.64103" lon="-114.47844">
    <ele>1886.3313383188224</ele>
   </trkpt>
   <trkpt lat="43.641180000000006" lon="-114.47843">
    <ele>1886.5425246683328</ele>
   </trkpt>
   <trkpt lat="43.64133" lon="-114.47839">
    <ele>1886.6066097562623</ele>
   </trkpt>
   <trkpt lat="43.64157" lon="-114.47821">
    <ele>1887.4254658051927</ele>
   </trkpt>
   <trkpt lat="43.64173" lon="-114.47800000000001">
    <ele>1887.6908009998435</ele>
   </trkpt>
   <trkpt lat="43.641870000000004" lon="-114.47777">
    <ele>1887.8408154909048</ele>
   </trkpt>
   <trkpt lat="43.64197" lon="-114.47753000000002">
    <ele>1888.0442353911765</ele>
   </trkpt>
   <trkpt lat="43.64215000259237" lon="-114.47677000196059">
    <ele>1888.1029690812607</ele>
   </trkpt>
   <trkpt lat="43.64233" lon="-114.47601">
    <ele>1887.4167320700199</ele>
   </trkpt>
   <trkpt lat="43.642390000000006" lon="-114.47584">
    <ele>1887.2512839974218</ele>
   </trkpt>
   <trkpt lat="43.642570000000006" lon="-114.47552">
    <ele>1887.195295554407</ele>
   </trkpt>
   <trkpt lat="43.642880000000005" lon="-114.47512">
    <ele>1887.0935016180076</ele>
   </trkpt>
   <trkpt lat="43.642970000000005" lon="-114.47495">
    <ele>1886.9414519243269</ele>
   </trkpt>
   <trkpt lat="43.64303" lon="-114.47480000000002">
    <ele>1886.741758848184</ele>
   </trkpt>
   <trkpt lat="43.64325" lon="-114.47396">
    <ele>1885.919787653124</ele>
   </trkpt>
   <trkpt lat="43.64338" lon="-114.4736">
    <ele>1885.68088038252</ele>
   </trkpt>
   <trkpt lat="43.6439" lon="-114.47266">
    <ele>1884.9746601406973</ele>
   </trkpt>
   <trkpt lat="43.64423500117488" lon="-114.47214500284284">
    <ele>1884.5213342813631</ele>
   </trkpt>
   <trkpt lat="43.64457" lon="-114.47163">
    <ele>1883.5061442726128</ele>
   </trkpt>
   <trkpt lat="43.644690000000004" lon="-114.47137000000001">
    <ele>1883.3368903806315</ele>
   </trkpt>
   <trkpt lat="43.64479" lon="-114.4711">
    <ele>1883.0051596296557</ele>
   </trkpt>
   <trkpt lat="43.64498500147997" lon="-114.47051500193379">
    <ele>1882.5648623131435</ele>
   </trkpt>
   <trkpt lat="43.64518" lon="-114.46993">
    <ele>1882.3320554366103</ele>
   </trkpt>
   <trkpt lat="43.645340000000004" lon="-114.46961">
    <ele>1882.287723037527</ele>
   </trkpt>
   <trkpt lat="43.645570000000006" lon="-114.46935">
    <ele>1882.042414430434</ele>
   </trkpt>
   <trkpt lat="43.645830000000004" lon="-114.46921">
    <ele>1881.7735119363426</ele>
   </trkpt>
   <trkpt lat="43.64612" lon="-114.46917">
    <ele>1881.7946399919313</ele>
   </trkpt>
   <trkpt lat="43.64641" lon="-114.46917">
    <ele>1881.6421437047268</ele>
   </trkpt>
   <trkpt lat="43.64701500006901" lon="-114.46923499935076">
    <ele>1880.3365154370315</ele>
   </trkpt>
   <trkpt lat="43.64762" lon="-114.4693">
    <ele>1879.0330650918154</ele>
   </trkpt>
   <trkpt lat="43.64791" lon="-114.46927000000001">
    <ele>1878.3450446252798</ele>
   </trkpt>
   <trkpt lat="43.64833" lon="-114.46917">
    <ele>1877.9124603267192</ele>
   </trkpt>
   <trkpt lat="43.64885" lon="-114.46885">
    <ele>1878.5701072406778</ele>
   </trkpt>
   <trkpt lat="43.649060000000006" lon="-114.46877">
    <ele>1879.169142422983</ele>
   </trkpt>
   <trkpt lat="43.649280000000005" lon="-114.46881">
    <ele>1879.3933166815084</ele>
   </trkpt>
   <trkpt lat="43.649550000000005" lon="-114.4689">
    <ele>1879.579849684047</ele>
   </trkpt>
   <trkpt lat="43.64976" lon="-114.46900000000001">
    <ele>1879.3104548694268</ele>
   </trkpt>
   <trkpt lat="43.650110000000005" lon="-114.46908">
    <ele>1879.220763046039</ele>
   </trkpt>
   <trkpt lat="43.650644999932965" lon="-114.46907500004518">
    <ele>1878.2412225462685</ele>
   </trkpt>
   <trkpt lat="43.651180000000004" lon="-114.46907000000002">
    <ele>1876.413851982316</ele>
   </trkpt>
   <trkpt lat="43.651390000000006" lon="-114.46903">
    <ele>1875.926362696599</ele>
   </trkpt>
   <trkpt lat="43.651590000000006" lon="-114.46891000000001">
    <ele>1875.5964102472858</ele>
   </trkpt>
   <trkpt lat="43.651720000000005" lon="-114.46881">
    <ele>1875.2808238003506</ele>
   </trkpt>
   <trkpt lat="43.651880000000006" lon="-114.46863">
    <ele>1874.9400861650008</ele>
   </trkpt>
   <trkpt lat="43.65218" lon="-114.46806000000001">
    <ele>1873.8746763046618</ele>
   </trkpt>
   <trkpt lat="43.65247" lon="-114.46764">
    <ele>1872.5686718227525</ele>
   </trkpt>
   <trkpt lat="43.652640000000005" lon="-114.46743000000001">
    <ele>1871.9965240941485</ele>
   </trkpt>
   <trkpt lat="43.6530200006416" lon="-114.46706500225102">
    <ele>1870.170796913867</ele>
   </trkpt>
   <trkpt lat="43.653400000000005" lon="-114.4667">
    <ele>1869.2914877061655</ele>
   </trkpt>
   <trkpt lat="43.65361" lon="-114.46643">
    <ele>1869.2647061999758</ele>
   </trkpt>
   <trkpt lat="43.653780000000005" lon="-114.46612">
    <ele>1869.3092043027564</ele>
   </trkpt>
   <trkpt lat="43.653850000000006" lon="-114.46594">
    <ele>1869.379740185116</ele>
   </trkpt>
   <trkpt lat="43.65400000166625" lon="-114.46532500146343">
    <ele>1869.6862693261753</ele>
   </trkpt>
   <trkpt lat="43.65415" lon="-114.46471000000001">
    <ele>1869.9796695484074</ele>
   </trkpt>
   <trkpt lat="43.654360000000004" lon="-114.46367000000001">
    <ele>1869.5793544358814</ele>
   </trkpt>
   <trkpt lat="43.65438" lon="-114.46327000000001">
    <ele>1869.7308699045955</ele>
   </trkpt>
   <trkpt lat="43.654340000000005" lon="-114.46308">
    <ele>1869.7003393471527</ele>
   </trkpt>
   <trkpt lat="43.654180000000004" lon="-114.46264000000001">
    <ele>1869.8483074218354</ele>
   </trkpt>
   <trkpt lat="43.65379" lon="-114.46170000000001">
    <ele>1870.3238433478095</ele>
   </trkpt>
   <trkpt lat="43.653760000000005" lon="-114.46142">
    <ele>1870.1441452284294</ele>
   </trkpt>
   <trkpt lat="43.65379" lon="-114.46111">
    <ele>1869.8931824844033</ele>
   </trkpt>
   <trkpt lat="43.653870000000005" lon="-114.46084">
    <ele>1869.1295333854503</ele>
   </trkpt>
   <trkpt lat="43.654" lon="-114.46061">
    <ele>1868.6139619991438</ele>
   </trkpt>
   <trkpt lat="43.654160000000005" lon="-114.46039">
    <ele>1868.1365973783213</ele>
   </trkpt>
   <trkpt lat="43.65454000053122" lon="-114.46003000230989">
    <ele>1866.3863682594101</ele>
   </trkpt>
   <trkpt lat="43.654920000000004" lon="-114.45967">
    <ele>1864.5042595425755</ele>
   </trkpt>
   <trkpt lat="43.655440000000006" lon="-114.45913000000002">
    <ele>1863.5124560486242</ele>
   </trkpt>
   <trkpt lat="43.6557" lon="-114.45896">
    <ele>1863.8135126876396</ele>
   </trkpt>
   <trkpt lat="43.65592" lon="-114.45891">
    <ele>1865.048709876235</ele>
   </trkpt>
   <trkpt lat="43.656060000000004" lon="-114.45891">
    <ele>1865.048709876235</ele>
   </trkpt>
   <trkpt lat="43.656780000000005" lon="-114.45897000000001">
    <ele>1868.4667671615512</ele>
   </trkpt>
   <trkpt lat="43.65735" lon="-114.45905">
    <ele>1868.0237089069542</ele>
   </trkpt>
   <trkpt lat="43.65757000000001" lon="-114.45906000000001">
    <ele>1867.287939455368</ele>
   </trkpt>
   <trkpt lat="43.65785" lon="-114.45905">
    <ele>1866.4853800189198</ele>
   </trkpt>
   <trkpt lat="43.65813000000001" lon="-114.45895000000002">
    <ele>1864.4055768064823</ele>
   </trkpt>
   <trkpt lat="43.65867000210131" lon="-114.45846000880614">
    <ele>1862.2311281155755</ele>
   </trkpt>
   <trkpt lat="43.65921000210966" lon="-114.45797000879867">
    <ele>1861.8959274236643</ele>
   </trkpt>
   <trkpt lat="43.65975" lon="-114.45748">
    <ele>1862.3145648165394</ele>
   </trkpt>
   <trkpt lat="43.66010000000001" lon="-114.45713">
    <ele>1862.0698246988177</ele>
   </trkpt>
   <trkpt lat="43.66055" lon="-114.45664000000001">
    <ele>1861.1941521092215</ele>
   </trkpt>
   <trkpt lat="43.66073" lon="-114.45649">
    <ele>1860.9262469566488</ele>
   </trkpt>
   <trkpt lat="43.660920000000004" lon="-114.45633000000001">
    <ele>1860.61027938575</ele>
   </trkpt>
   <trkpt lat="43.66165" lon="-114.45592">
    <ele>1859.7601586994876</ele>
   </trkpt>
   <trkpt lat="43.66185" lon="-114.45579000000001">
    <ele>1859.8240871301807</ele>
   </trkpt>
   <trkpt lat="43.662020000000005" lon="-114.45564">
    <ele>1859.9903617014916</ele>
   </trkpt>
   <trkpt lat="43.66245000000001" lon="-114.45497">
    <ele>1859.8937814881174</ele>
   </trkpt>
   <trkpt lat="43.66261" lon="-114.45475">
    <ele>1859.6176196612748</ele>
   </trkpt>
   <trkpt lat="43.66295" lon="-114.45439">
    <ele>1859.7557434188996</ele>
   </trkpt>
   <trkpt lat="43.663425000860144" lon="-114.4539500034663">
    <ele>1859.9621191613062</ele>
   </trkpt>
   <trkpt lat="43.663900000000005" lon="-114.45351000000001">
    <ele>1859.891074845812</ele>
   </trkpt>
   <trkpt lat="43.66429" lon="-114.45324000000001">
    <ele>1859.4874770905517</ele>
   </trkpt>
   <trkpt lat="43.66508" lon="-114.45279000000001">
    <ele>1860.4879578670198</ele>
   </trkpt>
   <trkpt lat="43.66543" lon="-114.45269">
    <ele>1862.2075526085875</ele>
   </trkpt>
   <trkpt lat="43.66601000000001" lon="-114.45265">
    <ele>1862.4736482376745</ele>
   </trkpt>
   <trkpt lat="43.666290000000004" lon="-114.4526">
    <ele>1861.7790945696195</ele>
   </trkpt>
   <trkpt lat="43.66642" lon="-114.45252">
    <ele>1861.302763197918</ele>
   </trkpt>
   <trkpt lat="43.66658" lon="-114.45235000000001">
    <ele>1860.3547356751435</ele>
   </trkpt>
   <trkpt lat="43.66666" lon="-114.45224">
    <ele>1859.0889913745718</ele>
   </trkpt>
   <trkpt lat="43.666760000000004" lon="-114.45202">
    <ele>1857.8635076693502</ele>
   </trkpt>
   <trkpt lat="43.66698" lon="-114.4514">
    <ele>1855.779697747598</ele>
   </trkpt>
   <trkpt lat="43.66727" lon="-114.4505">
    <ele>1855.70732455596</ele>
   </trkpt>
   <trkpt lat="43.66734" lon="-114.45023">
    <ele>1855.9613758974042</ele>
   </trkpt>
   <trkpt lat="43.66752" lon="-114.44915">
    <ele>1856.109336740788</ele>
   </trkpt>
   <trkpt lat="43.6676" lon="-114.44888">
    <ele>1855.5570709231542</ele>
   </trkpt>
   <trkpt lat="43.66789000260238" lon="-114.44809500401873">
    <ele>1853.9225882222236</ele>
   </trkpt>
   <trkpt lat="43.66818000000001" lon="-114.44731000000002">
    <ele>1851.9051604003346</ele>
   </trkpt>
   <trkpt lat="43.668290000000006" lon="-114.44705">
    <ele>1851.2483815550627</ele>
   </trkpt>
   <trkpt lat="43.668510000000005" lon="-114.44665">
    <ele>1850.196693045989</ele>
   </trkpt>
   <trkpt lat="43.66893" lon="-114.44611">
    <ele>1849.06045333793</ele>
   </trkpt>
   <trkpt lat="43.66958" lon="-114.44535">
    <ele>1847.084234776529</ele>
   </trkpt>
   <trkpt lat="43.669760000000004" lon="-114.44503">
    <ele>1846.7053985340629</ele>
   </trkpt>
   <trkpt lat="43.66987" lon="-114.44478000000001">
    <ele>1846.5838717042118</ele>
   </trkpt>
   <trkpt lat="43.670010000000005" lon="-114.44432">
    <ele>1846.550955584121</ele>
   </trkpt>
   <trkpt lat="43.67014" lon="-114.44375000000001">
    <ele>1846.7811378291995</ele>
   </trkpt>
   <trkpt lat="43.67018" lon="-114.44338">
    <ele>1846.6780885993599</ele>
   </trkpt>
   <trkpt lat="43.670170000000006" lon="-114.44279000000002">
    <ele>1845.9115072902132</ele>
   </trkpt>
   <trkpt lat="43.67011" lon="-114.44239">
    <ele>1845.4389055862985</ele>
   </trkpt>
   <trkpt lat="43.67004" lon="-114.44221">
    <ele>1845.1287586915387</ele>
   </trkpt>
   <trkpt lat="43.66995" lon="-114.44208">
    <ele>1844.9327530259377</ele>
   </trkpt>
   <trkpt lat="43.66984" lon="-114.44194">
    <ele>1844.5863178398113</ele>
   </trkpt>
   <trkpt lat="43.66971" lon="-114.44185">
    <ele>1844.4215523408748</ele>
   </trkpt>
   <trkpt lat="43.66926000009686" lon="-114.44167499867372">
    <ele>1843.4047121580904</ele>
   </trkpt>
   <trkpt lat="43.66881" lon="-114.4415">
    <ele>1842.9883132450668</ele>
   </trkpt>
   <trkpt lat="43.66855" lon="-114.44136">
    <ele>1842.508404501692</ele>
   </trkpt>
   <trkpt lat="43.668420000000005" lon="-114.44127">
    <ele>1842.399138725107</ele>
   </trkpt>
   <trkpt lat="43.668310000000005" lon="-114.44114">
    <ele>1842.2289454660788</ele>
   </trkpt>
   <trkpt lat="43.667820000000006" lon="-114.44038">
    <ele>1842.2648363007418</ele>
   </trkpt>
   <trkpt lat="43.667660000000005" lon="-114.44006">
    <ele>1842.3266753709408</ele>
   </trkpt>
   <trkpt lat="43.667530000000006" lon="-114.43971">
    <ele>1842.7468745732479</ele>
   </trkpt>
   <trkpt lat="43.667500000000004" lon="-114.43952000000002">
    <ele>1842.9010119159464</ele>
   </trkpt>
   <trkpt lat="43.66749" lon="-114.43912">
    <ele>1843.5113264630331</ele>
   </trkpt>
   <trkpt lat="43.667500000000004" lon="-114.43854">
    <ele>1844.3024922535587</ele>
   </trkpt>
   <trkpt lat="43.667550000000006" lon="-114.43805">
    <ele>1844.3698833145313</ele>
   </trkpt>
   <trkpt lat="43.6676" lon="-114.43787">
    <ele>1844.2950919321588</ele>
   </trkpt>
   <trkpt lat="43.66776" lon="-114.43752">
    <ele>1844.2113951978063</ele>
   </trkpt>
   <trkpt lat="43.668260000000004" lon="-114.43670000000002">
    <ele>1842.7234205970835</ele>
   </trkpt>
   <trkpt lat="43.66837" lon="-114.43654000000001">
    <ele>1842.512571240824</ele>
   </trkpt>
   <trkpt lat="43.668620000000004" lon="-114.43635">
    <ele>1842.3582642235986</ele>
   </trkpt>
   <trkpt lat="43.66930000000001" lon="-114.43603">
    <ele>1842.057869847101</ele>
   </trkpt>
   <trkpt lat="43.66949" lon="-114.43591">
    <ele>1841.8352490304198</ele>
   </trkpt>
   <trkpt lat="43.669740000000004" lon="-114.43572">
    <ele>1841.6485664532895</ele>
   </trkpt>
   <trkpt lat="43.670080000000006" lon="-114.43535000000001">
    <ele>1840.5216597471167</ele>
   </trkpt>
   <trkpt lat="43.67029" lon="-114.43509">
    <ele>1840.0092166920192</ele>
   </trkpt>
   <trkpt lat="43.67074000306955" lon="-114.43425000630913">
    <ele>1838.754719635197</ele>
   </trkpt>
   <trkpt lat="43.67119" lon="-114.43341000000001">
    <ele>1839.0437495080623</ele>
   </trkpt>
   <trkpt lat="43.67139" lon="-114.43312">
    <ele>1839.0403218571519</ele>
   </trkpt>
   <trkpt lat="43.67163" lon="-114.4329">
    <ele>1839.1418218959338</ele>
   </trkpt>
   <trkpt lat="43.672270000000005" lon="-114.43247000000001">
    <ele>1838.4801962634635</ele>
   </trkpt>
   <trkpt lat="43.672430000000006" lon="-114.43227">
    <ele>1838.3054025088422</ele>
   </trkpt>
   <trkpt lat="43.67250000000001" lon="-114.43209">
    <ele>1838.1191461671856</ele>
   </trkpt>
   <trkpt lat="43.672690001726444" lon="-114.43146500190026">
    <ele>1837.3978041105577</ele>
   </trkpt>
   <trkpt lat="43.672880000000006" lon="-114.43084">
    <ele>1836.8090099004219</ele>
   </trkpt>
   <trkpt lat="43.673030000000004" lon="-114.43048">
    <ele>1836.494404384477</ele>
   </trkpt>
   <trkpt lat="43.673120000000004" lon="-114.43032000000001">
    <ele>1836.2251884770399</ele>
   </trkpt>
   <trkpt lat="43.673445001009966" lon="-114.42986500231345">
    <ele>1835.5446030175924</ele>
   </trkpt>
   <trkpt lat="43.673770000000005" lon="-114.42941">
    <ele>1834.7078017235012</ele>
   </trkpt>
   <trkpt lat="43.67391000000001" lon="-114.42896">
    <ele>1833.604104666131</ele>
   </trkpt>
   <trkpt lat="43.67400000297224" lon="-114.42813000152543">
    <ele>1830.7086937707495</ele>
   </trkpt>
   <trkpt lat="43.67409000000001" lon="-114.4273">
    <ele>1829.3625874617173</ele>
   </trkpt>
   <trkpt lat="43.67423" lon="-114.42632">
    <ele>1828.2424475274108</ele>
   </trkpt>
   <trkpt lat="43.67436667233812" lon="-114.42551333701336">
    <ele>1827.6395251941494</ele>
   </trkpt>
   <trkpt lat="43.67450333900383" lon="-114.42470667035245">
    <ele>1826.6195218962591</ele>
   </trkpt>
   <trkpt lat="43.674640000000004" lon="-114.4239">
    <ele>1825.660475535237</ele>
   </trkpt>
   <trkpt lat="43.67481" lon="-114.42347000000001">
    <ele>1825.3971804656096</ele>
   </trkpt>
   <trkpt lat="43.67518500271989" lon="-114.42268000493753">
    <ele>1825.0128357094281</ele>
   </trkpt>
   <trkpt lat="43.675560000000004" lon="-114.42189">
    <ele>1824.5031091715487</ele>
   </trkpt>
   <trkpt lat="43.67573" lon="-114.42157">
    <ele>1824.1530988179895</ele>
   </trkpt>
   <trkpt lat="43.675940000000004" lon="-114.42131">
    <ele>1823.6987750128392</ele>
   </trkpt>
   <trkpt lat="43.676410000000004" lon="-114.42099">
    <ele>1822.9098170473803</ele>
   </trkpt>
   <trkpt lat="43.67718333506075" lon="-114.42054334485343">
    <ele>1822.009202641239</ele>
   </trkpt>
   <trkpt lat="43.677956668382336" lon="-114.42009667819377">
    <ele>1821.4984018456967</ele>
   </trkpt>
   <trkpt lat="43.67873" lon="-114.41965">
    <ele>1820.9337210343324</ele>
   </trkpt>
   <trkpt lat="43.679190000000006" lon="-114.41947">
    <ele>1820.7945993711235</ele>
   </trkpt>
   <trkpt lat="43.67989" lon="-114.41944000000001">
    <ele>1820.110192667507</ele>
   </trkpt>
   <trkpt lat="43.680642000012256" lon="-114.41947199839541">
    <ele>1820.4755659638229</ele>
   </trkpt>
   <trkpt lat="43.68139400001555" lon="-114.41950399759295">
    <ele>1820.5253374192034</ele>
   </trkpt>
   <trkpt lat="43.68214600000996" lon="-114.41953599759266">
    <ele>1820.1313748469265</ele>
   </trkpt>
   <trkpt lat="43.68289799999542" lon="-114.41956799839461">
    <ele>1819.2904558223881</ele>
   </trkpt>
   <trkpt lat="43.68365" lon="-114.4196">
    <ele>1818.620475012949</ele>
   </trkpt>
   <trkpt lat="43.684184999989675" lon="-114.41953500058318">
    <ele>1817.8009402948608</ele>
   </trkpt>
   <trkpt lat="43.684720000000006" lon="-114.41947">
    <ele>1817.5944977437364</ele>
   </trkpt>
   <trkpt lat="43.68513" lon="-114.41939">
    <ele>1817.4117055930292</ele>
   </trkpt>
   <trkpt lat="43.68584500002346" lon="-114.41934000059511">
    <ele>1818.0357173924074</ele>
   </trkpt>
   <trkpt lat="43.68656" lon="-114.41929">
    <ele>1818.5746426178023</ele>
   </trkpt>
   <trkpt lat="43.68695" lon="-114.41916">
    <ele>1818.4810204730186</ele>
   </trkpt>
   <trkpt lat="43.68735" lon="-114.41898">
    <ele>1817.9091870889729</ele>
   </trkpt>
   <trkpt lat="43.687580000000004" lon="-114.41872000000001">
    <ele>1817.427734027465</ele>
   </trkpt>
   <trkpt lat="43.687830000000005" lon="-114.41826">
    <ele>1816.2848251292828</ele>
   </trkpt>
   <trkpt lat="43.687940000000005" lon="-114.41812000000002">
    <ele>1816.2002144469275</ele>
   </trkpt>
   <trkpt lat="43.68806" lon="-114.41799">
    <ele>1815.879774657134</ele>
   </trkpt>
   <trkpt lat="43.68845" lon="-114.41774000000001">
    <ele>1815.4013878258597</ele>
   </trkpt>
   <trkpt lat="43.68869" lon="-114.41754">
    <ele>1815.0946615097496</ele>
   </trkpt>
   <trkpt lat="43.688900000000004" lon="-114.41728">
    <ele>1814.3017667409845</ele>
   </trkpt>
   <trkpt lat="43.68919" lon="-114.41683">
    <ele>1813.9344516546785</ele>
   </trkpt>
   <trkpt lat="43.68967000000001" lon="-114.41581000000001">
    <ele>1812.8160988007587</ele>
   </trkpt>
   <trkpt lat="43.68972" lon="-114.41567">
    <ele>1812.6517725712065</ele>
   </trkpt>
   <trkpt lat="43.689730000000004" lon="-114.41565000000001">
    <ele>1812.6517725712065</ele>
   </trkpt>
   <trkpt lat="43.68977" lon="-114.41545">
    <ele>1812.5450405105585</ele>
   </trkpt>
   <trkpt lat="43.689780000000006" lon="-114.41526">
    <ele>1812.5450405105585</ele>
   </trkpt>
   <trkpt lat="43.689750000000004" lon="-114.41508">
    <ele>1812.3931011550858</ele>
   </trkpt>
   <trkpt lat="43.689640000000004" lon="-114.41472">
    <ele>1811.954560994709</ele>
   </trkpt>
   <trkpt lat="43.68956" lon="-114.41454">
    <ele>1811.6269528619775</ele>
   </trkpt>
   <trkpt lat="43.68932" lon="-114.41419">
    <ele>1810.5302085103824</ele>
   </trkpt>
   <trkpt lat="43.688980000867396" lon="-114.41373999742895">
    <ele>1809.7709639202576</ele>
   </trkpt>
   <trkpt lat="43.68864000000001" lon="-114.41329">
    <ele>1809.424639417643</ele>
   </trkpt>
   <trkpt lat="43.688190000000006" lon="-114.4128">
    <ele>1809.1949957043093</ele>
   </trkpt>
   <trkpt lat="43.68789" lon="-114.41253">
    <ele>1808.9899192464766</ele>
   </trkpt>
   <trkpt lat="43.68769" lon="-114.41241000000001">
    <ele>1808.924040205049</ele>
   </trkpt>
   <trkpt lat="43.68748" lon="-114.4124">
    <ele>1808.8645632863368</ele>
   </trkpt>
   <trkpt lat="43.68726" lon="-114.4124">
    <ele>1808.7882139607336</ele>
   </trkpt>
   <trkpt lat="43.68712" lon="-114.41244">
    <ele>1808.7435878356894</ele>
   </trkpt>
   <trkpt lat="43.68677" lon="-114.41258">
    <ele>1808.897430655886</ele>
   </trkpt>
   <trkpt lat="43.686370000000004" lon="-114.41277000000001">
    <ele>1808.8630254873958</ele>
   </trkpt>
   <trkpt lat="43.68616" lon="-114.41281000000001">
    <ele>1808.8357007336172</ele>
   </trkpt>
   <trkpt lat="43.68573000000001" lon="-114.41275">
    <ele>1808.6167825058685</ele>
   </trkpt>
   <trkpt lat="43.68558" lon="-114.41268000000001">
    <ele>1808.5245123786422</ele>
   </trkpt>
   <trkpt lat="43.685460000000006" lon="-114.41257">
    <ele>1808.3974922368745</ele>
   </trkpt>
   <trkpt lat="43.68531" lon="-114.41236">
    <ele>1808.2593122415703</ele>
   </trkpt>
   <trkpt lat="43.684990000000006" lon="-114.41172">
    <ele>1808.3497081180076</ele>
   </trkpt>
   <trkpt lat="43.68477" lon="-114.41137">
    <ele>1808.5611247550114</ele>
   </trkpt>
   <trkpt lat="43.684340000000006" lon="-114.41078">
    <ele>1808.847425374878</ele>
   </trkpt>
   <trkpt lat="43.68417" lon="-114.41047">
    <ele>1808.7104268549006</ele>
   </trkpt>
   <trkpt lat="43.683930000000004" lon="-114.40941000000001">
    <ele>1807.4668801126631</ele>
   </trkpt>
   <trkpt lat="43.683890000000005" lon="-114.40901000000001">
    <ele>1807.0287975912115</ele>
   </trkpt>
   <trkpt lat="43.6839" lon="-114.40882">
    <ele>1806.736251630021</ele>
   </trkpt>
   <trkpt lat="43.683980000000005" lon="-114.40833">
    <ele>1806.393328166588</ele>
   </trkpt>
   <trkpt lat="43.68414334054912" lon="-114.40742000497274">
    <ele>1806.2701478965212</ele>
   </trkpt>
   <trkpt lat="43.684306673879355" lon="-114.40651000499008">
    <ele>1806.676576396501</ele>
   </trkpt>
   <trkpt lat="43.684470000000005" lon="-114.4056">
    <ele>1806.5978672739998</ele>
   </trkpt>
   <trkpt lat="43.68455" lon="-114.40526000000001">
    <ele>1806.5553124436676</ele>
   </trkpt>
   <trkpt lat="43.68464" lon="-114.40505">
    <ele>1806.5656360103235</ele>
   </trkpt>
   <trkpt lat="43.68473" lon="-114.40489000000001">
    <ele>1806.549243661506</ele>
   </trkpt>
   <trkpt lat="43.685030000000005" lon="-114.40453000000001">
    <ele>1806.302170245933</ele>
   </trkpt>
   <trkpt lat="43.68560600622762" lon="-114.40393202297591">
    <ele>1805.77441509345</ele>
   </trkpt>
   <trkpt lat="43.68618200933802" lon="-114.40333403446792">
    <ele>1804.6726981803388</ele>
   </trkpt>
   <trkpt lat="43.68675800933107" lon="-114.40273603447565">
    <ele>1803.5646946294162</ele>
   </trkpt>
   <trkpt lat="43.68733400620666" lon="-114.4021380229987">
    <ele>1802.5364281224258</ele>
   </trkpt>
   <trkpt lat="43.68791" lon="-114.40154000000001">
    <ele>1801.6422002193858</ele>
   </trkpt>
   <trkpt lat="43.68795" lon="-114.40160000000002">
    <ele>1801.4913001469563</ele>
   </trkpt>
   <trkpt lat="43.68861000284824" lon="-114.40079500882904">
    <ele>1800.1042324689677</ele>
   </trkpt>
   <trkpt lat="43.68927" lon="-114.39999">
    <ele>1798.6550334138906</ele>
   </trkpt>
   <trkpt lat="43.689710000000005" lon="-114.39938000000001">
    <ele>1797.1138737688357</ele>
   </trkpt>
   <trkpt lat="43.6899" lon="-114.3991">
    <ele>1796.4910730202653</ele>
   </trkpt>
   <trkpt lat="43.690340000000006" lon="-114.3982">
    <ele>1794.753183254953</ele>
   </trkpt>
   <trkpt lat="43.69041000000001" lon="-114.39792000000001">
    <ele>1794.4261359860138</ele>
   </trkpt>
   <trkpt lat="43.6905" lon="-114.39732000000001">
    <ele>1794.1481538567168</ele>
   </trkpt>
   <trkpt lat="43.69056000170038" lon="-114.3966950006488">
    <ele>1793.797646379532</ele>
   </trkpt>
   <trkpt lat="43.69062" lon="-114.39607000000001">
    <ele>1794.105292777938</ele>
   </trkpt>
   <trkpt lat="43.690650000000005" lon="-114.39538">
    <ele>1794.5760684757413</ele>
   </trkpt>
   <trkpt lat="43.690720008373845" lon="-114.39440000226621">
    <ele>1794.533866421737</ele>
   </trkpt>
   <trkpt lat="43.690790008375394" lon="-114.3934200022447">
    <ele>1793.951057069954</ele>
   </trkpt>
   <trkpt lat="43.69086" lon="-114.39244000000001">
    <ele>1792.7728712884746</ele>
   </trkpt>
   <trkpt lat="43.69092601750655" lon="-114.39143800438508">
    <ele>1791.5181694142677</ele>
   </trkpt>
   <trkpt lat="43.69099202626071" lon="-114.3904360065644">
    <ele>1790.440662400816</ele>
   </trkpt>
   <trkpt lat="43.69105802626246" lon="-114.38943400653832">
    <ele>1789.8407137109957</ele>
   </trkpt>
   <trkpt lat="43.691124017511726" lon="-114.38843200430703">
    <ele>1789.0910505141426</ele>
   </trkpt>
   <trkpt lat="43.691190000000006" lon="-114.38743000000001">
    <ele>1788.1732183573706</ele>
   </trkpt>
   <trkpt lat="43.691140000000004" lon="-114.38669000000002">
    <ele>1787.9390298275466</ele>
   </trkpt>
   <trkpt lat="43.69098500627772" lon="-114.38548999690718">
    <ele>1787.6547696312352</ele>
   </trkpt>
   <trkpt lat="43.690830000000005" lon="-114.38429000000001">
    <ele>1786.7919162902153</ele>
   </trkpt>
   <trkpt lat="43.69075" lon="-114.38379">
    <ele>1786.474664559328</ele>
   </trkpt>
   <trkpt lat="43.69071" lon="-114.38356">
    <ele>1786.3028509190115</ele>
   </trkpt>
   <trkpt lat="43.690720000000006" lon="-114.38349000000001">
    <ele>1786.3028509190115</ele>
   </trkpt>
   <trkpt lat="43.69070000000001" lon="-114.38338">
    <ele>1786.7666077749868</ele>
   </trkpt>
   <trkpt lat="43.69066" lon="-114.38334">
    <ele>1785.9110995086467</ele>
   </trkpt>
   <trkpt lat="43.690380000000005" lon="-114.38220000000001">
    <ele>1784.7862971838128</ele>
   </trkpt>
   <trkpt lat="43.690060024718505" lon="-114.38113497158706">
    <ele>1784.0895169999988</ele>
   </trkpt>
   <trkpt lat="43.68974003954892" lon="-114.38006995453789">
    <ele>1784.4279299765046</ele>
   </trkpt>
   <trkpt lat="43.68942004449153" lon="-114.37900494885267">
    <ele>1785.1822976429664</ele>
   </trkpt>
   <trkpt lat="43.6891000395465" lon="-114.37793995453146">
    <ele>1785.2069353741783</ele>
   </trkpt>
   <trkpt lat="43.68878002471406" lon="-114.37687497157435">
    <ele>1785.3205506564345</ele>
   </trkpt>
   <trkpt lat="43.688460000000006" lon="-114.37581000000002">
    <ele>1785.4563672269687</ele>
   </trkpt>
   <trkpt lat="43.68824" lon="-114.37511">
    <ele>1783.600736938836</ele>
   </trkpt>
   <trkpt lat="43.687990000000006" lon="-114.37452">
    <ele>1779.9764798414587</ele>
   </trkpt>
   <trkpt lat="43.687850000000005" lon="-114.37403">
    <ele>1777.9459358213503</ele>
   </trkpt>
   <trkpt lat="43.68774666785138" lon="-114.37360999904224">
    <ele>1776.0657123230453</ele>
   </trkpt>
   <trkpt lat="43.68768967261963" lon="-114.37340241701702">
    <ele>1775.6932587956428</ele>
   </trkpt>
   <trkpt lat="43.6876183653162" lon="-114.37320133045034">
    <ele>1774.6639370302541</ele>
   </trkpt>
   <trkpt lat="43.68754820458885" lon="-114.37300038475097">
    <ele>1774.4620708166092</ele>
   </trkpt>
   <trkpt lat="43.687437" lon="-114.37267200000001">
    <ele>1773.076155710984</ele>
   </trkpt>
   <trkpt lat="43.687314" lon="-114.372433">
    <ele>1773.086084103824</ele>
   </trkpt>
   <trkpt lat="43.687119" lon="-114.37214600000001">
    <ele>1773.0490073210945</ele>
   </trkpt>
   <trkpt lat="43.686957" lon="-114.37196699999998">
    <ele>1773.0705223129553</ele>
   </trkpt>
   <trkpt lat="43.686771" lon="-114.371806">
    <ele>1772.9295296798045</ele>
   </trkpt>
   <trkpt lat="43.686643" lon="-114.371716">
    <ele>1772.773234738866</ele>
   </trkpt>
   <trkpt lat="43.685869" lon="-114.371284">
    <ele>1772.4449037098186</ele>
   </trkpt>
   <trkpt lat="43.68558" lon="-114.371115">
    <ele>1772.3755233526306</ele>
   </trkpt>
   <trkpt lat="43.68545" lon="-114.371027">
    <ele>1772.2686919873365</ele>
   </trkpt>
   <trkpt lat="43.685337" lon="-114.370901">
    <ele>1772.1815735308044</ele>
   </trkpt>
   <trkpt lat="43.68528899999999" lon="-114.370825">
    <ele>1772.1440025243505</ele>
   </trkpt>
   <trkpt lat="43.685217" lon="-114.37065399999999">
    <ele>1772.1209799782232</ele>
   </trkpt>
   <trkpt lat="43.685188" lon="-114.370532">
    <ele>1772.1114228083734</ele>
   </trkpt>
   <trkpt lat="43.685089" lon="-114.37052">
    <ele>1772.1049649249596</ele>
   </trkpt>
   <trkpt lat="43.685023" lon="-114.37045100000002">
    <ele>1772.083318483718</ele>
   </trkpt>
   <trkpt lat="43.684224" lon="-114.37035399999999">
    <ele>1771.302541697862</ele>
   </trkpt>
   <trkpt lat="43.68392" lon="-114.37028099999999">
    <ele>1770.6441502987627</ele>
   </trkpt>
   <trkpt lat="43.683781" lon="-114.370145">
    <ele>1770.3026171310562</ele>
   </trkpt>
   <trkpt lat="43.683634" lon="-114.370107">
    <ele>1770.014320048143</ele>
   </trkpt>
   <trkpt lat="43.683302" lon="-114.37006200000002">
    <ele>1769.4414310852985</ele>
   </trkpt>
   <trkpt lat="43.683168" lon="-114.370057">
    <ele>1769.2720739773936</ele>
   </trkpt>
   <trkpt lat="43.682969" lon="-114.370166">
    <ele>1769.1319363084535</ele>
   </trkpt>
   <trkpt lat="43.682697" lon="-114.37014799999999">
    <ele>1769.2108405176064</ele>
   </trkpt>
   <trkpt lat="43.68253842262506" lon="-114.36999270030118">
    <ele>1769.2339540732637</ele>
   </trkpt>
   <trkpt lat="43.68241361547434" lon="-114.36983472625204">
    <ele>1768.9370952303395</ele>
   </trkpt>
   <trkpt lat="43.682289957323846" lon="-114.36967960217541">
    <ele>1768.8952228869578</ele>
   </trkpt>
   <trkpt lat="43.68225" lon="-114.36969">
    <ele>1768.8952228869578</ele>
   </trkpt>
   <trkpt lat="43.681850000000004" lon="-114.37022">
    <ele>1768.372371611623</ele>
   </trkpt>
   <trkpt lat="43.6818" lon="-114.37017000000002">
    <ele>1768.372371611623</ele>
   </trkpt>
   <trkpt lat="43.68122000290229" lon="-114.37098500786887">
    <ele>1766.855603888977</ele>
   </trkpt>
   <trkpt lat="43.680640000000004" lon="-114.37180000000001">
    <ele>1765.869372605158</ele>
   </trkpt>
   <trkpt lat="43.680440000000004" lon="-114.37154000000001">
    <ele>1765.5910709148793</ele>
   </trkpt>
   <trkpt lat="43.679790000000004" lon="-114.37070000000001">
    <ele>1765.3329634778386</ele>
   </trkpt>
   <trkpt lat="43.6798" lon="-114.37070000000001">
    <ele>1765.0474986931804</ele>
   </trkpt>
   <trkpt lat="43.679520000000004" lon="-114.37034000000001">
    <ele>1765.304923411974</ele>
   </trkpt>
   <trkpt lat="43.679990000000004" lon="-114.36969">
    <ele>1765.1651243415724</ele>
   </trkpt>
   <trkpt lat="43.67942999977052" lon="-114.36959999911744">
    <ele>1765.0254670587487</ele>
   </trkpt>
   <trkpt lat="43.67887" lon="-114.36951">
    <ele>1764.6748902222134</ele>
   </trkpt>
   <trkpt lat="43.67873" lon="-114.36946">
    <ele>1764.6748902222134</ele>
   </trkpt>
   <trkpt lat="43.678160000000005" lon="-114.36934000000001">
    <ele>1766.4571549746008</ele>
   </trkpt>
   <trkpt lat="43.678470000000004" lon="-114.3687">
    <ele>1768.0497960778046</ele>
   </trkpt>
   <trkpt lat="43.678380000000004" lon="-114.36857">
    <ele>1768.4329917052712</ele>
   </trkpt>
   <trkpt lat="43.67821000000001" lon="-114.36852">
    <ele>1768.9284476461507</ele>
   </trkpt>
   <trkpt lat="43.678070000000005" lon="-114.36843">
    <ele>1769.401919561894</ele>
   </trkpt>
   <trkpt lat="43.677980000000005" lon="-114.36826">
    <ele>1769.9989972085982</ele>
   </trkpt>
   <trkpt lat="43.677960000000006" lon="-114.36816">
    <ele>1769.9989972085982</ele>
   </trkpt>
   <trkpt lat="43.67795" lon="-114.36796000000001">
    <ele>1770.3915211532149</ele>
   </trkpt>
   <trkpt lat="43.677870000000006" lon="-114.36795000000001">
    <ele>1770.3915211532149</ele>
   </trkpt>
   <trkpt lat="43.67779" lon="-114.36789">
    <ele>1770.3915211532149</ele>
   </trkpt>
   <trkpt lat="43.67731000212305" lon="-114.36722499495126">
    <ele>1771.5294193869152</ele>
   </trkpt>
   <trkpt lat="43.67683" lon="-114.36656">
    <ele>1773.8944953912992</ele>
   </trkpt>
   <trkpt lat="43.677440000000004" lon="-114.36572000000001">
    <ele>1775.3329390165545</ele>
   </trkpt>
   <trkpt lat="43.67743" lon="-114.36572000000001">
    <ele>1775.3329390165545</ele>
   </trkpt>
   <trkpt lat="43.67794667126544" lon="-114.36499667907067">
    <ele>1776.7968978013387</ele>
   </trkpt>
   <trkpt lat="43.67846333796994" lon="-114.36427334568455">
    <ele>1778.7424901508966</ele>
   </trkpt>
   <trkpt lat="43.67898" lon="-114.36355">
    <ele>1778.66393030978</ele>
   </trkpt>
   <trkpt lat="43.67888000000001" lon="-114.36342">
    <ele>1778.66393030978</ele>
   </trkpt>
   <trkpt lat="43.67871166841368" lon="-114.36316501229611">
    <ele>1778.3566223184298</ele>
   </trkpt>
  </trkseg>
 </trk>
</gpx>