<?xml version="1.0" encoding="UTF-8"?>
<gpx creator="Lanterne Rouge" version="1.1" xmlns="http://www.topografix.com/GPX/1/1" xmlns:xsi="http://www.w3.org/2001/XMLSchema-instance" xsi:schemaLocation="http://www.topografix.com/GPX/1/1 http://www.topografix.com/GPX/1/1/gpx.xsd">
 <metadata>
  <name>Baked Potato</name>
  <author>
   <name>Lanterne Rouge</name>
   <link href="https://lanternerouge.app"/>
  </author>
 </metadata>
 <wpt lat="43.91931492847499" lon="-114.11036282755228">
  <name>Check</name>
 </wpt>
 <wpt lat="43.685778731770114" lon="-114.35912301465765">
  <name>START</name>
 </wpt>
 <wpt lat="43.862727018052965" lon="-114.2086902373427">
  <name>El Diablito Check</name>
 </wpt>
 <wpt lat="43.82363767277002" lon="-113.8496691335805">
  <name>Big Lost</name>
 </wpt>
 <wpt lat="43.967911261920506" lon="-113.80352277055418">
  <name>Burma Road</name>
 </wpt>
 <wpt lat="43.861753109494686" lon="-113.90367978755027">
  <name>Copper Basin</name>
 </wpt>
 <wpt lat="43.825173332944416" lon="-114.26277174538428">
  <name>Trail Creek</name>
 </wpt>
 <wpt lat="43.8991943690221" lon="-114.10116182664028">
  <name>Wildhorse</name>
 </wpt>
 <wpt lat="43.89501989363899" lon="-114.15511082203906">
  <name>El Diablito</name>
 </wpt>
 <wpt lat="43.923002989408786" lon="-114.12203965531106">
  <name>Wildhorse</name>
 </wpt>
 <wpt lat="43.82382771527426" lon="-113.84972609502174">
  <name>Copper Basin</name>
 </wpt>
 <wpt lat="43.71857573892558" lon="-114.33388177160417">
  <name>Timed Finish</name>
 </wpt>
 <wpt lat="43.91884932026986" lon="-114.1062024472041">
  <name>The Chaise</name>
 </wpt>
 <wpt lat="43.9991445372664" lon="-114.03102173794406">
  <name>A Fully Loaded Pepper</name>
 </wpt>
 <wpt lat="43.861516115514775" lon="-114.16544947422724">
  <name>Have you Met Me?</name>
 </wpt>
 <trk>
  <name>Baked Potato</name>
  <type>cycling</type>
  <trkseg>
   <trkpt lat="43.68578844335227" lon="-114.35916687297856">
    <ele>1791.7215065605897</ele>
   </trkpt>
   <trkpt lat="43.68570163167138" lon="-114.35879271144961">
    <ele>1791.7215065605897</ele>
   </trkpt>
   <trkpt lat="43.686129859684286" lon="-114.35851703339668">
    <ele>1792.3724231834644</ele>
   </trkpt>
   <trkpt lat="43.6868350033129" lon="-114.3580850205101">
    <ele>1794.9963632417507</ele>
   </trkpt>
   <trkpt lat="43.687537502466505" lon="-114.35764751539416">
    <ele>1795.6752159364205</ele>
   </trkpt>
   <trkpt lat="43.68824" lon="-114.35721000000001">
    <ele>1796.9058133121198</ele>
   </trkpt>
   <trkpt lat="43.68864000000001" lon="-114.35698000000001">
    <ele>1798.0084388349796</ele>
   </trkpt>
   <trkpt lat="43.689260000000004" lon="-114.3567">
    <ele>1799.021207941872</ele>
   </trkpt>
   <trkpt lat="43.68968" lon="-114.35662">
    <ele>1799.6436939036748</ele>
   </trkpt>
   <trkpt lat="43.69005000000001" lon="-114.35657">
    <ele>1799.6436939036748</ele>
   </trkpt>
   <trkpt lat="43.69041000000001" lon="-114.35660000000001">
    <ele>1800.5479166438117</ele>
   </trkpt>
   <trkpt lat="43.69098" lon="-114.35675">
    <ele>1802.2223342082314</ele>
   </trkpt>
   <trkpt lat="43.69153500023894" lon="-114.35693499831795">
    <ele>1804.5145061088485</ele>
   </trkpt>
   <trkpt lat="43.69209" lon="-114.35712000000001">
    <ele>1807.0333387400046</ele>
   </trkpt>
   <trkpt lat="43.69252" lon="-114.35724">
    <ele>1808.114631891842</ele>
   </trkpt>
   <trkpt lat="43.692730000000005" lon="-114.35728000000002">
    <ele>1808.114631891842</ele>
   </trkpt>
   <trkpt lat="43.69289673243218" lon="-114.35730085343178">
    <ele>1808.1414624214663</ele>
   </trkpt>
   <trkpt lat="43.69306512047179" lon="-114.35733644893992">
    <ele>1808.2678020370022</ele>
   </trkpt>
   <trkpt lat="43.69321699823057" lon="-114.3573416228602">
    <ele>1808.2678020370022</ele>
   </trkpt>
   <trkpt lat="43.69371441213978" lon="-114.35725172857232">
    <ele>1808.9864341551388</ele>
   </trkpt>
   <trkpt lat="43.69455491345134" lon="-114.35705791562992">
    <ele>1810.923375398159</ele>
   </trkpt>
   <trkpt lat="43.69525849025211" lon="-114.35686688712806">
    <ele>1814.2961899618197</ele>
   </trkpt>
   <trkpt lat="43.69565053974302" lon="-114.35672158767265">
    <ele>1816.1477827434217</ele>
   </trkpt>
   <trkpt lat="43.696007196645155" lon="-114.35654244323612">
    <ele>1816.6985261078887</ele>
   </trkpt>
   <trkpt lat="43.696313543877814" lon="-114.35634214111587">
    <ele>1817.9323001977186</ele>
   </trkpt>
   <trkpt lat="43.69661739776022" lon="-114.35609067606357">
    <ele>1818.6456712498252</ele>
   </trkpt>
   <trkpt lat="43.696916324356984" lon="-114.35578680455421">
    <ele>1818.777500088443</ele>
   </trkpt>
   <trkpt lat="43.69718365428177" lon="-114.35545067582149">
    <ele>1818.7743561682498</ele>
   </trkpt>
   <trkpt lat="43.69751245352106" lon="-114.35496333935421">
    <ele>1818.6666815095193</ele>
   </trkpt>
   <trkpt lat="43.697825038878015" lon="-114.35443326754134">
    <ele>1818.8948915382043</ele>
   </trkpt>
   <trkpt lat="43.69832439255353" lon="-114.35349472422821">
    <ele>1819.2165392769523</ele>
   </trkpt>
   <trkpt lat="43.698855230408014" lon="-114.3525797317378">
    <ele>1820.5354593699565</ele>
   </trkpt>
   <trkpt lat="43.69910803652649" lon="-114.35218088271202">
    <ele>1820.7601209204058</ele>
   </trkpt>
   <trkpt lat="43.69928500792365" lon="-114.3519715377393">
    <ele>1821.1218126025985</ele>
   </trkpt>
   <trkpt lat="43.69953382117107" lon="-114.35174594214885">
    <ele>1821.5900209754086</ele>
   </trkpt>
   <trkpt lat="43.699921409989194" lon="-114.35146328803407">
    <ele>1822.1031049177736</ele>
   </trkpt>
   <trkpt lat="43.7007284463755" lon="-114.35095766665837">
    <ele>1822.4184078236965</ele>
   </trkpt>
   <trkpt lat="43.701514454056024" lon="-114.35048571566334">
    <ele>1822.2305895808493</ele>
   </trkpt>
   <trkpt lat="43.702305805510065" lon="-114.3500044771555">
    <ele>1822.6558712025478</ele>
   </trkpt>
   <trkpt lat="43.70306871611308" lon="-114.34953417660432">
    <ele>1824.559384891368</ele>
   </trkpt>
   <trkpt lat="43.70381739080405" lon="-114.34906736078916">
    <ele>1827.391343687935</ele>
   </trkpt>
   <trkpt lat="43.70462116143459" lon="-114.34855910859321">
    <ele>1829.86738546942</ele>
   </trkpt>
   <trkpt lat="43.705410482026586" lon="-114.34804376644487">
    <ele>1832.605171917553</ele>
   </trkpt>
   <trkpt lat="43.70621316834007" lon="-114.34750856333532">
    <ele>1835.3855862478222</ele>
   </trkpt>
   <trkpt lat="43.70666955803516" lon="-114.34718176039402">
    <ele>1836.9154727696043</ele>
   </trkpt>
   <trkpt lat="43.70693877041411" lon="-114.34694735928082">
    <ele>1837.0724730698566</ele>
   </trkpt>
   <trkpt lat="43.70711073651811" lon="-114.34675015146887">
    <ele>1837.594875254037</ele>
   </trkpt>
   <trkpt lat="43.70744553737834" lon="-114.34627491859867">
    <ele>1837.4840817697461</ele>
   </trkpt>
   <trkpt lat="43.70793351111085" lon="-114.34549590141516">
    <ele>1836.7345092704193</ele>
   </trkpt>
   <trkpt lat="43.70848766728203" lon="-114.34454176506127">
    <ele>1836.788846549687</ele>
   </trkpt>
   <trkpt lat="43.70882613581004" lon="-114.343982752281">
    <ele>1837.9790272401788</ele>
   </trkpt>
   <trkpt lat="43.70914899154133" lon="-114.34351655891284">
    <ele>1838.8137238182856</ele>
   </trkpt>
   <trkpt lat="43.709499351775705" lon="-114.34308060033354">
    <ele>1839.216227627693</ele>
   </trkpt>
   <trkpt lat="43.70986727799159" lon="-114.34268710815543">
    <ele>1839.4309610172797</ele>
   </trkpt>
   <trkpt lat="43.71023896786142" lon="-114.34234303406481">
    <ele>1839.8070499628623</ele>
   </trkpt>
   <trkpt lat="43.71066225440117" lon="-114.34200302999692">
    <ele>1840.5985176618476</ele>
   </trkpt>
   <trkpt lat="43.71141860841235" lon="-114.34144609554002">
    <ele>1841.9299370744218</ele>
   </trkpt>
   <trkpt lat="43.71216910950823" lon="-114.34090981096413">
    <ele>1843.1640752648684</ele>
   </trkpt>
   <trkpt lat="43.712946194511204" lon="-114.34035703474684">
    <ele>1844.384358089302</ele>
   </trkpt>
   <trkpt lat="43.71371761140487" lon="-114.33979943905454">
    <ele>1844.8720809369634</ele>
   </trkpt>
   <trkpt lat="43.71445110817278" lon="-114.33924869605372">
    <ele>1845.7696657445788</ele>
   </trkpt>
   <trkpt lat="43.715175664090665" lon="-114.33866472434208">
    <ele>1846.7843216171107</ele>
   </trkpt>
   <trkpt lat="43.715674387192685" lon="-114.33821561346579">
    <ele>1847.943004070394</ele>
   </trkpt>
   <trkpt lat="43.71608512057811" lon="-114.33779549173181">
    <ele>1849.1357050848662</ele>
   </trkpt>
   <trkpt lat="43.71645760481376" lon="-114.33735706697453">
    <ele>1850.25024941216</ele>
   </trkpt>
   <trkpt lat="43.716790652152014" lon="-114.33690190740599">
    <ele>1851.5991964383604</ele>
   </trkpt>
   <trkpt lat="43.717190033483966" lon="-114.33627350007238">
    <ele>1852.6850407834027</ele>
   </trkpt>
   <trkpt lat="43.717607976779945" lon="-114.33557374063132">
    <ele>1853.6855473052613</ele>
   </trkpt>
   <trkpt lat="43.71805865891561" lon="-114.33471084354026">
    <ele>1854.4102806793883</ele>
   </trkpt>
   <trkpt lat="43.71855266708163" lon="-114.33369800064409">
    <ele>1855.2823121049498</ele>
   </trkpt>
   <trkpt lat="43.71904024189124" lon="-114.33265811217203">
    <ele>1856.0237374431333</ele>
   </trkpt>
   <trkpt lat="43.71950695755352" lon="-114.33163596479821">
    <ele>1856.1110878107247</ele>
   </trkpt>
   <trkpt lat="43.71987673898044" lon="-114.33090297950447">
    <ele>1855.6991104637018</ele>
   </trkpt>
   <trkpt lat="43.72033111086981" lon="-114.33008615409848">
    <ele>1854.8806399843859</ele>
   </trkpt>
   <trkpt lat="43.72090089462246" lon="-114.32914204012904">
    <ele>1853.2555298510706</ele>
   </trkpt>
   <trkpt lat="43.721488495839886" lon="-114.32823211107359">
    <ele>1851.9503026554448</ele>
   </trkpt>
   <trkpt lat="43.7220293794765" lon="-114.32744740712012">
    <ele>1851.664694555301</ele>
   </trkpt>
   <trkpt lat="43.72261694834747" lon="-114.32664576931744">
    <ele>1852.841854326801</ele>
   </trkpt>
   <trkpt lat="43.7232357433897" lon="-114.32580071933789">
    <ele>1853.7653237719398</ele>
   </trkpt>
   <trkpt lat="43.72367699644596" lon="-114.32515525586561">
    <ele>1853.6786246983759</ele>
   </trkpt>
   <trkpt lat="43.72404779624517" lon="-114.32455233730671">
    <ele>1853.3717165404776</ele>
   </trkpt>
   <trkpt lat="43.72435251774286" lon="-114.3239889882635">
    <ele>1853.5580305406093</ele>
   </trkpt>
   <trkpt lat="43.72459698081165" lon="-114.32347090016226">
    <ele>1854.8056456918773</ele>
   </trkpt>
   <trkpt lat="43.72489366902296" lon="-114.32274229661054">
    <ele>1856.1704490283253</ele>
   </trkpt>
   <trkpt lat="43.72527390907918" lon="-114.32170647683277">
    <ele>1857.0898433703333</ele>
   </trkpt>
   <trkpt lat="43.725648480058084" lon="-114.32061475085952">
    <ele>1858.863205252704</ele>
   </trkpt>
   <trkpt lat="43.72601455794473" lon="-114.31956739637121">
    <ele>1860.7406675477935</ele>
   </trkpt>
   <trkpt lat="43.726412233425016" lon="-114.31851838483612">
    <ele>1863.09313604007</ele>
   </trkpt>
   <trkpt lat="43.72681022694128" lon="-114.31756170711229">
    <ele>1864.0586679229746</ele>
   </trkpt>
   <trkpt lat="43.727244390666435" lon="-114.31658056537705">
    <ele>1865.2733552073244</ele>
   </trkpt>
   <trkpt lat="43.72769105794117" lon="-114.31557941780683">
    <ele>1866.7281796219124</ele>
   </trkpt>
   <trkpt lat="43.72810270803404" lon="-114.31465986846192">
    <ele>1868.093758015563</ele>
   </trkpt>
   <trkpt lat="43.72852283403507" lon="-114.31372343725273">
    <ele>1868.9307872012103</ele>
   </trkpt>
   <trkpt lat="43.728934286947826" lon="-114.31280784474896">
    <ele>1869.2626926962687</ele>
   </trkpt>
   <trkpt lat="43.72938047496538" lon="-114.3118163145009">
    <ele>1869.3821380516783</ele>
   </trkpt>
   <trkpt lat="43.72981243417964" lon="-114.31085757406356">
    <ele>1869.5252525349676</ele>
   </trkpt>
   <trkpt lat="43.73028639670041" lon="-114.30980924832838">
    <ele>1870.4850245694267</ele>
   </trkpt>
   <trkpt lat="43.73078912895208" lon="-114.30885693115205">
    <ele>1872.3927187923734</ele>
   </trkpt>
   <trkpt lat="43.731330492056486" lon="-114.30790790463823">
    <ele>1875.8347451917982</ele>
   </trkpt>
   <trkpt lat="43.73179532252176" lon="-114.30715712602617">
    <ele>1879.5095014389224</ele>
   </trkpt>
   <trkpt lat="43.73224438331567" lon="-114.3064970259317">
    <ele>1883.4502926967064</ele>
   </trkpt>
   <trkpt lat="43.732854205511906" lon="-114.30563271151385">
    <ele>1887.224278342396</ele>
   </trkpt>
   <trkpt lat="43.73346036764255" lon="-114.30477651091466">
    <ele>1890.0448382509237</ele>
   </trkpt>
   <trkpt lat="43.73405965660317" lon="-114.30393572180053">
    <ele>1891.8341123391817</ele>
   </trkpt>
   <trkpt lat="43.73469005767018" lon="-114.30306352003049">
    <ele>1894.9690627623556</ele>
   </trkpt>
   <trkpt lat="43.735258395972245" lon="-114.30231126647904">
    <ele>1899.2697780535764</ele>
   </trkpt>
   <trkpt lat="43.73586672347414" lon="-114.30158145036201">
    <ele>1904.4614364916456</ele>
   </trkpt>
   <trkpt lat="43.73640388454603" lon="-114.30100012701959">
    <ele>1906.818915640729</ele>
   </trkpt>
   <trkpt lat="43.7365713703296" lon="-114.30083279670832">
    <ele>1906.818915640729</ele>
   </trkpt>
   <trkpt lat="43.73671322177587" lon="-114.30070975532858">
    <ele>1907.2467621539631</ele>
   </trkpt>
   <trkpt lat="43.73685666666667" lon="-114.30059">
    <ele>1907.2467621539631</ele>
   </trkpt>
   <trkpt lat="43.737" lon="-114.30047">
    <ele>1907.7496129015924</ele>
   </trkpt>
   <trkpt lat="43.737680000000005" lon="-114.29998">
    <ele>1910.4811419011392</ele>
   </trkpt>
   <trkpt lat="43.73842455619718" lon="-114.29948369808562">
    <ele>1912.5135041680053</ele>
   </trkpt>
   <trkpt lat="43.73916911024687" lon="-114.29898738382816">
    <ele>1914.4106087665534</ele>
   </trkpt>
   <trkpt lat="43.73991366214897" lon="-114.29849105722698">
    <ele>1916.0911850666607</ele>
   </trkpt>
   <trkpt lat="43.74065821190337" lon="-114.29799471828156">
    <ele>1917.73257010354</ele>
   </trkpt>
   <trkpt lat="43.741402759509974" lon="-114.2974983669912">
    <ele>1919.719289970067</ele>
   </trkpt>
   <trkpt lat="43.742147304968654" lon="-114.29700200335542">
    <ele>1921.9480874210597</ele>
   </trkpt>
   <trkpt lat="43.742891848279314" lon="-114.29650562737355">
    <ele>1924.1935401889375</ele>
   </trkpt>
   <trkpt lat="43.743636389441846" lon="-114.29600923904505">
    <ele>1926.3144896772176</ele>
   </trkpt>
   <trkpt lat="43.74438092845613" lon="-114.29551283836928">
    <ele>1928.1123231073336</ele>
   </trkpt>
   <trkpt lat="43.74512546532205" lon="-114.29501642534568">
    <ele>1928.9996605359602</ele>
   </trkpt>
   <trkpt lat="43.745870000000004" lon="-114.29452">
    <ele>1931.8840515643983</ele>
   </trkpt>
   <trkpt lat="43.74633000054753" lon="-114.29415500283126">
    <ele>1932.9552588345073</ele>
   </trkpt>
   <trkpt lat="43.746790000000004" lon="-114.29379000000002">
    <ele>1933.2777825264716</ele>
   </trkpt>
   <trkpt lat="43.747420000000005" lon="-114.29321000000002">
    <ele>1934.2584982402493</ele>
   </trkpt>
   <trkpt lat="43.74793333574315" lon="-114.29269000886612">
    <ele>1936.4490808751345</ele>
   </trkpt>
   <trkpt lat="43.74844666912892" lon="-114.29217000881313">
    <ele>1939.8391207324287</ele>
   </trkpt>
   <trkpt lat="43.748960000000004" lon="-114.29165">
    <ele>1942.3823686764545</ele>
   </trkpt>
   <trkpt lat="43.749390000000005" lon="-114.29116">
    <ele>1943.6111305455768</ele>
   </trkpt>
   <trkpt lat="43.74976" lon="-114.29059000000001">
    <ele>1943.534302648789</ele>
   </trkpt>
   <trkpt lat="43.750110001833214" lon="-114.28995500357638">
    <ele>1944.0105734985978</ele>
   </trkpt>
   <trkpt lat="43.750460000000004" lon="-114.28932">
    <ele>1944.0396945457137</ele>
   </trkpt>
   <trkpt lat="43.750620000000005" lon="-114.28906">
    <ele>1943.9998389530506</ele>
   </trkpt>
   <trkpt lat="43.750930000000004" lon="-114.28866000000001">
    <ele>1943.6816567601898</ele>
   </trkpt>
   <trkpt lat="43.75148" lon="-114.28808000000001">
    <ele>1941.5847519145984</ele>
   </trkpt>
   <trkpt lat="43.75208250417307" lon="-114.28751751695566">
    <ele>1939.2455359314679</ele>
   </trkpt>
   <trkpt lat="43.7526850055877" lon="-114.28695502258584">
    <ele>1937.4898442289882</ele>
   </trkpt>
   <trkpt lat="43.75328750424379" lon="-114.28639251689016">
    <ele>1937.737161583561</ele>
   </trkpt>
   <trkpt lat="43.753890000000006" lon="-114.28583">
    <ele>1938.9749108688757</ele>
   </trkpt>
   <trkpt lat="43.754490000000004" lon="-114.2853">
    <ele>1938.0309428295677</ele>
   </trkpt>
   <trkpt lat="43.75513" lon="-114.28484">
    <ele>1936.17270392366</ele>
   </trkpt>
   <trkpt lat="43.755500000000005" lon="-114.28462">
    <ele>1936.0357689413286</ele>
   </trkpt>
   <trkpt lat="43.75596" lon="-114.28436">
    <ele>1937.4466797034038</ele>
   </trkpt>
   <trkpt lat="43.756660000515964" lon="-114.28402500390612">
    <ele>1940.7213769304883</ele>
   </trkpt>
   <trkpt lat="43.757360000000006" lon="-114.28369">
    <ele>1943.546817015561</ele>
   </trkpt>
   <trkpt lat="43.757940000000005" lon="-114.28338000000001">
    <ele>1945.4005009890286</ele>
   </trkpt>
   <trkpt lat="43.75856" lon="-114.28301">
    <ele>1946.1747845619</ele>
   </trkpt>
   <trkpt lat="43.759040000000006" lon="-114.28269">
    <ele>1945.5495891916835</ele>
   </trkpt>
   <trkpt lat="43.759676668474434" lon="-114.2822300098165">
    <ele>1943.9511735618469</ele>
   </trkpt>
   <trkpt lat="43.760313335104065" lon="-114.2817700098434">
    <ele>1942.9014335121483</ele>
   </trkpt>
   <trkpt lat="43.76095" lon="-114.28131">
    <ele>1943.2405723783982</ele>
   </trkpt>
   <trkpt lat="43.76146000000001" lon="-114.28092000000001">
    <ele>1944.427651378443</ele>
   </trkpt>
   <trkpt lat="43.76220215890125" lon="-114.28038794296508">
    <ele>1946.464116597285</ele>
   </trkpt>
   <trkpt lat="43.762944315334366" lon="-114.27985587272947">
    <ele>1948.7515295636092</ele>
   </trkpt>
   <trkpt lat="43.76368646929921" lon="-114.27932378929255">
    <ele>1951.329156332691</ele>
   </trkpt>
   <trkpt lat="43.76442862079567" lon="-114.27879169265366">
    <ele>1953.851917204066</ele>
   </trkpt>
   <trkpt lat="43.76517076982361" lon="-114.27825958281223">
    <ele>1956.3015057116706</ele>
   </trkpt>
   <trkpt lat="43.76591291638292" lon="-114.27772745976759">
    <ele>1958.437627073702</ele>
   </trkpt>
   <trkpt lat="43.76665506047348" lon="-114.27719532351914">
    <ele>1959.7090372237662</ele>
   </trkpt>
   <trkpt lat="43.76739720209514" lon="-114.27666317406624">
    <ele>1960.2378470416252</ele>
   </trkpt>
   <trkpt lat="43.768139341247796" lon="-114.27613101140828">
    <ele>1960.6995216623488</ele>
   </trkpt>
   <trkpt lat="43.768881477931316" lon="-114.27559883554461">
    <ele>1961.754017646435</ele>
   </trkpt>
   <trkpt lat="43.76962361214555" lon="-114.27506664647463">
    <ele>1963.3184183170727</ele>
   </trkpt>
   <trkpt lat="43.77036574389041" lon="-114.27453444419768">
    <ele>1965.1469118108605</ele>
   </trkpt>
   <trkpt lat="43.77110787316576" lon="-114.27400222871319">
    <ele>1967.2531650787778</ele>
   </trkpt>
   <trkpt lat="43.77185" lon="-114.27347">
    <ele>1969.6741832206633</ele>
   </trkpt>
   <trkpt lat="43.772240000000004" lon="-114.27318000000001">
    <ele>1971.2724838449608</ele>
   </trkpt>
   <trkpt lat="43.77264" lon="-114.27284000000002">
    <ele>1973.168496482148</ele>
   </trkpt>
   <trkpt lat="43.77329000163847" lon="-114.2722300066147">
    <ele>1977.2376915724567</ele>
   </trkpt>
   <trkpt lat="43.77394" lon="-114.27162000000001">
    <ele>1983.3635062487276</ele>
   </trkpt>
   <trkpt lat="43.77456750237492" lon="-114.27119751327302">
    <ele>1988.0903830446491</ele>
   </trkpt>
   <trkpt lat="43.77519500319359" lon="-114.27077501767943">
    <ele>1992.8164910836035</ele>
   </trkpt>
   <trkpt lat="43.7758225024559" lon="-114.2703525132189">
    <ele>1997.2930740171143</ele>
   </trkpt>
   <trkpt lat="43.776450000000004" lon="-114.26993000000002">
    <ele>2002.6349422995897</ele>
   </trkpt>
   <trkpt lat="43.776650000000004" lon="-114.26971">
    <ele>2004.8464430470217</ele>
   </trkpt>
   <trkpt lat="43.776740000000004" lon="-114.26959000000001">
    <ele>2006.2913222827751</ele>
   </trkpt>
   <trkpt lat="43.777300000000004" lon="-114.26865000000001">
    <ele>2014.0923055135172</ele>
   </trkpt>
   <trkpt lat="43.777570000000004" lon="-114.26832">
    <ele>2018.0793146062347</ele>
   </trkpt>
   <trkpt lat="43.7779" lon="-114.26802">
    <ele>2021.8738239135741</ele>
   </trkpt>
   <trkpt lat="43.77854400426089" lon="-114.26752602127873">
    <ele>2027.9188784202042</ele>
   </trkpt>
   <trkpt lat="43.77918800639422" lon="-114.26703203191637">
    <ele>2031.890008277888</ele>
   </trkpt>
   <trkpt lat="43.77983200639995" lon="-114.26653803191249">
    <ele>2036.8973694528468</ele>
   </trkpt>
   <trkpt lat="43.780476004277915" lon="-114.26604402126667">
    <ele>2042.734516347547</ele>
   </trkpt>
   <trkpt lat="43.78112" lon="-114.26555">
    <ele>2048.688630337006</ele>
   </trkpt>
   <trkpt lat="43.781420000000004" lon="-114.26532">
    <ele>2051.04726773327</ele>
   </trkpt>
   <trkpt lat="43.78161" lon="-114.26523">
    <ele>2053.454008841307</ele>
   </trkpt>
   <trkpt lat="43.78235" lon="-114.26492">
    <ele>2060.0241532165464</ele>
   </trkpt>
   <trkpt lat="43.78273" lon="-114.2647">
    <ele>2062.2123724861644</ele>
   </trkpt>
   <trkpt lat="43.78296" lon="-114.26452">
    <ele>2064.4054104145157</ele>
   </trkpt>
   <trkpt lat="43.78367" lon="-114.2638">
    <ele>2072.139262408193</ele>
   </trkpt>
   <trkpt lat="43.783970000000004" lon="-114.26354">
    <ele>2075.347819765217</ele>
   </trkpt>
   <trkpt lat="43.78459500045157" lon="-114.26317500389159">
    <ele>2080.1247362738245</ele>
   </trkpt>
   <trkpt lat="43.78522" lon="-114.26281000000002">
    <ele>2085.431139447432</ele>
   </trkpt>
   <trkpt lat="43.78579333486639" lon="-114.26239334131195">
    <ele>2091.616879535916</ele>
   </trkpt>
   <trkpt lat="43.786366668219124" lon="-114.26197667463128">
    <ele>2096.7664532330364</ele>
   </trkpt>
   <trkpt lat="43.78694" lon="-114.26156">
    <ele>2100.6976647748943</ele>
   </trkpt>
   <trkpt lat="43.787516667821585" lon="-114.26120667344358">
    <ele>2104.4564062989025</ele>
   </trkpt>
   <trkpt lat="43.7880933345547" lon="-114.26085334006962">
    <ele>2109.530910387133</ele>
   </trkpt>
   <trkpt lat="43.78867" lon="-114.26050000000001">
    <ele>2115.730129270083</ele>
   </trkpt>
   <trkpt lat="43.78923" lon="-114.26036">
    <ele>2120.1477422618655</ele>
   </trkpt>
   <trkpt lat="43.789480000000005" lon="-114.26024000000001">
    <ele>2122.2465636874385</ele>
   </trkpt>
   <trkpt lat="43.7896" lon="-114.26017000000002">
    <ele>2122.8852513483325</ele>
   </trkpt>
   <trkpt lat="43.78976" lon="-114.26">
    <ele>2124.1580697545005</ele>
   </trkpt>
   <trkpt lat="43.790040000000005" lon="-114.25968">
    <ele>2126.9658402168743</ele>
   </trkpt>
   <trkpt lat="43.790200000000006" lon="-114.25952000000001">
    <ele>2129.1966629341828</ele>
   </trkpt>
   <trkpt lat="43.7907" lon="-114.25924">
    <ele>2134.600836979015</ele>
   </trkpt>
   <trkpt lat="43.791050000000006" lon="-114.25914000000002">
    <ele>2136.4004346938177</ele>
   </trkpt>
   <trkpt lat="43.791540000000005" lon="-114.25901">
    <ele>2141.973031747205</ele>
   </trkpt>
   <trkpt lat="43.79196" lon="-114.25893">
    <ele>2146.0459251580396</ele>
   </trkpt>
   <trkpt lat="43.792320000000004" lon="-114.25892">
    <ele>2149.3183749460463</ele>
   </trkpt>
   <trkpt lat="43.792970000000004" lon="-114.25893">
    <ele>2152.9832927446537</ele>
   </trkpt>
   <trkpt lat="43.79312" lon="-114.25892">
    <ele>2154.4388191988764</ele>
   </trkpt>
   <trkpt lat="43.793260000000004" lon="-114.25888">
    <ele>2155.943815853557</ele>
   </trkpt>
   <trkpt lat="43.79339" lon="-114.25880000000001">
    <ele>2155.943815853557</ele>
   </trkpt>
   <trkpt lat="43.79356000000001" lon="-114.25865">
    <ele>2157.341890396809</ele>
   </trkpt>
   <trkpt lat="43.79381" lon="-114.25822000000001">
    <ele>2160.268281624658</ele>
   </trkpt>
   <trkpt lat="43.7939" lon="-114.25812">
    <ele>2161.346866796807</ele>
   </trkpt>
   <trkpt lat="43.79428" lon="-114.25789">
    <ele>2162.0540525499496</ele>
   </trkpt>
   <trkpt lat="43.79457" lon="-114.25768000000001">
    <ele>2161.951758601439</ele>
   </trkpt>
   <trkpt lat="43.79471" lon="-114.25764000000001">
    <ele>2161.9289608470967</ele>
   </trkpt>
   <trkpt lat="43.794990000000006" lon="-114.25768000000001">
    <ele>2162.2811391094515</ele>
   </trkpt>
   <trkpt lat="43.79513" lon="-114.25767">
    <ele>2163.029942893325</ele>
   </trkpt>
   <trkpt lat="43.79563" lon="-114.25736">
    <ele>2167.0881096388966</ele>
   </trkpt>
   <trkpt lat="43.795910000000006" lon="-114.25713">
    <ele>2172.465839478696</ele>
   </trkpt>
   <trkpt lat="43.796150000000004" lon="-114.25699000000002">
    <ele>2178.7139539878244</ele>
   </trkpt>
   <trkpt lat="43.796350000000004" lon="-114.25691">
    <ele>2181.306350232704</ele>
   </trkpt>
   <trkpt lat="43.796640000000004" lon="-114.25691">
    <ele>2185.2985591084475</ele>
   </trkpt>
   <trkpt lat="43.796780000000005" lon="-114.25686">
    <ele>2187.5694185092084</ele>
   </trkpt>
   <trkpt lat="43.797560000000004" lon="-114.25647000000001">
    <ele>2194.125801317072</ele>
   </trkpt>
   <trkpt lat="43.797900000000006" lon="-114.25633">
    <ele>2196.763744363206</ele>
   </trkpt>
   <trkpt lat="43.798080000000006" lon="-114.25623000000002">
    <ele>2198.159051908819</ele>
   </trkpt>
   <trkpt lat="43.79833000000001" lon="-114.25587000000002">
    <ele>2201.255973510026</ele>
   </trkpt>
   <trkpt lat="43.798480000000005" lon="-114.2557">
    <ele>2202.760230931323</ele>
   </trkpt>
   <trkpt lat="43.7991" lon="-114.25534">
    <ele>2207.995314052088</ele>
   </trkpt>
   <trkpt lat="43.7995" lon="-114.25516">
    <ele>2210.8682778054167</ele>
   </trkpt>
   <trkpt lat="43.79955" lon="-114.25512">
    <ele>2211.5138370793375</ele>
   </trkpt>
   <trkpt lat="43.799640000000004" lon="-114.25499">
    <ele>2212.2666817401946</ele>
   </trkpt>
   <trkpt lat="43.799710000000005" lon="-114.25486000000001">
    <ele>2213.7391676559823</ele>
   </trkpt>
   <trkpt lat="43.79986" lon="-114.25417000000002">
    <ele>2217.157946991821</ele>
   </trkpt>
   <trkpt lat="43.79999" lon="-114.25374000000001">
    <ele>2221.6344942506284</ele>
   </trkpt>
   <trkpt lat="43.800050000000006" lon="-114.25361000000001">
    <ele>2222.5317099341396</ele>
   </trkpt>
   <trkpt lat="43.8001" lon="-114.25356000000001">
    <ele>2223.2098346313705</ele>
   </trkpt>
   <trkpt lat="43.800290000000004" lon="-114.25346">
    <ele>2223.9237557797646</ele>
   </trkpt>
   <trkpt lat="43.80050000000001" lon="-114.2535">
    <ele>2225.9306140487083</ele>
   </trkpt>
   <trkpt lat="43.800740000000005" lon="-114.25364">
    <ele>2227.6963081229987</ele>
   </trkpt>
   <trkpt lat="43.801310000840154" lon="-114.25408499573639">
    <ele>2232.428326017584</ele>
   </trkpt>
   <trkpt lat="43.801880000000004" lon="-114.25453">
    <ele>2238.0119853099673</ele>
   </trkpt>
   <trkpt lat="43.802020000000006" lon="-114.25458">
    <ele>2240.0812821745285</ele>
   </trkpt>
   <trkpt lat="43.80216" lon="-114.25458">
    <ele>2240.9708029190215</ele>
   </trkpt>
   <trkpt lat="43.80266" lon="-114.25458">
    <ele>2245.9056316884207</ele>
   </trkpt>
   <trkpt lat="43.802870000000006" lon="-114.25459000000001">
    <ele>2247.80681271681</ele>
   </trkpt>
   <trkpt lat="43.80359000000001" lon="-114.25494">
    <ele>2255.6357421032712</ele>
   </trkpt>
   <trkpt lat="43.804140000000004" lon="-114.25513000000001">
    <ele>2259.69486682492</ele>
   </trkpt>
   <trkpt lat="43.80478" lon="-114.25547">
    <ele>2263.6389439275936</ele>
   </trkpt>
   <trkpt lat="43.805130000000005" lon="-114.25572000000001">
    <ele>2266.2043192536694</ele>
   </trkpt>
   <trkpt lat="43.80547000000001" lon="-114.25601">
    <ele>2268.8048782790484</ele>
   </trkpt>
   <trkpt lat="43.80608" lon="-114.2566">
    <ele>2273.949668704861</ele>
   </trkpt>
   <trkpt lat="43.80664" lon="-114.25727">
    <ele>2279.6050176247318</ele>
   </trkpt>
   <trkpt lat="43.806850000000004" lon="-114.25767">
    <ele>2281.983128824189</ele>
   </trkpt>
   <trkpt lat="43.80698" lon="-114.25784000000002">
    <ele>2283.091906536558</ele>
   </trkpt>
   <trkpt lat="43.80756" lon="-114.25848">
    <ele>2289.0312265932034</ele>
   </trkpt>
   <trkpt lat="43.80785" lon="-114.2587">
    <ele>2290.55344701382</ele>
   </trkpt>
   <trkpt lat="43.80848" lon="-114.25907000000001">
    <ele>2296.1072385245902</ele>
   </trkpt>
   <trkpt lat="43.808690000000006" lon="-114.25915">
    <ele>2297.866313843935</ele>
   </trkpt>
   <trkpt lat="43.80919" lon="-114.25919">
    <ele>2300.4880134532423</ele>
   </trkpt>
   <trkpt lat="43.809610000000006" lon="-114.25928">
    <ele>2303.0363773923546</ele>
   </trkpt>
   <trkpt lat="43.809760000000004" lon="-114.25928">
    <ele>2304.1267678217187</ele>
   </trkpt>
   <trkpt lat="43.810190000000006" lon="-114.25923">
    <ele>2307.689536211269</ele>
   </trkpt>
   <trkpt lat="43.810750000000006" lon="-114.25906">
    <ele>2312.1599126477977</ele>
   </trkpt>
   <trkpt lat="43.811040000000006" lon="-114.25906">
    <ele>2314.0076309731276</ele>
   </trkpt>
   <trkpt lat="43.81154" lon="-114.25919">
    <ele>2317.009779870095</ele>
   </trkpt>
   <trkpt lat="43.812250000000006" lon="-114.25932">
    <ele>2320.7946277223305</ele>
   </trkpt>
   <trkpt lat="43.8128" lon="-114.25947000000001">
    <ele>2323.15894318784</ele>
   </trkpt>
   <trkpt lat="43.81295" lon="-114.2595">
    <ele>2323.6449229639893</ele>
   </trkpt>
   <trkpt lat="43.81324" lon="-114.25943000000001">
    <ele>2324.9480849679576</ele>
   </trkpt>
   <trkpt lat="43.813660000000006" lon="-114.25932">
    <ele>2326.7910680924956</ele>
   </trkpt>
   <trkpt lat="43.81416" lon="-114.25928">
    <ele>2330.141276670959</ele>
   </trkpt>
   <trkpt lat="43.8143" lon="-114.25923">
    <ele>2330.6749382973476</ele>
   </trkpt>
   <trkpt lat="43.814490000000006" lon="-114.25914000000002">
    <ele>2331.7813512931066</ele>
   </trkpt>
   <trkpt lat="43.814780000000006" lon="-114.25889000000001">
    <ele>2333.981086172355</ele>
   </trkpt>
   <trkpt lat="43.815150000664985" lon="-114.25848500256421">
    <ele>2338.0373353724194</ele>
   </trkpt>
   <trkpt lat="43.81552000000001" lon="-114.25808">
    <ele>2341.99089594917</ele>
   </trkpt>
   <trkpt lat="43.81575" lon="-114.25793000000002">
    <ele>2343.231792307179</ele>
   </trkpt>
   <trkpt lat="43.816230000000004" lon="-114.2578">
    <ele>2347.2414357565985</ele>
   </trkpt>
   <trkpt lat="43.81668999992248" lon="-114.25775500035512">
    <ele>2351.0650248573115</ele>
   </trkpt>
   <trkpt lat="43.817150000000005" lon="-114.25771">
    <ele>2355.129916239682</ele>
   </trkpt>
   <trkpt lat="43.8173" lon="-114.25771">
    <ele>2356.207529444335</ele>
   </trkpt>
   <trkpt lat="43.81763" lon="-114.25785">
    <ele>2358.4237326781044</ele>
   </trkpt>
   <trkpt lat="43.817750000000004" lon="-114.25794">
    <ele>2359.105176611615</ele>
   </trkpt>
   <trkpt lat="43.81786" lon="-114.25803">
    <ele>2360.112655588361</ele>
   </trkpt>
   <trkpt lat="43.81842" lon="-114.25879">
    <ele>2363.553972609538</ele>
   </trkpt>
   <trkpt lat="43.818920000000006" lon="-114.25932">
    <ele>2366.0448205456314</ele>
   </trkpt>
   <trkpt lat="43.8195400017546" lon="-114.25992499387267">
    <ele>2370.2753487685513</ele>
   </trkpt>
   <trkpt lat="43.82016" lon="-114.26053">
    <ele>2374.97458581682</ele>
   </trkpt>
   <trkpt lat="43.82057500074073" lon="-114.26087499778636">
    <ele>2378.0948251581026</ele>
   </trkpt>
   <trkpt lat="43.82099" lon="-114.26122000000001">
    <ele>2382.0704142211953</ele>
   </trkpt>
   <trkpt lat="43.82124" lon="-114.26149000000001">
    <ele>2384.3885084138665</ele>
   </trkpt>
   <trkpt lat="43.821490000000004" lon="-114.26184">
    <ele>2389.5878091743307</ele>
   </trkpt>
   <trkpt lat="43.82199000000001" lon="-114.26264">
    <ele>2399.0431882230623</ele>
   </trkpt>
   <trkpt lat="43.8222" lon="-114.26286">
    <ele>2401.6772084224954</ele>
   </trkpt>
   <trkpt lat="43.82233" lon="-114.26292000000001">
    <ele>2402.8579333422417</ele>
   </trkpt>
   <trkpt lat="43.822540000000004" lon="-114.263">
    <ele>2404.5537192363995</ele>
   </trkpt>
   <trkpt lat="43.82325" lon="-114.26310000000001">
    <ele>2407.296210299409</ele>
   </trkpt>
   <trkpt lat="43.82379500014973" lon="-114.26311999982285">
    <ele>2406.8612008770183</ele>
   </trkpt>
   <trkpt lat="43.82434000000001" lon="-114.26314">
    <ele>2406.7648511521857</ele>
   </trkpt>
   <trkpt lat="43.82513499983833" lon="-114.26312000027049">
    <ele>2407.6579512063763</ele>
   </trkpt>
   <trkpt lat="43.82593000000001" lon="-114.26310000000001">
    <ele>2408.158508959318</ele>
   </trkpt>
   <trkpt lat="43.82627" lon="-114.26304">
    <ele>2408.1312897729704</ele>
   </trkpt>
   <trkpt lat="43.8265" lon="-114.26292000000001">
    <ele>2407.856679787441</ele>
   </trkpt>
   <trkpt lat="43.827130000000004" lon="-114.26223">
    <ele>2404.410756459757</ele>
   </trkpt>
   <trkpt lat="43.82761000000001" lon="-114.26156">
    <ele>2401.155803214218</ele>
   </trkpt>
   <trkpt lat="43.827985000708566" lon="-114.26114000270644">
    <ele>2398.1394424248906</ele>
   </trkpt>
   <trkpt lat="43.82836" lon="-114.26072">
    <ele>2395.28829619848</ele>
   </trkpt>
   <trkpt lat="43.82893000000001" lon="-114.26022">
    <ele>2390.8567269944615</ele>
   </trkpt>
   <trkpt lat="43.82943" lon="-114.25995">
    <ele>2386.52995849737</ele>
   </trkpt>
   <trkpt lat="43.830070000000006" lon="-114.25977">
    <ele>2380.8978842370725</ele>
   </trkpt>
   <trkpt lat="43.830420000000004" lon="-114.25973">
    <ele>2377.0016557011113</ele>
   </trkpt>
   <trkpt lat="43.83108" lon="-114.25973">
    <ele>2371.54208837822</ele>
   </trkpt>
   <trkpt lat="43.831340000000004" lon="-114.25968">
    <ele>2367.3026728896584</ele>
   </trkpt>
   <trkpt lat="43.83217000061118" lon="-114.25932500491072">
    <ele>2363.988112292223</ele>
   </trkpt>
   <trkpt lat="43.833000000000006" lon="-114.25897">
    <ele>2360.639146966091</ele>
   </trkpt>
   <trkpt lat="43.833400000000005" lon="-114.2587">
    <ele>2357.948482704519</ele>
   </trkpt>
   <trkpt lat="43.833740000000006" lon="-114.25838">
    <ele>2353.725152102523</ele>
   </trkpt>
   <trkpt lat="43.834050000000005" lon="-114.25820000000002">
    <ele>2350.2723148522223</ele>
   </trkpt>
   <trkpt lat="43.83449000025388" lon="-114.2579550018108">
    <ele>2347.371544283231</ele>
   </trkpt>
   <trkpt lat="43.83493000000001" lon="-114.25771">
    <ele>2344.2072984903684</ele>
   </trkpt>
   <trkpt lat="43.83525" lon="-114.25759000000001">
    <ele>2342.137023040053</ele>
   </trkpt>
   <trkpt lat="43.835460000000005" lon="-114.25755000000001">
    <ele>2341.027052389701</ele>
   </trkpt>
   <trkpt lat="43.83592499980096" lon="-114.25756499987665">
    <ele>2337.8179584329555</ele>
   </trkpt>
   <trkpt lat="43.83639" lon="-114.25758">
    <ele>2334.9961453227365</ele>
   </trkpt>
   <trkpt lat="43.83661" lon="-114.25754">
    <ele>2334.3028436603436</ele>
   </trkpt>
   <trkpt lat="43.836780000000005" lon="-114.25749">
    <ele>2333.6220557902684</ele>
   </trkpt>
   <trkpt lat="43.83691" lon="-114.2574">
    <ele>2333.232270736605</ele>
   </trkpt>
   <trkpt lat="43.837160000000004" lon="-114.25713">
    <ele>2331.7048675431306</ele>
   </trkpt>
   <trkpt lat="43.83744" lon="-114.25668">
    <ele>2330.668854235252</ele>
   </trkpt>
   <trkpt lat="43.83771" lon="-114.25615">
    <ele>2329.675793877035</ele>
   </trkpt>
   <trkpt lat="43.83818" lon="-114.25543">
    <ele>2327.8378650019868</ele>
   </trkpt>
   <trkpt lat="43.83867" lon="-114.25444">
    <ele>2325.749563785351</ele>
   </trkpt>
   <trkpt lat="43.83909000388943" lon="-114.25350000653366">
    <ele>2323.825652797048</ele>
   </trkpt>
   <trkpt lat="43.839510000000004" lon="-114.25256">
    <ele>2321.994974415865</ele>
   </trkpt>
   <trkpt lat="43.83973" lon="-114.25221">
    <ele>2320.9967611992233</ele>
   </trkpt>
   <trkpt lat="43.83997" lon="-114.25195000000001">
    <ele>2320.079860873649</ele>
   </trkpt>
   <trkpt lat="43.8404300012771" lon="-114.25141000415658">
    <ele>2318.6795719417114</ele>
   </trkpt>
   <trkpt lat="43.84089" lon="-114.25087">
    <ele>2317.4175298934333</ele>
   </trkpt>
   <trkpt lat="43.84143000187956" lon="-114.2501950062431">
    <ele>2315.617025866731</ele>
   </trkpt>
   <trkpt lat="43.84197" lon="-114.24952">
    <ele>2314.8084166096096</ele>
   </trkpt>
   <trkpt lat="43.842470000000006" lon="-114.24886000000001">
    <ele>2315.8614658472525</ele>
   </trkpt>
   <trkpt lat="43.84279" lon="-114.24827">
    <ele>2316.6773376671067</ele>
   </trkpt>
   <trkpt lat="43.842960000000005" lon="-114.24782">
    <ele>2316.433587453045</ele>
   </trkpt>
   <trkpt lat="43.84339000000001" lon="-114.24676000000001">
    <ele>2312.455107652739</ele>
   </trkpt>
   <trkpt lat="43.84375000000001" lon="-114.24594">
    <ele>2309.497997214435</ele>
   </trkpt>
   <trkpt lat="43.8441050040872" lon="-114.24498000552559">
    <ele>2307.9330078438607</ele>
   </trkpt>
   <trkpt lat="43.844460000000005" lon="-114.24402">
    <ele>2307.1863452861376</ele>
   </trkpt>
   <trkpt lat="43.844800000000006" lon="-114.24322000000001">
    <ele>2306.428245058724</ele>
   </trkpt>
   <trkpt lat="43.8451900085469" lon="-114.2422300129426">
    <ele>2305.3051507946534</ele>
   </trkpt>
   <trkpt lat="43.84558000854787" lon="-114.24124001294034">
    <ele>2303.2143330982485</ele>
   </trkpt>
   <trkpt lat="43.84597" lon="-114.24025">
    <ele>2300.471821393491</ele>
   </trkpt>
   <trkpt lat="43.846210000000006" lon="-114.23958">
    <ele>2298.489750427062</ele>
   </trkpt>
   <trkpt lat="43.84652667233974" lon="-114.23877334190024">
    <ele>2296.949055968465</ele>
   </trkpt>
   <trkpt lat="43.8468433390056" lon="-114.23796667523573">
    <ele>2295.594680651901</ele>
   </trkpt>
   <trkpt lat="43.84716" lon="-114.23716">
    <ele>2294.3260448730416</ele>
   </trkpt>
   <trkpt lat="43.847526673865204" lon="-114.23625001124276">
    <ele>2292.7755906617026</ele>
   </trkpt>
   <trkpt lat="43.84789334050982" lon="-114.2353400112977">
    <ele>2291.5632993674117</ele>
   </trkpt>
   <trkpt lat="43.84826" lon="-114.23443">
    <ele>2290.610956576502</ele>
   </trkpt>
   <trkpt lat="43.84855500253732" lon="-114.23365500404658">
    <ele>2289.676533283659</ele>
   </trkpt>
   <trkpt lat="43.848850000000006" lon="-114.23288000000001">
    <ele>2288.8573715390476</ele>
   </trkpt>
   <trkpt lat="43.849140000000006" lon="-114.23241000000002">
    <ele>2288.258425229344</ele>
   </trkpt>
   <trkpt lat="43.849320000000006" lon="-114.23221000000001">
    <ele>2288.005039931175</ele>
   </trkpt>
   <trkpt lat="43.84968000084331" lon="-114.23179000244843">
    <ele>2287.272253514352</ele>
   </trkpt>
   <trkpt lat="43.85004000000001" lon="-114.23137000000001">
    <ele>2286.6231269962936</ele>
   </trkpt>
   <trkpt lat="43.85067000257192" lon="-114.23059500824382">
    <ele>2284.892065981355</ele>
   </trkpt>
   <trkpt lat="43.8513" lon="-114.22982">
    <ele>2283.203913357889</ele>
   </trkpt>
   <trkpt lat="43.85165000000001" lon="-114.22943000000001">
    <ele>2282.350098156759</ele>
   </trkpt>
   <trkpt lat="43.852202505957464" lon="-114.22875501876223">
    <ele>2281.3578999057045</ele>
   </trkpt>
   <trkpt lat="43.85275500794219" lon="-114.22808002501802">
    <ele>2281.71701794506</ele>
   </trkpt>
   <trkpt lat="43.85330750595402" lon="-114.22740501876702">
    <ele>2282.8056750882106</ele>
   </trkpt>
   <trkpt lat="43.853860000000005" lon="-114.22673">
    <ele>2283.697888306815</ele>
   </trkpt>
   <trkpt lat="43.85448001464613" lon="-114.22598147528329">
    <ele>2283.7051522901784</ele>
   </trkpt>
   <trkpt lat="43.85510002440659" lon="-114.22523293500161">
    <ele>2283.294576559431</ele>
   </trkpt>
   <trkpt lat="43.85572002928121" lon="-114.22448437915445">
    <ele>2282.8307248556666</ele>
   </trkpt>
   <trkpt lat="43.85634002926978" lon="-114.22373580774126">
    <ele>2281.980926626425</ele>
   </trkpt>
   <trkpt lat="43.85696002437209" lon="-114.22298722076151">
    <ele>2280.533537663603</ele>
   </trkpt>
   <trkpt lat="43.85758001458793" lon="-114.22223861821463">
    <ele>2279.0358978147033</ele>
   </trkpt>
   <trkpt lat="43.858200000000004" lon="-114.22149">
    <ele>2277.2904756962935</ele>
   </trkpt>
   <trkpt lat="43.858410000000006" lon="-114.22122">
    <ele>2276.506896113816</ele>
   </trkpt>
   <trkpt lat="43.8588" lon="-114.2206">
    <ele>2275.5471113346375</ele>
   </trkpt>
   <trkpt lat="43.85898" lon="-114.22028">
    <ele>2275.0120242365874</ele>
   </trkpt>
   <trkpt lat="43.859280000000005" lon="-114.21962">
    <ele>2274.1016960208003</ele>
   </trkpt>
   <trkpt lat="43.85951" lon="-114.21899">
    <ele>2273.5696161452497</ele>
   </trkpt>
   <trkpt lat="43.859835003829694" lon="-114.2180500051895">
    <ele>2272.865631760751</ele>
   </trkpt>
   <trkpt lat="43.86016" lon="-114.21711">
    <ele>2272.29133694556</ele>
   </trkpt>
   <trkpt lat="43.86047000305215" lon="-114.21625500481797">
    <ele>2271.8389783241237</ele>
   </trkpt>
   <trkpt lat="43.860780000000005" lon="-114.2154">
    <ele>2271.399132107391</ele>
   </trkpt>
   <trkpt lat="43.86112500459219" lon="-114.21437000605941">
    <ele>2269.5949524141924</ele>
   </trkpt>
   <trkpt lat="43.861470000000004" lon="-114.21334">
    <ele>2267.450098879864</ele>
   </trkpt>
   <trkpt lat="43.86172500170587" lon="-114.21272000257908">
    <ele>2267.118227945861</ele>
   </trkpt>
   <trkpt lat="43.86198" lon="-114.2121">
    <ele>2267.0695716603645</ele>
   </trkpt>
   <trkpt lat="43.86207" lon="-114.21178">
    <ele>2266.913728906187</ele>
   </trkpt>
   <trkpt lat="43.86233000138073" lon="-114.21122000241324">
    <ele>2265.320026802376</ele>
   </trkpt>
   <trkpt lat="43.862590000000004" lon="-114.21066">
    <ele>2263.1724544023655</ele>
   </trkpt>
   <trkpt lat="43.86292" lon="-114.21000000000001">
    <ele>2261.7094496492655</ele>
   </trkpt>
   <trkpt lat="43.86303" lon="-114.20968">
    <ele>2261.287421263659</ele>
   </trkpt>
   <trkpt lat="43.86314" lon="-114.20922000000002">
    <ele>2261.494384700437</ele>
   </trkpt>
   <trkpt lat="43.863150000000005" lon="-114.20878">
    <ele>2261.991691248971</ele>
   </trkpt>
   <trkpt lat="43.86318000000001" lon="-114.20851">
    <ele>2262.0980036019714</ele>
   </trkpt>
   <trkpt lat="43.863260000000004" lon="-114.2082">
    <ele>2262.0811136697625</ele>
   </trkpt>
   <trkpt lat="43.86337" lon="-114.20798">
    <ele>2261.7109297690863</ele>
   </trkpt>
   <trkpt lat="43.863510000000005" lon="-114.20779">
    <ele>2261.3017576383636</ele>
   </trkpt>
   <trkpt lat="43.86417" lon="-114.20722">
    <ele>2259.7215782887333</ele>
   </trkpt>
   <trkpt lat="43.86435" lon="-114.20704">
    <ele>2259.5507118517335</ele>
   </trkpt>
   <trkpt lat="43.86453" lon="-114.20677">
    <ele>2259.4212072503333</ele>
   </trkpt>
   <trkpt lat="43.86484500183575" lon="-114.20614000311842">
    <ele>2259.3954726657</ele>
   </trkpt>
   <trkpt lat="43.86516" lon="-114.20551">
    <ele>2259.3032526796774</ele>
   </trkpt>
   <trkpt lat="43.86539500141777" lon="-114.20493000240718">
    <ele>2258.1258382885217</ele>
   </trkpt>
   <trkpt lat="43.86563" lon="-114.20435">
    <ele>2257.1119642460035</ele>
   </trkpt>
   <trkpt lat="43.865660000000005" lon="-114.20417">
    <ele>2256.680906130269</ele>
   </trkpt>
   <trkpt lat="43.865660000000005" lon="-114.2039">
    <ele>2256.0865735773327</ele>
   </trkpt>
   <trkpt lat="43.86571000000001" lon="-114.20309">
    <ele>2255.275062897934</ele>
   </trkpt>
   <trkpt lat="43.86581" lon="-114.20273">
    <ele>2255.2761184812603</ele>
   </trkpt>
   <trkpt lat="43.866040000000005" lon="-114.20228000000002">
    <ele>2255.1873896696584</ele>
   </trkpt>
   <trkpt lat="43.86646000328751" lon="-114.20167000853382">
    <ele>2254.752237956657</ele>
   </trkpt>
   <trkpt lat="43.86688000333041" lon="-114.2010600084716">
    <ele>2253.154935209996</ele>
   </trkpt>
   <trkpt lat="43.8673" lon="-114.20045">
    <ele>2251.4789794500152</ele>
   </trkpt>
   <trkpt lat="43.867540000000005" lon="-114.20014">
    <ele>2250.812520060461</ele>
   </trkpt>
   <trkpt lat="43.868020001096525" lon="-114.19967000365423">
    <ele>2250.4972930047725</ele>
   </trkpt>
   <trkpt lat="43.868500000000004" lon="-114.1992">
    <ele>2250.368536865737</ele>
   </trkpt>
   <trkpt lat="43.86920400787721" lon="-114.19852803174784">
    <ele>2250.558326681091</ele>
   </trkpt>
   <trkpt lat="43.869908011816946" lon="-114.19785604762154">
    <ele>2251.229423708215</ele>
   </trkpt>
   <trkpt lat="43.87061201181904" lon="-114.19718404762038">
    <ele>2250.0512163808185</ele>
   </trkpt>
   <trkpt lat="43.87131600788329" lon="-114.19651203174375">
    <ele>2248.004438683336</ele>
   </trkpt>
   <trkpt lat="43.872020000000006" lon="-114.19584">
    <ele>2246.7543901788786</ele>
   </trkpt>
   <trkpt lat="43.87260000450992" lon="-114.1952525171578">
    <ele>2244.723289124285</ele>
   </trkpt>
   <trkpt lat="43.87318000601023" lon="-114.19466502288044">
    <ele>2242.383226417329</ele>
   </trkpt>
   <trkpt lat="43.87376000450081" lon="-114.19407751716754">
    <ele>2239.8829397511713</ele>
   </trkpt>
   <trkpt lat="43.874340000000004" lon="-114.19349000000001">
    <ele>2236.9091294286236</ele>
   </trkpt>
   <trkpt lat="43.875043337464966" lon="-114.19280001630729">
    <ele>2233.0478419954375</ele>
   </trkpt>
   <trkpt lat="43.8757466707785" lon="-114.192110016327">
    <ele>2229.661149220705</ele>
   </trkpt>
   <trkpt lat="43.876450000000006" lon="-114.19142000000001">
    <ele>2226.440334648864</ele>
   </trkpt>
   <trkpt lat="43.87712500199938" lon="-114.19074000771985">
    <ele>2223.752402820533</ele>
   </trkpt>
   <trkpt lat="43.8778" lon="-114.19006">
    <ele>2221.4747901614346</ele>
   </trkpt>
   <trkpt lat="43.87835000120388" lon="-114.18953000491233">
    <ele>2220.2490890044232</ele>
   </trkpt>
   <trkpt lat="43.8789" lon="-114.18900000000001">
    <ele>2219.0231341017156</ele>
   </trkpt>
   <trkpt lat="43.87940333517508" lon="-114.18853667452278">
    <ele>2217.2684695571006</ele>
   </trkpt>
   <trkpt lat="43.87990666847819" lon="-114.18807334121736">
    <ele>2214.654516046763</ele>
   </trkpt>
   <trkpt lat="43.880410000000005" lon="-114.18761">
    <ele>2212.8145814899713</ele>
   </trkpt>
   <trkpt lat="43.88053" lon="-114.18746000000002">
    <ele>2212.654927242324</ele>
   </trkpt>
   <trkpt lat="43.880770000000005" lon="-114.18724">
    <ele>2212.6507720153936</ele>
   </trkpt>
   <trkpt lat="43.88094" lon="-114.18702">
    <ele>2212.546831409547</ele>
   </trkpt>
   <trkpt lat="43.88148669785207" lon="-114.18607451385398">
    <ele>2212.076767355778</ele>
   </trkpt>
   <trkpt lat="43.88203338790878" lon="-114.18512901035594">
    <ele>2208.7915977473363</ele>
   </trkpt>
   <trkpt lat="43.88258007016987" lon="-114.18418348950549">
    <ele>2204.8665652851532</ele>
   </trkpt>
   <trkpt lat="43.88312674463505" lon="-114.18323795130219">
    <ele>2201.586260958201</ele>
   </trkpt>
   <trkpt lat="43.88367341130403" lon="-114.18229239574568">
    <ele>2199.3726732113937</ele>
   </trkpt>
   <trkpt lat="43.884220070176504" lon="-114.18134682283552">
    <ele>2197.554773348717</ele>
   </trkpt>
   <trkpt lat="43.884766721252184" lon="-114.18040123257131">
    <ele>2195.6297934444974</ele>
   </trkpt>
   <trkpt lat="43.88531336453079" lon="-114.1794556249527">
    <ele>2194.072234916605</ele>
   </trkpt>
   <trkpt lat="43.88586" lon="-114.17851">
    <ele>2192.6415275286045</ele>
   </trkpt>
   <trkpt lat="43.88642000367465" lon="-114.17758500878838">
    <ele>2190.3636892015115</ele>
   </trkpt>
   <trkpt lat="43.88698" lon="-114.17666000000001">
    <ele>2187.8569939173076</ele>
   </trkpt>
   <trkpt lat="43.887410007711594" lon="-114.1758925166098">
    <ele>2186.6006154662764</ele>
   </trkpt>
   <trkpt lat="43.887840010286695" lon="-114.1751250221385">
    <ele>2185.6442925896667</ele>
   </trkpt>
   <trkpt lat="43.88827000772521" lon="-114.17435751658594">
    <ele>2184.2979121879694</ele>
   </trkpt>
   <trkpt lat="43.8887" lon="-114.17359">
    <ele>2182.9098740474988</ele>
   </trkpt>
   <trkpt lat="43.88897500121104" lon="-114.17308000221195">
    <ele>2181.548562751972</ele>
   </trkpt>
   <trkpt lat="43.889250000000004" lon="-114.17257000000001">
    <ele>2180.3815157356307</ele>
   </trkpt>
   <trkpt lat="43.88971334032536" lon="-114.17167334732086">
    <ele>2177.578967459667</ele>
   </trkpt>
   <trkpt lat="43.89017667363978" lon="-114.17077668069105">
    <ele>2174.5915407064076</ele>
   </trkpt>
   <trkpt lat="43.890640000000005" lon="-114.16988">
    <ele>2171.083522797515</ele>
   </trkpt>
   <trkpt lat="43.890900001695876" lon="-114.16927500240847">
    <ele>2168.960731088412</ele>
   </trkpt>
   <trkpt lat="43.891160000000006" lon="-114.16867">
    <ele>2167.4534435753294</ele>
   </trkpt>
   <trkpt lat="43.89143000000001" lon="-114.16799">
    <ele>2165.453029269035</ele>
   </trkpt>
   <trkpt lat="43.891540000000006" lon="-114.16754">
    <ele>2163.9847551563425</ele>
   </trkpt>
   <trkpt lat="43.89162" lon="-114.16693000000001">
    <ele>2163.071349216046</ele>
   </trkpt>
   <trkpt lat="43.8916800026912" lon="-114.16614500073308">
    <ele>2161.8643279212674</ele>
   </trkpt>
   <trkpt lat="43.891740000000006" lon="-114.16536">
    <ele>2161.1241277144795</ele>
   </trkpt>
   <trkpt lat="43.891830000000006" lon="-114.16499">
    <ele>2160.821276295352</ele>
   </trkpt>
   <trkpt lat="43.891940000000005" lon="-114.16474000000001">
    <ele>2160.7029797947744</ele>
   </trkpt>
   <trkpt lat="43.892452511202954" lon="-114.1638150238601">
    <ele>2160.401627934232</ele>
   </trkpt>
   <trkpt lat="43.89296501494501" lon="-114.16289003180003">
    <ele>2159.985885604768</ele>
   </trkpt>
   <trkpt lat="43.89347751122592" lon="-114.16196502381946">
    <ele>2158.5217861413903</ele>
   </trkpt>
   <trkpt lat="43.89399" lon="-114.16104000000001">
    <ele>2156.827147398036</ele>
   </trkpt>
   <trkpt lat="43.89433000193631" lon="-114.16039500345038">
    <ele>2155.717922650615</ele>
   </trkpt>
   <trkpt lat="43.894670000000005" lon="-114.15975">
    <ele>2154.922271032854</ele>
   </trkpt>
   <trkpt lat="43.894800000000004" lon="-114.15939000000002">
    <ele>2154.622707418954</ele>
   </trkpt>
   <trkpt lat="43.89481000000001" lon="-114.15917">
    <ele>2154.3359856612274</ele>
   </trkpt>
   <trkpt lat="43.89488" lon="-114.15859">
    <ele>2153.709827973033</ele>
   </trkpt>
   <trkpt lat="43.89491500638205" lon="-114.15738000076432">
    <ele>2152.1244168111634</ele>
   </trkpt>
   <trkpt lat="43.89495" lon="-114.15617">
    <ele>2150.883996394048</ele>
   </trkpt>
   <trkpt lat="43.89502" lon="-114.15556000000001">
    <ele>2150.15241846607</ele>
   </trkpt>
   <trkpt lat="43.89502" lon="-114.15532">
    <ele>2149.8745765458143</ele>
   </trkpt>
   <trkpt lat="43.895160000000004" lon="-114.15487">
    <ele>2149.4507575071966</ele>
   </trkpt>
   <trkpt lat="43.895450000000004" lon="-114.15425">
    <ele>2148.599142017824</ele>
   </trkpt>
   <trkpt lat="43.89590500284727" lon="-114.15343500631481">
    <ele>2147.2429793758615</ele>
   </trkpt>
   <trkpt lat="43.89636" lon="-114.15262000000001">
    <ele>2146.969939858702</ele>
   </trkpt>
   <trkpt lat="43.89677500211068" lon="-114.15193500466707">
    <ele>2147.050386424578</ele>
   </trkpt>
   <trkpt lat="43.89719" lon="-114.15125">
    <ele>2146.8353480556966</ele>
   </trkpt>
   <trkpt lat="43.89753500177769" lon="-114.15062500348624">
    <ele>2146.2820308378773</ele>
   </trkpt>
   <trkpt lat="43.89788" lon="-114.15">
    <ele>2145.6899992032054</ele>
   </trkpt>
   <trkpt lat="43.89842667304131" lon="-114.14914668229714">
    <ele>2144.8831785730854</ele>
   </trkpt>
   <trkpt lat="43.89897333973286" lon="-114.14829334892521">
    <ele>2144.270143528848</ele>
   </trkpt>
   <trkpt lat="43.89952" lon="-114.14744">
    <ele>2143.682379306294</ele>
   </trkpt>
   <trkpt lat="43.90001000589246" lon="-114.1466200134485">
    <ele>2143.2157353525076</ele>
   </trkpt>
   <trkpt lat="43.90050000592156" lon="-114.14580001340002">
    <ele>2142.8139659327576</ele>
   </trkpt>
   <trkpt lat="43.90099" lon="-114.14498">
    <ele>2142.3269011695124</ele>
   </trkpt>
   <trkpt lat="43.90148000000001" lon="-114.14404">
    <ele>2141.489687223415</ele>
   </trkpt>
   <trkpt lat="43.901885001875456" lon="-114.1433900043683">
    <ele>2140.636453681431</ele>
   </trkpt>
   <trkpt lat="43.90229" lon="-114.14274">
    <ele>2139.8670495828637</ele>
   </trkpt>
   <trkpt lat="43.90264500152956" lon="-114.14213500372072">
    <ele>2139.191352195744</ele>
   </trkpt>
   <trkpt lat="43.903000000000006" lon="-114.14153">
    <ele>2138.547882098724</ele>
   </trkpt>
   <trkpt lat="43.903560000000006" lon="-114.14090000000002">
    <ele>2137.7096537159714</ele>
   </trkpt>
   <trkpt lat="43.903870000000005" lon="-114.14059">
    <ele>2137.567793801135</ele>
   </trkpt>
   <trkpt lat="43.90448500081059" lon="-114.14019000405892">
    <ele>2137.8164677737755</ele>
   </trkpt>
   <trkpt lat="43.905100000000004" lon="-114.13979">
    <ele>2138.0537315627216</ele>
   </trkpt>
   <trkpt lat="43.90578500210741" lon="-114.13938751390212">
    <ele>2137.560772328313</ele>
   </trkpt>
   <trkpt lat="43.90647000280216" lon="-114.138985018541">
    <ele>2136.3314337592706</ele>
   </trkpt>
   <trkpt lat="43.90715500208415" lon="-114.13858251391625">
    <ele>2134.94985338934</ele>
   </trkpt>
   <trkpt lat="43.90784" lon="-114.13818">
    <ele>2133.274339039629</ele>
   </trkpt>
   <trkpt lat="43.90859000089504" lon="-114.13770500604146">
    <ele>2131.915235876872</ele>
   </trkpt>
   <trkpt lat="43.90934" lon="-114.13723">
    <ele>2130.970297600923</ele>
   </trkpt>
   <trkpt lat="43.909835000211146" lon="-114.13697000220627">
    <ele>2130.3877921291514</ele>
   </trkpt>
   <trkpt lat="43.91033" lon="-114.13671000000001">
    <ele>2129.729167047886</ele>
   </trkpt>
   <trkpt lat="43.910900000000005" lon="-114.13634">
    <ele>2129.1147880713265</ele>
   </trkpt>
   <trkpt lat="43.91129" lon="-114.13603">
    <ele>2129.199108757275</ele>
   </trkpt>
   <trkpt lat="43.911770000000004" lon="-114.13553">
    <ele>2129.2792942936408</ele>
   </trkpt>
   <trkpt lat="43.912320004246645" lon="-114.1345450090738">
    <ele>2128.307046211331</ele>
   </trkpt>
   <trkpt lat="43.912870000000005" lon="-114.13356">
    <ele>2125.8280656694014</ele>
   </trkpt>
   <trkpt lat="43.9134900060487" lon="-114.1327300172391">
    <ele>2122.3852953008504</ele>
   </trkpt>
   <trkpt lat="43.91411000609005" lon="-114.13190001718405">
    <ele>2119.527017004886</ele>
   </trkpt>
   <trkpt lat="43.914730000000006" lon="-114.13107000000001">
    <ele>2117.987406878124</ele>
   </trkpt>
   <trkpt lat="43.91498000000001" lon="-114.13065">
    <ele>2117.501447558461</ele>
   </trkpt>
   <trkpt lat="43.915310002422906" lon="-114.12991000402467">
    <ele>2117.638265989773</ele>
   </trkpt>
   <trkpt lat="43.91564" lon="-114.12917000000002">
    <ele>2118.5118369785973</ele>
   </trkpt>
   <trkpt lat="43.91594500320547" lon="-114.12830500459506">
    <ele>2119.2768208419275</ele>
   </trkpt>
   <trkpt lat="43.916250000000005" lon="-114.12744">
    <ele>2118.9475675753333</ele>
   </trkpt>
   <trkpt lat="43.916610000000006" lon="-114.12653">
    <ele>2118.6990746813544</ele>
   </trkpt>
   <trkpt lat="43.916970000000006" lon="-114.12613">
    <ele>2118.5704581197015</ele>
   </trkpt>
   <trkpt lat="43.91742000000001" lon="-114.12574000000001">
    <ele>2118.302361317895</ele>
   </trkpt>
   <trkpt lat="43.91803000062573" lon="-114.12535500395994">
    <ele>2117.6286298797877</ele>
   </trkpt>
   <trkpt lat="43.91864" lon="-114.12497">
    <ele>2116.896400613101</ele>
   </trkpt>
   <trkpt lat="43.919250001471944" lon="-114.12456000840284">
    <ele>2115.9125663117325</ele>
   </trkpt>
   <trkpt lat="43.91986000147799" lon="-114.12415000839889">
    <ele>2114.8860707629105</ele>
   </trkpt>
   <trkpt lat="43.92047" lon="-114.12374000000001">
    <ele>2114.036285095248</ele>
   </trkpt>
   <trkpt lat="43.921123334950586" lon="-114.12331334268465">
    <ele>2113.1403757603457</ele>
   </trkpt>
   <trkpt lat="43.92177666831369" lon="-114.12288667599869">
    <ele>2111.991106756656</ele>
   </trkpt>
   <trkpt lat="43.922430000000006" lon="-114.12246">
    <ele>2110.919695167711</ele>
   </trkpt>
   <trkpt lat="43.923040001709715" lon="-114.1220266755019">
    <ele>2110.246518867856</ele>
   </trkpt>
   <trkpt lat="43.92365000178195" lon="-114.12159334211736">
    <ele>2109.668836765751</ele>
   </trkpt>
   <trkpt lat="43.924260000000004" lon="-114.12116">
    <ele>2109.185798878946</ele>
   </trkpt>
   <trkpt lat="43.92494250411664" lon="-114.12060001926294">
    <ele>2108.453993324636</ele>
   </trkpt>
   <trkpt lat="43.92562500549865" lon="-114.1200400256763">
    <ele>2107.6860985911935</ele>
   </trkpt>
   <trkpt lat="43.92630750414592" lon="-114.11948001923957">
    <ele>2106.9102155580335</ele>
   </trkpt>
   <trkpt lat="43.92699" lon="-114.11892">
    <ele>2105.7981012303785</ele>
   </trkpt>
   <trkpt lat="43.92746000105204" lon="-114.11847500333764">
    <ele>2104.7467745421086</ele>
   </trkpt>
   <trkpt lat="43.92793" lon="-114.11803">
    <ele>2104.068324832582</ele>
   </trkpt>
   <trkpt lat="43.92841000237905" lon="-114.11750667512337">
    <ele>2103.390618278237</ele>
   </trkpt>
   <trkpt lat="43.92889000236979" lon="-114.11698334180025">
    <ele>2102.5734341426323</ele>
   </trkpt>
   <trkpt lat="43.929370000000006" lon="-114.11646">
    <ele>2101.7853955043283</ele>
   </trkpt>
   <trkpt lat="43.9299233351863" lon="-114.11600667505192">
    <ele>2100.680059016163</ele>
   </trkpt>
   <trkpt lat="43.930476668580454" lon="-114.11555334166889">
    <ele>2099.603102766011</ele>
   </trkpt>
   <trkpt lat="43.93103000000001" lon="-114.11510000000001">
    <ele>2098.77946930999</ele>
   </trkpt>
   <trkpt lat="43.93155" lon="-114.11481">
    <ele>2098.0317598762713</ele>
   </trkpt>
   <trkpt lat="43.932370000000006" lon="-114.11445">
    <ele>2096.6015684201006</ele>
   </trkpt>
   <trkpt lat="43.93321" lon="-114.11413">
    <ele>2096.364747083647</ele>
   </trkpt>
   <trkpt lat="43.93380000021185" lon="-114.11389500234301">
    <ele>2096.76788994817</ele>
   </trkpt>
   <trkpt lat="43.93439" lon="-114.11366000000001">
    <ele>2097.0470020038133</ele>
   </trkpt>
   <trkpt lat="43.93513666771394" lon="-114.11331000879922">
    <ele>2096.703762807332</ele>
   </trkpt>
   <trkpt lat="43.93588333435963" lon="-114.11296000880921">
    <ele>2096.197467426913</ele>
   </trkpt>
   <trkpt lat="43.93663" lon="-114.11261">
    <ele>2095.6764538676407</ele>
   </trkpt>
   <trkpt lat="43.937075000120664" lon="-114.11245500115443">
    <ele>2095.9267778566514</ele>
   </trkpt>
   <trkpt lat="43.937520000000006" lon="-114.1123">
    <ele>2096.8624869459313</ele>
   </trkpt>
   <trkpt lat="43.937760000000004" lon="-114.11216">
    <ele>2097.2827912908547</ele>
   </trkpt>
   <trkpt lat="43.938496667506186" lon="-114.11186000741145">
    <ele>2099.153775631299</ele>
   </trkpt>
   <trkpt lat="43.93923333422755" lon="-114.1115600073893">
    <ele>2099.6371976437244</ele>
   </trkpt>
   <trkpt lat="43.93997" lon="-114.11126000000002">
    <ele>2099.0448850711487</ele>
   </trkpt>
   <trkpt lat="43.94077" lon="-114.11086">
    <ele>2098.707841090831</ele>
   </trkpt>
   <trkpt lat="43.94142750102163" lon="-114.11058250920078">
    <ele>2098.5608910272904</ele>
   </trkpt>
   <trkpt lat="43.94208500137174" lon="-114.11030501226386">
    <ele>2098.3415192374673</ele>
   </trkpt>
   <trkpt lat="43.94274250105028" lon="-114.11002750918897">
    <ele>2097.926011245878</ele>
   </trkpt>
   <trkpt lat="43.943400000000004" lon="-114.10975">
    <ele>2097.3861710016586</ele>
   </trkpt>
   <trkpt lat="43.943970000625214" lon="-114.10948333844473">
    <ele>2096.7343821131726</ele>
   </trkpt>
   <trkpt lat="43.944540000630276" lon="-114.10921667177577">
    <ele>2096.0862774288516</ele>
   </trkpt>
   <trkpt lat="43.94511000000001" lon="-114.10895000000001">
    <ele>2095.435794660361</ele>
   </trkpt>
   <trkpt lat="43.945910000000005" lon="-114.10863">
    <ele>2094.7887129040582</ele>
   </trkpt>
   <trkpt lat="43.94656000057795" lon="-114.10825500412096">
    <ele>2094.587885540068</ele>
   </trkpt>
   <trkpt lat="43.947210000000005" lon="-114.10788000000001">
    <ele>2094.7389792441845</ele>
   </trkpt>
   <trkpt lat="43.94783000073877" lon="-114.10745500446653">
    <ele>2095.17608598652</ele>
   </trkpt>
   <trkpt lat="43.94845" lon="-114.10703000000001">
    <ele>2095.549046484079</ele>
   </trkpt>
   <trkpt lat="43.94914000304182" lon="-114.10643668046696">
    <ele>2095.7056064266453</ele>
   </trkpt>
   <trkpt lat="43.94983000301363" lon="-114.10584334715811">
    <ele>2095.3567050887814</ele>
   </trkpt>
   <trkpt lat="43.950520000000004" lon="-114.10525000000001">
    <ele>2094.0200559271307</ele>
   </trkpt>
   <trkpt lat="43.95107000184938" lon="-114.10479334175996">
    <ele>2092.2870645560015</ele>
   </trkpt>
   <trkpt lat="43.95162000188011" lon="-114.1043366750679">
    <ele>2090.4079316390703</ele>
   </trkpt>
   <trkpt lat="43.95217" lon="-114.10388">
    <ele>2088.741315330013</ele>
   </trkpt>
   <trkpt lat="43.952830001349994" lon="-114.10330000654393">
    <ele>2087.29575667526</ele>
   </trkpt>
   <trkpt lat="43.95349" lon="-114.10272">
    <ele>2087.173175584767</ele>
   </trkpt>
   <trkpt lat="43.9539800009155" lon="-114.10225000392113">
    <ele>2087.6360690101337</ele>
   </trkpt>
   <trkpt lat="43.95447" lon="-114.10178">
    <ele>2087.526669390161</ele>
   </trkpt>
   <trkpt lat="43.95493500062821" lon="-114.10140000297466">
    <ele>2086.8837336838037</ele>
   </trkpt>
   <trkpt lat="43.955400000000004" lon="-114.10102">
    <ele>2085.9827987868616</ele>
   </trkpt>
   <trkpt lat="43.95583000079691" lon="-114.10063500265113">
    <ele>2085.0461684029187</ele>
   </trkpt>
   <trkpt lat="43.95626" lon="-114.10025">
    <ele>2083.82839288392</ele>
   </trkpt>
   <trkpt lat="43.95696500145733" lon="-114.09969000657274">
    <ele>2082.4602164870607</ele>
   </trkpt>
   <trkpt lat="43.95767" lon="-114.09913">
    <ele>2081.5823368778947</ele>
   </trkpt>
   <trkpt lat="43.958350003160454" lon="-114.09852334726313">
    <ele>2080.8861118102395</ele>
   </trkpt>
   <trkpt lat="43.9590300031113" lon="-114.09791668064055">
    <ele>2080.418625885606</ele>
   </trkpt>
   <trkpt lat="43.95971" lon="-114.09731000000001">
    <ele>2080.70815905781</ele>
   </trkpt>
   <trkpt lat="43.96040500156455" lon="-114.096720006862">
    <ele>2081.1726316743475</ele>
   </trkpt>
   <trkpt lat="43.9611" lon="-114.09613">
    <ele>2080.6299484079454</ele>
   </trkpt>
   <trkpt lat="43.9616966691281" lon="-114.09560001063522">
    <ele>2079.1622751995064</ele>
   </trkpt>
   <trkpt lat="43.96229333580656" lon="-114.09507001062494">
    <ele>2077.9505435424317</ele>
   </trkpt>
   <trkpt lat="43.96289" lon="-114.09454000000001">
    <ele>2077.1473478406974</ele>
   </trkpt>
   <trkpt lat="43.96343" lon="-114.09403">
    <ele>2076.9613192041043</ele>
   </trkpt>
   <trkpt lat="43.96382000095444" lon="-114.09357000298239">
    <ele>2076.658044763179</ele>
   </trkpt>
   <trkpt lat="43.96421" lon="-114.09311000000001">
    <ele>2075.814324703218</ele>
   </trkpt>
   <trkpt lat="43.9645" lon="-114.09270000000001">
    <ele>2074.740016032948</ele>
   </trkpt>
   <trkpt lat="43.96495" lon="-114.09199000000001">
    <ele>2073.811159304528</ele>
   </trkpt>
   <trkpt lat="43.96542" lon="-114.09112">
    <ele>2073.030691473254</ele>
   </trkpt>
   <trkpt lat="43.96578" lon="-114.09036">
    <ele>2072.906727086068</ele>
   </trkpt>
   <trkpt lat="43.96632" lon="-114.08939000000001">
    <ele>2073.1987486040457</ele>
   </trkpt>
   <trkpt lat="43.96673000594316" lon="-114.0885666779694">
    <ele>2073.1301904048455</ele>
   </trkpt>
   <trkpt lat="43.96714000597465" lon="-114.08774334457298">
    <ele>2072.5112719093095</ele>
   </trkpt>
   <trkpt lat="43.96755" lon="-114.08692">
    <ele>2072.1241484774296</ele>
   </trkpt>
   <trkpt lat="43.96797500271425" lon="-114.08613500556653">
    <ele>2071.9435823954227</ele>
   </trkpt>
   <trkpt lat="43.9684" lon="-114.08535">
    <ele>2071.5327565286207</ele>
   </trkpt>
   <trkpt lat="43.96890001627506" lon="-114.08438403252953">
    <ele>2070.823623515997</ele>
   </trkpt>
   <trkpt lat="43.96940002441247" lon="-114.08341804879531">
    <ele>2070.2104199084824</ele>
   </trkpt>
   <trkpt lat="43.96990002441198" lon="-114.08245204879711">
    <ele>2069.7688399037124</ele>
   </trkpt>
   <trkpt lat="43.97040001627328" lon="-114.0814860325346">
    <ele>2069.0034136068857</ele>
   </trkpt>
   <trkpt lat="43.9709" lon="-114.08052">
    <ele>2068.0652621733784</ele>
   </trkpt>
   <trkpt lat="43.97127000415636" lon="-114.07983000858928">
    <ele>2067.4265727029033</ele>
   </trkpt>
   <trkpt lat="43.97164000416068" lon="-114.07914000858132">
    <ele>2066.7502001666803</ele>
   </trkpt>
   <trkpt lat="43.972010000000004" lon="-114.07845">
    <ele>2066.23876131194</ele>
   </trkpt>
   <trkpt lat="43.97246201339734" lon="-114.07757402664394">
    <ele>2065.818092196677</ele>
   </trkpt>
   <trkpt lat="43.972914020102685" lon="-114.07669803995363">
    <ele>2065.4418106987623</ele>
   </trkpt>
   <trkpt lat="43.9733660201158" lon="-114.07582203992881">
    <ele>2064.9468357756396</ele>
   </trkpt>
   <trkpt lat="43.97381801343649" lon="-114.0749460265693">
    <ele>2064.5044574712797</ele>
   </trkpt>
   <trkpt lat="43.974270000000004" lon="-114.07407">
    <ele>2064.051397010928</ele>
   </trkpt>
   <trkpt lat="43.97466" lon="-114.07335">
    <ele>2063.7052736850983</ele>
   </trkpt>
   <trkpt lat="43.974970000000006" lon="-114.07267">
    <ele>2063.287838896286</ele>
   </trkpt>
   <trkpt lat="43.97518" lon="-114.07218">
    <ele>2063.017517388174</ele>
   </trkpt>
   <trkpt lat="43.97537000169272" lon="-114.0715600019298">
    <ele>2062.617579388435</ele>
   </trkpt>
   <trkpt lat="43.97556" lon="-114.07094000000001">
    <ele>2062.133483790848</ele>
   </trkpt>
   <trkpt lat="43.97582751334275" lon="-114.06993001365615">
    <ele>2061.220868801966</ele>
   </trkpt>
   <trkpt lat="43.976095017789284" lon="-114.06892001821244">
    <ele>2059.69192079568</ele>
   </trkpt>
   <trkpt lat="43.97636251333945" lon="-114.06791001366905">
    <ele>2056.593835231314</ele>
   </trkpt>
   <trkpt lat="43.97663" lon="-114.0669">
    <ele>2054.3312733320836</ele>
   </trkpt>
   <trkpt lat="43.9768850049817" lon="-114.06583000463984">
    <ele>2054.1854948329637</ele>
   </trkpt>
   <trkpt lat="43.977140000000006" lon="-114.06476">
    <ele>2054.442434362923</ele>
   </trkpt>
   <trkpt lat="43.97729" lon="-114.06394">
    <ele>2054.3643564222275</ele>
   </trkpt>
   <trkpt lat="43.97731" lon="-114.06367000000002">
    <ele>2054.0074786249697</ele>
   </trkpt>
   <trkpt lat="43.97728" lon="-114.06287">
    <ele>2051.694720633136</ele>
   </trkpt>
   <trkpt lat="43.97731" lon="-114.06233">
    <ele>2050.280443540508</ele>
   </trkpt>
   <trkpt lat="43.977360000000004" lon="-114.06193">
    <ele>2049.503467876237</ele>
   </trkpt>
   <trkpt lat="43.97742" lon="-114.06166">
    <ele>2048.7843437722213</ele>
   </trkpt>
   <trkpt lat="43.97776333960304" lon="-114.0608100099072">
    <ele>2048.2220565569187</ele>
   </trkpt>
   <trkpt lat="43.97810667290516" lon="-114.05996000998458">
    <ele>2048.6897088074693</ele>
   </trkpt>
   <trkpt lat="43.97845" lon="-114.05911">
    <ele>2049.647783573538</ele>
   </trkpt>
   <trkpt lat="43.97883667559452" lon="-114.05809667993653">
    <ele>2049.573225537219</ele>
   </trkpt>
   <trkpt lat="43.979223342233944" lon="-114.05708334667482">
    <ele>2047.6667143761806</ele>
   </trkpt>
   <trkpt lat="43.97961" lon="-114.05607">
    <ele>2045.898012676845</ele>
   </trkpt>
   <trkpt lat="43.97986" lon="-114.05553">
    <ele>2045.3513593963203</ele>
   </trkpt>
   <trkpt lat="43.979980000000005" lon="-114.0553">
    <ele>2044.9646809730561</ele>
   </trkpt>
   <trkpt lat="43.9805100017608" lon="-114.05467000558811">
    <ele>2044.0368322795782</ele>
   </trkpt>
   <trkpt lat="43.98104" lon="-114.05404000000001">
    <ele>2043.352664734708</ele>
   </trkpt>
   <trkpt lat="43.981515001331815" lon="-114.05349500431839">
    <ele>2042.9476150807468</ele>
   </trkpt>
   <trkpt lat="43.98199" lon="-114.05295000000001">
    <ele>2042.4924707930343</ele>
   </trkpt>
   <trkpt lat="43.982355000713824" lon="-114.05254500249154">
    <ele>2042.6947876987158</ele>
   </trkpt>
   <trkpt lat="43.98272" lon="-114.05214000000001">
    <ele>2042.4415927457617</ele>
   </trkpt>
   <trkpt lat="43.98330000000001" lon="-114.05141">
    <ele>2042.0045715011086</ele>
   </trkpt>
   <trkpt lat="43.98377000265211" lon="-114.05085667544958">
    <ele>2042.5560024016413</ele>
   </trkpt>
   <trkpt lat="43.984240002634046" lon="-114.05030334213764">
    <ele>2043.45837454021</ele>
   </trkpt>
   <trkpt lat="43.98471000000001" lon="-114.04975">
    <ele>2043.3298436177834</ele>
   </trkpt>
   <trkpt lat="43.985220000000005" lon="-114.04915000000001">
    <ele>2041.6909805699806</ele>
   </trkpt>
   <trkpt lat="43.98555" lon="-114.04881">
    <ele>2040.9171019231055</ele>
   </trkpt>
   <trkpt lat="43.985800000000005" lon="-114.04842000000001">
    <ele>2041.2122528317414</ele>
   </trkpt>
   <trkpt lat="43.98627500133276" lon="-114.04785500459164">
    <ele>2042.497196622028</ele>
   </trkpt>
   <trkpt lat="43.98675" lon="-114.04729">
    <ele>2043.7514706228242</ele>
   </trkpt>
   <trkpt lat="43.98716" lon="-114.04684">
    <ele>2044.742700609054</ele>
   </trkpt>
   <trkpt lat="43.98753000000001" lon="-114.04638000000001">
    <ele>2045.1411916172456</ele>
   </trkpt>
   <trkpt lat="43.98804333773086" lon="-114.04567334549807">
    <ele>2046.1153709651194</ele>
   </trkpt>
   <trkpt lat="43.98855667110659" lon="-114.0449666787732">
    <ele>2046.2217733111243</ele>
   </trkpt>
   <trkpt lat="43.989070000000005" lon="-114.04426000000001">
    <ele>2045.7675102256196</ele>
   </trkpt>
   <trkpt lat="43.98973" lon="-114.04348">
    <ele>2045.2748281474273</ele>
   </trkpt>
   <trkpt lat="43.99016" lon="-114.0429">
    <ele>2044.7417854585879</ele>
   </trkpt>
   <trkpt lat="43.990840000000006" lon="-114.04209000000002">
    <ele>2043.888217829621</ele>
   </trkpt>
   <trkpt lat="43.99132000182841" lon="-114.04145000511974">
    <ele>2043.1508112547172</ele>
   </trkpt>
   <trkpt lat="43.991800000000005" lon="-114.04081000000001">
    <ele>2042.3921767181253</ele>
   </trkpt>
   <trkpt lat="43.99242000261064" lon="-114.04004000801287">
    <ele>2041.3606951886152</ele>
   </trkpt>
   <trkpt lat="43.99304" lon="-114.03927000000002">
    <ele>2040.1884918719566</ele>
   </trkpt>
   <trkpt lat="43.99354000197009" lon="-114.03860500554737">
    <ele>2039.2817624971096</ele>
   </trkpt>
   <trkpt lat="43.994040000000005" lon="-114.03794">
    <ele>2038.700755505124</ele>
   </trkpt>
   <trkpt lat="43.99455333664839" lon="-114.03732667723675">
    <ele>2037.842966795862</ele>
   </trkpt>
   <trkpt lat="43.9950666700161" lon="-114.0367133438625">
    <ele>2036.9568547421916</ele>
   </trkpt>
   <trkpt lat="43.995580000000004" lon="-114.0361">
    <ele>2036.1894273439957</ele>
   </trkpt>
   <trkpt lat="43.99623334829776" lon="-114.03527171226179">
    <ele>2035.3861435876906</ele>
   </trkpt>
   <trkpt lat="43.996886690612044" lon="-114.03444340628391">
    <ele>2034.6469880460743</ele>
   </trkpt>
   <trkpt lat="43.997540026942595" lon="-114.03361508206575">
    <ele>2033.876692805653</ele>
   </trkpt>
   <trkpt lat="43.998193357289146" lon="-114.03278673960665">
    <ele>2033.1206769219327</ele>
   </trkpt>
   <trkpt lat="43.99884668165143" lon="-114.03195837890595">
    <ele>2032.3458774322567</ele>
   </trkpt>
   <trkpt lat="43.999500000000005" lon="-114.03113">
    <ele>2031.7109374943734</ele>
   </trkpt>
   <trkpt lat="43.999220001221936" lon="-114.03059999749321">
    <ele>2031.4005344791603</ele>
   </trkpt>
   <trkpt lat="43.998940000000005" lon="-114.03007000000001">
    <ele>2031.313287806612</ele>
   </trkpt>
   <trkpt lat="43.99854500274313" lon="-114.02927999478412">
    <ele>2031.1567688988705</ele>
   </trkpt>
   <trkpt lat="43.99815" lon="-114.02849">
    <ele>2030.86470928482</ele>
   </trkpt>
   <trkpt lat="43.99772" lon="-114.02754000000002">
    <ele>2028.1817502412919</ele>
   </trkpt>
   <trkpt lat="43.99743" lon="-114.02671000000001">
    <ele>2025.3368197919656</ele>
   </trkpt>
   <trkpt lat="43.997330000000005" lon="-114.02629">
    <ele>2023.909785811143</ele>
   </trkpt>
   <trkpt lat="43.99727" lon="-114.02589">
    <ele>2023.3595407519388</ele>
   </trkpt>
   <trkpt lat="43.997240000000005" lon="-114.0254">
    <ele>2022.9059059391882</ele>
   </trkpt>
   <trkpt lat="43.997210004271786" lon="-114.02440999943065">
    <ele>2022.5306730931043</ele>
   </trkpt>
   <trkpt lat="43.99718" lon="-114.02342000000002">
    <ele>2022.543229648229</ele>
   </trkpt>
   <trkpt lat="43.997130000000006" lon="-114.02254">
    <ele>2022.6274503919076</ele>
   </trkpt>
   <trkpt lat="43.997080000000004" lon="-114.02202000000001">
    <ele>2022.3544575699445</ele>
   </trkpt>
   <trkpt lat="43.99694" lon="-114.02107000000001">
    <ele>2021.8487222586562</ele>
   </trkpt>
   <trkpt lat="43.996760001727935" lon="-114.02043499796656">
    <ele>2021.3707100816434</ele>
   </trkpt>
   <trkpt lat="43.99658" lon="-114.0198">
    <ele>2021.154975860532</ele>
   </trkpt>
   <trkpt lat="43.996320002317034" lon="-114.01905999655594">
    <ele>2021.8539125573636</ele>
   </trkpt>
   <trkpt lat="43.99606000000001" lon="-114.01832">
    <ele>2024.273762545993</ele>
   </trkpt>
   <trkpt lat="43.99598" lon="-114.01801">
    <ele>2024.939031127783</ele>
   </trkpt>
   <trkpt lat="43.996" lon="-114.01762000000001">
    <ele>2026.4722273782181</ele>
   </trkpt>
   <trkpt lat="43.996050000000004" lon="-114.01747">
    <ele>2026.8372173999842</ele>
   </trkpt>
   <trkpt lat="43.99615" lon="-114.01725">
    <ele>2027.6887298339905</ele>
   </trkpt>
   <trkpt lat="43.99645500122857" lon="-114.0167150027842">
    <ele>2029.863113608985</ele>
   </trkpt>
   <trkpt lat="43.99676" lon="-114.01618">
    <ele>2030.9889884379913</ele>
   </trkpt>
   <trkpt lat="43.99727" lon="-114.01524">
    <ele>2031.6522590654868</ele>
   </trkpt>
   <trkpt lat="43.99768000199763" lon="-114.0145500048998">
    <ele>2030.6701182716934</ele>
   </trkpt>
   <trkpt lat="43.998090000000005" lon="-114.01386000000001">
    <ele>2029.5652676399682</ele>
   </trkpt>
   <trkpt lat="43.998430000000006" lon="-114.0134">
    <ele>2029.3095338119122</ele>
   </trkpt>
   <trkpt lat="43.99872500115594" lon="-114.01291500219729">
    <ele>2029.842858959674</ele>
   </trkpt>
   <trkpt lat="43.99902" lon="-114.01243000000001">
    <ele>2030.4745644766397</ele>
   </trkpt>
   <trkpt lat="43.99954" lon="-114.01152">
    <ele>2031.1037146556325</ele>
   </trkpt>
   <trkpt lat="44.00003" lon="-114.01053">
    <ele>2030.6248902394461</ele>
   </trkpt>
   <trkpt lat="44.00032" lon="-114.00981000000002">
    <ele>2029.8153434507246</ele>
   </trkpt>
   <trkpt lat="44.000595002551286" lon="-114.00905000343263">
    <ele>2028.385384609833</ele>
   </trkpt>
   <trkpt lat="44.000870000000006" lon="-114.00829">
    <ele>2026.177351495298</ele>
   </trkpt>
   <trkpt lat="44.00125500532453" lon="-114.0071800073422">
    <ele>2023.2983036050298</ele>
   </trkpt>
   <trkpt lat="44.00164" lon="-114.00607000000001">
    <ele>2021.6093593684172</ele>
   </trkpt>
   <trkpt lat="44.00197000367007" lon="-114.00515000517538">
    <ele>2021.0876298545381</ele>
   </trkpt>
   <trkpt lat="44.002300000000005" lon="-114.00423">
    <ele>2020.6350162791687</ele>
   </trkpt>
   <trkpt lat="44.00261501138361" lon="-114.00329751482984">
    <ele>2020.3214470686155</ele>
   </trkpt>
   <trkpt lat="44.00293001518368" lon="-114.0023650197571">
    <ele>2019.8414212327289</ele>
   </trkpt>
   <trkpt lat="44.00324501140002" lon="-114.00143251478174">
    <ele>2019.0843331832257</ele>
   </trkpt>
   <trkpt lat="44.00356" lon="-114.0005">
    <ele>2017.8734189432844</ele>
   </trkpt>
   <trkpt lat="44.00379" lon="-113.99997">
    <ele>2017.363558481132</ele>
   </trkpt>
   <trkpt lat="44.00404" lon="-113.99926">
    <ele>2017.0433313372591</ele>
   </trkpt>
   <trkpt lat="44.00428" lon="-113.99885">
    <ele>2017.1323206724796</ele>
   </trkpt>
   <trkpt lat="44.00446" lon="-113.99862">
    <ele>2017.2616064423262</ele>
   </trkpt>
   <trkpt lat="44.004740000000005" lon="-113.99822">
    <ele>2017.60218864175</ele>
   </trkpt>
   <trkpt lat="44.004940000000005" lon="-113.99773">
    <ele>2017.9113295240252</ele>
   </trkpt>
   <trkpt lat="44.0051150042078" lon="-113.99675000278017">
    <ele>2018.2148258149834</ele>
   </trkpt>
   <trkpt lat="44.00529" lon="-113.99577000000001">
    <ele>2018.434274330195</ele>
   </trkpt>
   <trkpt lat="44.00540000209648" lon="-113.99507000155425">
    <ele>2018.4527867072436</ele>
   </trkpt>
   <trkpt lat="44.00551" lon="-113.99437">
    <ele>2018.2356203693214</ele>
   </trkpt>
   <trkpt lat="44.00558000169908" lon="-113.99375000052945">
    <ele>2017.3572624875885</ele>
   </trkpt>
   <trkpt lat="44.00565" lon="-113.99313000000001">
    <ele>2015.947009714401</ele>
   </trkpt>
   <trkpt lat="44.00573000000001" lon="-113.99267">
    <ele>2014.6542925947683</ele>
   </trkpt>
   <trkpt lat="44.005810000000004" lon="-113.9924">
    <ele>2013.9474490872715</ele>
   </trkpt>
   <trkpt lat="44.00594500591971" lon="-113.9912350026405">
    <ele>2011.1217453247352</ele>
   </trkpt>
   <trkpt lat="44.006080000000004" lon="-113.99007">
    <ele>2009.387691645224</ele>
   </trkpt>
   <trkpt lat="44.00614" lon="-113.98989">
    <ele>2009.2135164399037</ele>
   </trkpt>
   <trkpt lat="44.00646000164063" lon="-113.98928500317965">
    <ele>2008.5306937640896</ele>
   </trkpt>
   <trkpt lat="44.006780000000006" lon="-113.98868">
    <ele>2008.3174510242923</ele>
   </trkpt>
   <trkpt lat="44.00701" lon="-113.98819">
    <ele>2008.447335377007</ele>
   </trkpt>
   <trkpt lat="44.007290000000005" lon="-113.98718000000001">
    <ele>2007.9792741301421</ele>
   </trkpt>
   <trkpt lat="44.00751" lon="-113.98606000000001">
    <ele>2006.2350387662277</ele>
   </trkpt>
   <trkpt lat="44.00768" lon="-113.98542">
    <ele>2005.1984506739464</ele>
   </trkpt>
   <trkpt lat="44.00804" lon="-113.98458000000001">
    <ele>2004.3121395081403</ele>
   </trkpt>
   <trkpt lat="44.00827" lon="-113.98389">
    <ele>2003.045681423068</ele>
   </trkpt>
   <trkpt lat="44.008480000000006" lon="-113.98313">
    <ele>2002.08638079747</ele>
   </trkpt>
   <trkpt lat="44.00883" lon="-113.98202">
    <ele>2001.643832469224</ele>
   </trkpt>
   <trkpt lat="44.009060000000005" lon="-113.98116">
    <ele>2001.4134075877498</ele>
   </trkpt>
   <trkpt lat="44.00947000513491" lon="-113.98007000765722">
    <ele>2000.6767460038052</ele>
   </trkpt>
   <trkpt lat="44.00988" lon="-113.97898">
    <ele>2000.4196604902163</ele>
   </trkpt>
   <trkpt lat="44.010040000000004" lon="-113.97840000000001">
    <ele>2000.7081182181125</ele>
   </trkpt>
   <trkpt lat="44.01023000000001" lon="-113.97786">
    <ele>2000.66399594703</ele>
   </trkpt>
   <trkpt lat="44.010616671110974" lon="-113.97714667595588">
    <ele>2000.8934378486135</ele>
   </trkpt>
   <trkpt lat="44.01100333778416" lon="-113.97643334261063">
    <ele>2000.7207903440487</ele>
   </trkpt>
   <trkpt lat="44.011390000000006" lon="-113.97572000000001">
    <ele>2000.070804936263</ele>
   </trkpt>
   <trkpt lat="44.0118966716136" lon="-113.97496667954223">
    <ele>1998.8094383462205</ele>
   </trkpt>
   <trkpt lat="44.012403338277736" lon="-113.97421334621284">
    <ele>1997.901082381085</ele>
   </trkpt>
   <trkpt lat="44.012910000000005" lon="-113.97346">
    <ele>1997.5967206494452</ele>
   </trkpt>
   <trkpt lat="44.013455003349634" lon="-113.9725900079171">
    <ele>1996.816041524484</ele>
   </trkpt>
   <trkpt lat="44.014" lon="-113.97172">
    <ele>1996.24082301537</ele>
   </trkpt>
   <trkpt lat="44.01413" lon="-113.97136">
    <ele>1996.329678780248</ele>
   </trkpt>
   <trkpt lat="44.014570000000006" lon="-113.97070000000001">
    <ele>1996.7564770092472</ele>
   </trkpt>
   <trkpt lat="44.01509" lon="-113.96984">
    <ele>1997.4000487367032</ele>
   </trkpt>
   <trkpt lat="44.015240000000006" lon="-113.96952">
    <ele>1997.5100376916184</ele>
   </trkpt>
   <trkpt lat="44.01558201966167" lon="-113.96845802453466">
    <ele>1996.8129346497901</ele>
   </trkpt>
   <trkpt lat="44.01592402948721" lon="-113.96739603681912">
    <ele>1995.6002114519927</ele>
   </trkpt>
   <trkpt lat="44.01626602947636" lon="-113.96633403685344">
    <ele>1995.0587737899405</ele>
   </trkpt>
   <trkpt lat="44.01660801962891" lon="-113.96527202463773">
    <ele>1995.3051699293906</ele>
   </trkpt>
   <trkpt lat="44.01695" lon="-113.96421000000001">
    <ele>1994.9936883902915</ele>
   </trkpt>
   <trkpt lat="44.01706" lon="-113.96383000000002">
    <ele>1994.8862715726023</ele>
   </trkpt>
   <trkpt lat="44.01721500279165" lon="-113.9630300020873">
    <ele>1994.2071763668014</ele>
   </trkpt>
   <trkpt lat="44.01737000000001" lon="-113.96223">
    <ele>1993.2828870039998</ele>
   </trkpt>
   <trkpt lat="44.017500000000005" lon="-113.96178">
    <ele>1993.0302506244677</ele>
   </trkpt>
   <trkpt lat="44.01780000581645" lon="-113.96096334159806">
    <ele>1993.0878843145374</ele>
   </trkpt>
   <trkpt lat="44.018100005816166" lon="-113.96014667493226">
    <ele>1993.936706502043</ele>
   </trkpt>
   <trkpt lat="44.01840000000001" lon="-113.95933000000001">
    <ele>1994.8222461897199</ele>
   </trkpt>
   <trkpt lat="44.0185" lon="-113.95891">
    <ele>1995.1687338867976</ele>
   </trkpt>
   <trkpt lat="44.018550000000005" lon="-113.95779">
    <ele>1994.4820223915635</ele>
   </trkpt>
   <trkpt lat="44.018820000000005" lon="-113.95699">
    <ele>1993.3415047654844</ele>
   </trkpt>
   <trkpt lat="44.0191550016747" lon="-113.95636000366501">
    <ele>1992.6610059905481</ele>
   </trkpt>
   <trkpt lat="44.019490000000005" lon="-113.95573">
    <ele>1992.070202062873</ele>
   </trkpt>
   <trkpt lat="44.019650000000006" lon="-113.95539000000001">
    <ele>1992.0358090005752</ele>
   </trkpt>
   <trkpt lat="44.019940000000005" lon="-113.95503000000001">
    <ele>1991.5436414730852</ele>
   </trkpt>
   <trkpt lat="44.02033" lon="-113.95479">
    <ele>1990.1123621867166</ele>
   </trkpt>
   <trkpt lat="44.02075000000001" lon="-113.95472000000001">
    <ele>1988.6504058901128</ele>
   </trkpt>
   <trkpt lat="44.02156" lon="-113.95475">
    <ele>1985.0184482174166</ele>
   </trkpt>
   <trkpt lat="44.02206" lon="-113.95471">
    <ele>1983.3193202494922</ele>
   </trkpt>
   <trkpt lat="44.02239" lon="-113.95466">
    <ele>1982.4825166773176</ele>
   </trkpt>
   <trkpt lat="44.023230000000005" lon="-113.9544">
    <ele>1980.3692741426253</ele>
   </trkpt>
   <trkpt lat="44.02353" lon="-113.95427000000001">
    <ele>1979.722205246045</ele>
   </trkpt>
   <trkpt lat="44.02376" lon="-113.95422">
    <ele>1979.496872268383</ele>
   </trkpt>
   <trkpt lat="44.02440500001023" lon="-113.95415500070807">
    <ele>1978.9697393894105</ele>
   </trkpt>
   <trkpt lat="44.02505" lon="-113.95409000000001">
    <ele>1978.5203664136711</ele>
   </trkpt>
   <trkpt lat="44.025510000000004" lon="-113.95416000000002">
    <ele>1978.3110054962904</ele>
   </trkpt>
   <trkpt lat="44.02586" lon="-113.95414000000001">
    <ele>1978.1526835580764</ele>
   </trkpt>
   <trkpt lat="44.02602" lon="-113.95417">
    <ele>1978.1080117289341</ele>
   </trkpt>
   <trkpt lat="44.026160000000004" lon="-113.95408">
    <ele>1978.0561378165569</ele>
   </trkpt>
   <trkpt lat="44.026570000951914" lon="-113.95363000303695">
    <ele>1977.9113536465695</ele>
   </trkpt>
   <trkpt lat="44.02698" lon="-113.95318">
    <ele>1977.7677101525483</ele>
   </trkpt>
   <trkpt lat="44.027410000877445" lon="-113.95269500368568">
    <ele>1977.4727478243237</ele>
   </trkpt>
   <trkpt lat="44.027840000000005" lon="-113.95221000000001">
    <ele>1977.0760945589873</ele>
   </trkpt>
   <trkpt lat="44.028380000000006" lon="-113.95166">
    <ele>1976.5181094634524</ele>
   </trkpt>
   <trkpt lat="44.02869000123754" lon="-113.95112500281647">
    <ele>1976.1079011064062</ele>
   </trkpt>
   <trkpt lat="44.029" lon="-113.95059">
    <ele>1975.850894473723</ele>
   </trkpt>
   <trkpt lat="44.02947" lon="-113.94973">
    <ele>1975.2217254010413</ele>
   </trkpt>
   <trkpt lat="44.02998" lon="-113.94893">
    <ele>1974.501703644122</ele>
   </trkpt>
   <trkpt lat="44.03027" lon="-113.94853">
    <ele>1974.2418921376136</ele>
   </trkpt>
   <trkpt lat="44.03065" lon="-113.94776">
    <ele>1973.9155865239409</ele>
   </trkpt>
   <trkpt lat="44.03107000000001" lon="-113.94678">
    <ele>1973.193957937733</ele>
   </trkpt>
   <trkpt lat="44.0317" lon="-113.94597">
    <ele>1971.7559311243053</ele>
   </trkpt>
   <trkpt lat="44.03193" lon="-113.94544">
    <ele>1971.0657060002497</ele>
   </trkpt>
   <trkpt lat="44.03236500196715" lon="-113.94476500498514">
    <ele>1970.433840187355</ele>
   </trkpt>
   <trkpt lat="44.0328" lon="-113.94409">
    <ele>1970.2964318975994</ele>
   </trkpt>
   <trkpt lat="44.033100000000005" lon="-113.94366000000001">
    <ele>1970.3403287905167</ele>
   </trkpt>
   <trkpt lat="44.033600001239755" lon="-113.94314000432432">
    <ele>1970.410983330314</ele>
   </trkpt>
   <trkpt lat="44.0341" lon="-113.94262">
    <ele>1970.1214864777994</ele>
   </trkpt>
   <trkpt lat="44.03432" lon="-113.94236000000001">
    <ele>1969.8267567306389</ele>
   </trkpt>
   <trkpt lat="44.034580000000005" lon="-113.94172">
    <ele>1969.320399854439</ele>
   </trkpt>
   <trkpt lat="44.03481000347171" lon="-113.94083000338664">
    <ele>1968.4526177096525</ele>
   </trkpt>
   <trkpt lat="44.03504" lon="-113.93994">
    <ele>1967.830068791775</ele>
   </trkpt>
   <trkpt lat="44.03535860500599" lon="-113.93880717940479">
    <ele>1967.1729584155064</ele>
   </trkpt>
   <trkpt lat="44.035677198819464" lon="-113.93767434662843">
    <ele>1966.8088187087612</ele>
   </trkpt>
   <trkpt lat="44.03599578144015" lon="-113.93654150167102">
    <ele>1966.4262469987532</ele>
   </trkpt>
   <trkpt lat="44.03631435286781" lon="-113.93540864453274">
    <ele>1965.8338807878213</ele>
   </trkpt>
   <trkpt lat="44.03663291310225" lon="-113.93427577521379">
    <ele>1965.1961350687245</ele>
   </trkpt>
   <trkpt lat="44.03695146214316" lon="-113.93314289371429">
    <ele>1964.5553311662043</ele>
   </trkpt>
   <trkpt lat="44.03727000000001" lon="-113.93201">
    <ele>1963.9004854365023</ele>
   </trkpt>
   <trkpt lat="44.03758334486227" lon="-113.93086001218273">
    <ele>1963.1985537080125</ele>
   </trkpt>
   <trkpt lat="44.03789667819017" lon="-113.9297100122029">
    <ele>1962.4210469741888</ele>
   </trkpt>
   <trkpt lat="44.03821000000001" lon="-113.92856">
    <ele>1961.756889504668</ele>
   </trkpt>
   <trkpt lat="44.03846804914498" lon="-113.92744104384853">
    <ele>1961.2574195817526</ele>
   </trkpt>
   <trkpt lat="44.0387260873697" lon="-113.92632207795083">
    <ele>1960.826185320871</ele>
   </trkpt>
   <trkpt lat="44.03898411467398" lon="-113.92520310230714">
    <ele>1960.419120548423</ele>
   </trkpt>
   <trkpt lat="44.03924213105762" lon="-113.9240841169177">
    <ele>1959.8031425500894</ele>
   </trkpt>
   <trkpt lat="44.039500136520424" lon="-113.92296512178278">
    <ele>1959.216663259687</ele>
   </trkpt>
   <trkpt lat="44.03975813106221" lon="-113.92184611690259">
    <ele>1958.6367717192811</ele>
   </trkpt>
   <trkpt lat="44.04001611468278" lon="-113.92072710227735">
    <ele>1957.8681104806246</ele>
   </trkpt>
   <trkpt lat="44.040274087381924" lon="-113.91960807790737">
    <ele>1957.0163577027804</ele>
   </trkpt>
   <trkpt lat="44.040532049159474" lon="-113.91848904379283">
    <ele>1956.209133287437</ele>
   </trkpt>
   <trkpt lat="44.04079" lon="-113.91737">
    <ele>1955.560348677506</ele>
   </trkpt>
   <trkpt lat="44.04118667678404" lon="-113.91629334773138">
    <ele>1955.1224515183285</ele>
   </trkpt>
   <trkpt lat="44.041583343457816" lon="-113.9152166810456">
    <ele>1954.629691282901</ele>
   </trkpt>
   <trkpt lat="44.04198" lon="-113.91414">
    <ele>1954.0198402883263</ele>
   </trkpt>
   <trkpt lat="44.04240835884284" lon="-113.91305837243992">
    <ele>1953.1987806475481</ele>
   </trkpt>
   <trkpt lat="44.042836707481754" lon="-113.91197672923862">
    <ele>1952.5884551082838</ele>
   </trkpt>
   <trkpt lat="44.04326504591648" lon="-113.91089507039598">
    <ele>1952.2514054810563</ele>
   </trkpt>
   <trkpt lat="44.04369337414669" lon="-113.90981339591193">
    <ele>1951.8381615374205</ele>
   </trkpt>
   <trkpt lat="44.044121692172105" lon="-113.90873170578635">
    <ele>1951.195573840533</ele>
   </trkpt>
   <trkpt lat="44.04455" lon="-113.90765">
    <ele>1950.5609184819941</ele>
   </trkpt>
   <trkpt lat="44.04496201541092" lon="-113.90671002615571">
    <ele>1949.8625387290465</ele>
   </trkpt>
   <trkpt lat="44.045374023115556" lon="-113.90577003923602">
    <ele>1949.1917332365006</ele>
   </trkpt>
   <trkpt lat="44.04578602311373" lon="-113.9048300392408">
    <ele>1948.5521048628075</ele>
   </trkpt>
   <trkpt lat="44.0461980154052" lon="-113.90389002616995">
    <ele>1947.8967076924173</ele>
   </trkpt>
   <trkpt lat="44.04661" lon="-113.90295">
    <ele>1947.167842206075</ele>
   </trkpt>
   <trkpt lat="44.04707731499603" lon="-113.90196553221814">
    <ele>1946.4471282379575</ele>
   </trkpt>
   <trkpt lat="44.047544621538925" lon="-113.90098104890279">
    <ele>1945.7153890098189</ele>
   </trkpt>
   <trkpt lat="44.04801191962844" lon="-113.8999965500537">
    <ele>1945.0374559259128</ele>
   </trkpt>
   <trkpt lat="44.0484792092643" lon="-113.89901203567071">
    <ele>1944.3687628494527</ele>
   </trkpt>
   <trkpt lat="44.04894649044622" lon="-113.89802750575353">
    <ele>1943.6495954856355</ele>
   </trkpt>
   <trkpt lat="44.04941376317394" lon="-113.89704296030202">
    <ele>1942.9693645903742</ele>
   </trkpt>
   <trkpt lat="44.049881027447185" lon="-113.89605839931588">
    <ele>1942.3675264845956</ele>
   </trkpt>
   <trkpt lat="44.050348283265684" lon="-113.89507382279493">
    <ele>1941.7069807861906</ele>
   </trkpt>
   <trkpt lat="44.050815530629166" lon="-113.894089230739">
    <ele>1941.0886850965378</ele>
   </trkpt>
   <trkpt lat="44.05128276953735" lon="-113.89310462314779">
    <ele>1940.3218206144068</ele>
   </trkpt>
   <trkpt lat="44.051750000000006" lon="-113.89212">
    <ele>1939.5818211953847</ele>
   </trkpt>
   <trkpt lat="44.05199500152772" lon="-113.89153500233577">
    <ele>1939.151676704245</ele>
   </trkpt>
   <trkpt lat="44.052240000000005" lon="-113.89095">
    <ele>1938.889080010295</ele>
   </trkpt>
   <trkpt lat="44.052310000000006" lon="-113.89046">
    <ele>1938.6959543060143</ele>
   </trkpt>
   <trkpt lat="44.05231500275537" lon="-113.88966500020123">
    <ele>1938.3176116306386</ele>
   </trkpt>
   <trkpt lat="44.05232" lon="-113.88887000000001">
    <ele>1938.1335143076187</ele>
   </trkpt>
   <trkpt lat="44.052325066888166" lon="-113.88768916776904">
    <ele>1937.6576530274979</ele>
   </trkpt>
   <trkpt lat="44.05233012161487" lon="-113.88650833533627">
    <ele>1936.5974086581155</ele>
   </trkpt>
   <trkpt lat="44.052335164180086" lon="-113.88532750270217">
    <ele>1935.8290517931823</ele>
   </trkpt>
   <trkpt lat="44.05234019458384" lon="-113.88414666986725">
    <ele>1935.6271251177527</ele>
   </trkpt>
   <trkpt lat="44.05234521282609" lon="-113.88296583683196">
    <ele>1935.23462364127</ele>
   </trkpt>
   <trkpt lat="44.05235021890685" lon="-113.88178500359678">
    <ele>1934.6390579819106</ele>
   </trkpt>
   <trkpt lat="44.05235521282613" lon="-113.88060417016223">
    <ele>1934.041634227236</ele>
   </trkpt>
   <trkpt lat="44.052360194583905" lon="-113.87942333652877">
    <ele>1933.4476910522058</ele>
   </trkpt>
   <trkpt lat="44.05236516418018" lon="-113.8782425026969">
    <ele>1932.765740718174</ele>
   </trkpt>
   <trkpt lat="44.052370121614935" lon="-113.8770616686671">
    <ele>1932.0425635480922</ele>
   </trkpt>
   <trkpt lat="44.0523750668882" lon="-113.87588083443985">
    <ele>1931.359623115726</ele>
   </trkpt>
   <trkpt lat="44.05238000000001" lon="-113.8747">
    <ele>1930.7063649192128</ele>
   </trkpt>
   <trkpt lat="44.05237001955218" lon="-113.87347749936046">
    <ele>1930.115825733773</ele>
   </trkpt>
   <trkpt lat="44.05236002606946" lon="-113.87225499913322">
    <ele>1929.4991749901928</ele>
   </trkpt>
   <trkpt lat="44.05235001955183" lon="-113.87103249931883">
    <ele>1928.811144664183</ele>
   </trkpt>
   <trkpt lat="44.05234" lon="-113.86981000000002">
    <ele>1928.2561807646036</ele>
   </trkpt>
   <trkpt lat="44.051790000000004" lon="-113.86997000000001">
    <ele>1928.1218808280194</ele>
   </trkpt>
   <trkpt lat="44.051350000000006" lon="-113.87004">
    <ele>1928.3096798342713</ele>
   </trkpt>
   <trkpt lat="44.05078" lon="-113.87009">
    <ele>1928.7604081039894</ele>
   </trkpt>
   <trkpt lat="44.05017333327704" lon="-113.87007333299029">
    <ele>1929.1810371273011</ele>
   </trkpt>
   <trkpt lat="44.049566666551634" lon="-113.87005666632201">
    <ele>1929.4848654786974</ele>
   </trkpt>
   <trkpt lat="44.04896" lon="-113.87004">
    <ele>1929.5043110308554</ele>
   </trkpt>
   <trkpt lat="44.048320000000004" lon="-113.87008000000002">
    <ele>1929.4606071284388</ele>
   </trkpt>
   <trkpt lat="44.04747499998892" lon="-113.8700599997144">
    <ele>1929.3363636802408</ele>
   </trkpt>
   <trkpt lat="44.04663" lon="-113.87004">
    <ele>1929.405065560173</ele>
   </trkpt>
   <trkpt lat="44.04583750000355" lon="-113.87004125011705">
    <ele>1929.518266869581</ele>
   </trkpt>
   <trkpt lat="44.045045000007086" lon="-113.87004250020065">
    <ele>1929.4749817978118</ele>
   </trkpt>
   <trkpt lat="44.0442525000106" lon="-113.87004375025082">
    <ele>1929.3868002262664</ele>
   </trkpt>
   <trkpt lat="44.04346000001412" lon="-113.87004500026754">
    <ele>1929.2194694140899</ele>
   </trkpt>
   <trkpt lat="44.0426675000176" lon="-113.8700462502508">
    <ele>1929.0014653020694</ele>
   </trkpt>
   <trkpt lat="44.04187500002108" lon="-113.87004750020061">
    <ele>1928.782090651932</ele>
   </trkpt>
   <trkpt lat="44.04108250002455" lon="-113.87004875011701">
    <ele>1928.7632895759068</ele>
   </trkpt>
   <trkpt lat="44.040290000000006" lon="-113.87005">
    <ele>1928.6648771515975</ele>
   </trkpt>
   <trkpt lat="44.03958500004896" lon="-113.87004499994084">
    <ele>1928.4340393387854</ele>
   </trkpt>
   <trkpt lat="44.038880000000006" lon="-113.87004">
    <ele>1928.139198587571</ele>
   </trkpt>
   <trkpt lat="44.03838499993654" lon="-113.87002499987273">
    <ele>1927.829730778753</ele>
   </trkpt>
   <trkpt lat="44.037890000000004" lon="-113.87001000000001">
    <ele>1927.5464228235865</ele>
   </trkpt>
   <trkpt lat="44.037140000111165" lon="-113.87003000025022">
    <ele>1927.272186510598</ele>
   </trkpt>
   <trkpt lat="44.036390000000004" lon="-113.87005">
    <ele>1927.19637815971</ele>
   </trkpt>
   <trkpt lat="44.035706666710134" lon="-113.87003666635998">
    <ele>1927.110217673669</ele>
   </trkpt>
   <trkpt lat="44.035023333418714" lon="-113.87002333302746">
    <ele>1926.923026111851</ele>
   </trkpt>
   <trkpt lat="44.03434" lon="-113.87001000000001">
    <ele>1926.8093165907394</ele>
   </trkpt>
   <trkpt lat="44.03396" lon="-113.86991">
    <ele>1926.714460910534</ele>
   </trkpt>
   <trkpt lat="44.033390000000004" lon="-113.86968">
    <ele>1926.649926128622</ele>
   </trkpt>
   <trkpt lat="44.03274333427831" lon="-113.86936665987167">
    <ele>1926.382640987599</ele>
   </trkpt>
   <trkpt lat="44.032096667700316" lon="-113.86905332658142">
    <ele>1926.1176824290537</ele>
   </trkpt>
   <trkpt lat="44.03145000000001" lon="-113.86874">
    <ele>1925.5947855979211</ele>
   </trkpt>
   <trkpt lat="44.03063333558382" lon="-113.86823331937764">
    <ele>1924.899016542053</ele>
   </trkpt>
   <trkpt lat="44.029816668928646" lon="-113.86772665271836">
    <ele>1924.3859364419764</ele>
   </trkpt>
   <trkpt lat="44.029" lon="-113.86722">
    <ele>1924.3242258100527</ele>
   </trkpt>
   <trkpt lat="44.0289" lon="-113.86713">
    <ele>1924.3416472791905</ele>
   </trkpt>
   <trkpt lat="44.02853500085473" lon="-113.8666699970816">
    <ele>1924.3583710409555</ele>
   </trkpt>
   <trkpt lat="44.02817" lon="-113.86621000000001">
    <ele>1924.227751961215</ele>
   </trkpt>
   <trkpt lat="44.02808" lon="-113.86592">
    <ele>1924.0986090880697</ele>
   </trkpt>
   <trkpt lat="44.02798000000001" lon="-113.86547000000002">
    <ele>1923.876486479401</ele>
   </trkpt>
   <trkpt lat="44.02787" lon="-113.86512">
    <ele>1923.4356900155587</ele>
   </trkpt>
   <trkpt lat="44.0275" lon="-113.86439000000001">
    <ele>1922.33069772782</ele>
   </trkpt>
   <trkpt lat="44.027210000000004" lon="-113.86387">
    <ele>1921.7886898122517</ele>
   </trkpt>
   <trkpt lat="44.026970000000006" lon="-113.86351">
    <ele>1921.5477933052548</ele>
   </trkpt>
   <trkpt lat="44.02682" lon="-113.86289000000001">
    <ele>1921.246281337923</ele>
   </trkpt>
   <trkpt lat="44.02623500495576" lon="-113.86227498180004">
    <ele>1920.5728564747697</ele>
   </trkpt>
   <trkpt lat="44.02565000661264" lon="-113.86165997573899">
    <ele>1919.723902419285</ele>
   </trkpt>
   <trkpt lat="44.025065004970806" lon="-113.86104498181642">
    <ele>1919.0801690176029</ele>
   </trkpt>
   <trkpt lat="44.024480000000004" lon="-113.86043000000001">
    <ele>1918.3626331895725</ele>
   </trkpt>
   <trkpt lat="44.02388333623224" lon="-113.85985998858843">
    <ele>1917.6779964875689</ele>
   </trkpt>
   <trkpt lat="44.02328666963079" lon="-113.8592899886509">
    <ele>1917.0570991981465</ele>
   </trkpt>
   <trkpt lat="44.022690000000004" lon="-113.85872">
    <ele>1916.5584330272814</ele>
   </trkpt>
   <trkpt lat="44.02233000051415" lon="-113.8583199973671">
    <ele>1916.178972445061</ele>
   </trkpt>
   <trkpt lat="44.02197" lon="-113.85792000000001">
    <ele>1915.8240207788415</ele>
   </trkpt>
   <trkpt lat="44.02145333578073" lon="-113.85739332418268">
    <ele>1915.224283325898</ele>
   </trkpt>
   <trkpt lat="44.020936669142245" lon="-113.85686665754487">
    <ele>1914.6605622341413</ele>
   </trkpt>
   <trkpt lat="44.02042" lon="-113.85634">
    <ele>1914.0293552478454</ele>
   </trkpt>
   <trkpt lat="44.020050000000005" lon="-113.85581">
    <ele>1913.4145369201842</ele>
   </trkpt>
   <trkpt lat="44.01941000246864" lon="-113.85505499183023">
    <ele>1912.4391829333701</ele>
   </trkpt>
   <trkpt lat="44.01877" lon="-113.85430000000001">
    <ele>1911.3726797787506</ele>
   </trkpt>
   <trkpt lat="44.018167508836626" lon="-113.8534774749086">
    <ele>1910.4718074871864</ele>
   </trkpt>
   <trkpt lat="44.01756501177283" lon="-113.85265496653265">
    <ele>1910.1130633999953</ele>
   </trkpt>
   <trkpt lat="44.01696250880889" lon="-113.8518324748716">
    <ele>1909.821116457585</ele>
   </trkpt>
   <trkpt lat="44.016360000000006" lon="-113.85101">
    <ele>1909.3848993029358</ele>
   </trkpt>
   <trkpt lat="44.0159" lon="-113.85052">
    <ele>1909.14912788814</ele>
   </trkpt>
   <trkpt lat="44.015690000000006" lon="-113.85039">
    <ele>1909.0508205572587</ele>
   </trkpt>
   <trkpt lat="44.015250000532006" lon="-113.85000499704327">
    <ele>1908.879893933119</ele>
   </trkpt>
   <trkpt lat="44.014810000000004" lon="-113.84962000000002">
    <ele>1908.562146219199</ele>
   </trkpt>
   <trkpt lat="44.01431" lon="-113.84904">
    <ele>1908.0377995199872</ele>
   </trkpt>
   <trkpt lat="44.013610002306145" lon="-113.8483249916388">
    <ele>1907.3379712439298</ele>
   </trkpt>
   <trkpt lat="44.012910000000005" lon="-113.84761">
    <ele>1906.7163429609323</ele>
   </trkpt>
   <trkpt lat="44.01225000277905" lon="-113.84680499098431">
    <ele>1906.022192349581</ele>
   </trkpt>
   <trkpt lat="44.011590000000005" lon="-113.846">
    <ele>1905.0807880248192</ele>
   </trkpt>
   <trkpt lat="44.01136" lon="-113.8456">
    <ele>1904.704317604671</ele>
   </trkpt>
   <trkpt lat="44.01106" lon="-113.84483000000002">
    <ele>1904.2013205626324</ele>
   </trkpt>
   <trkpt lat="44.01051500172" lon="-113.84420499427588">
    <ele>1903.7677127734398</ele>
   </trkpt>
   <trkpt lat="44.00997" lon="-113.84358">
    <ele>1903.3039820235413</ele>
   </trkpt>
   <trkpt lat="44.009445001771766" lon="-113.84295499454916">
    <ele>1902.7120508689527</ele>
   </trkpt>
   <trkpt lat="44.00892" lon="-113.84233">
    <ele>1902.3049351995846</ele>
   </trkpt>
   <trkpt lat="44.00848000107918" lon="-113.84183999640094">
    <ele>1901.8846531811005</ele>
   </trkpt>
   <trkpt lat="44.00804" lon="-113.84135">
    <ele>1901.473460949318</ele>
   </trkpt>
   <trkpt lat="44.00742250569045" lon="-113.84068997937902">
    <ele>1900.766044516523</ele>
   </trkpt>
   <trkpt lat="44.00680500758169" lon="-113.84002997249983">
    <ele>1900.2628460322105</ele>
   </trkpt>
   <trkpt lat="44.0061875056739" lon="-113.839369979362">
    <ele>1899.835450896301</ele>
   </trkpt>
   <trkpt lat="44.005570000000006" lon="-113.83871">
    <ele>1899.3218969204127</ele>
   </trkpt>
   <trkpt lat="44.00507000309803" lon="-113.83810998983554">
    <ele>1898.7819495051247</ele>
   </trkpt>
   <trkpt lat="44.004570003056294" lon="-113.83750998978563">
    <ele>1898.269264684201</ele>
   </trkpt>
   <trkpt lat="44.004070000000006" lon="-113.83691">
    <ele>1897.7042891121152</ele>
   </trkpt>
   <trkpt lat="44.00358000375089" lon="-113.83625332247236">
    <ele>1897.165268264327</ele>
   </trkpt>
   <trkpt lat="44.003090003740944" lon="-113.83559665579254">
    <ele>1896.7363606968145</ele>
   </trkpt>
   <trkpt lat="44.0026" lon="-113.83494">
    <ele>1896.238722116259</ele>
   </trkpt>
   <trkpt lat="44.00202" lon="-113.83431000000002">
    <ele>1895.5179250102276</ele>
   </trkpt>
   <trkpt lat="44.00175" lon="-113.83393000000001">
    <ele>1895.140400564361</ele>
   </trkpt>
   <trkpt lat="44.001625004872054" lon="-113.83286999753257">
    <ele>1894.5341572057005</ele>
   </trkpt>
   <trkpt lat="44.0015" lon="-113.83181">
    <ele>1894.0788275217787</ele>
   </trkpt>
   <trkpt lat="44.00161000000001" lon="-113.83136">
    <ele>1893.8876627944637</ele>
   </trkpt>
   <trkpt lat="44.001780000000004" lon="-113.83051">
    <ele>1893.511003421951</ele>
   </trkpt>
   <trkpt lat="44.00182" lon="-113.82981000000001">
    <ele>1893.1495630125542</ele>
   </trkpt>
   <trkpt lat="44.00183202258901" lon="-113.82867200092674">
    <ele>1892.5631992218139</ele>
   </trkpt>
   <trkpt lat="44.00184403388347" lon="-113.82753400139248">
    <ele>1892.0470825844657</ele>
   </trkpt>
   <trkpt lat="44.00185603388343" lon="-113.82639600139764">
    <ele>1891.589036568084</ele>
   </trkpt>
   <trkpt lat="44.00186802258885" lon="-113.82525800094265">
    <ele>1891.1002566600962</ele>
   </trkpt>
   <trkpt lat="44.00188000000001" lon="-113.82412000000001">
    <ele>1890.5087707311395</ele>
   </trkpt>
   <trkpt lat="44.00101249999587" lon="-113.82409999912251">
    <ele>1890.0977923894889</ele>
   </trkpt>
   <trkpt lat="44.000144999988265" lon="-113.82407999882989">
    <ele>1889.7530580087478</ele>
   </trkpt>
   <trkpt lat="43.999277499977154" lon="-113.82405999912211">
    <ele>1889.356752236472</ele>
   </trkpt>
   <trkpt lat="43.99841000000001" lon="-113.82404000000001">
    <ele>1888.9436532277114</ele>
   </trkpt>
   <trkpt lat="43.99754499996118" lon="-113.82403749989058">
    <ele>1888.6301310332003</ele>
   </trkpt>
   <trkpt lat="43.99667999992229" lon="-113.82403499985402">
    <ele>1888.328687526879</ele>
   </trkpt>
   <trkpt lat="43.99581499988336" lon="-113.82403249989034">
    <ele>1887.8962013691316</ele>
   </trkpt>
   <trkpt lat="43.99495" lon="-113.82403000000001">
    <ele>1887.627431956243</ele>
   </trkpt>
   <trkpt lat="43.994159999995524" lon="-113.82401199904129">
    <ele>1887.3291215527051</ele>
   </trkpt>
   <trkpt lat="43.993369999988225" lon="-113.82399399856186">
    <ele>1887.0678111136267</ele>
   </trkpt>
   <trkpt lat="43.99257999997809" lon="-113.82397599856165">
    <ele>1886.8923426039432</ele>
   </trkpt>
   <trkpt lat="43.99178999996514" lon="-113.82395799904064">
    <ele>1886.7160938147765</ele>
   </trkpt>
   <trkpt lat="43.99100000000001" lon="-113.82394000000001">
    <ele>1886.4903281507115</ele>
   </trkpt>
   <trkpt lat="43.99011250001069" lon="-113.82393749988789">
    <ele>1886.286638083639</ele>
   </trkpt>
   <trkpt lat="43.98922500002132" lon="-113.82393499985055">
    <ele>1886.0651799853886</ele>
   </trkpt>
   <trkpt lat="43.988337500031896" lon="-113.82393249988795">
    <ele>1885.9005056490673</ele>
   </trkpt>
   <trkpt lat="43.98745" lon="-113.82393">
    <ele>1886.0515780878154</ele>
   </trkpt>
   <trkpt lat="43.98665799998252" lon="-113.82391999946607">
    <ele>1886.3200243533236</ele>
   </trkpt>
   <trkpt lat="43.985865999964176" lon="-113.82390999919899">
    <ele>1886.4393020661628</ele>
   </trkpt>
   <trkpt lat="43.98507399994495" lon="-113.82389999919876">
    <ele>1886.4978337696568</ele>
   </trkpt>
   <trkpt lat="43.98428199992486" lon="-113.82388999946537">
    <ele>1886.6768335131912</ele>
   </trkpt>
   <trkpt lat="43.98349" lon="-113.82388">
    <ele>1887.1762942070616</ele>
   </trkpt>
   <trkpt lat="43.982690000000005" lon="-113.82390000000001">
    <ele>1888.1525725081863</ele>
   </trkpt>
   <trkpt lat="43.98212500019057" lon="-113.82388999990819">
    <ele>1889.0632258133712</ele>
   </trkpt>
   <trkpt lat="43.98156" lon="-113.82388">
    <ele>1890.1314126580708</ele>
   </trkpt>
   <trkpt lat="43.980774285718574" lon="-113.82386857052114">
    <ele>1891.6122840627436</ele>
   </trkpt>
   <trkpt lat="43.97998857143603" lon="-113.8238571413448">
    <ele>1893.0418159906455</ele>
   </trkpt>
   <trkpt lat="43.979202857152345" lon="-113.82384571247093">
    <ele>1894.573626674875</ele>
   </trkpt>
   <trkpt lat="43.978417142867514" lon="-113.82383428389954">
    <ele>1896.2579990461682</ele>
   </trkpt>
   <trkpt lat="43.97763142858154" lon="-113.82382285563062">
    <ele>1897.9571687830664</ele>
   </trkpt>
   <trkpt lat="43.976845714294434" lon="-113.82381142766414">
    <ele>1899.7850113329498</ele>
   </trkpt>
   <trkpt lat="43.976060000000004" lon="-113.8238">
    <ele>1901.7817279074377</ele>
   </trkpt>
   <trkpt lat="43.97536499995811" lon="-113.82381000011765">
    <ele>1903.108733750524</ele>
   </trkpt>
   <trkpt lat="43.97467" lon="-113.82382000000001">
    <ele>1904.427785497029</ele>
   </trkpt>
   <trkpt lat="43.974520000000005" lon="-113.82326">
    <ele>1905.0333192242501</ele>
   </trkpt>
   <trkpt lat="43.97427000953992" lon="-113.82221332446173">
    <ele>1905.2288689872087</ele>
   </trkpt>
   <trkpt lat="43.97402000952575" lon="-113.82116665773589">
    <ele>1905.2398535156835</ele>
   </trkpt>
   <trkpt lat="43.97377" lon="-113.82012">
    <ele>1905.1024435474258</ele>
   </trkpt>
   <trkpt lat="43.973552511803945" lon="-113.81916998955246">
    <ele>1905.1140778829727</ele>
   </trkpt>
   <trkpt lat="43.97333501573704" lon="-113.81821998606337">
    <ele>1905.1915775317882</ele>
   </trkpt>
   <trkpt lat="43.97311751179939" lon="-113.8172699895329">
    <ele>1905.1706421308804</ele>
   </trkpt>
   <trkpt lat="43.9729" lon="-113.81632">
    <ele>1904.8216024542003</ele>
   </trkpt>
   <trkpt lat="43.97280000000001" lon="-113.81557000000001">
    <ele>1904.1083518820367</ele>
   </trkpt>
   <trkpt lat="43.97279667603906" lon="-113.81453333324023">
    <ele>1902.952543836433</ele>
   </trkpt>
   <trkpt lat="43.97279334270579" lon="-113.81349666659666">
    <ele>1901.7400026427188</ele>
   </trkpt>
   <trkpt lat="43.97279" lon="-113.81246000000002">
    <ele>1900.5131431531931</ele>
   </trkpt>
   <trkpt lat="43.97281500192253" lon="-113.81179500043454">
    <ele>1899.8290845228453</ele>
   </trkpt>
   <trkpt lat="43.972840000000005" lon="-113.81113">
    <ele>1899.0745080126267</ele>
   </trkpt>
   <trkpt lat="43.97285000877998" lon="-113.81012666693381">
    <ele>1897.6431856172167</ele>
   </trkpt>
   <trkpt lat="43.97286000878068" lon="-113.80912333352956">
    <ele>1895.9823927885268</ele>
   </trkpt>
   <trkpt lat="43.97287" lon="-113.80812">
    <ele>1894.7060012561387</ele>
   </trkpt>
   <trkpt lat="43.97289000675291" lon="-113.80724000062158">
    <ele>1893.6550322136109</ele>
   </trkpt>
   <trkpt lat="43.972910006752265" lon="-113.80636000065034">
    <ele>1892.5786653527518</ele>
   </trkpt>
   <trkpt lat="43.972930000000005" lon="-113.80548">
    <ele>1891.6134336520236</ele>
   </trkpt>
   <trkpt lat="43.9729" lon="-113.80454">
    <ele>1890.5635146746615</ele>
   </trkpt>
   <trkpt lat="43.97292" lon="-113.80361">
    <ele>1890.1926127234885</ele>
   </trkpt>
   <trkpt lat="43.97225" lon="-113.8036">
    <ele>1890.7995997952057</ele>
   </trkpt>
   <trkpt lat="43.97177999991317" lon="-113.80357999983795">
    <ele>1891.8837851709748</ele>
   </trkpt>
   <trkpt lat="43.97131" lon="-113.80356">
    <ele>1892.6058129223147</ele>
   </trkpt>
   <trkpt lat="43.970589999974734" lon="-113.80353749918072">
    <ele>1893.949729529293</ele>
   </trkpt>
   <trkpt lat="43.96986999994506" lon="-113.80351499890698">
    <ele>1895.3844558245573</ele>
   </trkpt>
   <trkpt lat="43.96914999991097" lon="-113.80349249917876">
    <ele>1896.51535966442</ele>
   </trkpt>
   <trkpt lat="43.968430000000005" lon="-113.80347">
    <ele>1897.8103733405842</ele>
   </trkpt>
   <trkpt lat="43.96754666664243" lon="-113.80347">
    <ele>1899.26848974683</ele>
   </trkpt>
   <trkpt lat="43.96666333328485" lon="-113.80347">
    <ele>1901.0653494195597</ele>
   </trkpt>
   <trkpt lat="43.96578" lon="-113.80347">
    <ele>1904.1137550323383</ele>
   </trkpt>
   <trkpt lat="43.9653200000104" lon="-113.8034499998455">
    <ele>1906.536241008691</ele>
   </trkpt>
   <trkpt lat="43.96486" lon="-113.80343">
    <ele>1908.2881702346942</ele>
   </trkpt>
   <trkpt lat="43.96403500005355" lon="-113.8034249999309">
    <ele>1912.7544901139295</ele>
   </trkpt>
   <trkpt lat="43.963210000000004" lon="-113.80342">
    <ele>1917.6887191600072</ele>
   </trkpt>
   <trkpt lat="43.962520000000005" lon="-113.80338">
    <ele>1921.2318772636756</ele>
   </trkpt>
   <trkpt lat="43.96183499987713" lon="-113.80338500005858">
    <ele>1925.1274604689731</ele>
   </trkpt>
   <trkpt lat="43.96115" lon="-113.80339000000001">
    <ele>1929.147924923903</ele>
   </trkpt>
   <trkpt lat="43.96069000000001" lon="-113.80336000000001">
    <ele>1931.1912718472515</ele>
   </trkpt>
   <trkpt lat="43.960390000000004" lon="-113.80338">
    <ele>1932.7415275259855</ele>
   </trkpt>
   <trkpt lat="43.960150000000006" lon="-113.80342">
    <ele>1933.4856256301352</ele>
   </trkpt>
   <trkpt lat="43.95993000000001" lon="-113.80347">
    <ele>1934.569143328677</ele>
   </trkpt>
   <trkpt lat="43.959430000000005" lon="-113.80374">
    <ele>1937.0112984502332</ele>
   </trkpt>
   <trkpt lat="43.958680000226956" lon="-113.80403500378367">
    <ele>1942.063548628114</ele>
   </trkpt>
   <trkpt lat="43.957930000000005" lon="-113.80433000000001">
    <ele>1947.507949852621</ele>
   </trkpt>
   <trkpt lat="43.957660000000004" lon="-113.80446">
    <ele>1949.6587089481413</ele>
   </trkpt>
   <trkpt lat="43.957280000000004" lon="-113.80468">
    <ele>1952.8525830019205</ele>
   </trkpt>
   <trkpt lat="43.956900000000005" lon="-113.80495">
    <ele>1955.9026309370208</ele>
   </trkpt>
   <trkpt lat="43.956480000000006" lon="-113.80521">
    <ele>1958.5630059041007</ele>
   </trkpt>
   <trkpt lat="43.95617" lon="-113.80539">
    <ele>1961.3150572126808</ele>
   </trkpt>
   <trkpt lat="43.95599000000001" lon="-113.80545000000001">
    <ele>1962.7389069070782</ele>
   </trkpt>
   <trkpt lat="43.955220000000004" lon="-113.80554000000001">
    <ele>1970.3736515871653</ele>
   </trkpt>
   <trkpt lat="43.95485" lon="-113.80553">
    <ele>1974.077092233144</ele>
   </trkpt>
   <trkpt lat="43.95445" lon="-113.80532000000001">
    <ele>1977.9413774437865</ele>
   </trkpt>
   <trkpt lat="43.95414" lon="-113.80512">
    <ele>1981.889308100269</ele>
   </trkpt>
   <trkpt lat="43.953770000000006" lon="-113.80477">
    <ele>1986.9185593199704</ele>
   </trkpt>
   <trkpt lat="43.95365" lon="-113.80463">
    <ele>1988.8124915831588</ele>
   </trkpt>
   <trkpt lat="43.95342" lon="-113.80418">
    <ele>1992.6317512025362</ele>
   </trkpt>
   <trkpt lat="43.95324" lon="-113.80396">
    <ele>1994.467033543254</ele>
   </trkpt>
   <trkpt lat="43.95268500192726" lon="-113.8032949937885">
    <ele>2001.489530649394</ele>
   </trkpt>
   <trkpt lat="43.952130000000004" lon="-113.80263000000001">
    <ele>2009.4752066470242</ele>
   </trkpt>
   <trkpt lat="43.95179" lon="-113.80235">
    <ele>2013.1127405053728</ele>
   </trkpt>
   <trkpt lat="43.95098" lon="-113.8023">
    <ele>2020.7194013108517</ele>
   </trkpt>
   <trkpt lat="43.95053" lon="-113.80226">
    <ele>2024.9550067611729</ele>
   </trkpt>
   <trkpt lat="43.9498400000354" lon="-113.80223499971095">
    <ele>2031.8259882512657</ele>
   </trkpt>
   <trkpt lat="43.94915" lon="-113.80221">
    <ele>2039.197464345086</ele>
   </trkpt>
   <trkpt lat="43.94901" lon="-113.80222">
    <ele>2040.8215557655858</ele>
   </trkpt>
   <trkpt lat="43.94881" lon="-113.80239">
    <ele>2042.4591104842339</ele>
   </trkpt>
   <trkpt lat="43.94861" lon="-113.80263000000001">
    <ele>2045.7749983792194</ele>
   </trkpt>
   <trkpt lat="43.948170000000005" lon="-113.80342">
    <ele>2052.6797426179305</ele>
   </trkpt>
   <trkpt lat="43.94798" lon="-113.8037">
    <ele>2056.795632355007</ele>
   </trkpt>
   <trkpt lat="43.947430000000004" lon="-113.80420000000001">
    <ele>2064.2980407965524</ele>
   </trkpt>
   <trkpt lat="43.947230000000005" lon="-113.80433000000001">
    <ele>2067.4916038864003</ele>
   </trkpt>
   <trkpt lat="43.94709" lon="-113.80441">
    <ele>2068.6403956441773</ele>
   </trkpt>
   <trkpt lat="43.946650000000005" lon="-113.8045">
    <ele>2073.585694569024</ele>
   </trkpt>
   <trkpt lat="43.94652000000001" lon="-113.80459">
    <ele>2075.54569182223</ele>
   </trkpt>
   <trkpt lat="43.946450000000006" lon="-113.80468">
    <ele>2076.460556351123</ele>
   </trkpt>
   <trkpt lat="43.946340000000006" lon="-113.80495">
    <ele>2079.315984300977</ele>
   </trkpt>
   <trkpt lat="43.94623000000001" lon="-113.80517">
    <ele>2080.1952212481006</ele>
   </trkpt>
   <trkpt lat="43.9461" lon="-113.80532000000001">
    <ele>2081.9912978012885</ele>
   </trkpt>
   <trkpt lat="43.94595" lon="-113.80541000000001">
    <ele>2083.6977462112486</ele>
   </trkpt>
   <trkpt lat="43.945690000000006" lon="-113.80548">
    <ele>2086.341545237548</ele>
   </trkpt>
   <trkpt lat="43.944970000000005" lon="-113.80560000000001">
    <ele>2094.0161652754527</ele>
   </trkpt>
   <trkpt lat="43.944750000000006" lon="-113.80566">
    <ele>2097.0382898104544</ele>
   </trkpt>
   <trkpt lat="43.94458" lon="-113.80575">
    <ele>2099.2052870931157</ele>
   </trkpt>
   <trkpt lat="43.944430000000004" lon="-113.80589">
    <ele>2101.4538835934254</ele>
   </trkpt>
   <trkpt lat="43.94431" lon="-113.80606">
    <ele>2104.842890161046</ele>
   </trkpt>
   <trkpt lat="43.94393" lon="-113.80633">
    <ele>2109.0958431485383</ele>
   </trkpt>
   <trkpt lat="43.943580000000004" lon="-113.80642">
    <ele>2113.1940839462823</ele>
   </trkpt>
   <trkpt lat="43.943360000000006" lon="-113.80651">
    <ele>2115.2974569968455</ele>
   </trkpt>
   <trkpt lat="43.94296000000001" lon="-113.80675000000001">
    <ele>2119.6322202347947</ele>
   </trkpt>
   <trkpt lat="43.942870000000006" lon="-113.80687">
    <ele>2121.7958105057014</ele>
   </trkpt>
   <trkpt lat="43.94257" lon="-113.80768">
    <ele>2131.306791949354</ele>
   </trkpt>
   <trkpt lat="43.942330000000005" lon="-113.80821">
    <ele>2138.0565168355683</ele>
   </trkpt>
   <trkpt lat="43.94201" lon="-113.80871">
    <ele>2143.966644595373</ele>
   </trkpt>
   <trkpt lat="43.941970000000005" lon="-113.80872000000001">
    <ele>2143.966644595373</ele>
   </trkpt>
   <trkpt lat="43.941810000000004" lon="-113.80870000000002">
    <ele>2145.4472601076664</ele>
   </trkpt>
   <trkpt lat="43.94174" lon="-113.80854000000001">
    <ele>2146.8013854841647</ele>
   </trkpt>
   <trkpt lat="43.941610000000004" lon="-113.80808">
    <ele>2148.739991459459</ele>
   </trkpt>
   <trkpt lat="43.94155000000001" lon="-113.80795">
    <ele>2149.905153848767</ele>
   </trkpt>
   <trkpt lat="43.941480000000006" lon="-113.80786">
    <ele>2150.6564907836937</ele>
   </trkpt>
   <trkpt lat="43.94122" lon="-113.80769000000001">
    <ele>2152.8508054348845</ele>
   </trkpt>
   <trkpt lat="43.94082" lon="-113.80759">
    <ele>2156.750276750086</ele>
   </trkpt>
   <trkpt lat="43.94052000000001" lon="-113.80754">
    <ele>2160.5860862283707</ele>
   </trkpt>
   <trkpt lat="43.93989499998131" lon="-113.80747499931287">
    <ele>2168.480316352032</ele>
   </trkpt>
   <trkpt lat="43.93927" lon="-113.80741">
    <ele>2175.345290474081</ele>
   </trkpt>
   <trkpt lat="43.93912" lon="-113.80736">
    <ele>2177.6624792453526</ele>
   </trkpt>
   <trkpt lat="43.93836" lon="-113.80693000000001">
    <ele>2186.6586815976057</ele>
   </trkpt>
   <trkpt lat="43.93750000000001" lon="-113.80665">
    <ele>2196.592714992764</ele>
   </trkpt>
   <trkpt lat="43.937050000000006" lon="-113.80642">
    <ele>2204.536397127885</ele>
   </trkpt>
   <trkpt lat="43.936890000000005" lon="-113.80638">
    <ele>2205.349383586844</ele>
   </trkpt>
   <trkpt lat="43.936550000000004" lon="-113.80642">
    <ele>2208.710786328264</ele>
   </trkpt>
   <trkpt lat="43.93648" lon="-113.80638">
    <ele>2208.710786328264</ele>
   </trkpt>
   <trkpt lat="43.93641" lon="-113.80629">
    <ele>2210.372822561666</ele>
   </trkpt>
   <trkpt lat="43.93638000000001" lon="-113.80615">
    <ele>2211.9347528809285</ele>
   </trkpt>
   <trkpt lat="43.936370000000004" lon="-113.80599000000001">
    <ele>2212.5870412676777</ele>
   </trkpt>
   <trkpt lat="43.936420000000005" lon="-113.80584">
    <ele>2213.4235152794718</ele>
   </trkpt>
   <trkpt lat="43.93683" lon="-113.80536000000001">
    <ele>2219.130340156945</ele>
   </trkpt>
   <trkpt lat="43.93703000000001" lon="-113.80521">
    <ele>2221.4989719032537</ele>
   </trkpt>
   <trkpt lat="43.93715" lon="-113.80508">
    <ele>2223.8303418101386</ele>
   </trkpt>
   <trkpt lat="43.93721" lon="-113.80495">
    <ele>2223.8303418101386</ele>
   </trkpt>
   <trkpt lat="43.937520000000006" lon="-113.80459">
    <ele>2227.4532346147876</ele>
   </trkpt>
   <trkpt lat="43.93768" lon="-113.80447000000001">
    <ele>2231.2568134709404</ele>
   </trkpt>
   <trkpt lat="43.937830000000005" lon="-113.80429000000001">
    <ele>2233.212627798048</ele>
   </trkpt>
   <trkpt lat="43.938120000000005" lon="-113.80365">
    <ele>2240.076712269188</ele>
   </trkpt>
   <trkpt lat="43.938230000000004" lon="-113.80333">
    <ele>2242.099375287932</ele>
   </trkpt>
   <trkpt lat="43.938250000000004" lon="-113.80308000000001">
    <ele>2245.0362044393482</ele>
   </trkpt>
   <trkpt lat="43.938120000000005" lon="-113.80257">
    <ele>2248.7749355737656</ele>
   </trkpt>
   <trkpt lat="43.938" lon="-113.80232000000001">
    <ele>2251.5008834407554</ele>
   </trkpt>
   <trkpt lat="43.937780000000004" lon="-113.80208">
    <ele>2253.4289984810266</ele>
   </trkpt>
   <trkpt lat="43.93748" lon="-113.80178000000001">
    <ele>2257.2463346483883</ele>
   </trkpt>
   <trkpt lat="43.936980000000005" lon="-113.80136">
    <ele>2264.9100124610122</ele>
   </trkpt>
   <trkpt lat="43.936800000000005" lon="-113.80127">
    <ele>2267.3052052335606</ele>
   </trkpt>
   <trkpt lat="43.93659" lon="-113.80124">
    <ele>2269.7251444754993</ele>
   </trkpt>
   <trkpt lat="43.936170000000004" lon="-113.80105">
    <ele>2275.3814078043793</ele>
   </trkpt>
   <trkpt lat="43.93567" lon="-113.80065">
    <ele>2281.4901787285517</ele>
   </trkpt>
   <trkpt lat="43.935430000000004" lon="-113.80044000000001">
    <ele>2284.170842642915</ele>
   </trkpt>
   <trkpt lat="43.935190000000006" lon="-113.80029">
    <ele>2287.734253245281</ele>
   </trkpt>
   <trkpt lat="43.934560000000005" lon="-113.79982000000001">
    <ele>2295.111130083728</ele>
   </trkpt>
   <trkpt lat="43.93433" lon="-113.79962">
    <ele>2297.9316994292312</ele>
   </trkpt>
   <trkpt lat="43.93426" lon="-113.79950000000001">
    <ele>2299.3791532755818</ele>
   </trkpt>
   <trkpt lat="43.93422" lon="-113.79939">
    <ele>2299.3791532755818</ele>
   </trkpt>
   <trkpt lat="43.93424" lon="-113.79922">
    <ele>2300.8396153349545</ele>
   </trkpt>
   <trkpt lat="43.93437" lon="-113.79899">
    <ele>2302.620806367152</ele>
   </trkpt>
   <trkpt lat="43.934540000000005" lon="-113.79876000000002">
    <ele>2304.858329512938</ele>
   </trkpt>
   <trkpt lat="43.93478" lon="-113.79836">
    <ele>2307.5803107955317</ele>
   </trkpt>
   <trkpt lat="43.93491" lon="-113.79823">
    <ele>2308.551782483079</ele>
   </trkpt>
   <trkpt lat="43.93498" lon="-113.7981">
    <ele>2308.551782483079</ele>
   </trkpt>
   <trkpt lat="43.935" lon="-113.79792">
    <ele>2310.2235905002904</ele>
   </trkpt>
   <trkpt lat="43.934990000000006" lon="-113.79779">
    <ele>2310.7087199577163</ele>
   </trkpt>
   <trkpt lat="43.934940000000005" lon="-113.79769">
    <ele>2311.7968831685994</ele>
   </trkpt>
   <trkpt lat="43.93486" lon="-113.79756">
    <ele>2312.7536445365217</ele>
   </trkpt>
   <trkpt lat="43.93475" lon="-113.79748000000001">
    <ele>2313.222703157862</ele>
   </trkpt>
   <trkpt lat="43.93457" lon="-113.79742">
    <ele>2314.167763497006</ele>
   </trkpt>
   <trkpt lat="43.934250000000006" lon="-113.79733">
    <ele>2316.712985038328</ele>
   </trkpt>
   <trkpt lat="43.93401" lon="-113.79729">
    <ele>2318.8425700490293</ele>
   </trkpt>
   <trkpt lat="43.933870000000006" lon="-113.79729">
    <ele>2320.018130357064</ele>
   </trkpt>
   <trkpt lat="43.933550000000004" lon="-113.79744000000001">
    <ele>2322.510512699476</ele>
   </trkpt>
   <trkpt lat="43.93345" lon="-113.79752">
    <ele>2323.101251790154</ele>
   </trkpt>
   <trkpt lat="43.933310000000006" lon="-113.79779">
    <ele>2325.8792277633434</ele>
   </trkpt>
   <trkpt lat="43.93320000000001" lon="-113.79819">
    <ele>2328.23594238154</ele>
   </trkpt>
   <trkpt lat="43.93289" lon="-113.79886">
    <ele>2335.608731831175</ele>
   </trkpt>
   <trkpt lat="43.932660000000006" lon="-113.7993">
    <ele>2339.946854830264</ele>
   </trkpt>
   <trkpt lat="43.93233" lon="-113.7998">
    <ele>2346.549364352884</ele>
   </trkpt>
   <trkpt lat="43.93179000000001" lon="-113.80029">
    <ele>2356.7931405974364</ele>
   </trkpt>
   <trkpt lat="43.93138000054182" lon="-113.80061000213162">
    <ele>2363.873573631513</ele>
   </trkpt>
   <trkpt lat="43.93097" lon="-113.80093000000001">
    <ele>2369.380460324054</ele>
   </trkpt>
   <trkpt lat="43.930600000000005" lon="-113.80119">
    <ele>2373.6347426071657</ele>
   </trkpt>
   <trkpt lat="43.930220000000006" lon="-113.80154">
    <ele>2380.2022774211578</ele>
   </trkpt>
   <trkpt lat="43.93001" lon="-113.80177">
    <ele>2383.4525053041107</ele>
   </trkpt>
   <trkpt lat="43.92971000000001" lon="-113.80217">
    <ele>2388.1121509043555</ele>
   </trkpt>
   <trkpt lat="43.92953000000001" lon="-113.80221">
    <ele>2389.880072217918</ele>
   </trkpt>
   <trkpt lat="43.9294" lon="-113.80214000000001">
    <ele>2392.095442002684</ele>
   </trkpt>
   <trkpt lat="43.929030000000004" lon="-113.80182">
    <ele>2396.0072985628735</ele>
   </trkpt>
   <trkpt lat="43.928920000000005" lon="-113.80177">
    <ele>2396.5684493700646</ele>
   </trkpt>
   <trkpt lat="43.928790000000006" lon="-113.80177">
    <ele>2397.726045282043</ele>
   </trkpt>
   <trkpt lat="43.92871" lon="-113.80181">
    <ele>2398.2711654324917</ele>
   </trkpt>
   <trkpt lat="43.92866" lon="-113.80186">
    <ele>2398.967685445845</ele>
   </trkpt>
   <trkpt lat="43.928630000000005" lon="-113.80209">
    <ele>2400.280544841728</ele>
   </trkpt>
   <trkpt lat="43.928670000000004" lon="-113.80221">
    <ele>2400.964032384199</ele>
   </trkpt>
   <trkpt lat="43.92882" lon="-113.80250000000001">
    <ele>2402.7877904764655</ele>
   </trkpt>
   <trkpt lat="43.929100000000005" lon="-113.80281000000001">
    <ele>2405.831047816794</ele>
   </trkpt>
   <trkpt lat="43.929320000000004" lon="-113.80298">
    <ele>2407.979178774935</ele>
   </trkpt>
   <trkpt lat="43.92971000000001" lon="-113.80307">
    <ele>2411.254644601017</ele>
   </trkpt>
   <trkpt lat="43.929790000000004" lon="-113.80311">
    <ele>2412.7454960149075</ele>
   </trkpt>
   <trkpt lat="43.929860000000005" lon="-113.80324">
    <ele>2412.7454960149075</ele>
   </trkpt>
   <trkpt lat="43.9299" lon="-113.80338">
    <ele>2414.329826021808</ele>
   </trkpt>
   <trkpt lat="43.92987000210616" lon="-113.80407500034978">
    <ele>2419.2186891399824</ele>
   </trkpt>
   <trkpt lat="43.929840000000006" lon="-113.80477">
    <ele>2426.4424360267167</ele>
   </trkpt>
   <trkpt lat="43.929750000000006" lon="-113.80512">
    <ele>2430.978530774065</ele>
   </trkpt>
   <trkpt lat="43.929590000000005" lon="-113.80548">
    <ele>2434.99485657281</ele>
   </trkpt>
   <trkpt lat="43.92915000000001" lon="-113.8062">
    <ele>2442.0455335512693</ele>
   </trkpt>
   <trkpt lat="43.929050000000004" lon="-113.80633">
    <ele>2444.1338036012407</ele>
   </trkpt>
   <trkpt lat="43.928900000000006" lon="-113.80647">
    <ele>2446.044504295526</ele>
   </trkpt>
   <trkpt lat="43.92851" lon="-113.80673000000002">
    <ele>2450.7518031736167</ele>
   </trkpt>
   <trkpt lat="43.92835" lon="-113.80669">
    <ele>2452.1747137285874</ele>
   </trkpt>
   <trkpt lat="43.92813" lon="-113.80629">
    <ele>2454.849305990315</ele>
   </trkpt>
   <trkpt lat="43.92781" lon="-113.80584">
    <ele>2456.925565385693</ele>
   </trkpt>
   <trkpt lat="43.927310000000006" lon="-113.8054">
    <ele>2460.4143767325195</ele>
   </trkpt>
   <trkpt lat="43.92721" lon="-113.80532000000001">
    <ele>2461.7997082459565</ele>
   </trkpt>
   <trkpt lat="43.92658" lon="-113.80509">
    <ele>2467.766821105396</ele>
   </trkpt>
   <trkpt lat="43.92631" lon="-113.80495">
    <ele>2470.5660592285526</ele>
   </trkpt>
   <trkpt lat="43.926170000000006" lon="-113.80485000000002">
    <ele>2471.0592491598395</ele>
   </trkpt>
   <trkpt lat="43.92596" lon="-113.80456000000001">
    <ele>2472.94816948735</ele>
   </trkpt>
   <trkpt lat="43.925700000000006" lon="-113.80396">
    <ele>2476.0849423983664</ele>
   </trkpt>
   <trkpt lat="43.92557" lon="-113.80373000000002">
    <ele>2477.0980074705903</ele>
   </trkpt>
   <trkpt lat="43.925290000000004" lon="-113.80329">
    <ele>2480.0368252026738</ele>
   </trkpt>
   <trkpt lat="43.92508" lon="-113.80285">
    <ele>2481.769212095368</ele>
   </trkpt>
   <trkpt lat="43.92486" lon="-113.80223000000001">
    <ele>2485.3812422600886</ele>
   </trkpt>
   <trkpt lat="43.92425" lon="-113.80136">
    <ele>2492.0680748647123</ele>
   </trkpt>
   <trkpt lat="43.924130000000005" lon="-113.80123">
    <ele>2493.4040756763466</ele>
   </trkpt>
   <trkpt lat="43.923880000000004" lon="-113.80106">
    <ele>2494.6920973592905</ele>
   </trkpt>
   <trkpt lat="43.92316000027805" lon="-113.80078499665201">
    <ele>2499.770957533886</ele>
   </trkpt>
   <trkpt lat="43.92244" lon="-113.80051">
    <ele>2507.3270434225487</ele>
   </trkpt>
   <trkpt lat="43.92215" lon="-113.80033">
    <ele>2509.8429785008966</ele>
   </trkpt>
   <trkpt lat="43.92163" lon="-113.80016">
    <ele>2513.652089111579</ele>
   </trkpt>
   <trkpt lat="43.9215" lon="-113.80008000000001">
    <ele>2514.971183056653</ele>
   </trkpt>
   <trkpt lat="43.92137" lon="-113.79993">
    <ele>2516.226875500914</ele>
   </trkpt>
   <trkpt lat="43.921020000000006" lon="-113.79959000000001">
    <ele>2518.95607614805</ele>
   </trkpt>
   <trkpt lat="43.920480000000005" lon="-113.79939">
    <ele>2520.3922590959723</ele>
   </trkpt>
   <trkpt lat="43.92016" lon="-113.79922">
    <ele>2520.946627960822</ele>
   </trkpt>
   <trkpt lat="43.91967000110672" lon="-113.79872499596219">
    <ele>2521.2670123980247</ele>
   </trkpt>
   <trkpt lat="43.919180000000004" lon="-113.79823">
    <ele>2521.663177151647</ele>
   </trkpt>
   <trkpt lat="43.918800000000005" lon="-113.79781000000001">
    <ele>2522.8422530565567</ele>
   </trkpt>
   <trkpt lat="43.918250001231605" lon="-113.79723499446543">
    <ele>2526.05599129082</ele>
   </trkpt>
   <trkpt lat="43.9177" lon="-113.79666">
    <ele>2529.821677530295</ele>
   </trkpt>
   <trkpt lat="43.91738" lon="-113.79635">
    <ele>2532.277551098449</ele>
   </trkpt>
   <trkpt lat="43.91725" lon="-113.79626">
    <ele>2532.483836075231</ele>
   </trkpt>
   <trkpt lat="43.91662" lon="-113.79595">
    <ele>2534.151639305957</ele>
   </trkpt>
   <trkpt lat="43.91582750159841" lon="-113.79560248612444">
    <ele>2535.356671645395</ele>
   </trkpt>
   <trkpt lat="43.91503500214371" lon="-113.79525498150508">
    <ele>2538.927288032036</ele>
   </trkpt>
   <trkpt lat="43.914242501635954" lon="-113.79490748614143">
    <ele>2545.949602033659</ele>
   </trkpt>
   <trkpt lat="43.913450000000005" lon="-113.79456">
    <ele>2556.2549572365906</ele>
   </trkpt>
   <trkpt lat="43.913320000000006" lon="-113.79452">
    <ele>2558.1911475008706</ele>
   </trkpt>
   <trkpt lat="43.913230000000006" lon="-113.79452">
    <ele>2558.1911475008706</ele>
   </trkpt>
   <trkpt lat="43.91315" lon="-113.7946">
    <ele>2560.1390094765084</ele>
   </trkpt>
   <trkpt lat="43.91310000000001" lon="-113.79469">
    <ele>2561.2095213519056</ele>
   </trkpt>
   <trkpt lat="43.913070000000005" lon="-113.79478">
    <ele>2561.2095213519056</ele>
   </trkpt>
   <trkpt lat="43.91302" lon="-113.79523">
    <ele>2565.3483001404084</ele>
   </trkpt>
   <trkpt lat="43.91286" lon="-113.79563">
    <ele>2570.730887301403</ele>
   </trkpt>
   <trkpt lat="43.912580000000005" lon="-113.79622">
    <ele>2578.3276818401314</ele>
   </trkpt>
   <trkpt lat="43.91222000140276" lon="-113.7967900034699">
    <ele>2586.9801001041637</ele>
   </trkpt>
   <trkpt lat="43.911860000000004" lon="-113.79736000000001">
    <ele>2596.762858821819</ele>
   </trkpt>
   <trkpt lat="43.9114" lon="-113.79802000000001">
    <ele>2606.013533906826</ele>
   </trkpt>
   <trkpt lat="43.91116" lon="-113.79829000000001">
    <ele>2609.86309551754</ele>
   </trkpt>
   <trkpt lat="43.91105" lon="-113.79838000000001">
    <ele>2610.6845268219945</ele>
   </trkpt>
   <trkpt lat="43.910970000000006" lon="-113.79841">
    <ele>2611.6545735274067</ele>
   </trkpt>
   <trkpt lat="43.91087" lon="-113.79838000000001">
    <ele>2612.44036726103</ele>
   </trkpt>
   <trkpt lat="43.91053" lon="-113.79823">
    <ele>2615.815390508827</ele>
   </trkpt>
   <trkpt lat="43.9104" lon="-113.79815">
    <ele>2617.4775532140684</ele>
   </trkpt>
   <trkpt lat="43.910250000000005" lon="-113.79801">
    <ele>2619.1150716558923</ele>
   </trkpt>
   <trkpt lat="43.909810000647724" lon="-113.79764999740628">
    <ele>2624.988821571866</ele>
   </trkpt>
   <trkpt lat="43.90937" lon="-113.79729">
    <ele>2630.1222782312693</ele>
   </trkpt>
   <trkpt lat="43.90875500086393" lon="-113.79686999572509">
    <ele>2636.860544016556</ele>
   </trkpt>
   <trkpt lat="43.90814" lon="-113.79645000000001">
    <ele>2643.219067321105</ele>
   </trkpt>
   <trkpt lat="43.907630000000005" lon="-113.79613">
    <ele>2648.2429698774213</ele>
   </trkpt>
   <trkpt lat="43.9072" lon="-113.79591">
    <ele>2651.4171521014573</ele>
   </trkpt>
   <trkpt lat="43.9069" lon="-113.79581">
    <ele>2653.7022881510816</ele>
   </trkpt>
   <trkpt lat="43.9065" lon="-113.79568">
    <ele>2655.6244355600975</ele>
   </trkpt>
   <trkpt lat="43.906040000092595" lon="-113.79559499935445">
    <ele>2657.8970163694107</ele>
   </trkpt>
   <trkpt lat="43.90558" lon="-113.79551000000001">
    <ele>2658.7553027772296</ele>
   </trkpt>
   <trkpt lat="43.905440000000006" lon="-113.79546">
    <ele>2658.6782655666566</ele>
   </trkpt>
   <trkpt lat="43.90511" lon="-113.79528">
    <ele>2658.103316110881</ele>
   </trkpt>
   <trkpt lat="43.90478" lon="-113.79528">
    <ele>2657.253415906571</ele>
   </trkpt>
   <trkpt lat="43.90446" lon="-113.79536">
    <ele>2655.8075745006563</ele>
   </trkpt>
   <trkpt lat="43.90410000000001" lon="-113.79563">
    <ele>2652.452185808355</ele>
   </trkpt>
   <trkpt lat="43.903960000000005" lon="-113.79562000000001">
    <ele>2651.5864832662364</ele>
   </trkpt>
   <trkpt lat="43.903830000000006" lon="-113.79559">
    <ele>2651.098485237809</ele>
   </trkpt>
   <trkpt lat="43.903740000000006" lon="-113.7955">
    <ele>2649.6780355988894</ele>
   </trkpt>
   <trkpt lat="43.90359" lon="-113.79519">
    <ele>2647.3664804549635</ele>
   </trkpt>
   <trkpt lat="43.90359" lon="-113.79492">
    <ele>2645.8322647633954</ele>
   </trkpt>
   <trkpt lat="43.90366" lon="-113.79475000000001">
    <ele>2644.1575309665136</ele>
   </trkpt>
   <trkpt lat="43.90393" lon="-113.79438">
    <ele>2638.959449529932</ele>
   </trkpt>
   <trkpt lat="43.90402" lon="-113.7942">
    <ele>2637.3100804460614</ele>
   </trkpt>
   <trkpt lat="43.90411" lon="-113.79384">
    <ele>2634.9154878189506</ele>
   </trkpt>
   <trkpt lat="43.90419000000001" lon="-113.79339">
    <ele>2631.2754868772886</ele>
   </trkpt>
   <trkpt lat="43.904230000000005" lon="-113.79304">
    <ele>2629.8246767685605</ele>
   </trkpt>
   <trkpt lat="43.90428500186076" lon="-113.79239000038079">
    <ele>2625.3769690819963</ele>
   </trkpt>
   <trkpt lat="43.904340000000005" lon="-113.79174">
    <ele>2620.2037687174893</ele>
   </trkpt>
   <trkpt lat="43.904410000000006" lon="-113.79147">
    <ele>2618.082301615881</ele>
   </trkpt>
   <trkpt lat="43.904500000000006" lon="-113.7912">
    <ele>2616.687282983041</ele>
   </trkpt>
   <trkpt lat="43.90453" lon="-113.79102">
    <ele>2615.2494202051607</ele>
   </trkpt>
   <trkpt lat="43.904520000000005" lon="-113.7908">
    <ele>2614.5352745336972</ele>
   </trkpt>
   <trkpt lat="43.90446" lon="-113.79049">
    <ele>2611.6940145348035</ele>
   </trkpt>
   <trkpt lat="43.904320000000006" lon="-113.79017">
    <ele>2609.6796260560186</ele>
   </trkpt>
   <trkpt lat="43.90406" lon="-113.78973">
    <ele>2606.154960765897</ele>
   </trkpt>
   <trkpt lat="43.903940000000006" lon="-113.78956000000001">
    <ele>2604.6856410516543</ele>
   </trkpt>
   <trkpt lat="43.903740000000006" lon="-113.78938000000001">
    <ele>2601.5546057337665</ele>
   </trkpt>
   <trkpt lat="43.903040000000004" lon="-113.78905">
    <ele>2595.482131052508</ele>
   </trkpt>
   <trkpt lat="43.902910000000006" lon="-113.78901">
    <ele>2594.003578639058</ele>
   </trkpt>
   <trkpt lat="43.902640000000005" lon="-113.78883">
    <ele>2591.074174171782</ele>
   </trkpt>
   <trkpt lat="43.902370000000005" lon="-113.7886">
    <ele>2588.4177133449525</ele>
   </trkpt>
   <trkpt lat="43.901860000000006" lon="-113.78798">
    <ele>2584.3730843584212</ele>
   </trkpt>
   <trkpt lat="43.901740000000004" lon="-113.78777000000001">
    <ele>2583.235680188926</ele>
   </trkpt>
   <trkpt lat="43.90144" lon="-113.78705000000001">
    <ele>2579.3167489830357</ele>
   </trkpt>
   <trkpt lat="43.9010700040518" lon="-113.78637332503078">
    <ele>2576.0106943337864</ele>
   </trkpt>
   <trkpt lat="43.900700004110774" lon="-113.78569665847206">
    <ele>2572.1351117213303</ele>
   </trkpt>
   <trkpt lat="43.900330000000004" lon="-113.78502">
    <ele>2568.7631241252534</ele>
   </trkpt>
   <trkpt lat="43.900290000000005" lon="-113.78498">
    <ele>2568.7631241252534</ele>
   </trkpt>
   <trkpt lat="43.900270000000006" lon="-113.78498">
    <ele>2568.7631241252534</ele>
   </trkpt>
   <trkpt lat="43.900150000000004" lon="-113.78498">
    <ele>2567.806305776665</ele>
   </trkpt>
   <trkpt lat="43.90012" lon="-113.78515000000002">
    <ele>2566.8565255087346</ele>
   </trkpt>
   <trkpt lat="43.90016000000001" lon="-113.78569">
    <ele>2564.9467059360254</ele>
   </trkpt>
   <trkpt lat="43.90012" lon="-113.78632">
    <ele>2561.7444135100404</ele>
   </trkpt>
   <trkpt lat="43.9001" lon="-113.78732000000001">
    <ele>2557.0633139411866</ele>
   </trkpt>
   <trkpt lat="43.900040000000004" lon="-113.78784">
    <ele>2554.081952819752</ele>
   </trkpt>
   <trkpt lat="43.89996" lon="-113.78887">
    <ele>2549.6876258568373</ele>
   </trkpt>
   <trkpt lat="43.89976" lon="-113.78999">
    <ele>2547.066795960405</ele>
   </trkpt>
   <trkpt lat="43.89967" lon="-113.79035">
    <ele>2546.4921591064035</ele>
   </trkpt>
   <trkpt lat="43.89961" lon="-113.79048">
    <ele>2545.9106055515467</ele>
   </trkpt>
   <trkpt lat="43.899330000000006" lon="-113.79089">
    <ele>2544.7856082641924</ele>
   </trkpt>
   <trkpt lat="43.899080000000005" lon="-113.79139">
    <ele>2542.9641543352886</ele>
   </trkpt>
   <trkpt lat="43.89875000000001" lon="-113.79219">
    <ele>2540.430320988472</ele>
   </trkpt>
   <trkpt lat="43.89858" lon="-113.79254">
    <ele>2539.480979539039</ele>
   </trkpt>
   <trkpt lat="43.89849" lon="-113.79268">
    <ele>2539.1715634632005</ele>
   </trkpt>
   <trkpt lat="43.89784" lon="-113.79344">
    <ele>2536.334898557172</ele>
   </trkpt>
   <trkpt lat="43.89757" lon="-113.79384">
    <ele>2535.2186069255745</ele>
   </trkpt>
   <trkpt lat="43.89739" lon="-113.7942">
    <ele>2534.244245731585</ele>
   </trkpt>
   <trkpt lat="43.897220000000004" lon="-113.79465">
    <ele>2533.1915201540733</ele>
   </trkpt>
   <trkpt lat="43.89696000000001" lon="-113.79545">
    <ele>2530.726176344804</ele>
   </trkpt>
   <trkpt lat="43.896910000000005" lon="-113.79568">
    <ele>2529.9052587775786</ele>
   </trkpt>
   <trkpt lat="43.89685000448426" lon="-113.79669500115149">
    <ele>2526.5207718891843</ele>
   </trkpt>
   <trkpt lat="43.89679" lon="-113.79771000000001">
    <ele>2523.815861050819</ele>
   </trkpt>
   <trkpt lat="43.89676" lon="-113.79792">
    <ele>2523.4032398309696</ele>
   </trkpt>
   <trkpt lat="43.896460000000005" lon="-113.79881">
    <ele>2520.603778748549</ele>
   </trkpt>
   <trkpt lat="43.89641" lon="-113.79950000000001">
    <ele>2518.5117075325634</ele>
   </trkpt>
   <trkpt lat="43.89631000000001" lon="-113.79999000000001">
    <ele>2517.1342484294605</ele>
   </trkpt>
   <trkpt lat="43.89623" lon="-113.80016">
    <ele>2516.5339864256043</ele>
   </trkpt>
   <trkpt lat="43.895860000000006" lon="-113.8007">
    <ele>2514.6138431892364</ele>
   </trkpt>
   <trkpt lat="43.8958" lon="-113.80087">
    <ele>2513.9164974405003</ele>
   </trkpt>
   <trkpt lat="43.895675001905936" lon="-113.80152500118973">
    <ele>2511.8131490594624</ele>
   </trkpt>
   <trkpt lat="43.89555" lon="-113.80218">
    <ele>2510.234842902276</ele>
   </trkpt>
   <trkpt lat="43.89544" lon="-113.80266">
    <ele>2508.874321073861</ele>
   </trkpt>
   <trkpt lat="43.89513" lon="-113.80366000000001">
    <ele>2504.9553474446398</ele>
   </trkpt>
   <trkpt lat="43.89497" lon="-113.80432">
    <ele>2502.43771049385</ele>
   </trkpt>
   <trkpt lat="43.894890000000004" lon="-113.8045">
    <ele>2501.9132397514613</ele>
   </trkpt>
   <trkpt lat="43.894560000000006" lon="-113.80509">
    <ele>2498.907263770541</ele>
   </trkpt>
   <trkpt lat="43.89448" lon="-113.8053">
    <ele>2497.4081936438347</ele>
   </trkpt>
   <trkpt lat="43.89419" lon="-113.80571">
    <ele>2495.2514654471624</ele>
   </trkpt>
   <trkpt lat="43.894000000000005" lon="-113.80611">
    <ele>2493.4811645420555</ele>
   </trkpt>
   <trkpt lat="43.893930000000005" lon="-113.80643">
    <ele>2491.9277252581614</ele>
   </trkpt>
   <trkpt lat="43.89368" lon="-113.80705">
    <ele>2489.547839854064</ele>
   </trkpt>
   <trkpt lat="43.89346500213178" lon="-113.80776500290459">
    <ele>2486.0606435990853</ele>
   </trkpt>
   <trkpt lat="43.89325" lon="-113.80848">
    <ele>2482.920913286904</ele>
   </trkpt>
   <trkpt lat="43.893190000000004" lon="-113.80875">
    <ele>2482.0420314845796</ele>
   </trkpt>
   <trkpt lat="43.89311" lon="-113.80938">
    <ele>2480.2674029049012</ele>
   </trkpt>
   <trkpt lat="43.892920000000004" lon="-113.81036">
    <ele>2477.25810379663</ele>
   </trkpt>
   <trkpt lat="43.892900000000004" lon="-113.8113">
    <ele>2474.380664751167</ele>
   </trkpt>
   <trkpt lat="43.892880000000005" lon="-113.81161000000002">
    <ele>2473.515508153503</ele>
   </trkpt>
   <trkpt lat="43.892830000000004" lon="-113.81184">
    <ele>2472.946696683529</ele>
   </trkpt>
   <trkpt lat="43.89269" lon="-113.81225">
    <ele>2471.9640884689106</ele>
   </trkpt>
   <trkpt lat="43.89233" lon="-113.81305">
    <ele>2468.687275352744</ele>
   </trkpt>
   <trkpt lat="43.89211" lon="-113.81369000000001">
    <ele>2466.2484482346576</ele>
   </trkpt>
   <trkpt lat="43.89204" lon="-113.81405000000001">
    <ele>2464.963989441837</ele>
   </trkpt>
   <trkpt lat="43.892010000000006" lon="-113.81431">
    <ele>2464.1314662709638</ele>
   </trkpt>
   <trkpt lat="43.89202" lon="-113.81457">
    <ele>2463.3248715051227</ele>
   </trkpt>
   <trkpt lat="43.89211" lon="-113.81542">
    <ele>2460.649620663268</ele>
   </trkpt>
   <trkpt lat="43.8922" lon="-113.816">
    <ele>2459.5189658135637</ele>
   </trkpt>
   <trkpt lat="43.89235" lon="-113.81657000000001">
    <ele>2458.6008149838226</ele>
   </trkpt>
   <trkpt lat="43.892450000000004" lon="-113.81731">
    <ele>2457.396419219817</ele>
   </trkpt>
   <trkpt lat="43.892410000000005" lon="-113.81788">
    <ele>2457.0108774027376</ele>
   </trkpt>
   <trkpt lat="43.892410000000005" lon="-113.81811">
    <ele>2456.905683828287</ele>
   </trkpt>
   <trkpt lat="43.89247" lon="-113.81887">
    <ele>2455.684263028918</ele>
   </trkpt>
   <trkpt lat="43.892430000000004" lon="-113.81936">
    <ele>2454.675692803586</ele>
   </trkpt>
   <trkpt lat="43.89224" lon="-113.81994">
    <ele>2453.19210001995</ele>
   </trkpt>
   <trkpt lat="43.892120000000006" lon="-113.82013">
    <ele>2452.292736352669</ele>
   </trkpt>
   <trkpt lat="43.89155" lon="-113.82090000000001">
    <ele>2447.7837581469894</ele>
   </trkpt>
   <trkpt lat="43.89132500130656" lon="-113.82146000226685">
    <ele>2445.669506717208</ele>
   </trkpt>
   <trkpt lat="43.8911" lon="-113.82202000000001">
    <ele>2444.1123792572353</ele>
   </trkpt>
   <trkpt lat="43.89099" lon="-113.82218">
    <ele>2443.715411374126</ele>
   </trkpt>
   <trkpt lat="43.89088" lon="-113.82223">
    <ele>2443.595544367258</ele>
   </trkpt>
   <trkpt lat="43.89083" lon="-113.82223">
    <ele>2443.360628924923</ele>
   </trkpt>
   <trkpt lat="43.89056" lon="-113.82205">
    <ele>2442.857760788932</ele>
   </trkpt>
   <trkpt lat="43.890420000000006" lon="-113.822">
    <ele>2442.7228655963645</ele>
   </trkpt>
   <trkpt lat="43.890240000000006" lon="-113.822">
    <ele>2442.6077073478255</ele>
   </trkpt>
   <trkpt lat="43.889720000000004" lon="-113.82218">
    <ele>2442.3086109024907</ele>
   </trkpt>
   <trkpt lat="43.88956" lon="-113.82227">
    <ele>2442.1286556602568</ele>
   </trkpt>
   <trkpt lat="43.889210000000006" lon="-113.82259">
    <ele>2441.3695310604735</ele>
   </trkpt>
   <trkpt lat="43.88882" lon="-113.82317">
    <ele>2440.3089292430886</ele>
   </trkpt>
   <trkpt lat="43.88861000000001" lon="-113.82344">
    <ele>2439.8921569101076</ele>
   </trkpt>
   <trkpt lat="43.88812000068543" lon="-113.82387000364335">
    <ele>2438.805089381974</ele>
   </trkpt>
   <trkpt lat="43.88763" lon="-113.82430000000001">
    <ele>2437.8842995331424</ele>
   </trkpt>
   <trkpt lat="43.887420000000006" lon="-113.82439000000001">
    <ele>2437.7161700130537</ele>
   </trkpt>
   <trkpt lat="43.88696" lon="-113.82456">
    <ele>2437.026162561688</ele>
   </trkpt>
   <trkpt lat="43.88667" lon="-113.8247">
    <ele>2436.160866162303</ele>
   </trkpt>
   <trkpt lat="43.88655000000001" lon="-113.82482">
    <ele>2435.79956338248</ele>
   </trkpt>
   <trkpt lat="43.886390000000006" lon="-113.825">
    <ele>2435.3991316701668</ele>
   </trkpt>
   <trkpt lat="43.88618" lon="-113.82522000000002">
    <ele>2434.6183562087863</ele>
   </trkpt>
   <trkpt lat="43.885960000000004" lon="-113.82536">
    <ele>2434.245682181038</ele>
   </trkpt>
   <trkpt lat="43.88568" lon="-113.8255">
    <ele>2433.55426938213</ele>
   </trkpt>
   <trkpt lat="43.8855" lon="-113.82554">
    <ele>2433.395100377557</ele>
   </trkpt>
   <trkpt lat="43.88523000000001" lon="-113.82555">
    <ele>2433.0912289695366</ele>
   </trkpt>
   <trkpt lat="43.8847" lon="-113.82554">
    <ele>2432.3227176583855</ele>
   </trkpt>
   <trkpt lat="43.884080000000004" lon="-113.82585">
    <ele>2430.9449528550017</ele>
   </trkpt>
   <trkpt lat="43.88393000000001" lon="-113.82594">
    <ele>2430.6316876595392</ele>
   </trkpt>
   <trkpt lat="43.883700000000005" lon="-113.82594">
    <ele>2430.2225841926916</ele>
   </trkpt>
   <trkpt lat="43.883430000000004" lon="-113.82585">
    <ele>2429.739973413459</ele>
   </trkpt>
   <trkpt lat="43.883280000000006" lon="-113.82576">
    <ele>2429.45348051508</ele>
   </trkpt>
   <trkpt lat="43.882580000000004" lon="-113.82573000000001">
    <ele>2428.704837303785</ele>
   </trkpt>
   <trkpt lat="43.882400000000004" lon="-113.82568">
    <ele>2428.427947732208</ele>
   </trkpt>
   <trkpt lat="43.88158000000001" lon="-113.82567">
    <ele>2427.007691966331</ele>
   </trkpt>
   <trkpt lat="43.88138" lon="-113.82559">
    <ele>2426.668461600739</ele>
   </trkpt>
   <trkpt lat="43.880610000000004" lon="-113.82518">
    <ele>2425.4086253045575</ele>
   </trkpt>
   <trkpt lat="43.880500000000005" lon="-113.82514">
    <ele>2425.271810944929</ele>
   </trkpt>
   <trkpt lat="43.880370000000006" lon="-113.82513000000002">
    <ele>2425.1753261448375</ele>
   </trkpt>
   <trkpt lat="43.8802" lon="-113.82514">
    <ele>2424.951679226112</ele>
   </trkpt>
   <trkpt lat="43.87989" lon="-113.82523">
    <ele>2424.6525168677094</ele>
   </trkpt>
   <trkpt lat="43.87975" lon="-113.82524000000001">
    <ele>2424.607632325037</ele>
   </trkpt>
   <trkpt lat="43.8793" lon="-113.82523">
    <ele>2424.047574861276</ele>
   </trkpt>
   <trkpt lat="43.87879" lon="-113.82514">
    <ele>2423.5302884228413</ele>
   </trkpt>
   <trkpt lat="43.878130000000006" lon="-113.82487">
    <ele>2422.646271085803</ele>
   </trkpt>
   <trkpt lat="43.877790000000005" lon="-113.82465">
    <ele>2422.088364478921</ele>
   </trkpt>
   <trkpt lat="43.87765" lon="-113.82461">
    <ele>2421.7795225533455</ele>
   </trkpt>
   <trkpt lat="43.87707" lon="-113.82464">
    <ele>2420.7807254288537</ele>
   </trkpt>
   <trkpt lat="43.87671" lon="-113.82469">
    <ele>2420.3597311947956</ele>
   </trkpt>
   <trkpt lat="43.875980000000006" lon="-113.82496">
    <ele>2419.7423879776056</ele>
   </trkpt>
   <trkpt lat="43.8755600000051" lon="-113.82519000174459">
    <ele>2420.1553152936353</ele>
   </trkpt>
   <trkpt lat="43.87514" lon="-113.82542000000001">
    <ele>2420.894481353553</ele>
   </trkpt>
   <trkpt lat="43.87500000000001" lon="-113.82559">
    <ele>2421.1423979736487</ele>
   </trkpt>
   <trkpt lat="43.874930000000006" lon="-113.82564">
    <ele>2421.1423979736487</ele>
   </trkpt>
   <trkpt lat="43.87436" lon="-113.82644">
    <ele>2422.025184127226</ele>
   </trkpt>
   <trkpt lat="43.87384500164168" lon="-113.82704500517451">
    <ele>2421.444548377109</ele>
   </trkpt>
   <trkpt lat="43.87333" lon="-113.82765">
    <ele>2420.300502074225</ele>
   </trkpt>
   <trkpt lat="43.87306" lon="-113.82796">
    <ele>2419.508609140181</ele>
   </trkpt>
   <trkpt lat="43.872595000981015" lon="-113.82841500347344">
    <ele>2418.1980480433294</ele>
   </trkpt>
   <trkpt lat="43.872130000000006" lon="-113.82887000000001">
    <ele>2417.7590333822277</ele>
   </trkpt>
   <trkpt lat="43.87189" lon="-113.8293">
    <ele>2417.830778056026</ele>
   </trkpt>
   <trkpt lat="43.87172" lon="-113.82989">
    <ele>2418.092134262354</ele>
   </trkpt>
   <trkpt lat="43.871570000000006" lon="-113.83029">
    <ele>2418.3134291440665</ele>
   </trkpt>
   <trkpt lat="43.87127" lon="-113.83096">
    <ele>2418.546262774798</ele>
   </trkpt>
   <trkpt lat="43.87086" lon="-113.83163">
    <ele>2418.2321815682494</ele>
   </trkpt>
   <trkpt lat="43.870515001034285" lon="-113.83216500342816">
    <ele>2417.8816848972883</ele>
   </trkpt>
   <trkpt lat="43.87017" lon="-113.8327">
    <ele>2417.008905530651</ele>
   </trkpt>
   <trkpt lat="43.86983" lon="-113.83302">
    <ele>2416.2479855512315</ele>
   </trkpt>
   <trkpt lat="43.8697" lon="-113.83311">
    <ele>2415.7390879119184</ele>
   </trkpt>
   <trkpt lat="43.86959" lon="-113.83313000000001">
    <ele>2415.7390879119184</ele>
   </trkpt>
   <trkpt lat="43.869530000000005" lon="-113.83312000000001">
    <ele>2415.3431911735297</ele>
   </trkpt>
   <trkpt lat="43.869460000000004" lon="-113.83307">
    <ele>2415.3431911735297</ele>
   </trkpt>
   <trkpt lat="43.86939" lon="-113.83297">
    <ele>2414.928057870059</ele>
   </trkpt>
   <trkpt lat="43.869240000000005" lon="-113.83257">
    <ele>2414.2781276648675</ele>
   </trkpt>
   <trkpt lat="43.869170000000004" lon="-113.83245000000001">
    <ele>2414.0744839780664</ele>
   </trkpt>
   <trkpt lat="43.869080000000004" lon="-113.83239">
    <ele>2413.877833401239</ele>
   </trkpt>
   <trkpt lat="43.86878" lon="-113.83239">
    <ele>2412.911007072413</ele>
   </trkpt>
   <trkpt lat="43.868030000000005" lon="-113.83254000000001">
    <ele>2410.8450285582057</ele>
   </trkpt>
   <trkpt lat="43.867900000000006" lon="-113.83262">
    <ele>2410.710814579631</ele>
   </trkpt>
   <trkpt lat="43.86777" lon="-113.83279">
    <ele>2410.483439423982</ele>
   </trkpt>
   <trkpt lat="43.867700000000006" lon="-113.83311">
    <ele>2409.9657987369396</ele>
   </trkpt>
   <trkpt lat="43.867650000000005" lon="-113.83351">
    <ele>2409.246041989351</ele>
   </trkpt>
   <trkpt lat="43.867520000000006" lon="-113.83406000000001">
    <ele>2407.9308742808853</ele>
   </trkpt>
   <trkpt lat="43.867090000000005" lon="-113.83502000000001">
    <ele>2404.7976802993385</ele>
   </trkpt>
   <trkpt lat="43.866960000000006" lon="-113.83522">
    <ele>2404.186411265474</ele>
   </trkpt>
   <trkpt lat="43.86661000090244" lon="-113.83569000284115">
    <ele>2402.631816645989</ele>
   </trkpt>
   <trkpt lat="43.866260000000004" lon="-113.83616">
    <ele>2400.7061140796595</ele>
   </trkpt>
   <trkpt lat="43.866170000000004" lon="-113.83633">
    <ele>2400.3859891921315</ele>
   </trkpt>
   <trkpt lat="43.86601" lon="-113.83691">
    <ele>2398.365974160355</ele>
   </trkpt>
   <trkpt lat="43.865880000000004" lon="-113.83727">
    <ele>2397.4414805576685</ele>
   </trkpt>
   <trkpt lat="43.86574" lon="-113.83746000000001">
    <ele>2396.5508668033353</ele>
   </trkpt>
   <trkpt lat="43.86547" lon="-113.83776">
    <ele>2395.768065274704</ele>
   </trkpt>
   <trkpt lat="43.865050000000004" lon="-113.83808">
    <ele>2394.4164976781785</ele>
   </trkpt>
   <trkpt lat="43.864760000000004" lon="-113.83839">
    <ele>2393.081078883182</ele>
   </trkpt>
   <trkpt lat="43.86426" lon="-113.8387">
    <ele>2391.168907655462</ele>
   </trkpt>
   <trkpt lat="43.86404" lon="-113.83879">
    <ele>2390.3950568674245</ele>
   </trkpt>
   <trkpt lat="43.863350000000004" lon="-113.83857">
    <ele>2388.438820704247</ele>
   </trkpt>
   <trkpt lat="43.86316" lon="-113.83857">
    <ele>2387.9354940217086</ele>
   </trkpt>
   <trkpt lat="43.862950000000005" lon="-113.83875">
    <ele>2387.1783752354504</ele>
   </trkpt>
   <trkpt lat="43.862570000000005" lon="-113.8392">
    <ele>2385.5211841034725</ele>
   </trkpt>
   <trkpt lat="43.862" lon="-113.83964">
    <ele>2383.5379892571973</ele>
   </trkpt>
   <trkpt lat="43.86168000000001" lon="-113.83997000000001">
    <ele>2382.352970083435</ele>
   </trkpt>
   <trkpt lat="43.86141000000001" lon="-113.84045">
    <ele>2381.170791554954</ele>
   </trkpt>
   <trkpt lat="43.86113" lon="-113.84085">
    <ele>2379.901403125847</ele>
   </trkpt>
   <trkpt lat="43.86045500163394" lon="-113.84145500681531">
    <ele>2376.8712555939255</ele>
   </trkpt>
   <trkpt lat="43.85978" lon="-113.84206">
    <ele>2374.5230881937637</ele>
   </trkpt>
   <trkpt lat="43.85929" lon="-113.84243000000001">
    <ele>2373.0628121885393</ele>
   </trkpt>
   <trkpt lat="43.85868000000001" lon="-113.84328000000001">
    <ele>2371.207301928547</ele>
   </trkpt>
   <trkpt lat="43.858200000000004" lon="-113.84389000000002">
    <ele>2369.3200675828775</ele>
   </trkpt>
   <trkpt lat="43.858050000000006" lon="-113.84422">
    <ele>2368.7602282819585</ele>
   </trkpt>
   <trkpt lat="43.857960000000006" lon="-113.84439">
    <ele>2368.398019038952</ele>
   </trkpt>
   <trkpt lat="43.85774000000001" lon="-113.84457">
    <ele>2367.6846841663346</ele>
   </trkpt>
   <trkpt lat="43.857670000000006" lon="-113.84466">
    <ele>2367.6846841663346</ele>
   </trkpt>
   <trkpt lat="43.85763" lon="-113.84476000000001">
    <ele>2367.5054799822906</ele>
   </trkpt>
   <trkpt lat="43.85752" lon="-113.84519">
    <ele>2366.851806941635</ele>
   </trkpt>
   <trkpt lat="43.85736000000001" lon="-113.84542">
    <ele>2366.343795973214</ele>
   </trkpt>
   <trkpt lat="43.857260000000004" lon="-113.84555">
    <ele>2366.0190427463094</ele>
   </trkpt>
   <trkpt lat="43.856910000000006" lon="-113.84582">
    <ele>2364.953302125717</ele>
   </trkpt>
   <trkpt lat="43.85669" lon="-113.84609">
    <ele>2364.3229551072177</ele>
   </trkpt>
   <trkpt lat="43.85634" lon="-113.84631">
    <ele>2363.6916226490125</ele>
   </trkpt>
   <trkpt lat="43.85624000000001" lon="-113.84645">
    <ele>2363.3613005673697</ele>
   </trkpt>
   <trkpt lat="43.85596" lon="-113.84694">
    <ele>2363.141203184055</ele>
   </trkpt>
   <trkpt lat="43.855880000000006" lon="-113.84704">
    <ele>2363.141203184055</ele>
   </trkpt>
   <trkpt lat="43.855720000000005" lon="-113.84721">
    <ele>2363.178491157576</ele>
   </trkpt>
   <trkpt lat="43.85549" lon="-113.84734">
    <ele>2363.8045097505365</ele>
   </trkpt>
   <trkpt lat="43.855380000000004" lon="-113.84745000000001">
    <ele>2363.861086172496</ele>
   </trkpt>
   <trkpt lat="43.85528" lon="-113.84758000000001">
    <ele>2364.455892655786</ele>
   </trkpt>
   <trkpt lat="43.85490000178258" lon="-113.8482450044921">
    <ele>2367.579166510029</ele>
   </trkpt>
   <trkpt lat="43.85452" lon="-113.84891">
    <ele>2371.633963932587</ele>
   </trkpt>
   <trkpt lat="43.85389000000001" lon="-113.84968">
    <ele>2374.4425219484388</ele>
   </trkpt>
   <trkpt lat="43.853350000000006" lon="-113.85043">
    <ele>2374.362755320059</ele>
   </trkpt>
   <trkpt lat="43.852970000000006" lon="-113.85101">
    <ele>2373.9652795649768</ele>
   </trkpt>
   <trkpt lat="43.85262" lon="-113.85146">
    <ele>2374.1745774281453</ele>
   </trkpt>
   <trkpt lat="43.8522850009947" lon="-113.85194000271032">
    <ele>2374.7935508729106</ele>
   </trkpt>
   <trkpt lat="43.85195" lon="-113.85242000000001">
    <ele>2375.775780027683</ele>
   </trkpt>
   <trkpt lat="43.85174000000001" lon="-113.85267">
    <ele>2376.38054322435</ele>
   </trkpt>
   <trkpt lat="43.8513" lon="-113.85298">
    <ele>2378.030374575388</ele>
   </trkpt>
   <trkpt lat="43.85047500080388" lon="-113.85341000594913">
    <ele>2380.8558591772794</ele>
   </trkpt>
   <trkpt lat="43.849650000000004" lon="-113.85384">
    <ele>2382.677737404849</ele>
   </trkpt>
   <trkpt lat="43.849250000000005" lon="-113.85401">
    <ele>2383.3649498052037</ele>
   </trkpt>
   <trkpt lat="43.84877" lon="-113.85407000000001">
    <ele>2384.045304328772</ele>
   </trkpt>
   <trkpt lat="43.848560000000006" lon="-113.85406">
    <ele>2384.1737868407477</ele>
   </trkpt>
   <trkpt lat="43.848440000000004" lon="-113.85407000000001">
    <ele>2384.1303978669266</ele>
   </trkpt>
   <trkpt lat="43.84808" lon="-113.85446">
    <ele>2384.0615412977136</ele>
   </trkpt>
   <trkpt lat="43.84785" lon="-113.8546">
    <ele>2383.665935087709</ele>
   </trkpt>
   <trkpt lat="43.84734500033786" lon="-113.8548200018073">
    <ele>2382.8192173881876</ele>
   </trkpt>
   <trkpt lat="43.84684" lon="-113.85504">
    <ele>2382.4281181835936</ele>
   </trkpt>
   <trkpt lat="43.84628" lon="-113.85544000000002">
    <ele>2382.505815819609</ele>
   </trkpt>
   <trkpt lat="43.84604" lon="-113.85554">
    <ele>2382.515407843558</ele>
   </trkpt>
   <trkpt lat="43.845600000000005" lon="-113.85563">
    <ele>2382.398996453791</ele>
   </trkpt>
   <trkpt lat="43.84501" lon="-113.85572">
    <ele>2382.1939045309446</ele>
   </trkpt>
   <trkpt lat="43.84445" lon="-113.85581">
    <ele>2383.2389859880723</ele>
   </trkpt>
   <trkpt lat="43.84407" lon="-113.85594">
    <ele>2384.399465528128</ele>
   </trkpt>
   <trkpt lat="43.843900000000005" lon="-113.85595">
    <ele>2385.07613397627</ele>
   </trkpt>
   <trkpt lat="43.843440000054805" lon="-113.85594499996205">
    <ele>2386.8680316916766</ele>
   </trkpt>
   <trkpt lat="43.842980000000004" lon="-113.85594">
    <ele>2389.202124143218</ele>
   </trkpt>
   <trkpt lat="43.842525000148235" lon="-113.85597000021929">
    <ele>2391.5220974598215</ele>
   </trkpt>
   <trkpt lat="43.84207000000001" lon="-113.85600000000001">
    <ele>2394.1824500441294</ele>
   </trkpt>
   <trkpt lat="43.84158" lon="-113.85608">
    <ele>2396.8139255513975</ele>
   </trkpt>
   <trkpt lat="43.84107000010341" lon="-113.85619500097275">
    <ele>2398.9198027229777</ele>
   </trkpt>
   <trkpt lat="43.84056" lon="-113.85631000000001">
    <ele>2400.1657221759406</ele>
   </trkpt>
   <trkpt lat="43.84019000000001" lon="-113.85640000000001">
    <ele>2400.3086240547796</ele>
   </trkpt>
   <trkpt lat="43.839490000000005" lon="-113.85666">
    <ele>2399.231774866876</ele>
   </trkpt>
   <trkpt lat="43.838800000000006" lon="-113.85689">
    <ele>2400.043136053551</ele>
   </trkpt>
   <trkpt lat="43.83838" lon="-113.85698000000001">
    <ele>2401.457029726964</ele>
   </trkpt>
   <trkpt lat="43.838260000000005" lon="-113.85697">
    <ele>2402.356213299633</ele>
   </trkpt>
   <trkpt lat="43.83782" lon="-113.85679">
    <ele>2404.2602977252072</ele>
   </trkpt>
   <trkpt lat="43.837220000806155" lon="-113.8564766603393">
    <ele>2406.713436712367</ele>
   </trkpt>
   <trkpt lat="43.83662000075622" lon="-113.85616332697998">
    <ele>2407.1166182470033</ele>
   </trkpt>
   <trkpt lat="43.836020000000005" lon="-113.85585">
    <ele>2405.9838777923887</ele>
   </trkpt>
   <trkpt lat="43.83561" lon="-113.85562000000002">
    <ele>2404.383082353461</ele>
   </trkpt>
   <trkpt lat="43.835440000000006" lon="-113.85546000000001">
    <ele>2403.587175062792</ele>
   </trkpt>
   <trkpt lat="43.83516" lon="-113.85537000000001">
    <ele>2402.35837978795</ele>
   </trkpt>
   <trkpt lat="43.834920000000004" lon="-113.8554">
    <ele>2401.9640959560707</ele>
   </trkpt>
   <trkpt lat="43.834790000000005" lon="-113.85537000000001">
    <ele>2401.862274797223</ele>
   </trkpt>
   <trkpt lat="43.834680000000006" lon="-113.85532">
    <ele>2401.434800027959</ele>
   </trkpt>
   <trkpt lat="43.834630000000004" lon="-113.85527">
    <ele>2401.434800027959</ele>
   </trkpt>
   <trkpt lat="43.834610000000005" lon="-113.85518">
    <ele>2401.0573091816364</ele>
   </trkpt>
   <trkpt lat="43.83462" lon="-113.855">
    <ele>2400.8375237999967</ele>
   </trkpt>
   <trkpt lat="43.83466000000001" lon="-113.85491">
    <ele>2400.6432628305597</ele>
   </trkpt>
   <trkpt lat="43.8348" lon="-113.85474">
    <ele>2400.2034196367727</ele>
   </trkpt>
   <trkpt lat="43.834920000000004" lon="-113.85456">
    <ele>2399.5380218804316</ele>
   </trkpt>
   <trkpt lat="43.83496" lon="-113.85442">
    <ele>2398.9746758725955</ele>
   </trkpt>
   <trkpt lat="43.834950000000006" lon="-113.85433">
    <ele>2398.6131574829296</ele>
   </trkpt>
   <trkpt lat="43.83484000000001" lon="-113.85401">
    <ele>2397.3599532240473</ele>
   </trkpt>
   <trkpt lat="43.8348" lon="-113.85371">
    <ele>2396.5035560799215</ele>
   </trkpt>
   <trkpt lat="43.834740000000004" lon="-113.85353">
    <ele>2395.6989686294464</ele>
   </trkpt>
   <trkpt lat="43.83462" lon="-113.85343">
    <ele>2394.7872235954246</ele>
   </trkpt>
   <trkpt lat="43.83457000000001" lon="-113.85334">
    <ele>2394.3261400651286</ele>
   </trkpt>
   <trkpt lat="43.834500000000006" lon="-113.85313000000001">
    <ele>2393.2239917019906</ele>
   </trkpt>
   <trkpt lat="43.834430000000005" lon="-113.85307">
    <ele>2392.0781833776414</ele>
   </trkpt>
   <trkpt lat="43.834270000000004" lon="-113.85295">
    <ele>2391.5815870414813</ele>
   </trkpt>
   <trkpt lat="43.83406" lon="-113.85273000000001">
    <ele>2388.9886668184126</ele>
   </trkpt>
   <trkpt lat="43.83349000077189" lon="-113.85229999586713">
    <ele>2383.2237960446237</ele>
   </trkpt>
   <trkpt lat="43.83292" lon="-113.85187">
    <ele>2378.865419883432</ele>
   </trkpt>
   <trkpt lat="43.832570000000004" lon="-113.85165">
    <ele>2376.5712544627445</ele>
   </trkpt>
   <trkpt lat="43.831880000000005" lon="-113.85129">
    <ele>2373.7700388163244</ele>
   </trkpt>
   <trkpt lat="43.831430000000005" lon="-113.85101">
    <ele>2373.115851013783</ele>
   </trkpt>
   <trkpt lat="43.83117" lon="-113.85093">
    <ele>2372.752541377212</ele>
   </trkpt>
   <trkpt lat="43.830960000000005" lon="-113.85093">
    <ele>2372.627580410807</ele>
   </trkpt>
   <trkpt lat="43.830330000000004" lon="-113.85106">
    <ele>2371.754897652365</ele>
   </trkpt>
   <trkpt lat="43.830020000000005" lon="-113.85102">
    <ele>2371.0264407347845</ele>
   </trkpt>
   <trkpt lat="43.82983" lon="-113.85097">
    <ele>2370.205466403147</ele>
   </trkpt>
   <trkpt lat="43.82968" lon="-113.85088">
    <ele>2369.7946662007867</ele>
   </trkpt>
   <trkpt lat="43.829570000000004" lon="-113.85079">
    <ele>2368.7618693292084</ele>
   </trkpt>
   <trkpt lat="43.82947" lon="-113.85066">
    <ele>2368.469212463157</ele>
   </trkpt>
   <trkpt lat="43.82931000000001" lon="-113.85031000000001">
    <ele>2366.9776215129104</ele>
   </trkpt>
   <trkpt lat="43.82912" lon="-113.85004">
    <ele>2365.770752047238</ele>
   </trkpt>
   <trkpt lat="43.82909" lon="-113.84995">
    <ele>2365.3744260636654</ele>
   </trkpt>
   <trkpt lat="43.82907" lon="-113.84982000000001">
    <ele>2364.98161921827</ele>
   </trkpt>
   <trkpt lat="43.829060000000005" lon="-113.84927">
    <ele>2362.651070001651</ele>
   </trkpt>
   <trkpt lat="43.829010000000004" lon="-113.84883">
    <ele>2360.7799977158</ele>
   </trkpt>
   <trkpt lat="43.828860000000006" lon="-113.84816000000001">
    <ele>2359.081972166898</ele>
   </trkpt>
   <trkpt lat="43.82882" lon="-113.8481">
    <ele>2359.081972166898</ele>
   </trkpt>
   <trkpt lat="43.82876" lon="-113.84806">
    <ele>2358.6065227755785</ele>
   </trkpt>
   <trkpt lat="43.82865" lon="-113.84806">
    <ele>2358.365597821706</ele>
   </trkpt>
   <trkpt lat="43.828590000000005" lon="-113.8481">
    <ele>2358.174914623837</ele>
   </trkpt>
   <trkpt lat="43.82853" lon="-113.84815">
    <ele>2358.174914623837</ele>
   </trkpt>
   <trkpt lat="43.82826" lon="-113.8486">
    <ele>2357.1998429560936</ele>
   </trkpt>
   <trkpt lat="43.828120000000006" lon="-113.84878">
    <ele>2356.6932537402995</ele>
   </trkpt>
   <trkpt lat="43.82793" lon="-113.84892">
    <ele>2356.160628614829</ele>
   </trkpt>
   <trkpt lat="43.82772000000001" lon="-113.84901">
    <ele>2355.84826894166</ele>
   </trkpt>
   <trkpt lat="43.82725000000001" lon="-113.84915000000001">
    <ele>2355.8058428206573</ele>
   </trkpt>
   <trkpt lat="43.827090000000005" lon="-113.84917000000002">
    <ele>2355.8058428206573</ele>
   </trkpt>
   <trkpt lat="43.82686" lon="-113.84914">
    <ele>2355.8724217475396</ele>
   </trkpt>
   <trkpt lat="43.82676" lon="-113.84909">
    <ele>2355.8119888329497</ele>
   </trkpt>
   <trkpt lat="43.826600000000006" lon="-113.84892">
    <ele>2355.7404384228644</ele>
   </trkpt>
   <trkpt lat="43.82627" lon="-113.84868000000002">
    <ele>2355.314919725694</ele>
   </trkpt>
   <trkpt lat="43.82614" lon="-113.84861000000001">
    <ele>2355.2684262403563</ele>
   </trkpt>
   <trkpt lat="43.826010000000004" lon="-113.84870000000001">
    <ele>2355.046057921769</ele>
   </trkpt>
   <trkpt lat="43.82596" lon="-113.84878">
    <ele>2354.9050267992284</ele>
   </trkpt>
   <trkpt lat="43.82564000000001" lon="-113.84964000000001">
    <ele>2355.6761814586994</ele>
   </trkpt>
   <trkpt lat="43.825570000000006" lon="-113.8499">
    <ele>2356.4991971451827</ele>
   </trkpt>
   <trkpt lat="43.825480000000006" lon="-113.84999">
    <ele>2356.706110891996</ele>
   </trkpt>
   <trkpt lat="43.82535" lon="-113.85007">
    <ele>2357.7970826226324</ele>
   </trkpt>
   <trkpt lat="43.8252" lon="-113.85012">
    <ele>2359.062492908083</ele>
   </trkpt>
   <trkpt lat="43.824780000000004" lon="-113.85016">
    <ele>2361.9120276853946</ele>
   </trkpt>
   <trkpt lat="43.82435" lon="-113.85003">
    <ele>2365.92004083556</ele>
   </trkpt>
   <trkpt lat="43.82397" lon="-113.84985">
    <ele>2368.9496044286525</ele>
   </trkpt>
   <trkpt lat="43.82381" lon="-113.84972">
    <ele>2369.85098296778</ele>
   </trkpt>
   <trkpt lat="43.82374" lon="-113.84972">
    <ele>2369.85098296778</ele>
   </trkpt>
   <trkpt lat="43.82361" lon="-113.84976">
    <ele>2370.69380106294</ele>
   </trkpt>
   <trkpt lat="43.82349000000001" lon="-113.84988000000001">
    <ele>2371.3997588221355</ele>
   </trkpt>
   <trkpt lat="43.824110000000005" lon="-113.85034">
    <ele>2373.2524369208877</ele>
   </trkpt>
   <trkpt lat="43.82456000024433" lon="-113.85058999809982">
    <ele>2372.830415017535</ele>
   </trkpt>
   <trkpt lat="43.825010000000006" lon="-113.85084">
    <ele>2371.6283786010117</ele>
   </trkpt>
   <trkpt lat="43.82526" lon="-113.85101">
    <ele>2370.972385222304</ele>
   </trkpt>
   <trkpt lat="43.825450000000004" lon="-113.85121000000001">
    <ele>2370.478996911298</ele>
   </trkpt>
   <trkpt lat="43.825610000000005" lon="-113.85146">
    <ele>2369.7364814990415</ele>
   </trkpt>
   <trkpt lat="43.82576" lon="-113.85177000000002">
    <ele>2368.992646509649</ele>
   </trkpt>
   <trkpt lat="43.82596" lon="-113.85231">
    <ele>2367.7224962779574</ele>
   </trkpt>
   <trkpt lat="43.82631000000001" lon="-113.85343">
    <ele>2367.1791106912633</ele>
   </trkpt>
   <trkpt lat="43.826570000000004" lon="-113.8541">
    <ele>2367.3962755423645</ele>
   </trkpt>
   <trkpt lat="43.82686" lon="-113.85464">
    <ele>2366.847848609171</ele>
   </trkpt>
   <trkpt lat="43.8272400015952" lon="-113.85522499643469">
    <ele>2364.587329020977</ele>
   </trkpt>
   <trkpt lat="43.82762" lon="-113.85581">
    <ele>2361.7354150316987</ele>
   </trkpt>
   <trkpt lat="43.82779" lon="-113.85599">
    <ele>2360.7815913991712</ele>
   </trkpt>
   <trkpt lat="43.828100000000006" lon="-113.85625">
    <ele>2359.3183344231784</ele>
   </trkpt>
   <trkpt lat="43.828700000000005" lon="-113.85658000000001">
    <ele>2359.270100374565</ele>
   </trkpt>
   <trkpt lat="43.829010000000004" lon="-113.85684">
    <ele>2359.434268059226</ele>
   </trkpt>
   <trkpt lat="43.82923" lon="-113.8571">
    <ele>2359.6909717749586</ele>
   </trkpt>
   <trkpt lat="43.829575002092355" lon="-113.85779499595554">
    <ele>2361.1587229906463</ele>
   </trkpt>
   <trkpt lat="43.82992" lon="-113.85849">
    <ele>2362.203059051909</ele>
   </trkpt>
   <trkpt lat="43.83028500129279" lon="-113.85902499679408">
    <ele>2361.863054263702</ele>
   </trkpt>
   <trkpt lat="43.830650000000006" lon="-113.85956000000002">
    <ele>2360.8128241519044</ele>
   </trkpt>
   <trkpt lat="43.831055001228776" lon="-113.8600549968372">
    <ele>2358.4832559610772</ele>
   </trkpt>
   <trkpt lat="43.83146000000001" lon="-113.86055">
    <ele>2355.851344107109</ele>
   </trkpt>
   <trkpt lat="43.83182" lon="-113.86096">
    <ele>2354.9234963733657</ele>
   </trkpt>
   <trkpt lat="43.83240000000001" lon="-113.86158">
    <ele>2353.831328109649</ele>
   </trkpt>
   <trkpt lat="43.8328350008787" lon="-113.86197999725098">
    <ele>2353.0685617408644</ele>
   </trkpt>
   <trkpt lat="43.833270000000006" lon="-113.86238000000002">
    <ele>2352.481329977283</ele>
   </trkpt>
   <trkpt lat="43.83373" lon="-113.86274">
    <ele>2351.056655910042</ele>
   </trkpt>
   <trkpt lat="43.83433" lon="-113.86312000000001">
    <ele>2349.3608769027906</ele>
   </trkpt>
   <trkpt lat="43.83505" lon="-113.86333">
    <ele>2345.48330548152</ele>
   </trkpt>
   <trkpt lat="43.8357550000907" lon="-113.86343999870633">
    <ele>2342.3121121243485</ele>
   </trkpt>
   <trkpt lat="43.83646" lon="-113.86355">
    <ele>2338.6195825058703</ele>
   </trkpt>
   <trkpt lat="43.83706" lon="-113.86383000000001">
    <ele>2337.36095178775</ele>
   </trkpt>
   <trkpt lat="43.8376633343494" lon="-113.8641733263835">
    <ele>2336.9303759945146</ele>
   </trkpt>
   <trkpt lat="43.838266667671" lon="-113.86451665971006">
    <ele>2335.7809726601336</ele>
   </trkpt>
   <trkpt lat="43.83887000000001" lon="-113.86486000000001">
    <ele>2334.1340745468206</ele>
   </trkpt>
   <trkpt lat="43.839490000546526" lon="-113.86523499606301">
    <ele>2332.8174945162386</ele>
   </trkpt>
   <trkpt lat="43.84011" lon="-113.86561">
    <ele>2333.053499196025</ele>
   </trkpt>
   <trkpt lat="43.84066666756624" lon="-113.86592332751086">
    <ele>2333.661364019181</ele>
   </trkpt>
   <trkpt lat="43.84122333427643" lon="-113.86623666086861">
    <ele>2332.9652563498053</ele>
   </trkpt>
   <trkpt lat="43.84178000000001" lon="-113.86655">
    <ele>2331.4552704502703</ele>
   </trkpt>
   <trkpt lat="43.842020000000005" lon="-113.86673">
    <ele>2330.5625168130405</ele>
   </trkpt>
   <trkpt lat="43.84241" lon="-113.86709">
    <ele>2329.3093804900896</ele>
   </trkpt>
   <trkpt lat="43.84273" lon="-113.86745">
    <ele>2328.736926219655</ele>
   </trkpt>
   <trkpt lat="43.84315333691117" lon="-113.8680899909266">
    <ele>2327.9782074614172</ele>
   </trkpt>
   <trkpt lat="43.8435766702509" lon="-113.86872999093615">
    <ele>2328.0212421019223</ele>
   </trkpt>
   <trkpt lat="43.844" lon="-113.86937">
    <ele>2328.1136876245237</ele>
   </trkpt>
   <trkpt lat="43.844440000000006" lon="-113.86988000000001">
    <ele>2327.811956747993</ele>
   </trkpt>
   <trkpt lat="43.84512800567704" lon="-113.87044997371297">
    <ele>2325.8804409787926</ele>
   </trkpt>
   <trkpt lat="43.84581600852127" lon="-113.8710199605735">
    <ele>2323.303370719676</ele>
   </trkpt>
   <trkpt lat="43.84650400853258" lon="-113.8715899605822">
    <ele>2320.97139240463</ele>
   </trkpt>
   <trkpt lat="43.84719200571083" lon="-113.87215997373963">
    <ele>2319.001853754644</ele>
   </trkpt>
   <trkpt lat="43.84788" lon="-113.87273">
    <ele>2316.5979494995963</ele>
   </trkpt>
   <trkpt lat="43.848420000000004" lon="-113.87322">
    <ele>2315.1028395634467</ele>
   </trkpt>
   <trkpt lat="43.848670000000006" lon="-113.87349">
    <ele>2314.302417176282</ele>
   </trkpt>
   <trkpt lat="43.84901000000001" lon="-113.87408">
    <ele>2313.6938146779144</ele>
   </trkpt>
   <trkpt lat="43.849160000000005" lon="-113.87412">
    <ele>2313.410317217685</ele>
   </trkpt>
   <trkpt lat="43.8496700053539" lon="-113.8748999867356">
    <ele>2311.5684749677944</ele>
   </trkpt>
   <trkpt lat="43.85018000540287" lon="-113.87567998681028">
    <ele>2309.682514973162</ele>
   </trkpt>
   <trkpt lat="43.85069" lon="-113.87646000000001">
    <ele>2307.88840149965</ele>
   </trkpt>
   <trkpt lat="43.85116500215421" lon="-113.87716499436624">
    <ele>2306.7689240891755</ele>
   </trkpt>
   <trkpt lat="43.85164" lon="-113.87787000000002">
    <ele>2305.6864075491817</ele>
   </trkpt>
   <trkpt lat="43.85219000290018" lon="-113.87869999218968">
    <ele>2304.9519249271325</ele>
   </trkpt>
   <trkpt lat="43.852740000000004" lon="-113.87953">
    <ele>2304.930196100993</ele>
   </trkpt>
   <trkpt lat="43.85329" lon="-113.88044000000001">
    <ele>2304.4981933321806</ele>
   </trkpt>
   <trkpt lat="43.85375000296218" lon="-113.88126499362696">
    <ele>2303.5522758507177</ele>
   </trkpt>
   <trkpt lat="43.85421" lon="-113.88209">
    <ele>2302.7608071575555</ele>
   </trkpt>
   <trkpt lat="43.854585002285255" lon="-113.88282499524075">
    <ele>2302.1319269310447</ele>
   </trkpt>
   <trkpt lat="43.854960000000005" lon="-113.88356">
    <ele>2301.6566378303673</ele>
   </trkpt>
   <trkpt lat="43.855380000000004" lon="-113.88443000000001">
    <ele>2300.6622616895093</ele>
   </trkpt>
   <trkpt lat="43.855716672698485" lon="-113.88525999068916">
    <ele>2299.563339730033</ele>
   </trkpt>
   <trkpt lat="43.85605333939004" lon="-113.88608999075039">
    <ele>2297.751045727938</ele>
   </trkpt>
   <trkpt lat="43.856390000000005" lon="-113.88692">
    <ele>2295.9520657822113</ele>
   </trkpt>
   <trkpt lat="43.8567300178531" lon="-113.88793197689697">
    <ele>2293.9716180726805</ele>
   </trkpt>
   <trkpt lat="43.857070026776306" lon="-113.88894396533483">
    <ele>2292.589102048514</ele>
   </trkpt>
   <trkpt lat="43.85741002676935" lon="-113.88995596531358">
    <ele>2290.692486113438</ele>
   </trkpt>
   <trkpt lat="43.857750017832075" lon="-113.89096797683317">
    <ele>2288.315435744664</ele>
   </trkpt>
   <trkpt lat="43.858090000000004" lon="-113.89198">
    <ele>2285.405145793119</ele>
   </trkpt>
   <trkpt lat="43.85836333938576" lon="-113.89281332568414">
    <ele>2282.629956576969</ele>
   </trkpt>
   <trkpt lat="43.85863667271621" lon="-113.8936466590086">
    <ele>2279.5105479211425</ele>
   </trkpt>
   <trkpt lat="43.85891" lon="-113.89448000000002">
    <ele>2276.9219306120995</ele>
   </trkpt>
   <trkpt lat="43.85927" lon="-113.89561">
    <ele>2275.3084838309956</ele>
   </trkpt>
   <trkpt lat="43.859605004254924" lon="-113.89659499453876">
    <ele>2275.526174953753</ele>
   </trkpt>
   <trkpt lat="43.85994" lon="-113.89758">
    <ele>2278.3730547676887</ele>
   </trkpt>
   <trkpt lat="43.86028500482128" lon="-113.89862999396841">
    <ele>2281.899417442759</ele>
   </trkpt>
   <trkpt lat="43.86063" lon="-113.89968">
    <ele>2283.9954052205544</ele>
   </trkpt>
   <trkpt lat="43.86095668725333" lon="-113.90065164006265">
    <ele>2284.542208460945</ele>
   </trkpt>
   <trkpt lat="43.861283366274385" lon="-113.90162329077332">
    <ele>2284.8460036128736</ele>
   </trkpt>
   <trkpt lat="43.86161003706298" lon="-113.90259495213202">
    <ele>2285.1149151167815</ele>
   </trkpt>
   <trkpt lat="43.86193669961895" lon="-113.90356662413869">
    <ele>2284.911147622721</ele>
   </trkpt>
   <trkpt lat="43.86226335394208" lon="-113.9045383067933">
    <ele>2284.183865492619</ele>
   </trkpt>
   <trkpt lat="43.862590000000004" lon="-113.90551">
    <ele>2283.4548561033507</ele>
   </trkpt>
   <trkpt lat="43.862860000000005" lon="-113.90618">
    <ele>2282.776710776689</ele>
   </trkpt>
   <trkpt lat="43.86299" lon="-113.90645">
    <ele>2282.557292724166</ele>
   </trkpt>
   <trkpt lat="43.8632900010829" lon="-113.90693999759314">
    <ele>2281.99437443584</ele>
   </trkpt>
   <trkpt lat="43.86359" lon="-113.90743">
    <ele>2281.1737093437396</ele>
   </trkpt>
   <trkpt lat="43.86412500253594" lon="-113.90820999282992">
    <ele>2280.0652981898543</ele>
   </trkpt>
   <trkpt lat="43.86466" lon="-113.90899">
    <ele>2278.8149666294876</ele>
   </trkpt>
   <trkpt lat="43.86522500781103" lon="-113.90976247804227">
    <ele>2277.4845889358203</ele>
   </trkpt>
   <trkpt lat="43.86579001041865" lon="-113.91053497072795">
    <ele>2276.364012908585</ele>
   </trkpt>
   <trkpt lat="43.86635500782267" lon="-113.91130747805748">
    <ele>2275.583503100475</ele>
   </trkpt>
   <trkpt lat="43.86692" lon="-113.91208">
    <ele>2274.5458535305097</ele>
   </trkpt>
   <trkpt lat="43.8675140121942" lon="-113.91291596668378">
    <ele>2273.385193439581</ele>
   </trkpt>
   <trkpt lat="43.868108018294485" lon="-113.91375195002934">
    <ele>2272.291984443635</ele>
   </trkpt>
   <trkpt lat="43.86870201830066" lon="-113.91458795003713">
    <ele>2271.1507378656243</ele>
   </trkpt>
   <trkpt lat="43.86929601221244" lon="-113.91542396670775">
    <ele>2269.8964940126148</ele>
   </trkpt>
   <trkpt lat="43.869890000000005" lon="-113.91626000000001">
    <ele>2268.6952645188762</ele>
   </trkpt>
   <trkpt lat="43.87047801253676" lon="-113.91710796652933">
    <ele>2267.5561684324703</ele>
   </trkpt>
   <trkpt lat="43.87106601880339" lon="-113.91795594979062">
    <ele>2266.337785088681</ele>
   </trkpt>
   <trkpt lat="43.871654018799646" lon="-113.91880394978436">
    <ele>2265.34464435649</ele>
   </trkpt>
   <trkpt lat="43.872242012525284" lon="-113.91965196651108">
    <ele>2264.5393178001873</ele>
   </trkpt>
   <trkpt lat="43.87283" lon="-113.9205">
    <ele>2261.4750534679256</ele>
   </trkpt>
   <trkpt lat="43.873185001301984" lon="-113.92103499689455">
    <ele>2260.1190552257576</ele>
   </trkpt>
   <trkpt lat="43.873540000000006" lon="-113.92157">
    <ele>2260.4272451218703</ele>
   </trkpt>
   <trkpt lat="43.87403500580171" lon="-113.92223498345228">
    <ele>2261.8302418796507</ele>
   </trkpt>
   <trkpt lat="43.87453000774736" lon="-113.92289997795186">
    <ele>2262.603335616872</ele>
   </trkpt>
   <trkpt lat="43.87502500583688" lon="-113.92356498349906">
    <ele>2261.8330658032237</ele>
   </trkpt>
   <trkpt lat="43.87552" lon="-113.92423000000001">
    <ele>2260.5573746208224</ele>
   </trkpt>
   <trkpt lat="43.876035001403835" lon="-113.9247899951999">
    <ele>2259.2061257981</ele>
   </trkpt>
   <trkpt lat="43.87655" lon="-113.92535000000001">
    <ele>2257.8982960033695</ele>
   </trkpt>
   <trkpt lat="43.87717000133087" lon="-113.9259249939145">
    <ele>2256.4307004553757</ele>
   </trkpt>
   <trkpt lat="43.877790000000005" lon="-113.9265">
    <ele>2255.0078644195673</ele>
   </trkpt>
   <trkpt lat="43.87836" lon="-113.92712000000002">
    <ele>2253.580829246275</ele>
   </trkpt>
   <trkpt lat="43.87881666932419" lon="-113.9276733248365">
    <ele>2252.514216577339</ele>
   </trkpt>
   <trkpt lat="43.87927333597856" lon="-113.92822665815481">
    <ele>2251.6160885572212</ele>
   </trkpt>
   <trkpt lat="43.87973" lon="-113.92878">
    <ele>2250.9665812226017</ele>
   </trkpt>
   <trkpt lat="43.880270003908976" lon="-113.92945332107246">
    <ele>2250.641555102071</ele>
   </trkpt>
   <trkpt lat="43.88081000386458" lon="-113.93012665435025">
    <ele>2250.772955462524</ele>
   </trkpt>
   <trkpt lat="43.881350000000005" lon="-113.9308">
    <ele>2250.425292938124</ele>
   </trkpt>
   <trkpt lat="43.8817650013615" lon="-113.9313799958128">
    <ele>2249.544618174334</ele>
   </trkpt>
   <trkpt lat="43.882180000000005" lon="-113.93196">
    <ele>2248.13589295572</ele>
   </trkpt>
   <trkpt lat="43.88273500170876" lon="-113.93258499418384">
    <ele>2246.840451696049</ele>
   </trkpt>
   <trkpt lat="43.88329" lon="-113.93321">
    <ele>2245.790488769371</ele>
   </trkpt>
   <trkpt lat="43.8836" lon="-113.93362">
    <ele>2244.9945358736563</ele>
   </trkpt>
   <trkpt lat="43.883840000000006" lon="-113.93406">
    <ele>2244.5222702076144</ele>
   </trkpt>
   <trkpt lat="43.884080000000004" lon="-113.93464000000002">
    <ele>2244.0813093017964</ele>
   </trkpt>
   <trkpt lat="43.884510000000006" lon="-113.93554">
    <ele>2243.1968156056364</ele>
   </trkpt>
   <trkpt lat="43.88496000000001" lon="-113.93661000000002">
    <ele>2242.701355152452</ele>
   </trkpt>
   <trkpt lat="43.88523000000001" lon="-113.93715">
    <ele>2242.4644437783427</ele>
   </trkpt>
   <trkpt lat="43.885650000000005" lon="-113.93814">
    <ele>2241.6814618083476</ele>
   </trkpt>
   <trkpt lat="43.88599000000001" lon="-113.9389">
    <ele>2240.9316672185023</ele>
   </trkpt>
   <trkpt lat="43.88626" lon="-113.93959000000001">
    <ele>2240.1009692141024</ele>
   </trkpt>
   <trkpt lat="43.88662000518355" lon="-113.94067999342272">
    <ele>2239.0789665583916</ele>
   </trkpt>
   <trkpt lat="43.88698" lon="-113.94177">
    <ele>2238.3377239350493</ele>
   </trkpt>
   <trkpt lat="43.887240004883495" lon="-113.94251999339048">
    <ele>2237.82100894448</ele>
   </trkpt>
   <trkpt lat="43.887500004861984" lon="-113.94326999332834">
    <ele>2237.1183250468534</ele>
   </trkpt>
   <trkpt lat="43.88776" lon="-113.94402000000001">
    <ele>2236.3166024110433</ele>
   </trkpt>
   <trkpt lat="43.88812000454293" lon="-113.94503999385431">
    <ele>2235.4945840145992</ele>
   </trkpt>
   <trkpt lat="43.88848" lon="-113.94606">
    <ele>2234.6807126514564</ele>
   </trkpt>
   <trkpt lat="43.88879000312069" lon="-113.94690999549535">
    <ele>2234.127109186067</ele>
   </trkpt>
   <trkpt lat="43.889100000000006" lon="-113.94776">
    <ele>2233.711908363506</ele>
   </trkpt>
   <trkpt lat="43.88932500194922" lon="-113.94841499775458">
    <ele>2233.5513556815913</ele>
   </trkpt>
   <trkpt lat="43.88955000000001" lon="-113.94907">
    <ele>2233.083942559134</ele>
   </trkpt>
   <trkpt lat="43.890040000000006" lon="-113.95009">
    <ele>2231.6084735802215</ele>
   </trkpt>
   <trkpt lat="43.89040000000001" lon="-113.95076">
    <ele>2230.6365393798055</ele>
   </trkpt>
   <trkpt lat="43.8905" lon="-113.95103">
    <ele>2230.3962148709297</ele>
   </trkpt>
   <trkpt lat="43.890510000000006" lon="-113.95104">
    <ele>2230.3962148709297</ele>
   </trkpt>
   <trkpt lat="43.89059" lon="-113.95127000000001">
    <ele>2230.1966697090083</ele>
   </trkpt>
   <trkpt lat="43.89088" lon="-113.95233">
    <ele>2229.5610963619606</ele>
   </trkpt>
   <trkpt lat="43.890980000000006" lon="-113.95284000000001">
    <ele>2229.3410386731684</ele>
   </trkpt>
   <trkpt lat="43.891020000000005" lon="-113.95349000000002">
    <ele>2229.0550291926374</ele>
   </trkpt>
   <trkpt lat="43.890996673017526" lon="-113.95434333396337">
    <ele>2228.58241754065</ele>
   </trkpt>
   <trkpt lat="43.89097333968524" lon="-113.95519666725819">
    <ele>2227.777323594848</ele>
   </trkpt>
   <trkpt lat="43.890950000000004" lon="-113.95605">
    <ele>2226.487282396468</ele>
   </trkpt>
   <trkpt lat="43.89094000349179" lon="-113.95694500021406">
    <ele>2225.8942446238975</ele>
   </trkpt>
   <trkpt lat="43.890930000000004" lon="-113.95784">
    <ele>2225.8400898620757</ele>
   </trkpt>
   <trkpt lat="43.89097500444733" lon="-113.95884999922859">
    <ele>2225.8760037513525</ele>
   </trkpt>
   <trkpt lat="43.891020000000005" lon="-113.95986">
    <ele>2224.2098740455167</ele>
   </trkpt>
   <trkpt lat="43.89110001214296" lon="-113.96103999684605">
    <ele>2222.42341419426</ele>
   </trkpt>
   <trkpt lat="43.89118001214409" lon="-113.96221999686236">
    <ele>2221.182699171289</ele>
   </trkpt>
   <trkpt lat="43.89126" lon="-113.96340000000001">
    <ele>2220.785326728355</ele>
   </trkpt>
   <trkpt lat="43.89132" lon="-113.9637">
    <ele>2220.682483249778</ele>
   </trkpt>
   <trkpt lat="43.89146" lon="-113.96411">
    <ele>2220.476363813465</ele>
   </trkpt>
   <trkpt lat="43.89171" lon="-113.96455">
    <ele>2220.02722476758</ele>
   </trkpt>
   <trkpt lat="43.89217" lon="-113.96527">
    <ele>2219.3291638140854</ele>
   </trkpt>
   <trkpt lat="43.89247" lon="-113.96581">
    <ele>2218.995981995674</ele>
   </trkpt>
   <trkpt lat="43.89253" lon="-113.96599">
    <ele>2218.796003667147</ele>
   </trkpt>
   <trkpt lat="43.892540000000004" lon="-113.96612">
    <ele>2218.572338585081</ele>
   </trkpt>
   <trkpt lat="43.89253" lon="-113.96679">
    <ele>2218.160497039599</ele>
   </trkpt>
   <trkpt lat="43.892450000000004" lon="-113.96787">
    <ele>2216.8577802110385</ele>
   </trkpt>
   <trkpt lat="43.89246000000001" lon="-113.96806000000001">
    <ele>2216.771503175941</ele>
   </trkpt>
   <trkpt lat="43.892480000000006" lon="-113.96822">
    <ele>2216.8514651510022</ele>
   </trkpt>
   <trkpt lat="43.89274" lon="-113.96916">
    <ele>2216.7375782466324</ele>
   </trkpt>
   <trkpt lat="43.8928" lon="-113.96948">
    <ele>2216.6080946616657</ele>
   </trkpt>
   <trkpt lat="43.89289" lon="-113.97025000000001">
    <ele>2216.2523094097223</ele>
   </trkpt>
   <trkpt lat="43.89297001010872" lon="-113.9713266637773">
    <ele>2215.1006985135305</ele>
   </trkpt>
   <trkpt lat="43.89305001010899" lon="-113.97240333044743">
    <ele>2214.7669442396736</ele>
   </trkpt>
   <trkpt lat="43.893130000000006" lon="-113.97348000000001">
    <ele>2214.3029802288947</ele>
   </trkpt>
   <trkpt lat="43.89318500517867" lon="-113.97456999896286">
    <ele>2213.911755011208</ele>
   </trkpt>
   <trkpt lat="43.893240000000006" lon="-113.97566">
    <ele>2214.125982359636</ele>
   </trkpt>
   <trkpt lat="43.893330000000006" lon="-113.97661000000001">
    <ele>2214.0396879315003</ele>
   </trkpt>
   <trkpt lat="43.893400016407405" lon="-113.97772999604416">
    <ele>2212.5987003962114</ele>
   </trkpt>
   <trkpt lat="43.89347002187631" lon="-113.97884999472168">
    <ele>2210.738588164985</ele>
   </trkpt>
   <trkpt lat="43.89354001640667" lon="-113.97996999603217">
    <ele>2209.9462492760567</ele>
   </trkpt>
   <trkpt lat="43.89361" lon="-113.98109000000001">
    <ele>2209.711798176758</ele>
   </trkpt>
   <trkpt lat="43.89372" lon="-113.98207000000001">
    <ele>2208.460264443489</ele>
   </trkpt>
   <trkpt lat="43.893765003451506" lon="-113.98295999928581">
    <ele>2207.214586934202</ele>
   </trkpt>
   <trkpt lat="43.89381" lon="-113.98385">
    <ele>2206.4811601545034</ele>
   </trkpt>
   <trkpt lat="43.89387000000001" lon="-113.98443">
    <ele>2206.4031487962043</ele>
   </trkpt>
   <trkpt lat="43.893930000000005" lon="-113.98528">
    <ele>2205.9609520033055</ele>
   </trkpt>
   <trkpt lat="43.894040000000004" lon="-113.98568000000002">
    <ele>2205.8417243696226</ele>
   </trkpt>
   <trkpt lat="43.894290000000005" lon="-113.98631">
    <ele>2205.72438855541</ele>
   </trkpt>
   <trkpt lat="43.89452000000001" lon="-113.98700000000001">
    <ele>2205.2614712544664</ele>
   </trkpt>
   <trkpt lat="43.89486" lon="-113.9881">
    <ele>2203.9937154589966</ele>
   </trkpt>
   <trkpt lat="43.89503500411189" lon="-113.98906999720207">
    <ele>2201.6499407886768</ele>
   </trkpt>
   <trkpt lat="43.895210000000006" lon="-113.99004000000001">
    <ele>2200.105917625257</ele>
   </trkpt>
   <trkpt lat="43.89526" lon="-113.99043">
    <ele>2199.820843658636</ele>
   </trkpt>
   <trkpt lat="43.89533" lon="-113.9907">
    <ele>2199.548179857329</ele>
   </trkpt>
   <trkpt lat="43.895810000000004" lon="-113.9916">
    <ele>2198.7100474172203</ele>
   </trkpt>
   <trkpt lat="43.89616000237592" lon="-113.99233999562587">
    <ele>2198.046759429299</ele>
   </trkpt>
   <trkpt lat="43.896510000000006" lon="-113.99308">
    <ele>2197.3004432902294</ele>
   </trkpt>
   <trkpt lat="43.896640000000005" lon="-113.99331000000001">
    <ele>2197.126775247399</ele>
   </trkpt>
   <trkpt lat="43.89687000000001" lon="-113.99392">
    <ele>2196.8464090593607</ele>
   </trkpt>
   <trkpt lat="43.897090000000006" lon="-113.99482">
    <ele>2196.417453439185</ele>
   </trkpt>
   <trkpt lat="43.89712" lon="-113.99509">
    <ele>2196.3092747444925</ele>
   </trkpt>
   <trkpt lat="43.897270000000006" lon="-113.99567">
    <ele>2196.1282438334297</ele>
   </trkpt>
   <trkpt lat="43.89734000000001" lon="-113.99607">
    <ele>2195.912748529023</ele>
   </trkpt>
   <trkpt lat="43.897420000000004" lon="-113.99701">
    <ele>2196.013843513157</ele>
   </trkpt>
   <trkpt lat="43.897420000000004" lon="-113.99742">
    <ele>2195.9729825852946</ele>
   </trkpt>
   <trkpt lat="43.89746" lon="-113.99770000000001">
    <ele>2195.621026425786</ele>
   </trkpt>
   <trkpt lat="43.897580000000005" lon="-113.99804">
    <ele>2195.347815330025</ele>
   </trkpt>
   <trkpt lat="43.89777" lon="-113.9984">
    <ele>2194.7052702847564</ele>
   </trkpt>
   <trkpt lat="43.89786" lon="-113.9988">
    <ele>2194.1795336908613</ele>
   </trkpt>
   <trkpt lat="43.89793" lon="-113.99956">
    <ele>2191.9835632994314</ele>
   </trkpt>
   <trkpt lat="43.89797000284063" lon="-114.00036499976461">
    <ele>2190.036790386596</ele>
   </trkpt>
   <trkpt lat="43.898010000000006" lon="-114.00117000000002">
    <ele>2188.997973126488</ele>
   </trkpt>
   <trkpt lat="43.8980850051013" lon="-114.00224999886538">
    <ele>2189.106923704162</ele>
   </trkpt>
   <trkpt lat="43.898160000000004" lon="-114.00333">
    <ele>2190.698170393681</ele>
   </trkpt>
   <trkpt lat="43.89820000210159" lon="-114.00402499945586">
    <ele>2191.279124694286</ele>
   </trkpt>
   <trkpt lat="43.89824" lon="-114.00472">
    <ele>2191.6218951626674</ele>
   </trkpt>
   <trkpt lat="43.898255003296775" lon="-114.00558999958447">
    <ele>2191.2495125463174</ele>
   </trkpt>
   <trkpt lat="43.898270000000004" lon="-114.00646">
    <ele>2190.5905917923365</ele>
   </trkpt>
   <trkpt lat="43.89815000531735" lon="-114.00756500228637">
    <ele>2189.6887450107934</ele>
   </trkpt>
   <trkpt lat="43.898030000000006" lon="-114.00867000000001">
    <ele>2188.7505881199913</ele>
   </trkpt>
   <trkpt lat="43.8978000051327" lon="-114.0097600044356">
    <ele>2187.909503570044</ele>
   </trkpt>
   <trkpt lat="43.89757" lon="-114.01085">
    <ele>2188.0547583959133</ele>
   </trkpt>
   <trkpt lat="43.8973" lon="-114.01174">
    <ele>2188.551997063536</ele>
   </trkpt>
   <trkpt lat="43.8973" lon="-114.01246">
    <ele>2188.5043775596964</ele>
   </trkpt>
   <trkpt lat="43.897180000000006" lon="-114.01326">
    <ele>2187.6721319393246</ele>
   </trkpt>
   <trkpt lat="43.89703" lon="-114.0138">
    <ele>2187.3687552550255</ele>
   </trkpt>
   <trkpt lat="43.89662000467497" lon="-114.01483000696801">
    <ele>2186.85886558783</ele>
   </trkpt>
   <trkpt lat="43.89621" lon="-114.01586">
    <ele>2187.867634314992</ele>
   </trkpt>
   <trkpt lat="43.895970000000005" lon="-114.01657000000002">
    <ele>2189.3497501827396</ele>
   </trkpt>
   <trkpt lat="43.89582" lon="-114.01684000000002">
    <ele>2190.071593920134</ele>
   </trkpt>
   <trkpt lat="43.89569" lon="-114.01716">
    <ele>2190.414241635535</ele>
   </trkpt>
   <trkpt lat="43.895450000000004" lon="-114.01823">
    <ele>2191.280518803817</ele>
   </trkpt>
   <trkpt lat="43.89535" lon="-114.01905000000001">
    <ele>2190.5904541765003</ele>
   </trkpt>
   <trkpt lat="43.89529" lon="-114.0194">
    <ele>2190.5333116458664</ele>
   </trkpt>
   <trkpt lat="43.895070000000004" lon="-114.02003">
    <ele>2190.3456903840215</ele>
   </trkpt>
   <trkpt lat="43.894763343934166" lon="-114.02113334474969">
    <ele>2191.2788374374413</ele>
   </trkpt>
   <trkpt lat="43.89445667725277" lon="-114.02223667813578">
    <ele>2191.0952250594073</ele>
   </trkpt>
   <trkpt lat="43.89415" lon="-114.02334">
    <ele>2189.8411717633103</ele>
   </trkpt>
   <trkpt lat="43.89392" lon="-114.02438000000001">
    <ele>2188.9913424713204</ele>
   </trkpt>
   <trkpt lat="43.89388" lon="-114.02469">
    <ele>2188.8889450423944</ele>
   </trkpt>
   <trkpt lat="43.89383" lon="-114.02589">
    <ele>2189.0951632608794</ele>
   </trkpt>
   <trkpt lat="43.89375500286664" lon="-114.02670000095542">
    <ele>2188.9808740073745</ele>
   </trkpt>
   <trkpt lat="43.89368" lon="-114.02751">
    <ele>2187.42014579816</ele>
   </trkpt>
   <trkpt lat="43.89368" lon="-114.02808">
    <ele>2186.0154275575883</ele>
   </trkpt>
   <trkpt lat="43.89365" lon="-114.02912">
    <ele>2183.6134058222024</ele>
   </trkpt>
   <trkpt lat="43.89369000000001" lon="-114.02996">
    <ele>2182.6992535869617</ele>
   </trkpt>
   <trkpt lat="43.89366500285701" lon="-114.03077000045747">
    <ele>2181.113378905717</ele>
   </trkpt>
   <trkpt lat="43.893640000000005" lon="-114.03158">
    <ele>2178.685811148951</ele>
   </trkpt>
   <trkpt lat="43.89355001241709" lon="-114.03277333695073">
    <ele>2174.8708299741247</ele>
   </trkpt>
   <trkpt lat="43.893460012416256" lon="-114.0339666702948">
    <ele>2172.414834761407</ele>
   </trkpt>
   <trkpt lat="43.893370000000004" lon="-114.03516">
    <ele>2171.1096229946575</ele>
   </trkpt>
   <trkpt lat="43.8932833400915" lon="-114.03604000250759">
    <ele>2170.7167305871963</ele>
   </trkpt>
   <trkpt lat="43.89319667343011" lon="-114.03692000245397">
    <ele>2171.334544452056</ele>
   </trkpt>
   <trkpt lat="43.89311" lon="-114.0378">
    <ele>2172.52002052049</ele>
   </trkpt>
   <trkpt lat="43.89303334130715" lon="-114.03875666921647">
    <ele>2172.204869217706</ele>
   </trkpt>
   <trkpt lat="43.892956674633524" lon="-114.03971333596992">
    <ele>2170.693835411185</ele>
   </trkpt>
   <trkpt lat="43.892880000000005" lon="-114.04067">
    <ele>2169.1208658820615</ele>
   </trkpt>
   <trkpt lat="43.8927966729676" lon="-114.04152000237224">
    <ele>2168.9573198683925</ele>
   </trkpt>
   <trkpt lat="43.8927133396349" lon="-114.04237000236577">
    <ele>2169.524176539479</ele>
   </trkpt>
   <trkpt lat="43.892630000000004" lon="-114.04322">
    <ele>2170.486093832726</ele>
   </trkpt>
   <trkpt lat="43.892630001986554" lon="-114.04389500005806">
    <ele>2171.4956347712646</ele>
   </trkpt>
   <trkpt lat="43.892630000000004" lon="-114.04457000000001">
    <ele>2172.508405803902</ele>
   </trkpt>
   <trkpt lat="43.892720000000004" lon="-114.04528">
    <ele>2173.185331309798</ele>
   </trkpt>
   <trkpt lat="43.89290000791342" lon="-114.04623332750785">
    <ele>2174.0010342686046</ele>
   </trkpt>
   <trkpt lat="43.893080007901624" lon="-114.04718666077868">
    <ele>2173.1874028753195</ele>
   </trkpt>
   <trkpt lat="43.893260000000005" lon="-114.04814">
    <ele>2171.5156891189063</ele>
   </trkpt>
   <trkpt lat="43.89331000171878" lon="-114.04876499967064">
    <ele>2170.871632822658</ele>
   </trkpt>
   <trkpt lat="43.89336" lon="-114.04939">
    <ele>2171.084511447619</ele>
   </trkpt>
   <trkpt lat="43.893385004672" lon="-114.0504249996228">
    <ele>2172.928159766189</ele>
   </trkpt>
   <trkpt lat="43.89341" lon="-114.05146">
    <ele>2173.598588899707</ele>
   </trkpt>
   <trkpt lat="43.893456678201" lon="-114.05260999824571">
    <ele>2173.1278153682124</ele>
   </trkpt>
   <trkpt lat="43.893503344869636" lon="-114.05375999829398">
    <ele>2172.2063205592776</ele>
   </trkpt>
   <trkpt lat="43.893550000000005" lon="-114.05491">
    <ele>2171.7398487240866</ele>
   </trkpt>
   <trkpt lat="43.893565002419486" lon="-114.0556549997894">
    <ele>2171.8060361708162</ele>
   </trkpt>
   <trkpt lat="43.89358" lon="-114.05640000000001">
    <ele>2172.187794029263</ele>
   </trkpt>
   <trkpt lat="43.89363000627516" lon="-114.05759999891221">
    <ele>2171.9653377216137</ele>
   </trkpt>
   <trkpt lat="43.89368" lon="-114.0588">
    <ele>2170.73768432719</ele>
   </trkpt>
   <trkpt lat="43.893710008722074" lon="-114.05979999905705">
    <ele>2169.2138420298443</ele>
   </trkpt>
   <trkpt lat="43.893740008724016" lon="-114.06079999912178">
    <ele>2167.8872778081327</ele>
   </trkpt>
   <trkpt lat="43.89377" lon="-114.0618">
    <ele>2166.883689118238</ele>
   </trkpt>
   <trkpt lat="43.89381500542043" lon="-114.06291499915437">
    <ele>2166.9729041825103</ele>
   </trkpt>
   <trkpt lat="43.893860000000004" lon="-114.06403">
    <ele>2166.088582628772</ele>
   </trkpt>
   <trkpt lat="43.893880002686814" lon="-114.06481499973742">
    <ele>2164.86223880476</ele>
   </trkpt>
   <trkpt lat="43.8939" lon="-114.0656">
    <ele>2162.509073554237</ele>
   </trkpt>
   <trkpt lat="43.89394000208817" lon="-114.06629499922303">
    <ele>2160.8436354902474</ele>
   </trkpt>
   <trkpt lat="43.893980000000006" lon="-114.06699">
    <ele>2158.977934118752</ele>
   </trkpt>
   <trkpt lat="43.89414" lon="-114.06806">
    <ele>2155.7870022186457</ele>
   </trkpt>
   <trkpt lat="43.894352512225275" lon="-114.0690274895584">
    <ele>2153.6883144543262</ele>
   </trkpt>
   <trkpt lat="43.894565016288105" lon="-114.0699949860218">
    <ele>2153.388682067206</ele>
   </trkpt>
   <trkpt lat="43.894777512188384" lon="-114.07096248939008">
    <ele>2152.845282043466</ele>
   </trkpt>
   <trkpt lat="43.89499000000001" lon="-114.07193000000001">
    <ele>2153.01650073725</ele>
   </trkpt>
   <trkpt lat="43.895140000000005" lon="-114.07312">
    <ele>2154.030529348467</ele>
   </trkpt>
   <trkpt lat="43.895410000000005" lon="-114.07415">
    <ele>2155.2985298090052</ele>
   </trkpt>
   <trkpt lat="43.895480000000006" lon="-114.07451">
    <ele>2155.288596884082</ele>
   </trkpt>
   <trkpt lat="43.89586000445317" lon="-114.07551999356927">
    <ele>2155.7254643468714</ele>
   </trkpt>
   <trkpt lat="43.896240000000006" lon="-114.07653">
    <ele>2156.6811624564057</ele>
   </trkpt>
   <trkpt lat="43.89631000000001" lon="-114.0768">
    <ele>2156.900181233463</ele>
   </trkpt>
   <trkpt lat="43.89643" lon="-114.07707">
    <ele>2157.0273619017667</ele>
   </trkpt>
   <trkpt lat="43.89659" lon="-114.0776">
    <ele>2157.0188580228682</ele>
   </trkpt>
   <trkpt lat="43.896880001214434" lon="-114.07811999753109">
    <ele>2156.567219216798</ele>
   </trkpt>
   <trkpt lat="43.89717" lon="-114.07864000000001">
    <ele>2156.056569893774</ele>
   </trkpt>
   <trkpt lat="43.89753000096633" lon="-114.07913499686703">
    <ele>2155.5434869590276</ele>
   </trkpt>
   <trkpt lat="43.897890000000004" lon="-114.07963000000001">
    <ele>2154.8823903158795</ele>
   </trkpt>
   <trkpt lat="43.89833000148236" lon="-114.08020499580424">
    <ele>2154.0423895786907</ele>
   </trkpt>
   <trkpt lat="43.898770000000006" lon="-114.08078">
    <ele>2153.644534286402</ele>
   </trkpt>
   <trkpt lat="43.899" lon="-114.08115000000001">
    <ele>2153.4441195783274</ele>
   </trkpt>
   <trkpt lat="43.899190000000004" lon="-114.08159">
    <ele>2153.0793121214465</ele>
   </trkpt>
   <trkpt lat="43.89932" lon="-114.08217">
    <ele>2152.6052524741976</ele>
   </trkpt>
   <trkpt lat="43.899420006555125" lon="-114.08303666380138">
    <ele>2151.70424798245</ele>
   </trkpt>
   <trkpt lat="43.89952000656045" lon="-114.08390333051403">
    <ele>2151.1367939066376</ele>
   </trkpt>
   <trkpt lat="43.899620000000006" lon="-114.08477">
    <ele>2150.4446400106335</ele>
   </trkpt>
   <trkpt lat="43.89974" lon="-114.08558000000001">
    <ele>2149.9222518523484</ele>
   </trkpt>
   <trkpt lat="43.899860000000004" lon="-114.08669">
    <ele>2149.784910554177</ele>
   </trkpt>
   <trkpt lat="43.899820000000005" lon="-114.08767">
    <ele>2150.5828614070933</ele>
   </trkpt>
   <trkpt lat="43.89975000843609" lon="-114.08865333558772">
    <ele>2151.2963754476064</ele>
   </trkpt>
   <trkpt lat="43.89968000844019" lon="-114.08963666886338">
    <ele>2151.9447816431634</ele>
   </trkpt>
   <trkpt lat="43.89961" lon="-114.09062000000002">
    <ele>2152.3877430068333</ele>
   </trkpt>
   <trkpt lat="43.89955000169118" lon="-114.09125000104802">
    <ele>2152.3037683862954</ele>
   </trkpt>
   <trkpt lat="43.89949" lon="-114.09188">
    <ele>2151.9052220711724</ele>
   </trkpt>
   <trkpt lat="43.89940000000001" lon="-114.09305">
    <ele>2151.318716742631</ele>
   </trkpt>
   <trkpt lat="43.89932000228383" lon="-114.09378000134285">
    <ele>2150.121416834637</ele>
   </trkpt>
   <trkpt lat="43.899240000000006" lon="-114.09451000000001">
    <ele>2148.207145280068</ele>
   </trkpt>
   <trkpt lat="43.89918" lon="-114.09493">
    <ele>2146.698971816599</ele>
   </trkpt>
   <trkpt lat="43.89911" lon="-114.0952">
    <ele>2144.4432284628638</ele>
   </trkpt>
   <trkpt lat="43.89884000000001" lon="-114.09609">
    <ele>2138.3024757226694</ele>
   </trkpt>
   <trkpt lat="43.898810000000005" lon="-114.09649">
    <ele>2136.761074576833</ele>
   </trkpt>
   <trkpt lat="43.89887" lon="-114.09736000000001">
    <ele>2135.2671190990054</ele>
   </trkpt>
   <trkpt lat="43.898880000000005" lon="-114.09798">
    <ele>2136.3891355318406</ele>
   </trkpt>
   <trkpt lat="43.898830000000004" lon="-114.09816000000001">
    <ele>2138.1181369601622</ele>
   </trkpt>
   <trkpt lat="43.898790000000005" lon="-114.09847">
    <ele>2139.479800153872</ele>
   </trkpt>
   <trkpt lat="43.8988" lon="-114.09887">
    <ele>2140.2059616262068</ele>
   </trkpt>
   <trkpt lat="43.898860000000006" lon="-114.09941">
    <ele>2142.832296522354</ele>
   </trkpt>
   <trkpt lat="43.899080000000005" lon="-114.10057">
    <ele>2146.340810591285</ele>
   </trkpt>
   <trkpt lat="43.89905" lon="-114.10085000000001">
    <ele>2148.1013203262396</ele>
   </trkpt>
   <trkpt lat="43.899350000000005" lon="-114.10101">
    <ele>2148.896216189002</ele>
   </trkpt>
   <trkpt lat="43.900040000000004" lon="-114.10146">
    <ele>2153.0487179537527</ele>
   </trkpt>
   <trkpt lat="43.900310000000005" lon="-114.10178">
    <ele>2154.01523053914</ele>
   </trkpt>
   <trkpt lat="43.90046" lon="-114.102">
    <ele>2154.6341960405293</ele>
   </trkpt>
   <trkpt lat="43.90053" lon="-114.10218">
    <ele>2154.6341960405293</ele>
   </trkpt>
   <trkpt lat="43.90064" lon="-114.10236">
    <ele>2155.139852046401</ele>
   </trkpt>
   <trkpt lat="43.90095500068661" lon="-114.10264249700231">
    <ele>2156.3406219805665</ele>
   </trkpt>
   <trkpt lat="43.90127000137322" lon="-114.10292499400461">
    <ele>2158.53322154695</ele>
   </trkpt>
   <trkpt lat="43.90195707148664" lon="-114.1034034742638">
    <ele>2159.21191044558</ele>
   </trkpt>
   <trkpt lat="43.90199364291556" lon="-114.10329070744355">
    <ele>2159.21191044558</ele>
   </trkpt>
   <trkpt lat="43.902081243850105" lon="-114.10286574782621">
    <ele>2158.3018988073522</ele>
   </trkpt>
   <trkpt lat="43.902382630783855" lon="-114.1019110547374">
    <ele>2154.1901100847267</ele>
   </trkpt>
   <trkpt lat="43.90251543916369" lon="-114.10159332707896">
    <ele>2152.5380168168886</ele>
   </trkpt>
   <trkpt lat="43.90272249063895" lon="-114.10118798948433">
    <ele>2151.987900412972</ele>
   </trkpt>
   <trkpt lat="43.90281086080945" lon="-114.1009410473585">
    <ele>2151.534938113498</ele>
   </trkpt>
   <trkpt lat="43.90291891156187" lon="-114.10052084507889">
    <ele>2151.0351375442942</ele>
   </trkpt>
   <trkpt lat="43.90302292009915" lon="-114.10026086488395">
    <ele>2150.499365348759</ele>
   </trkpt>
   <trkpt lat="43.90316952505007" lon="-114.09996910717098">
    <ele>2149.3594915673193</ele>
   </trkpt>
   <trkpt lat="43.90356012211585" lon="-114.09886237995411">
    <ele>2146.6733482440004</ele>
   </trkpt>
   <trkpt lat="43.90379323352497" lon="-114.09813878582851">
    <ele>2145.0289083341527</ele>
   </trkpt>
   <trkpt lat="43.90385276433682" lon="-114.09793176762176">
    <ele>2144.0092768305162</ele>
   </trkpt>
   <trkpt lat="43.903946618541546" lon="-114.09774989198021">
    <ele>2143.5375173954303</ele>
   </trkpt>
   <trkpt lat="43.90415211505717" lon="-114.09742858747838">
    <ele>2143.1601149607422</ele>
   </trkpt>
   <trkpt lat="43.904242075714976" lon="-114.09737364183515">
    <ele>2142.9803466716758</ele>
   </trkpt>
   <trkpt lat="43.90439058313033" lon="-114.09732193785041">
    <ele>2142.9803466716758</ele>
   </trkpt>
   <trkpt lat="43.90446507145923" lon="-114.09724969705883">
    <ele>2141.159255153941</ele>
   </trkpt>
   <trkpt lat="43.90464101643197" lon="-114.09702261728842">
    <ele>2141.948767948732</ele>
   </trkpt>
   <trkpt lat="43.90480228105352" lon="-114.09694679794069">
    <ele>2142.6902865035013</ele>
   </trkpt>
   <trkpt lat="43.904986162814446" lon="-114.09692650121494">
    <ele>2143.330935075807</ele>
   </trkpt>
   <trkpt lat="43.905321219136034" lon="-114.09688359084356">
    <ele>2145.51136494537</ele>
   </trkpt>
   <trkpt lat="43.905686275220035" lon="-114.09680292936275">
    <ele>2146.1977083968636</ele>
   </trkpt>
   <trkpt lat="43.90577537400318" lon="-114.09675325003825">
    <ele>2147.9889942512955</ele>
   </trkpt>
   <trkpt lat="43.905999350395774" lon="-114.09653736261559">
    <ele>2149.439003315444</ele>
   </trkpt>
   <trkpt lat="43.9061205500568" lon="-114.09647047455921">
    <ele>2149.7129775873555</ele>
   </trkpt>
   <trkpt lat="43.90652761765459" lon="-114.09640631505931">
    <ele>2149.4693662186396</ele>
   </trkpt>
   <trkpt lat="43.90680264809058" lon="-114.0963860673845">
    <ele>2148.479301181487</ele>
   </trkpt>
   <trkpt lat="43.9069085489168" lon="-114.09641823867005">
    <ele>2148.335795414518</ele>
   </trkpt>
   <trkpt lat="43.9069831578776" lon="-114.09646212868626">
    <ele>2147.8246112256697</ele>
   </trkpt>
   <trkpt lat="43.907057980384806" lon="-114.09650538741813">
    <ele>2147.515258194143</ele>
   </trkpt>
   <trkpt lat="43.907132931619735" lon="-114.09654754502294">
    <ele>2146.9970815491088</ele>
   </trkpt>
   <trkpt lat="43.9071945625408" lon="-114.0965578215644">
    <ele>2146.9970815491088</ele>
   </trkpt>
   <trkpt lat="43.90725638630344" lon="-114.0965572979881">
    <ele>2146.527380915908</ele>
   </trkpt>
   <trkpt lat="43.90732248461372" lon="-114.09655486313441">
    <ele>2146.527380915908</ele>
   </trkpt>
   <trkpt lat="43.907387402868295" lon="-114.0965597076368">
    <ele>2146.527380915908</ele>
   </trkpt>
   <trkpt lat="43.90745288766973" lon="-114.0965508667229">
    <ele>2146.092053050372</ele>
   </trkpt>
   <trkpt lat="43.907541183343604" lon="-114.09650806916342">
    <ele>2146.092053050372</ele>
   </trkpt>
   <trkpt lat="43.907606947218234" lon="-114.09643142536494">
    <ele>2145.682933599099</ele>
   </trkpt>
   <trkpt lat="43.907707104729106" lon="-114.09619332652984">
    <ele>2144.5326828142847</ele>
   </trkpt>
   <trkpt lat="43.90775776734093" lon="-114.09599727289735">
    <ele>2143.677724501612</ele>
   </trkpt>
   <trkpt lat="43.907760518340275" lon="-114.0957856261017">
    <ele>2142.768549344291</ele>
   </trkpt>
   <trkpt lat="43.90772293195573" lon="-114.09529034377624">
    <ele>2140.257640120785</ele>
   </trkpt>
   <trkpt lat="43.90777924964638" lon="-114.09529916489338">
    <ele>2139.872268527162</ele>
   </trkpt>
   <trkpt lat="43.90806638401622" lon="-114.09590823561112">
    <ele>2139.8334526460108</ele>
   </trkpt>
   <trkpt lat="43.908485537418024" lon="-114.09658966079222">
    <ele>2140.1435852183695</ele>
   </trkpt>
   <trkpt lat="43.908541897449496" lon="-114.09667584690328">
    <ele>2140.1435852183695</ele>
   </trkpt>
   <trkpt lat="43.908597771876465" lon="-114.09676266382118">
    <ele>2140.1435852183695</ele>
   </trkpt>
   <trkpt lat="43.908653254877684" lon="-114.09684996983755">
    <ele>2140.298013133359</ele>
   </trkpt>
   <trkpt lat="43.90870839285965" lon="-114.09693770071176">
    <ele>2140.3244549719766</ele>
   </trkpt>
   <trkpt lat="43.908763169595815" lon="-114.09702587303885">
    <ele>2140.3244549719766</ele>
   </trkpt>
   <trkpt lat="43.9090230323498" lon="-114.0973892904137">
    <ele>2140.346944338058</ele>
   </trkpt>
   <trkpt lat="43.90922359565603" lon="-114.09768136683805">
    <ele>2140.261588448168</ele>
   </trkpt>
   <trkpt lat="43.90940255621931" lon="-114.09801110683122">
    <ele>2140.3193232783824</ele>
   </trkpt>
   <trkpt lat="43.909559217369136" lon="-114.0983460821684">
    <ele>2140.3193232783824</ele>
   </trkpt>
   <trkpt lat="43.90974468134244" lon="-114.09862835518597">
    <ele>2139.5019185458113</ele>
   </trkpt>
   <trkpt lat="43.9102874532732" lon="-114.09939488871107">
    <ele>2138.0386009947715</ele>
   </trkpt>
   <trkpt lat="43.91039449828036" lon="-114.09960317599389">
    <ele>2138.027079294679</ele>
   </trkpt>
   <trkpt lat="43.91063596032084" lon="-114.09992991740049">
    <ele>2138.0220678808914</ele>
   </trkpt>
   <trkpt lat="43.91074234582645" lon="-114.10009099837806">
    <ele>2138.0220678808914</ele>
   </trkpt>
   <trkpt lat="43.91080812493435" lon="-114.10013000550158">
    <ele>2138.0220678808914</ele>
   </trkpt>
   <trkpt lat="43.91087283173271" lon="-114.10009033889777">
    <ele>2138.0220678808914</ele>
   </trkpt>
   <trkpt lat="43.91129151276745" lon="-114.09967898030405">
    <ele>2138.382871674348</ele>
   </trkpt>
   <trkpt lat="43.91181862412735" lon="-114.09920450938414">
    <ele>2134.099564480796</ele>
   </trkpt>
   <trkpt lat="43.91192136964133" lon="-114.09914602024126">
    <ele>2133.5827120503523</ele>
   </trkpt>
   <trkpt lat="43.91203787922081" lon="-114.09913342496193">
    <ele>2132.850397737336</ele>
   </trkpt>
   <trkpt lat="43.912259367188774" lon="-114.09918429529141">
    <ele>2132.0934133650067</ele>
   </trkpt>
   <trkpt lat="43.91246313192337" lon="-114.09922332606587">
    <ele>2132.0446064434555</ele>
   </trkpt>
   <trkpt lat="43.91273365749544" lon="-114.09925125291552">
    <ele>2131.7170508779022</ele>
   </trkpt>
   <trkpt lat="43.91282941791092" lon="-114.09929889142015">
    <ele>2131.5047210754337</ele>
   </trkpt>
   <trkpt lat="43.91290086068263" lon="-114.09938400410863">
    <ele>2131.5644327153627</ele>
   </trkpt>
   <trkpt lat="43.91295583262313" lon="-114.09951721835776">
    <ele>2131.4757665471993</ele>
   </trkpt>
   <trkpt lat="43.91305062700188" lon="-114.09980607713169">
    <ele>2131.4201997801924</ele>
   </trkpt>
   <trkpt lat="43.91306040030036" lon="-114.10029750625996">
    <ele>2131.455758071229</ele>
   </trkpt>
   <trkpt lat="43.91308921884565" lon="-114.10040447252915">
    <ele>2131.5496499541423</ele>
   </trkpt>
   <trkpt lat="43.91314267555487" lon="-114.10047846669623">
    <ele>2131.705193162566</ele>
   </trkpt>
   <trkpt lat="43.91322528814888" lon="-114.10052103526826">
    <ele>2131.8652380322333</ele>
   </trkpt>
   <trkpt lat="43.91370018415632" lon="-114.10056553608705">
    <ele>2131.7157459334258</ele>
   </trkpt>
   <trkpt lat="43.91390413592088" lon="-114.10062017912595">
    <ele>2131.5389937119417</ele>
   </trkpt>
   <trkpt lat="43.91417772645155" lon="-114.10079239229665">
    <ele>2131.2299175004787</ele>
   </trkpt>
   <trkpt lat="43.914325679068725" lon="-114.10092724171314">
    <ele>2131.2299175004787</ele>
   </trkpt>
   <trkpt lat="43.91444737014329" lon="-114.10109343330646">
    <ele>2131.2299175004787</ele>
   </trkpt>
   <trkpt lat="43.91456558916584" lon="-114.10132935557215">
    <ele>2130.854290646395</ele>
   </trkpt>
   <trkpt lat="43.914977956825695" lon="-114.10222045690149">
    <ele>2129.987871276433</ele>
   </trkpt>
   <trkpt lat="43.915208991746894" lon="-114.10265352378045">
    <ele>2129.716474971595</ele>
   </trkpt>
   <trkpt lat="43.915374861836284" lon="-114.10300486068316">
    <ele>2130.008988577944</ele>
   </trkpt>
   <trkpt lat="43.91548535517921" lon="-114.10315639613857">
    <ele>2129.825133928358</ele>
   </trkpt>
   <trkpt lat="43.915672427853195" lon="-114.10334337290416">
    <ele>2129.2223954327437</ele>
   </trkpt>
   <trkpt lat="43.9158703106773" lon="-114.10361686029631">
    <ele>2128.522559468041</ele>
   </trkpt>
   <trkpt lat="43.91597076585798" lon="-114.103703757658">
    <ele>2127.9484757072214</ele>
   </trkpt>
   <trkpt lat="43.91606942719464" lon="-114.10373898319274">
    <ele>2127.9484757072214</ele>
   </trkpt>
   <trkpt lat="43.916177383382106" lon="-114.10372412238847">
    <ele>2127.1960477133916</ele>
   </trkpt>
   <trkpt lat="43.916385289127106" lon="-114.10363946588933">
    <ele>2126.1048157981068</ele>
   </trkpt>
   <trkpt lat="43.91654416494606" lon="-114.10364491830742">
    <ele>2125.543656296275</ele>
   </trkpt>
   <trkpt lat="43.916753560882064" lon="-114.10365212820074">
    <ele>2124.6404919515508</ele>
   </trkpt>
   <trkpt lat="43.91705888433638" lon="-114.1036285387733">
    <ele>2123.3220317166465</ele>
   </trkpt>
   <trkpt lat="43.91716365869884" lon="-114.10365010765706">
    <ele>2122.456143561268</ele>
   </trkpt>
   <trkpt lat="43.917232091520404" lon="-114.10370532253903">
    <ele>2122.1176029599324</ele>
   </trkpt>
   <trkpt lat="43.917311915836464" lon="-114.10384554018175">
    <ele>2121.911453516886</ele>
   </trkpt>
   <trkpt lat="43.917378486743395" lon="-114.10395385058936">
    <ele>2121.3965761095956</ele>
   </trkpt>
   <trkpt lat="43.91744830180869" lon="-114.1040035982808">
    <ele>2121.3965761095956</ele>
   </trkpt>
   <trkpt lat="43.91760349650573" lon="-114.10403526752337">
    <ele>2121.258061534571</ele>
   </trkpt>
   <trkpt lat="43.91791812829678" lon="-114.10405161842367">
    <ele>2120.779982747583</ele>
   </trkpt>
   <trkpt lat="43.917986574304706" lon="-114.10412109448998">
    <ele>2120.59090469067</ele>
   </trkpt>
   <trkpt lat="43.91815140492086" lon="-114.10438705322284">
    <ele>2119.3804444828916</ele>
   </trkpt>
   <trkpt lat="43.918292657962816" lon="-114.1046771976683">
    <ele>2117.9844002699597</ele>
   </trkpt>
   <trkpt lat="43.918505991666564" lon="-114.10516309707698">
    <ele>2117.962854011826</ele>
   </trkpt>
   <trkpt lat="43.9185500695903" lon="-114.10533929289542">
    <ele>2117.962854011826</ele>
   </trkpt>
   <trkpt lat="43.91858013591158" lon="-114.10561274698294">
    <ele>2118.0020024183837</ele>
   </trkpt>
   <trkpt lat="43.91863743279786" lon="-114.10581710245226">
    <ele>2118.0559651051653</ele>
   </trkpt>
   <trkpt lat="43.91879201336493" lon="-114.1061882109097">
    <ele>2118.0559651051653</ele>
   </trkpt>
   <trkpt lat="43.91891177880947" lon="-114.10660336332984">
    <ele>2117.936388768992</ele>
   </trkpt>
   <trkpt lat="43.91909998802005" lon="-114.10743203025625">
    <ele>2115.8190051928796</ele>
   </trkpt>
   <trkpt lat="43.91930268183984" lon="-114.10814478764898">
    <ele>2114.987269497186</ele>
   </trkpt>
   <trkpt lat="43.919370991201134" lon="-114.10857904638702">
    <ele>2115.8934424995214</ele>
   </trkpt>
   <trkpt lat="43.91941632238058" lon="-114.1088759606764">
    <ele>2116.061011130434</ele>
   </trkpt>
   <trkpt lat="43.91945351557686" lon="-114.10912806287335">
    <ele>2116.4791356357164</ele>
   </trkpt>
   <trkpt lat="43.91945149326173" lon="-114.10930738693814">
    <ele>2116.7009888216644</ele>
   </trkpt>
   <trkpt lat="43.91941870472619" lon="-114.10942681416627">
    <ele>2117.1187941232724</ele>
   </trkpt>
   <trkpt lat="43.91932076018202" lon="-114.10962936285503">
    <ele>2117.361289566602</ele>
   </trkpt>
   <trkpt lat="43.91931710428507" lon="-114.10973072283714">
    <ele>2117.361289566602</ele>
   </trkpt>
   <trkpt lat="43.91938654700567" lon="-114.11002318661987">
    <ele>2117.824625782145</ele>
   </trkpt>
   <trkpt lat="43.919383249805115" lon="-114.11013816321348">
    <ele>2118.310996244546</ele>
   </trkpt>
   <trkpt lat="43.91934584553165" lon="-114.11029923711767">
    <ele>2118.310996244546</ele>
   </trkpt>
   <trkpt lat="43.91929415510971" lon="-114.11039721906471">
    <ele>2118.8587209718976</ele>
   </trkpt>
   <trkpt lat="43.91922623593009" lon="-114.11045067311474">
    <ele>2119.1810289346013</ele>
   </trkpt>
   <trkpt lat="43.91906934271882" lon="-114.11049417665022">
    <ele>2119.698615710089</ele>
   </trkpt>
   <trkpt lat="43.91890552599514" lon="-114.11049287666025">
    <ele>2120.161907263089</ele>
   </trkpt>
   <trkpt lat="43.918666775513124" lon="-114.11042975814414">
    <ele>2120.3971435114877</ele>
   </trkpt>
   <trkpt lat="43.91845733094612" lon="-114.11043188565469">
    <ele>2121.17212820483</ele>
   </trkpt>
   <trkpt lat="43.91823618857594" lon="-114.1104820462063">
    <ele>2122.1773690683344</ele>
   </trkpt>
   <trkpt lat="43.91805397414175" lon="-114.11052659609982">
    <ele>2122.6445520697653</ele>
   </trkpt>
   <trkpt lat="43.91772107701955" lon="-114.11054707265555">
    <ele>2123.3712676942127</ele>
   </trkpt>
   <trkpt lat="43.91747186658071" lon="-114.1106340238129">
    <ele>2123.608833946767</ele>
   </trkpt>
   <trkpt lat="43.9173511189452" lon="-114.11067266634309">
    <ele>2123.608833946767</ele>
   </trkpt>
   <trkpt lat="43.91722103853085" lon="-114.11066001116957">
    <ele>2124.288332478294</ele>
   </trkpt>
   <trkpt lat="43.91708173946019" lon="-114.11059787194547">
    <ele>2124.583187261754</ele>
   </trkpt>
   <trkpt lat="43.91642503303361" lon="-114.11010225963838">
    <ele>2127.014118365031</ele>
   </trkpt>
   <trkpt lat="43.91625414876514" lon="-114.10992574621213">
    <ele>2127.7748283070764</ele>
   </trkpt>
   <trkpt lat="43.91615492235281" lon="-114.10975685002362">
    <ele>2128.0970601669665</ele>
   </trkpt>
   <trkpt lat="43.91608546188276" lon="-114.10970288423746">
    <ele>2128.2744900782423</ele>
   </trkpt>
   <trkpt lat="43.915993387394316" lon="-114.10969072579434">
    <ele>2128.2744900782423</ele>
   </trkpt>
   <trkpt lat="43.91581099094557" lon="-114.10972710401654">
    <ele>2128.731044116471</ele>
   </trkpt>
   <trkpt lat="43.91542170542246" lon="-114.10988497660544">
    <ele>2129.2318748663447</ele>
   </trkpt>
   <trkpt lat="43.915291667413825" lon="-114.10990039963734">
    <ele>2129.2313489793687</ele>
   </trkpt>
   <trkpt lat="43.91521099523636" lon="-114.10987127867595">
    <ele>2129.352007048538</ele>
   </trkpt>
   <trkpt lat="43.91504900804613" lon="-114.10970284617558">
    <ele>2129.571311070345</ele>
   </trkpt>
   <trkpt lat="43.914978509499264" lon="-114.1096878288125">
    <ele>2129.571311070345</ele>
   </trkpt>
   <trkpt lat="43.914943503881744" lon="-114.10975470328056">
    <ele>2129.7689199628408</ele>
   </trkpt>
   <trkpt lat="43.915227721871844" lon="-114.11017897095417">
    <ele>2129.9063026968815</ele>
   </trkpt>
   <trkpt lat="43.915404229076984" lon="-114.11040579322149">
    <ele>2129.6713277212953</ele>
   </trkpt>
   <trkpt lat="43.91604306990642" lon="-114.11122839647963">
    <ele>2127.512219669763</ele>
   </trkpt>
   <trkpt lat="43.91667201188789" lon="-114.11206596472032">
    <ele>2126.105692833537</ele>
   </trkpt>
   <trkpt lat="43.91731" lon="-114.11289000000001">
    <ele>2124.612629682584</ele>
   </trkpt>
   <trkpt lat="43.91786000236491" lon="-114.11361999330724">
    <ele>2123.1398981317384</ele>
   </trkpt>
   <trkpt lat="43.91841" lon="-114.11435000000002">
    <ele>2122.0085305229973</ele>
   </trkpt>
   <trkpt lat="43.91885500195621" lon="-114.11502499490555">
    <ele>2120.8456663923203</ele>
   </trkpt>
   <trkpt lat="43.91930000000001" lon="-114.1157">
    <ele>2119.869917611335</ele>
   </trkpt>
   <trkpt lat="43.91974500199194" lon="-114.11634999535724">
    <ele>2118.5815988940476</ele>
   </trkpt>
   <trkpt lat="43.920190000000005" lon="-114.117">
    <ele>2117.6248169255355</ele>
   </trkpt>
   <trkpt lat="43.92067500240884" lon="-114.117739994">
    <ele>2116.8905561747893</ele>
   </trkpt>
   <trkpt lat="43.92116" lon="-114.11848">
    <ele>2116.2924872363537</ele>
   </trkpt>
   <trkpt lat="43.92173667026091" lon="-114.1191199876179">
    <ele>2116.00877098636</ele>
   </trkpt>
   <trkpt lat="43.92231333695" lon="-114.1197599876426">
    <ele>2114.6901029607466</ele>
   </trkpt>
   <trkpt lat="43.92289" lon="-114.1204">
    <ele>2114.287275600865</ele>
   </trkpt>
   <trkpt lat="43.92339000114736" lon="-114.12090499579138">
    <ele>2111.7234125520827</ele>
   </trkpt>
   <trkpt lat="43.92389" lon="-114.12141000000001">
    <ele>2110.581576071471</ele>
   </trkpt>
   <trkpt lat="43.92316000122768" lon="-114.12193500642354">
    <ele>2110.111416194512</ele>
   </trkpt>
   <trkpt lat="43.922430000000006" lon="-114.12246">
    <ele>2111.001121112008</ele>
   </trkpt>
   <trkpt lat="43.92177666822445" lon="-114.12288667605696">
    <ele>2112.1581227874535</ele>
   </trkpt>
   <trkpt lat="43.92112333486134" lon="-114.12331334274293">
    <ele>2113.1403758322117</ele>
   </trkpt>
   <trkpt lat="43.92047" lon="-114.12374000000001">
    <ele>2114.036285138943</ele>
   </trkpt>
   <trkpt lat="43.91986000145989" lon="-114.12415000841106">
    <ele>2114.8860707855747</ele>
   </trkpt>
   <trkpt lat="43.91925000145382" lon="-114.12456000841502">
    <ele>2115.912566334702</ele>
   </trkpt>
   <trkpt lat="43.91864" lon="-114.12497">
    <ele>2116.896400633911</ele>
   </trkpt>
   <trkpt lat="43.918030000666874" lon="-114.12535500393398">
    <ele>2117.628629886884</ele>
   </trkpt>
   <trkpt lat="43.91742000000001" lon="-114.12574000000001">
    <ele>2118.302361325418</ele>
   </trkpt>
   <trkpt lat="43.916970000000006" lon="-114.12613">
    <ele>2118.570458116106</ele>
   </trkpt>
   <trkpt lat="43.916610000000006" lon="-114.12653">
    <ele>2118.699074681353</ele>
   </trkpt>
   <trkpt lat="43.916250000000005" lon="-114.12744">
    <ele>2118.947567469785</ele>
   </trkpt>
   <trkpt lat="43.91594500331934" lon="-114.12830500427215">
    <ele>2119.2768207432127</ele>
   </trkpt>
   <trkpt lat="43.91564" lon="-114.12917000000002">
    <ele>2118.5118369097363</ele>
   </trkpt>
   <trkpt lat="43.91531000235239" lon="-114.12991000418278">
    <ele>2117.638265978904</ele>
   </trkpt>
   <trkpt lat="43.91498000000001" lon="-114.13065">
    <ele>2117.5014475793687</ele>
   </trkpt>
   <trkpt lat="43.914730000000006" lon="-114.13107000000001">
    <ele>2117.9874068867225</ele>
   </trkpt>
   <trkpt lat="43.91411000596624" lon="-114.13190001734979">
    <ele>2119.527017393743</ele>
   </trkpt>
   <trkpt lat="43.9134900059249" lon="-114.13273001740485">
    <ele>2122.3852957993313</ele>
   </trkpt>
   <trkpt lat="43.912870000000005" lon="-114.13356">
    <ele>2125.82806590575</ele>
   </trkpt>
   <trkpt lat="43.91232000421407" lon="-114.13454500913214">
    <ele>2128.307046277784</ele>
   </trkpt>
   <trkpt lat="43.911770000000004" lon="-114.13553">
    <ele>2129.279294338744</ele>
   </trkpt>
   <trkpt lat="43.91129" lon="-114.13603">
    <ele>2129.199108760005</ele>
   </trkpt>
   <trkpt lat="43.910900000000005" lon="-114.13634">
    <ele>2129.1147880561684</ele>
   </trkpt>
   <trkpt lat="43.91033" lon="-114.13671000000001">
    <ele>2129.729166952421</ele>
   </trkpt>
   <trkpt lat="43.90983500037835" lon="-114.13697000211845">
    <ele>2130.3877920216273</ele>
   </trkpt>
   <trkpt lat="43.90934" lon="-114.13723">
    <ele>2130.9702975170135</ele>
   </trkpt>
   <trkpt lat="43.90859000107248" lon="-114.13770500592906">
    <ele>2131.9152358403658</ele>
   </trkpt>
   <trkpt lat="43.90784" lon="-114.13818">
    <ele>2133.274338964825</ele>
   </trkpt>
   <trkpt lat="43.907155002130814" lon="-114.13858251388884">
    <ele>2134.9498533202727</ele>
   </trkpt>
   <trkpt lat="43.90647000284881" lon="-114.1389850185136">
    <ele>2136.3314336755466</ele>
   </trkpt>
   <trkpt lat="43.90578500215408" lon="-114.13938751387471">
    <ele>2137.5607722770346</ele>
   </trkpt>
   <trkpt lat="43.905100000000004" lon="-114.13979">
    <ele>2138.053731457282</ele>
   </trkpt>
   <trkpt lat="43.904485000584664" lon="-114.14019000420586">
    <ele>2137.8164676675005</ele>
   </trkpt>
   <trkpt lat="43.903870000000005" lon="-114.14059">
    <ele>2137.5677937122896</ele>
   </trkpt>
   <trkpt lat="43.903560000000006" lon="-114.14090000000002">
    <ele>2137.709653695093</ele>
   </trkpt>
   <trkpt lat="43.903000000000006" lon="-114.14153">
    <ele>2138.54788203449</ele>
   </trkpt>
   <trkpt lat="43.90264500166227" lon="-114.14213500349453">
    <ele>2139.1913521249194</ele>
   </trkpt>
   <trkpt lat="43.90229" lon="-114.14274">
    <ele>2139.867049560721</ele>
   </trkpt>
   <trkpt lat="43.901885001808836" lon="-114.14339000447522">
    <ele>2140.6364537100726</ele>
   </trkpt>
   <trkpt lat="43.90148000000001" lon="-114.14404">
    <ele>2141.4896872586464</ele>
   </trkpt>
   <trkpt lat="43.90099" lon="-114.14498">
    <ele>2142.3269011855577</ele>
   </trkpt>
   <trkpt lat="43.90050000583448" lon="-114.14580001354575">
    <ele>2142.8139659290664</ele>
   </trkpt>
   <trkpt lat="43.900010005805406" lon="-114.14662001359422">
    <ele>2143.2157353567545</ele>
   </trkpt>
   <trkpt lat="43.89952" lon="-114.14744">
    <ele>2143.6823792980917</ele>
   </trkpt>
   <trkpt lat="43.898973339658404" lon="-114.14829334904142">
    <ele>2144.270143593475</ele>
   </trkpt>
   <trkpt lat="43.89842667296684" lon="-114.14914668241336">
    <ele>2144.8831786543215</ele>
   </trkpt>
   <trkpt lat="43.89788" lon="-114.15">
    <ele>2145.6899993001603</ele>
   </trkpt>
   <trkpt lat="43.89753500162862" lon="-114.15062500375629">
    <ele>2146.282030938297</ele>
   </trkpt>
   <trkpt lat="43.89719" lon="-114.15125">
    <ele>2146.835348147198</ele>
   </trkpt>
   <trkpt lat="43.89677500198104" lon="-114.15193500488105">
    <ele>2147.0503864538705</ele>
   </trkpt>
   <trkpt lat="43.89636" lon="-114.15262000000001">
    <ele>2146.969939822144</ele>
   </trkpt>
   <trkpt lat="43.89590500294489" lon="-114.15343500613993">
    <ele>2147.2429792726302</ele>
   </trkpt>
   <trkpt lat="43.895450000000004" lon="-114.15425">
    <ele>2148.5991419388088</ele>
   </trkpt>
   <trkpt lat="43.895160000000004" lon="-114.15487">
    <ele>2149.4507575015286</ele>
   </trkpt>
   <trkpt lat="43.89502" lon="-114.15532">
    <ele>2149.8745765425865</ele>
   </trkpt>
   <trkpt lat="43.89502" lon="-114.15556000000001">
    <ele>2150.1524184564046</ele>
   </trkpt>
   <trkpt lat="43.89495" lon="-114.15617">
    <ele>2150.883996344517</ele>
   </trkpt>
   <trkpt lat="43.894915006385126" lon="-114.15738000065804">
    <ele>2152.1244167459736</ele>
   </trkpt>
   <trkpt lat="43.89488" lon="-114.15859">
    <ele>2153.7098279336797</ele>
   </trkpt>
   <trkpt lat="43.89481000000001" lon="-114.15917">
    <ele>2154.3359856620855</ele>
   </trkpt>
   <trkpt lat="43.894800000000004" lon="-114.15939000000002">
    <ele>2154.62270746561</ele>
   </trkpt>
   <trkpt lat="43.894670000000005" lon="-114.15975">
    <ele>2154.922271149662</ele>
   </trkpt>
   <trkpt lat="43.8943300016915" lon="-114.16039500391479">
    <ele>2155.7179228005166</ele>
   </trkpt>
   <trkpt lat="43.89399" lon="-114.16104000000001">
    <ele>2156.8271475869215</ele>
   </trkpt>
   <trkpt lat="43.893477511180535" lon="-114.1619650239014">
    <ele>2158.5217862498766</ele>
   </trkpt>
   <trkpt lat="43.892965014899644" lon="-114.16289003188194">
    <ele>2159.985885648804</ele>
   </trkpt>
   <trkpt lat="43.89245251115759" lon="-114.16381502394202">
    <ele>2160.401627903175</ele>
   </trkpt>
   <trkpt lat="43.891940000000005" lon="-114.16474000000001">
    <ele>2160.630014588708</ele>
   </trkpt>
   <trkpt lat="43.891830000000006" lon="-114.16499">
    <ele>2160.738828060928</ele>
   </trkpt>
   <trkpt lat="43.891740000000006" lon="-114.16536">
    <ele>2160.9848661942992</ele>
   </trkpt>
   <trkpt lat="43.8917" lon="-114.16594">
    <ele>2161.297554498684</ele>
   </trkpt>
   <trkpt lat="43.891740000000006" lon="-114.16536">
    <ele>2161.72280070177</ele>
   </trkpt>
   <trkpt lat="43.89155" lon="-114.16535">
    <ele>2161.966210544061</ele>
   </trkpt>
   <trkpt lat="43.89117" lon="-114.16557">
    <ele>2162.5352711448045</ele>
   </trkpt>
   <trkpt lat="43.890510000000006" lon="-114.16607">
    <ele>2164.1509830456553</ele>
   </trkpt>
   <trkpt lat="43.88990200873435" lon="-114.1667780289184">
    <ele>2165.828976203035</ele>
   </trkpt>
   <trkpt lat="43.88929401309736" lon="-114.16748604338173">
    <ele>2167.9390460204413</ele>
   </trkpt>
   <trkpt lat="43.88868601308922" lon="-114.1681940433905">
    <ele>2170.2551583456907</ele>
   </trkpt>
   <trkpt lat="43.8880780087101" lon="-114.1689020289452">
    <ele>2172.828383193892</ele>
   </trkpt>
   <trkpt lat="43.88747" lon="-114.16961">
    <ele>2176.22963792063</ele>
   </trkpt>
   <trkpt lat="43.88720000000001" lon="-114.16988">
    <ele>2178.5989856953543</ele>
   </trkpt>
   <trkpt lat="43.88687" lon="-114.17054">
    <ele>2181.3639112950123</ele>
   </trkpt>
   <trkpt lat="43.88678" lon="-114.17059">
    <ele>2181.3639112950123</ele>
   </trkpt>
   <trkpt lat="43.886320000000005" lon="-114.17081">
    <ele>2183.6540725624</ele>
   </trkpt>
   <trkpt lat="43.88570000000001" lon="-114.17113">
    <ele>2186.1990090606205</ele>
   </trkpt>
   <trkpt lat="43.885070000000006" lon="-114.17150000000001">
    <ele>2188.1856112900578</ele>
   </trkpt>
   <trkpt lat="43.884750000000004" lon="-114.17158">
    <ele>2189.0955537233785</ele>
   </trkpt>
   <trkpt lat="43.88414499993927" lon="-114.1716300005137">
    <ele>2191.1709732379986</ele>
   </trkpt>
   <trkpt lat="43.88354" lon="-114.17168000000001">
    <ele>2193.163960082986</ele>
   </trkpt>
   <trkpt lat="43.882650000000005" lon="-114.17161000000002">
    <ele>2196.2953251005397</ele>
   </trkpt>
   <trkpt lat="43.88188" lon="-114.17162">
    <ele>2199.952629004092</ele>
   </trkpt>
   <trkpt lat="43.881080000000004" lon="-114.17153">
    <ele>2202.566772887237</ele>
   </trkpt>
   <trkpt lat="43.880190000000006" lon="-114.17153">
    <ele>2204.4773523683975</ele>
   </trkpt>
   <trkpt lat="43.87974000045364" lon="-114.17128999829536">
    <ele>2205.1704197725685</ele>
   </trkpt>
   <trkpt lat="43.879290000000005" lon="-114.17105000000001">
    <ele>2205.8928087901</ele>
   </trkpt>
   <trkpt lat="43.87865" lon="-114.17081">
    <ele>2206.892873648844</ele>
   </trkpt>
   <trkpt lat="43.878400000000006" lon="-114.17060000000001">
    <ele>2207.172167670535</ele>
   </trkpt>
   <trkpt lat="43.877970000000005" lon="-114.17055">
    <ele>2207.208591723119</ele>
   </trkpt>
   <trkpt lat="43.87749" lon="-114.17046">
    <ele>2207.0405696908792</ele>
   </trkpt>
   <trkpt lat="43.87698500016726" lon="-114.17029999866163">
    <ele>2207.412368367572</ele>
   </trkpt>
   <trkpt lat="43.87648" lon="-114.17014">
    <ele>2208.014291270469</ele>
   </trkpt>
   <trkpt lat="43.87601500016777" lon="-114.16994499847918">
    <ele>2208.8869959299986</ele>
   </trkpt>
   <trkpt lat="43.875550000000004" lon="-114.16975000000001">
    <ele>2209.565484013782</ele>
   </trkpt>
   <trkpt lat="43.87501" lon="-114.16942">
    <ele>2210.510615148068</ele>
   </trkpt>
   <trkpt lat="43.87465" lon="-114.16923000000001">
    <ele>2211.682759397016</ele>
   </trkpt>
   <trkpt lat="43.874460000000006" lon="-114.16915000000002">
    <ele>2212.03072233482</ele>
   </trkpt>
   <trkpt lat="43.87379000000001" lon="-114.16893">
    <ele>2213.062894400372</ele>
   </trkpt>
   <trkpt lat="43.87348" lon="-114.1688">
    <ele>2213.499802621188</ele>
   </trkpt>
   <trkpt lat="43.872890000000005" lon="-114.16850000000001">
    <ele>2213.882046857685</ele>
   </trkpt>
   <trkpt lat="43.87216" lon="-114.16805000000001">
    <ele>2214.441116220852</ele>
   </trkpt>
   <trkpt lat="43.871570000000006" lon="-114.16765000000001">
    <ele>2215.177451767006</ele>
   </trkpt>
   <trkpt lat="43.870933333907594" lon="-114.16739332784965">
    <ele>2216.4632855933537</ele>
   </trkpt>
   <trkpt lat="43.870296667240744" lon="-114.16713666118301">
    <ele>2218.241629053118</ele>
   </trkpt>
   <trkpt lat="43.86966" lon="-114.16688">
    <ele>2219.4441310086886</ele>
   </trkpt>
   <trkpt lat="43.86907000073546" lon="-114.1664949962472">
    <ele>2220.194462622059</ele>
   </trkpt>
   <trkpt lat="43.868480000000005" lon="-114.16611">
    <ele>2220.786445617372</ele>
   </trkpt>
   <trkpt lat="43.868140000000004" lon="-114.16593">
    <ele>2221.589440576382</ele>
   </trkpt>
   <trkpt lat="43.867960000000004" lon="-114.16589">
    <ele>2222.1147012514753</ele>
   </trkpt>
   <trkpt lat="43.86777" lon="-114.16589">
    <ele>2222.991408497097</ele>
   </trkpt>
   <trkpt lat="43.867610000000006" lon="-114.16602">
    <ele>2223.1871150369657</ele>
   </trkpt>
   <trkpt lat="43.867490000000004" lon="-114.16615000000002">
    <ele>2223.5164353654636</ele>
   </trkpt>
   <trkpt lat="43.867340000000006" lon="-114.16625">
    <ele>2224.0042255565245</ele>
   </trkpt>
   <trkpt lat="43.867230000000006" lon="-114.16635000000001">
    <ele>2224.186742645841</ele>
   </trkpt>
   <trkpt lat="43.866980000000005" lon="-114.16638">
    <ele>2224.751654794851</ele>
   </trkpt>
   <trkpt lat="43.866130000000005" lon="-114.16602">
    <ele>2226.125821117192</ele>
   </trkpt>
   <trkpt lat="43.86536" lon="-114.1658">
    <ele>2226.412733694268</ele>
   </trkpt>
   <trkpt lat="43.865210000000005" lon="-114.16575">
    <ele>2226.705392850659</ele>
   </trkpt>
   <trkpt lat="43.864820000340565" lon="-114.16541499768059">
    <ele>2227.7160268429056</ele>
   </trkpt>
   <trkpt lat="43.864430000000006" lon="-114.16508">
    <ele>2229.165909619084</ele>
   </trkpt>
   <trkpt lat="43.864250000000006" lon="-114.165">
    <ele>2229.78386486868</ele>
   </trkpt>
   <trkpt lat="43.864000000000004" lon="-114.16496000000001">
    <ele>2230.8073351164253</ele>
   </trkpt>
   <trkpt lat="43.86318000000001" lon="-114.16508">
    <ele>2234.6114519198704</ele>
   </trkpt>
   <trkpt lat="43.86243" lon="-114.16517">
    <ele>2238.5778266502994</ele>
   </trkpt>
   <trkpt lat="43.861930000285085" lon="-114.16524500058992">
    <ele>2240.4573232812318</ele>
   </trkpt>
   <trkpt lat="43.861430000000006" lon="-114.16532000000001">
    <ele>2242.7412043166782</ele>
   </trkpt>
   <trkpt lat="43.86142" lon="-114.16532000000001">
    <ele>2242.7412043166782</ele>
   </trkpt>
   <trkpt lat="43.861430000000006" lon="-114.16595000000001">
    <ele>2244.4666722464417</ele>
   </trkpt>
   <trkpt lat="43.86195000007243" lon="-114.16600999948322">
    <ele>2245.293296553092</ele>
   </trkpt>
   <trkpt lat="43.86247" lon="-114.16607">
    <ele>2244.5800710993085</ele>
   </trkpt>
   <trkpt lat="43.86258" lon="-114.1662">
    <ele>2243.834126749913</ele>
   </trkpt>
   <trkpt lat="43.86341500027491" lon="-114.16644499657228">
    <ele>2239.4906126933024</ele>
   </trkpt>
   <trkpt lat="43.864250000000006" lon="-114.16669">
    <ele>2236.059101179634</ele>
   </trkpt>
   <trkpt lat="43.86469" lon="-114.16696">
    <ele>2235.70892496049</ele>
   </trkpt>
   <trkpt lat="43.865180002439516" lon="-114.16749665776526">
    <ele>2237.8294533514236</ele>
   </trkpt>
   <trkpt lat="43.86567000236768" lon="-114.1680333243531">
    <ele>2239.733529403407</ele>
   </trkpt>
   <trkpt lat="43.86616" lon="-114.16857">
    <ele>2240.3598376162126</ele>
   </trkpt>
   <trkpt lat="43.866710000000005" lon="-114.16876">
    <ele>2239.1234732296875</ele>
   </trkpt>
   <trkpt lat="43.86674" lon="-114.16885">
    <ele>2238.611889400757</ele>
   </trkpt>
   <trkpt lat="43.86758500010418" lon="-114.16897999816179">
    <ele>2233.6970428101613</ele>
   </trkpt>
   <trkpt lat="43.868430000000004" lon="-114.16911">
    <ele>2226.39073218937</ele>
   </trkpt>
   <trkpt lat="43.86878" lon="-114.1693">
    <ele>2223.689624758953</ele>
   </trkpt>
   <trkpt lat="43.86919" lon="-114.16933000000002">
    <ele>2221.527546675741</ele>
   </trkpt>
   <trkpt lat="43.869260000000004" lon="-114.16943">
    <ele>2221.2378981658285</ele>
   </trkpt>
   <trkpt lat="43.869735000129154" lon="-114.16956999889715">
    <ele>2219.524153757558</ele>
   </trkpt>
   <trkpt lat="43.87021" lon="-114.16971000000001">
    <ele>2220.1366593475627</ele>
   </trkpt>
   <trkpt lat="43.87089" lon="-114.17036">
    <ele>2224.161288031948</ele>
   </trkpt>
   <trkpt lat="43.871700000000004" lon="-114.17059">
    <ele>2229.296557077766</ele>
   </trkpt>
   <trkpt lat="43.871840000000006" lon="-114.17081">
    <ele>2230.5325498192187</ele>
   </trkpt>
   <trkpt lat="43.87205" lon="-114.17175">
    <ele>2238.9466239186686</ele>
   </trkpt>
   <trkpt lat="43.87248000207225" lon="-114.17242499526435">
    <ele>2245.796496955443</ele>
   </trkpt>
   <trkpt lat="43.872910000000005" lon="-114.1731">
    <ele>2252.1802847937547</ele>
   </trkpt>
   <trkpt lat="43.87315" lon="-114.17405000000001">
    <ele>2255.5502740097627</ele>
   </trkpt>
   <trkpt lat="43.87319500398792" lon="-114.17500499952375">
    <ele>2257.3657883010637</ele>
   </trkpt>
   <trkpt lat="43.87324" lon="-114.17596">
    <ele>2259.4523976315977</ele>
   </trkpt>
   <trkpt lat="43.87339" lon="-114.17702000000001">
    <ele>2261.139985628447</ele>
   </trkpt>
   <trkpt lat="43.87366" lon="-114.17694000000002">
    <ele>2260.700558121905</ele>
   </trkpt>
   <trkpt lat="43.87377" lon="-114.17733000000001">
    <ele>2260.1842850098083</ele>
   </trkpt>
   <trkpt lat="43.873810000000006" lon="-114.17790000000001">
    <ele>2258.264633856189</ele>
   </trkpt>
   <trkpt lat="43.873760000000004" lon="-114.17829">
    <ele>2256.817437275788</ele>
   </trkpt>
   <trkpt lat="43.873310000000004" lon="-114.17926000000001">
    <ele>2253.3348275225576</ele>
   </trkpt>
   <trkpt lat="43.87318500298074" lon="-114.1800850016431">
    <ele>2251.4615206754775</ele>
   </trkpt>
   <trkpt lat="43.87306" lon="-114.18091000000001">
    <ele>2249.488800192673</ele>
   </trkpt>
   <trkpt lat="43.872715001117996" lon="-114.18140500279426">
    <ele>2248.011665655647</ele>
   </trkpt>
   <trkpt lat="43.872370000000004" lon="-114.18190000000001">
    <ele>2247.173096578546</ele>
   </trkpt>
   <trkpt lat="43.871950001266974" lon="-114.18243500374604">
    <ele>2246.064422784534</ele>
   </trkpt>
   <trkpt lat="43.87153000000001" lon="-114.18297000000001">
    <ele>2246.0481284848247</ele>
   </trkpt>
   <trkpt lat="43.87089000131718" lon="-114.18351500583353">
    <ele>2247.618031675181</ele>
   </trkpt>
   <trkpt lat="43.870250000000006" lon="-114.18406">
    <ele>2250.0560441518305</ele>
   </trkpt>
   <trkpt lat="43.87013" lon="-114.18429">
    <ele>2250.33006498887</ele>
   </trkpt>
   <trkpt lat="43.87003000000001" lon="-114.18468000000001">
    <ele>2250.446096084264</ele>
   </trkpt>
   <trkpt lat="43.86983" lon="-114.18509">
    <ele>2250.2368020031963</ele>
   </trkpt>
   <trkpt lat="43.86972" lon="-114.18629000000001">
    <ele>2248.7855650892084</ele>
   </trkpt>
   <trkpt lat="43.869490000000006" lon="-114.18678000000001">
    <ele>2248.078953919514</ele>
   </trkpt>
   <trkpt lat="43.86932" lon="-114.18729">
    <ele>2247.3350263546736</ele>
   </trkpt>
   <trkpt lat="43.86928" lon="-114.18747">
    <ele>2247.0790152162</ele>
   </trkpt>
   <trkpt lat="43.86929000000001" lon="-114.18765">
    <ele>2246.9136856081623</ele>
   </trkpt>
   <trkpt lat="43.869580000000006" lon="-114.18805">
    <ele>2246.549649319661</ele>
   </trkpt>
   <trkpt lat="43.869670000000006" lon="-114.18847000000001">
    <ele>2246.4069491154028</ele>
   </trkpt>
   <trkpt lat="43.86954" lon="-114.18912">
    <ele>2246.1543879867213</ele>
   </trkpt>
   <trkpt lat="43.86928" lon="-114.18909000000001">
    <ele>2246.440148190889</ele>
   </trkpt>
   <trkpt lat="43.86928" lon="-114.18922">
    <ele>2246.6634396463937</ele>
   </trkpt>
   <trkpt lat="43.86887" lon="-114.18984">
    <ele>2248.529315824446</ele>
   </trkpt>
   <trkpt lat="43.86825000002743" lon="-114.18997500141559">
    <ele>2251.8231197636146</ele>
   </trkpt>
   <trkpt lat="43.867630000000005" lon="-114.19011">
    <ele>2255.0217847004756</ele>
   </trkpt>
   <trkpt lat="43.86757" lon="-114.1902">
    <ele>2255.5575118238908</ele>
   </trkpt>
   <trkpt lat="43.86732000000001" lon="-114.19024">
    <ele>2256.445980840493</ele>
   </trkpt>
   <trkpt lat="43.86683500062205" lon="-114.190575002634">
    <ele>2258.8156847100113</ele>
   </trkpt>
   <trkpt lat="43.866350000000004" lon="-114.19091">
    <ele>2262.378964367107</ele>
   </trkpt>
   <trkpt lat="43.865880000000004" lon="-114.19154">
    <ele>2265.594973976384</ele>
   </trkpt>
   <trkpt lat="43.865610000000004" lon="-114.19245000000001">
    <ele>2267.977798160423</ele>
   </trkpt>
   <trkpt lat="43.865575002934975" lon="-114.19327000040268">
    <ele>2267.6364645317394</ele>
   </trkpt>
   <trkpt lat="43.86554" lon="-114.19409">
    <ele>2265.449744975538</ele>
   </trkpt>
   <trkpt lat="43.865305002800866" lon="-114.1948950032573">
    <ele>2263.049912024067</ele>
   </trkpt>
   <trkpt lat="43.86507" lon="-114.19570000000002">
    <ele>2260.911623326755</ele>
   </trkpt>
   <trkpt lat="43.865" lon="-114.19677000000001">
    <ele>2259.5939156736276</ele>
   </trkpt>
   <trkpt lat="43.86491" lon="-114.19702000000001">
    <ele>2259.6403861493663</ele>
   </trkpt>
   <trkpt lat="43.864200000000004" lon="-114.19758000000002">
    <ele>2262.0973085191017</ele>
   </trkpt>
   <trkpt lat="43.86386" lon="-114.19794">
    <ele>2263.546890352276</ele>
   </trkpt>
   <trkpt lat="43.863480002255336" lon="-114.1986600045986">
    <ele>2263.860965868253</ele>
   </trkpt>
   <trkpt lat="43.8631" lon="-114.19938">
    <ele>2260.841191227386</ele>
   </trkpt>
   <trkpt lat="43.86287" lon="-114.20005">
    <ele>2257.2929195261854</ele>
   </trkpt>
   <trkpt lat="43.86288000406004" lon="-114.20101499983815">
    <ele>2254.8357642445108</ele>
   </trkpt>
   <trkpt lat="43.86289" lon="-114.20198">
    <ele>2253.5555793779663</ele>
   </trkpt>
   <trkpt lat="43.86298" lon="-114.20256">
    <ele>2253.4372715383906</ele>
   </trkpt>
   <trkpt lat="43.86319" lon="-114.20291">
    <ele>2253.35167187928</ele>
   </trkpt>
   <trkpt lat="43.86314" lon="-114.20342000000001">
    <ele>2253.325637276541</ele>
   </trkpt>
   <trkpt lat="43.86296" lon="-114.20386">
    <ele>2253.4737907693116</ele>
   </trkpt>
   <trkpt lat="43.862460000000006" lon="-114.20463000000001">
    <ele>2254.3427177525573</ele>
   </trkpt>
   <trkpt lat="43.86222000218057" lon="-114.20533500279814">
    <ele>2255.4941018603154</ele>
   </trkpt>
   <trkpt lat="43.86198" lon="-114.20604000000002">
    <ele>2256.618671024628</ele>
   </trkpt>
   <trkpt lat="43.86186" lon="-114.20653000000001">
    <ele>2256.80022611905</ele>
   </trkpt>
   <trkpt lat="43.86203000383913" lon="-114.20746999724632">
    <ele>2256.6291470036667</ele>
   </trkpt>
   <trkpt lat="43.8622" lon="-114.20841000000001">
    <ele>2255.865569041714</ele>
   </trkpt>
   <trkpt lat="43.862410000000004" lon="-114.20848000000001">
    <ele>2256.0374146129643</ele>
   </trkpt>
   <trkpt lat="43.862480000000005" lon="-114.20864">
    <ele>2256.4243072841723</ele>
   </trkpt>
   <trkpt lat="43.8626" lon="-114.20865">
    <ele>2256.8757412436444</ele>
   </trkpt>
   <trkpt lat="43.862750000000005" lon="-114.20870000000001">
    <ele>2257.2945223862794</ele>
   </trkpt>
   <trkpt lat="43.86296" lon="-114.209">
    <ele>2257.927788051927</ele>
   </trkpt>
   <trkpt lat="43.863060000000004" lon="-114.20955000000001">
    <ele>2259.0176225498644</ele>
   </trkpt>
   <trkpt lat="43.86292" lon="-114.21000000000001">
    <ele>2261.277325055126</ele>
   </trkpt>
   <trkpt lat="43.862590000000004" lon="-114.21066">
    <ele>2263.411333597269</ele>
   </trkpt>
   <trkpt lat="43.8623300013538" lon="-114.21122000247124">
    <ele>2265.320026891098</ele>
   </trkpt>
   <trkpt lat="43.86207" lon="-114.21178">
    <ele>2266.9137289522764</ele>
   </trkpt>
   <trkpt lat="43.86198" lon="-114.2121">
    <ele>2267.069571684057</ele>
   </trkpt>
   <trkpt lat="43.861725001646015" lon="-114.21272000272462">
    <ele>2267.1182278722763</ele>
   </trkpt>
   <trkpt lat="43.861470000000004" lon="-114.21334">
    <ele>2267.450098676598</ele>
   </trkpt>
   <trkpt lat="43.86112500465862" lon="-114.2143700058611">
    <ele>2269.5949522385163</ele>
   </trkpt>
   <trkpt lat="43.860780000000005" lon="-114.2154">
    <ele>2271.3991317072637</ele>
   </trkpt>
   <trkpt lat="43.860470003322206" lon="-114.21625500407316">
    <ele>2271.8389780817033</ele>
   </trkpt>
   <trkpt lat="43.86016" lon="-114.21711">
    <ele>2272.291336656302</ele>
   </trkpt>
   <trkpt lat="43.85983500387508" lon="-114.21805000505827">
    <ele>2272.86563171946</ele>
   </trkpt>
   <trkpt lat="43.85951" lon="-114.21899">
    <ele>2273.569616133196</ele>
   </trkpt>
   <trkpt lat="43.859280000000005" lon="-114.21962">
    <ele>2274.1016960090665</ele>
   </trkpt>
   <trkpt lat="43.85898" lon="-114.22028">
    <ele>2275.01202423658</ele>
   </trkpt>
   <trkpt lat="43.8588" lon="-114.2206">
    <ele>2275.5471113346307</ele>
   </trkpt>
   <trkpt lat="43.858410000000006" lon="-114.22122">
    <ele>2276.506896104198</ele>
   </trkpt>
   <trkpt lat="43.858200000000004" lon="-114.22149">
    <ele>2277.2904756462203</ele>
   </trkpt>
   <trkpt lat="43.857580014670845" lon="-114.22223861811452">
    <ele>2279.0358976720827</ele>
   </trkpt>
   <trkpt lat="43.856960024455" lon="-114.22298722066138">
    <ele>2280.5335374478886</ele>
   </trkpt>
   <trkpt lat="43.8563400293527" lon="-114.22373580764115">
    <ele>2281.9809264261476</ele>
   </trkpt>
   <trkpt lat="43.855720029364136" lon="-114.22448437905435">
    <ele>2282.830724738861</ele>
   </trkpt>
   <trkpt lat="43.85510002448951" lon="-114.22523293490151">
    <ele>2283.294576482879</ele>
   </trkpt>
   <trkpt lat="43.85448001472904" lon="-114.22598147518318">
    <ele>2283.705152248204</ele>
   </trkpt>
   <trkpt lat="43.853860000000005" lon="-114.22673">
    <ele>2283.697888313423</ele>
   </trkpt>
   <trkpt lat="43.85330750596121" lon="-114.22740501875822">
    <ele>2282.8056751011018</ele>
   </trkpt>
   <trkpt lat="43.8527550079494" lon="-114.22808002500925">
    <ele>2281.717017954599</ele>
   </trkpt>
   <trkpt lat="43.85220250596466" lon="-114.22875501875345">
    <ele>2281.357899904004</ele>
   </trkpt>
   <trkpt lat="43.85165000000001" lon="-114.22943000000001">
    <ele>2282.350098135665</ele>
   </trkpt>
   <trkpt lat="43.8513" lon="-114.22982">
    <ele>2283.203913274218</ele>
   </trkpt>
   <trkpt lat="43.85067000266532" lon="-114.2305950081289">
    <ele>2284.892065900595</ele>
   </trkpt>
   <trkpt lat="43.85004000000001" lon="-114.23137000000001">
    <ele>2286.6231271841507</ele>
   </trkpt>
   <trkpt lat="43.84968000069483" lon="-114.23179000262166">
    <ele>2287.272253688113</ele>
   </trkpt>
   <trkpt lat="43.849320000000006" lon="-114.23221000000001">
    <ele>2288.0050401032568</ele>
   </trkpt>
   <trkpt lat="43.849140000000006" lon="-114.23241000000002">
    <ele>2288.2584252997362</ele>
   </trkpt>
   <trkpt lat="43.848850000000006" lon="-114.23288000000001">
    <ele>2288.8573713561836</ele>
   </trkpt>
   <trkpt lat="43.84855500269991" lon="-114.23365500361945">
    <ele>2289.6765330296607</ele>
   </trkpt>
   <trkpt lat="43.84826" lon="-114.23443">
    <ele>2290.610956290729</ele>
   </trkpt>
   <trkpt lat="43.847893340576185" lon="-114.23534001113295">
    <ele>2291.5632992603933</ele>
   </trkpt>
   <trkpt lat="43.84752667393159" lon="-114.23625001107803">
    <ele>2292.7755905253775</ele>
   </trkpt>
   <trkpt lat="43.84716" lon="-114.23716">
    <ele>2294.3260448003703</ele>
   </trkpt>
   <trkpt lat="43.84684333900813" lon="-114.23796667522929">
    <ele>2295.5946806368297</ele>
   </trkpt>
   <trkpt lat="43.846526672342264" lon="-114.23877334189379">
    <ele>2296.949055961164</ele>
   </trkpt>
   <trkpt lat="43.846210000000006" lon="-114.23958">
    <ele>2298.4897504239593</ele>
   </trkpt>
   <trkpt lat="43.84597" lon="-114.24025">
    <ele>2300.471821397299</ele>
   </trkpt>
   <trkpt lat="43.84558000854518" lon="-114.24124001294723">
    <ele>2303.214333108707</ele>
   </trkpt>
   <trkpt lat="43.84519000854421" lon="-114.24223001294948">
    <ele>2305.3051508022763</ele>
   </trkpt>
   <trkpt lat="43.844800000000006" lon="-114.24322000000001">
    <ele>2306.4282450725304</ele>
   </trkpt>
   <trkpt lat="43.844460000000005" lon="-114.24402">
    <ele>2307.186345572305</ele>
   </trkpt>
   <trkpt lat="43.84410500394875" lon="-114.24498000590002">
    <ele>2307.9330080700074</ele>
   </trkpt>
   <trkpt lat="43.84375000000001" lon="-114.24594">
    <ele>2309.497997290556</ele>
   </trkpt>
   <trkpt lat="43.84339000000001" lon="-114.24676000000001">
    <ele>2312.455107655777</ele>
   </trkpt>
   <trkpt lat="43.842960000000005" lon="-114.24782">
    <ele>2316.4335874530398</ele>
   </trkpt>
   <trkpt lat="43.84279" lon="-114.24827">
    <ele>2316.6773376671013</ele>
   </trkpt>
   <trkpt lat="43.842470000000006" lon="-114.24886000000001">
    <ele>2315.8614658495594</ele>
   </trkpt>
   <trkpt lat="43.84197" lon="-114.24952">
    <ele>2314.808416351885</ele>
   </trkpt>
   <trkpt lat="43.84143000209328" lon="-114.25019500597593">
    <ele>2315.617025418362</ele>
   </trkpt>
   <trkpt lat="43.84089" lon="-114.25087">
    <ele>2317.417529607647</ele>
   </trkpt>
   <trkpt lat="43.84043000126552" lon="-114.2514100041702">
    <ele>2318.679571917167</ele>
   </trkpt>
   <trkpt lat="43.83997" lon="-114.25195000000001">
    <ele>2320.079860897113</ele>
   </trkpt>
   <trkpt lat="43.83973" lon="-114.25221">
    <ele>2320.9967612713654</ele>
   </trkpt>
   <trkpt lat="43.839510000000004" lon="-114.25256">
    <ele>2321.994974511805</ele>
   </trkpt>
   <trkpt lat="43.8390900038151" lon="-114.25350000670002">
    <ele>2323.8256528650722</ele>
   </trkpt>
   <trkpt lat="43.83867" lon="-114.25444">
    <ele>2325.7495637466395</ele>
   </trkpt>
   <trkpt lat="43.83818" lon="-114.25543">
    <ele>2327.8378650019804</ele>
   </trkpt>
   <trkpt lat="43.83771" lon="-114.25615">
    <ele>2329.675793877029</ele>
   </trkpt>
   <trkpt lat="43.83744" lon="-114.25668">
    <ele>2330.6358116941824</ele>
   </trkpt>
   <trkpt lat="43.837160000000004" lon="-114.25713">
    <ele>2331.7811147669477</ele>
   </trkpt>
   <trkpt lat="43.836890000000004" lon="-114.2574">
    <ele>2333.1765944386902</ele>
   </trkpt>
   <trkpt lat="43.83690000000001" lon="-114.2574">
    <ele>2333.1765944386902</ele>
   </trkpt>
   <trkpt lat="43.836780000000005" lon="-114.25749">
    <ele>2333.7800744564283</ele>
   </trkpt>
   <trkpt lat="43.83661" lon="-114.25754">
    <ele>2334.162592291661</ele>
   </trkpt>
   <trkpt lat="43.83639" lon="-114.25758">
    <ele>2334.7981187416067</ele>
   </trkpt>
   <trkpt lat="43.835925000201" lon="-114.25756499988957">
    <ele>2337.817957716608</ele>
   </trkpt>
   <trkpt lat="43.835460000000005" lon="-114.25755000000001">
    <ele>2341.0270516663036</ele>
   </trkpt>
   <trkpt lat="43.83525" lon="-114.25759000000001">
    <ele>2342.1370223889576</ele>
   </trkpt>
   <trkpt lat="43.83493000000001" lon="-114.25771">
    <ele>2344.207298245798</ele>
   </trkpt>
   <trkpt lat="43.83449000026952" lon="-114.2579550018021">
    <ele>2347.3715442628054</ele>
   </trkpt>
   <trkpt lat="43.834050000000005" lon="-114.25820000000002">
    <ele>2350.272314829754</ele>
   </trkpt>
   <trkpt lat="43.833740000000006" lon="-114.25838">
    <ele>2353.7251520878094</ele>
   </trkpt>
   <trkpt lat="43.833400000000005" lon="-114.2587">
    <ele>2357.9484827092197</ele>
   </trkpt>
   <trkpt lat="43.833000000000006" lon="-114.25897">
    <ele>2360.6391468668967</ele>
   </trkpt>
   <trkpt lat="43.83217000048769" lon="-114.25932500496354">
    <ele>2363.9881123637438</ele>
   </trkpt>
   <trkpt lat="43.831340000000004" lon="-114.25968">
    <ele>2367.3026730100414</ele>
   </trkpt>
   <trkpt lat="43.83108" lon="-114.25973">
    <ele>2371.542088505356</ele>
   </trkpt>
   <trkpt lat="43.830420000000004" lon="-114.25973">
    <ele>2377.0016557011027</ele>
   </trkpt>
   <trkpt lat="43.830070000000006" lon="-114.25977">
    <ele>2380.897884237064</ele>
   </trkpt>
   <trkpt lat="43.82943" lon="-114.25995">
    <ele>2386.5299584973627</ele>
   </trkpt>
   <trkpt lat="43.82893000000001" lon="-114.26022">
    <ele>2390.856726951949</ele>
   </trkpt>
   <trkpt lat="43.82836" lon="-114.26072">
    <ele>2395.288295950289</ele>
   </trkpt>
   <trkpt lat="43.827985000829536" lon="-114.26114000257093">
    <ele>2398.139442176699</ele>
   </trkpt>
   <trkpt lat="43.82761000000001" lon="-114.26156">
    <ele>2401.155802966026</ele>
   </trkpt>
   <trkpt lat="43.827130000000004" lon="-114.26223">
    <ele>2404.410756432813</ele>
   </trkpt>
   <trkpt lat="43.8265" lon="-114.26292000000001">
    <ele>2407.856679802189</ele>
   </trkpt>
   <trkpt lat="43.82627" lon="-114.26304">
    <ele>2408.1312898654096</ele>
   </trkpt>
   <trkpt lat="43.82593000000001" lon="-114.26310000000001">
    <ele>2408.158509158498</ele>
   </trkpt>
   <trkpt lat="43.825135000165176" lon="-114.26312000026223">
    <ele>2407.6579513944025</ele>
   </trkpt>
   <trkpt lat="43.82434000000001" lon="-114.26314">
    <ele>2406.764851285558</ele>
   </trkpt>
   <trkpt lat="43.82379499985377" lon="-114.263119999812">
    <ele>2406.861201039306</ele>
   </trkpt>
   <trkpt lat="43.82325" lon="-114.26310000000001">
    <ele>2407.296210471946</ele>
   </trkpt>
   <trkpt lat="43.822540000000004" lon="-114.263">
    <ele>2404.553719243043</ele>
   </trkpt>
   <trkpt lat="43.82233" lon="-114.26292000000001">
    <ele>2402.857933342235</ele>
   </trkpt>
   <trkpt lat="43.8222" lon="-114.26286">
    <ele>2401.677208422489</ele>
   </trkpt>
   <trkpt lat="43.82199000000001" lon="-114.26264">
    <ele>2399.043188223056</ele>
   </trkpt>
   <trkpt lat="43.821490000000004" lon="-114.26184">
    <ele>2389.5878090450283</ele>
   </trkpt>
   <trkpt lat="43.82124" lon="-114.26149000000001">
    <ele>2384.3885075066596</ele>
   </trkpt>
   <trkpt lat="43.82099" lon="-114.26122000000001">
    <ele>2382.070413168776</ele>
   </trkpt>
   <trkpt lat="43.82057500029707" lon="-114.26087499741755">
    <ele>2378.094823908916</ele>
   </trkpt>
   <trkpt lat="43.82016" lon="-114.26053">
    <ele>2374.974583970368</ele>
   </trkpt>
   <trkpt lat="43.81954000143687" lon="-114.25992499356259">
    <ele>2370.2753477844567</ele>
   </trkpt>
   <trkpt lat="43.818920000000006" lon="-114.25932">
    <ele>2366.0448200785095</ele>
   </trkpt>
   <trkpt lat="43.81842" lon="-114.25879">
    <ele>2363.553972560437</ele>
   </trkpt>
   <trkpt lat="43.81786" lon="-114.25803">
    <ele>2360.1126555883543</ele>
   </trkpt>
   <trkpt lat="43.817750000000004" lon="-114.25794">
    <ele>2359.105176654187</ele>
   </trkpt>
   <trkpt lat="43.81763" lon="-114.25785">
    <ele>2358.4237327862024</ele>
   </trkpt>
   <trkpt lat="43.8173" lon="-114.25771">
    <ele>2356.2075296752</ele>
   </trkpt>
   <trkpt lat="43.817150000000005" lon="-114.25771">
    <ele>2355.129916478985</ele>
   </trkpt>
   <trkpt lat="43.816690000095186" lon="-114.25775500033822">
    <ele>2351.065025096614</ele>
   </trkpt>
   <trkpt lat="43.816230000000004" lon="-114.2578">
    <ele>2347.2414359959007</ele>
   </trkpt>
   <trkpt lat="43.81575" lon="-114.25793000000002">
    <ele>2343.231792618308</ele>
   </trkpt>
   <trkpt lat="43.81552000000001" lon="-114.25808">
    <ele>2341.990896276146</ele>
   </trkpt>
   <trkpt lat="43.81515000076517" lon="-114.25848500245455">
    <ele>2338.037335691661</ele>
   </trkpt>
   <trkpt lat="43.814780000000006" lon="-114.25889000000001">
    <ele>2333.9810865206186</ele>
   </trkpt>
   <trkpt lat="43.814490000000006" lon="-114.25914000000002">
    <ele>2331.781351538651</ele>
   </trkpt>
   <trkpt lat="43.8143" lon="-114.25923">
    <ele>2330.674938415257</ele>
   </trkpt>
   <trkpt lat="43.81416" lon="-114.25928">
    <ele>2330.141276708579</ele>
   </trkpt>
   <trkpt lat="43.813660000000006" lon="-114.25932">
    <ele>2326.79106809249</ele>
   </trkpt>
   <trkpt lat="43.81324" lon="-114.25943000000001">
    <ele>2324.948084967952</ele>
   </trkpt>
   <trkpt lat="43.81295" lon="-114.2595">
    <ele>2323.644922963984</ele>
   </trkpt>
   <trkpt lat="43.8128" lon="-114.25947000000001">
    <ele>2323.158943187834</ele>
   </trkpt>
   <trkpt lat="43.812250000000006" lon="-114.25932">
    <ele>2320.794627722325</ele>
   </trkpt>
   <trkpt lat="43.81154" lon="-114.25919">
    <ele>2317.0097798700895</ele>
   </trkpt>
   <trkpt lat="43.811040000000006" lon="-114.25906">
    <ele>2314.007630973123</ele>
   </trkpt>
   <trkpt lat="43.810750000000006" lon="-114.25906">
    <ele>2312.1599126477927</ele>
   </trkpt>
   <trkpt lat="43.810190000000006" lon="-114.25923">
    <ele>2307.6895362112637</ele>
   </trkpt>
   <trkpt lat="43.809760000000004" lon="-114.25928">
    <ele>2304.126767821713</ele>
   </trkpt>
   <trkpt lat="43.809610000000006" lon="-114.25928">
    <ele>2303.0363773923486</ele>
   </trkpt>
   <trkpt lat="43.80919" lon="-114.25919">
    <ele>2300.4880134532373</ele>
   </trkpt>
   <trkpt lat="43.808690000000006" lon="-114.25915">
    <ele>2297.8663138439297</ele>
   </trkpt>
   <trkpt lat="43.80848" lon="-114.25907000000001">
    <ele>2296.1072385245852</ele>
   </trkpt>
   <trkpt lat="43.80785" lon="-114.2587">
    <ele>2290.553447013815</ele>
   </trkpt>
   <trkpt lat="43.80756" lon="-114.25848">
    <ele>2289.031226593199</ele>
   </trkpt>
   <trkpt lat="43.80698" lon="-114.25784000000002">
    <ele>2283.091906536553</ele>
   </trkpt>
   <trkpt lat="43.806850000000004" lon="-114.25767">
    <ele>2281.9831288241835</ele>
   </trkpt>
   <trkpt lat="43.80664" lon="-114.25727">
    <ele>2279.6050176247263</ele>
   </trkpt>
   <trkpt lat="43.80608" lon="-114.2566">
    <ele>2273.9496687048554</ele>
   </trkpt>
   <trkpt lat="43.80547000000001" lon="-114.25601">
    <ele>2268.8048782790434</ele>
   </trkpt>
   <trkpt lat="43.805130000000005" lon="-114.25572000000001">
    <ele>2266.204319253664</ele>
   </trkpt>
   <trkpt lat="43.80478" lon="-114.25547">
    <ele>2263.638943927589</ele>
   </trkpt>
   <trkpt lat="43.804140000000004" lon="-114.25513000000001">
    <ele>2259.6948668249156</ele>
   </trkpt>
   <trkpt lat="43.80359000000001" lon="-114.25494">
    <ele>2255.6357421032653</ele>
   </trkpt>
   <trkpt lat="43.802870000000006" lon="-114.25459000000001">
    <ele>2247.8068127168053</ele>
   </trkpt>
   <trkpt lat="43.80266" lon="-114.25458">
    <ele>2245.905631688416</ele>
   </trkpt>
   <trkpt lat="43.80216" lon="-114.25458">
    <ele>2240.9708029652506</ele>
   </trkpt>
   <trkpt lat="43.802020000000006" lon="-114.25458">
    <ele>2240.081282234313</ele>
   </trkpt>
   <trkpt lat="43.801880000000004" lon="-114.25453">
    <ele>2238.0119853770952</ele>
   </trkpt>
   <trkpt lat="43.801310000886424" lon="-114.2540849957725">
    <ele>2232.428326104491</ele>
   </trkpt>
   <trkpt lat="43.800740000000005" lon="-114.25364">
    <ele>2227.696308182225</ele>
   </trkpt>
   <trkpt lat="43.80050000000001" lon="-114.2535">
    <ele>2225.930614067136</ele>
   </trkpt>
   <trkpt lat="43.800290000000004" lon="-114.25346">
    <ele>2223.9237557898414</ele>
   </trkpt>
   <trkpt lat="43.8001" lon="-114.25356000000001">
    <ele>2223.209834640608</ele>
   </trkpt>
   <trkpt lat="43.800050000000006" lon="-114.25361000000001">
    <ele>2222.5317099341364</ele>
   </trkpt>
   <trkpt lat="43.79999" lon="-114.25374000000001">
    <ele>2221.6344942506253</ele>
   </trkpt>
   <trkpt lat="43.79986" lon="-114.25417000000002">
    <ele>2217.1579469918183</ele>
   </trkpt>
   <trkpt lat="43.799710000000005" lon="-114.25486000000001">
    <ele>2213.739167655979</ele>
   </trkpt>
   <trkpt lat="43.799640000000004" lon="-114.25499">
    <ele>2212.2666817401914</ele>
   </trkpt>
   <trkpt lat="43.79955" lon="-114.25512">
    <ele>2211.5138370793343</ele>
   </trkpt>
   <trkpt lat="43.7995" lon="-114.25516">
    <ele>2210.868277805414</ele>
   </trkpt>
   <trkpt lat="43.7991" lon="-114.25534">
    <ele>2207.9953140520847</ele>
   </trkpt>
   <trkpt lat="43.798480000000005" lon="-114.2557">
    <ele>2202.760230931319</ele>
   </trkpt>
   <trkpt lat="43.79833000000001" lon="-114.25587000000002">
    <ele>2201.2559735100217</ele>
   </trkpt>
   <trkpt lat="43.798080000000006" lon="-114.25623000000002">
    <ele>2198.159051908815</ele>
   </trkpt>
   <trkpt lat="43.797900000000006" lon="-114.25633">
    <ele>2196.763744363202</ele>
   </trkpt>
   <trkpt lat="43.797560000000004" lon="-114.25647000000001">
    <ele>2194.125801317068</ele>
   </trkpt>
   <trkpt lat="43.796780000000005" lon="-114.25686">
    <ele>2187.5694185092048</ele>
   </trkpt>
   <trkpt lat="43.796640000000004" lon="-114.25691">
    <ele>2185.298559108444</ele>
   </trkpt>
   <trkpt lat="43.796350000000004" lon="-114.25691">
    <ele>2181.306350232701</ele>
   </trkpt>
   <trkpt lat="43.796150000000004" lon="-114.25699000000002">
    <ele>2178.713953987821</ele>
   </trkpt>
   <trkpt lat="43.795910000000006" lon="-114.25713">
    <ele>2172.465839478693</ele>
   </trkpt>
   <trkpt lat="43.79563" lon="-114.25736">
    <ele>2167.0881096388935</ele>
   </trkpt>
   <trkpt lat="43.79513" lon="-114.25767">
    <ele>2163.0299428933217</ele>
   </trkpt>
   <trkpt lat="43.794990000000006" lon="-114.25768000000001">
    <ele>2162.281139109448</ele>
   </trkpt>
   <trkpt lat="43.79471" lon="-114.25764000000001">
    <ele>2161.9289608470935</ele>
   </trkpt>
   <trkpt lat="43.79457" lon="-114.25768000000001">
    <ele>2161.951758601436</ele>
   </trkpt>
   <trkpt lat="43.79428" lon="-114.25789">
    <ele>2162.054052549946</ele>
   </trkpt>
   <trkpt lat="43.7939" lon="-114.25812">
    <ele>2161.3468667968036</ele>
   </trkpt>
   <trkpt lat="43.79381" lon="-114.25822000000001">
    <ele>2160.2682816246543</ele>
   </trkpt>
   <trkpt lat="43.79356000000001" lon="-114.25865">
    <ele>2157.3418903968054</ele>
   </trkpt>
   <trkpt lat="43.79339" lon="-114.25880000000001">
    <ele>2155.9438158535536</ele>
   </trkpt>
   <trkpt lat="43.793260000000004" lon="-114.25888">
    <ele>2155.9438158535536</ele>
   </trkpt>
   <trkpt lat="43.79312" lon="-114.25892">
    <ele>2154.438819198873</ele>
   </trkpt>
   <trkpt lat="43.792970000000004" lon="-114.25893">
    <ele>2152.98329274465</ele>
   </trkpt>
   <trkpt lat="43.792320000000004" lon="-114.25892">
    <ele>2149.3183749460427</ele>
   </trkpt>
   <trkpt lat="43.79196" lon="-114.25893">
    <ele>2146.0459251580355</ele>
   </trkpt>
   <trkpt lat="43.791540000000005" lon="-114.25901">
    <ele>2141.9730317472013</ele>
   </trkpt>
   <trkpt lat="43.791050000000006" lon="-114.25914000000002">
    <ele>2136.400434693814</ele>
   </trkpt>
   <trkpt lat="43.7907" lon="-114.25924">
    <ele>2134.6008369790115</ele>
   </trkpt>
   <trkpt lat="43.790200000000006" lon="-114.25952000000001">
    <ele>2129.196662934179</ele>
   </trkpt>
   <trkpt lat="43.790040000000005" lon="-114.25968">
    <ele>2126.96584021687</ele>
   </trkpt>
   <trkpt lat="43.78976" lon="-114.26">
    <ele>2124.1580697544964</ele>
   </trkpt>
   <trkpt lat="43.7896" lon="-114.26017000000002">
    <ele>2122.8852513483284</ele>
   </trkpt>
   <trkpt lat="43.789480000000005" lon="-114.26024000000001">
    <ele>2122.246563687435</ele>
   </trkpt>
   <trkpt lat="43.78923" lon="-114.26036">
    <ele>2120.147742181626</ele>
   </trkpt>
   <trkpt lat="43.78867" lon="-114.26050000000001">
    <ele>2115.7301287173914</ele>
   </trkpt>
   <trkpt lat="43.788093334355416" lon="-114.26085334019173">
    <ele>2109.5309092781713</ele>
   </trkpt>
   <trkpt lat="43.7875166676223" lon="-114.26120667356567">
    <ele>2104.456405232621</ele>
   </trkpt>
   <trkpt lat="43.78694" lon="-114.26156">
    <ele>2100.6976641440897</ele>
   </trkpt>
   <trkpt lat="43.78636666816098" lon="-114.26197667467353">
    <ele>2096.7664528576224</ele>
   </trkpt>
   <trkpt lat="43.785793334808254" lon="-114.26239334135418">
    <ele>2091.6168792251374</ele>
   </trkpt>
   <trkpt lat="43.78522" lon="-114.26281000000002">
    <ele>2085.4311395750346</ele>
   </trkpt>
   <trkpt lat="43.78459500071001" lon="-114.26317500374064">
    <ele>2080.124736740269</ele>
   </trkpt>
   <trkpt lat="43.783970000000004" lon="-114.26354">
    <ele>2075.347820212116</ele>
   </trkpt>
   <trkpt lat="43.78367" lon="-114.2638">
    <ele>2072.139262731888</ele>
   </trkpt>
   <trkpt lat="43.78296" lon="-114.26452">
    <ele>2064.405410414512</ele>
   </trkpt>
   <trkpt lat="43.78273" lon="-114.2647">
    <ele>2062.2123724861603</ele>
   </trkpt>
   <trkpt lat="43.78235" lon="-114.26492">
    <ele>2060.024153216543</ele>
   </trkpt>
   <trkpt lat="43.78161" lon="-114.26523">
    <ele>2053.4540088345034</ele>
   </trkpt>
   <trkpt lat="43.781420000000004" lon="-114.26532">
    <ele>2051.047267694593</ele>
   </trkpt>
   <trkpt lat="43.78112" lon="-114.26555">
    <ele>2048.6886302720286</ele>
   </trkpt>
   <trkpt lat="43.78047600424985" lon="-114.2660440212882">
    <ele>2042.7345161693997</ele>
   </trkpt>
   <trkpt lat="43.77983200637186" lon="-114.26653803193402">
    <ele>2036.8973692081793</ele>
   </trkpt>
   <trkpt lat="43.77918800636615" lon="-114.26703203193789">
    <ele>2031.8900080796493</ele>
   </trkpt>
   <trkpt lat="43.778544004232806" lon="-114.26752602130026">
    <ele>2027.9188783093543</ele>
   </trkpt>
   <trkpt lat="43.7779" lon="-114.26802">
    <ele>2021.873823863776</ele>
   </trkpt>
   <trkpt lat="43.777570000000004" lon="-114.26832">
    <ele>2018.0793145857072</ele>
   </trkpt>
   <trkpt lat="43.777300000000004" lon="-114.26865000000001">
    <ele>2014.0923055135136</ele>
   </trkpt>
   <trkpt lat="43.776740000000004" lon="-114.26959000000001">
    <ele>2006.2913221789154</ele>
   </trkpt>
   <trkpt lat="43.776650000000004" lon="-114.26971">
    <ele>2004.8464428248012</ele>
   </trkpt>
   <trkpt lat="43.776450000000004" lon="-114.26993000000002">
    <ele>2002.6349418029145</ele>
   </trkpt>
   <trkpt lat="43.775822502294076" lon="-114.27035251332786">
    <ele>1997.2930732694758</ele>
   </trkpt>
   <trkpt lat="43.775195003031754" lon="-114.27077501778838">
    <ele>1992.816489894838</ele>
   </trkpt>
   <trkpt lat="43.774567502213095" lon="-114.27119751338198">
    <ele>1988.0903822669973</ele>
   </trkpt>
   <trkpt lat="43.77394" lon="-114.27162000000001">
    <ele>1983.363505610796</ele>
   </trkpt>
   <trkpt lat="43.77329000160573" lon="-114.27223000664543">
    <ele>1977.237691466062</ele>
   </trkpt>
   <trkpt lat="43.77264" lon="-114.27284000000002">
    <ele>1973.1684964200876</ele>
   </trkpt>
   <trkpt lat="43.772240000000004" lon="-114.27318000000001">
    <ele>1971.2724838373372</ele>
   </trkpt>
   <trkpt lat="43.77185" lon="-114.27347">
    <ele>1969.6741832355337</ele>
   </trkpt>
   <trkpt lat="43.77110787319428" lon="-114.27400222869271">
    <ele>1967.2531651237796</ele>
   </trkpt>
   <trkpt lat="43.77036574391895" lon="-114.27453444417722">
    <ele>1965.1469118779653</ele>
   </trkpt>
   <trkpt lat="43.76962361217408" lon="-114.27506664645416">
    <ele>1963.3184183918627</ele>
   </trkpt>
   <trkpt lat="43.76888147795983" lon="-114.27559883552415">
    <ele>1961.7540176954071</ele>
   </trkpt>
   <trkpt lat="43.76813934127632" lon="-114.27613101138782">
    <ele>1960.699521698096</ele>
   </trkpt>
   <trkpt lat="43.76739720212367" lon="-114.27666317404578">
    <ele>1960.2378470613885</ele>
   </trkpt>
   <trkpt lat="43.766655060502" lon="-114.27719532349867">
    <ele>1959.7090372449732</ele>
   </trkpt>
   <trkpt lat="43.76591291641146" lon="-114.27772745974711">
    <ele>1958.4376271436809</ele>
   </trkpt>
   <trkpt lat="43.76517076985214" lon="-114.27825958279175">
    <ele>1956.3015058039882</ele>
   </trkpt>
   <trkpt lat="43.7644286208242" lon="-114.27879169263319">
    <ele>1953.8519172934195</ele>
   </trkpt>
   <trkpt lat="43.76368646932775" lon="-114.27932378927208">
    <ele>1951.329156429304</ele>
   </trkpt>
   <trkpt lat="43.76294431536289" lon="-114.279855872709">
    <ele>1948.751529665904</ele>
   </trkpt>
   <trkpt lat="43.76220215892979" lon="-114.28038794294461">
    <ele>1946.4641166592883</ele>
   </trkpt>
   <trkpt lat="43.76146000000001" lon="-114.28092000000001">
    <ele>1944.4276514100525</ele>
   </trkpt>
   <trkpt lat="43.76095" lon="-114.28131">
    <ele>1943.2405724053333</ele>
   </trkpt>
   <trkpt lat="43.76031333521522" lon="-114.2817700097631">
    <ele>1942.9014334132657</ele>
   </trkpt>
   <trkpt lat="43.75967666858559" lon="-114.28223000973618">
    <ele>1943.9511734484556</ele>
   </trkpt>
   <trkpt lat="43.759040000000006" lon="-114.28269">
    <ele>1945.549589073259</ele>
   </trkpt>
   <trkpt lat="43.75856" lon="-114.28301">
    <ele>1946.1747845325494</ele>
   </trkpt>
   <trkpt lat="43.757940000000005" lon="-114.28338000000001">
    <ele>1945.4005009913176</ele>
   </trkpt>
   <trkpt lat="43.757360000000006" lon="-114.28369">
    <ele>1943.5468169675748</ele>
   </trkpt>
   <trkpt lat="43.75666000046246" lon="-114.2840250039317">
    <ele>1940.7213768296626</ele>
   </trkpt>
   <trkpt lat="43.75596" lon="-114.28436">
    <ele>1937.446679619877</ele>
   </trkpt>
   <trkpt lat="43.755500000000005" lon="-114.28462">
    <ele>1936.0357689181612</ele>
   </trkpt>
   <trkpt lat="43.75513" lon="-114.28484">
    <ele>1936.1727039236532</ele>
   </trkpt>
   <trkpt lat="43.754490000000004" lon="-114.2853">
    <ele>1938.030942819009</ele>
   </trkpt>
   <trkpt lat="43.753890000000006" lon="-114.28583">
    <ele>1938.9749106768068</ele>
   </trkpt>
   <trkpt lat="43.75328750410258" lon="-114.28639251702201">
    <ele>1937.7371614378742</ele>
   </trkpt>
   <trkpt lat="43.752685005446494" lon="-114.2869550227177">
    <ele>1937.4898443516681</ele>
   </trkpt>
   <trkpt lat="43.75208250403186" lon="-114.2875175170875">
    <ele>1939.2455363311976</ele>
   </trkpt>
   <trkpt lat="43.75148" lon="-114.28808000000001">
    <ele>1941.5847520623631</ele>
   </trkpt>
   <trkpt lat="43.750930000000004" lon="-114.28866000000001">
    <ele>1943.6816567446929</ele>
   </trkpt>
   <trkpt lat="43.750620000000005" lon="-114.28906">
    <ele>1943.999838896508</ele>
   </trkpt>
   <trkpt lat="43.750460000000004" lon="-114.28932">
    <ele>1944.0396946171854</ele>
   </trkpt>
   <trkpt lat="43.75011000168223" lon="-114.28995500385032">
    <ele>1944.010573612417</ele>
   </trkpt>
   <trkpt lat="43.74976" lon="-114.29059000000001">
    <ele>1943.534302821771</ele>
   </trkpt>
   <trkpt lat="43.749390000000005" lon="-114.29116">
    <ele>1943.611130577393</ele>
   </trkpt>
   <trkpt lat="43.748960000000004" lon="-114.29165">
    <ele>1942.3823682882112</ele>
   </trkpt>
   <trkpt lat="43.74844666897172" lon="-114.29217000897235">
    <ele>1939.8391200251842</ele>
   </trkpt>
   <trkpt lat="43.747933335585955" lon="-114.29269000902535">
    <ele>1936.4490801520249</ele>
   </trkpt>
   <trkpt lat="43.747420000000005" lon="-114.29321000000002">
    <ele>1934.2584978901452</ele>
   </trkpt>
   <trkpt lat="43.746790000000004" lon="-114.29379000000002">
    <ele>1933.2777825911326</ele>
   </trkpt>
   <trkpt lat="43.746330000613966" lon="-114.29415500277854">
    <ele>1932.955258901959</ele>
   </trkpt>
   <trkpt lat="43.745870000000004" lon="-114.29452">
    <ele>1931.8840515972947</ele>
   </trkpt>
   <trkpt lat="43.745125465282534" lon="-114.29501642537204">
    <ele>1928.9996604412536</ele>
   </trkpt>
   <trkpt lat="43.74438092841661" lon="-114.29551283839562">
    <ele>1928.1123230076062</ele>
   </trkpt>
   <trkpt lat="43.74363638940232" lon="-114.29600923907141">
    <ele>1926.3144895885168</ele>
   </trkpt>
   <trkpt lat="43.74289184823981" lon="-114.2965056273999">
    <ele>1924.1935400783998</ele>
   </trkpt>
   <trkpt lat="43.742147304929134" lon="-114.29700200338176">
    <ele>1921.9480873148534</ele>
   </trkpt>
   <trkpt lat="43.74140275947044" lon="-114.29749836701755">
    <ele>1919.719289871258</ele>
   </trkpt>
   <trkpt lat="43.74065821186384" lon="-114.29799471830789">
    <ele>1917.732570014946</ele>
   </trkpt>
   <trkpt lat="43.73991366210944" lon="-114.29849105725333">
    <ele>1916.0911849993088</ele>
   </trkpt>
   <trkpt lat="43.73916911020734" lon="-114.2989873838545">
    <ele>1914.4106087130465</ele>
   </trkpt>
   <trkpt lat="43.738424556157646" lon="-114.29948369811197">
    <ele>1912.5135041467568</ele>
   </trkpt>
   <trkpt lat="43.737680000000005" lon="-114.29998">
    <ele>1910.4811418909073</ele>
   </trkpt>
   <trkpt lat="43.737" lon="-114.30047">
    <ele>1907.7496129015917</ele>
   </trkpt>
   <trkpt lat="43.73685666666667" lon="-114.30059">
    <ele>1907.2467621539624</ele>
   </trkpt>
   <trkpt lat="43.73671322177587" lon="-114.30070975532858">
    <ele>1907.2467621539624</ele>
   </trkpt>
   <trkpt lat="43.7365713703296" lon="-114.30083279670832">
    <ele>1906.8189156407286</ele>
   </trkpt>
   <trkpt lat="43.73640388454603" lon="-114.30100012701959">
    <ele>1906.8189156407286</ele>
   </trkpt>
   <trkpt lat="43.73586672347414" lon="-114.30158145036201">
    <ele>1904.4614364916445</ele>
   </trkpt>
   <trkpt lat="43.735258395972245" lon="-114.30231126647904">
    <ele>1899.2697780535748</ele>
   </trkpt>
   <trkpt lat="43.73469005767018" lon="-114.30306352003049">
    <ele>1894.9690627623543</ele>
   </trkpt>
   <trkpt lat="43.73405965660317" lon="-114.30393572180053">
    <ele>1891.8341123391804</ele>
   </trkpt>
   <trkpt lat="43.73346036764255" lon="-114.30477651091466">
    <ele>1890.0448382509223</ele>
   </trkpt>
   <trkpt lat="43.732854205511906" lon="-114.30563271151385">
    <ele>1887.2242783423947</ele>
   </trkpt>
   <trkpt lat="43.73224438331567" lon="-114.3064970259317">
    <ele>1883.4502926967052</ele>
   </trkpt>
   <trkpt lat="43.73179532252176" lon="-114.30715712602617">
    <ele>1879.5095014389208</ele>
   </trkpt>
   <trkpt lat="43.731330492056486" lon="-114.30790790463823">
    <ele>1875.8347451917969</ele>
   </trkpt>
   <trkpt lat="43.73078912895208" lon="-114.30885693115205">
    <ele>1872.3927187923719</ele>
   </trkpt>
   <trkpt lat="43.73028639670041" lon="-114.30980924832838">
    <ele>1870.4850245694251</ele>
   </trkpt>
   <trkpt lat="43.72981243417964" lon="-114.31085757406356">
    <ele>1869.525252534966</ele>
   </trkpt>
   <trkpt lat="43.72938047496538" lon="-114.3118163145009">
    <ele>1869.3821380516767</ele>
   </trkpt>
   <trkpt lat="43.728934286947826" lon="-114.31280784474896">
    <ele>1869.2626926962669</ele>
   </trkpt>
   <trkpt lat="43.72852283403507" lon="-114.31372343725273">
    <ele>1868.9307872012084</ele>
   </trkpt>
   <trkpt lat="43.72810270803404" lon="-114.31465986846192">
    <ele>1868.0937580155612</ele>
   </trkpt>
   <trkpt lat="43.72769105794117" lon="-114.31557941780683">
    <ele>1866.7281796219104</ele>
   </trkpt>
   <trkpt lat="43.727244390666435" lon="-114.31658056537705">
    <ele>1865.2733552073223</ele>
   </trkpt>
   <trkpt lat="43.72681022694128" lon="-114.31756170711229">
    <ele>1864.0586679229725</ele>
   </trkpt>
   <trkpt lat="43.726412233425016" lon="-114.31851838483612">
    <ele>1863.093136040068</ele>
   </trkpt>
   <trkpt lat="43.72601455794473" lon="-114.31956739637121">
    <ele>1860.7406675477916</ele>
   </trkpt>
   <trkpt lat="43.725648480058084" lon="-114.32061475085952">
    <ele>1858.863205252702</ele>
   </trkpt>
   <trkpt lat="43.72527390907918" lon="-114.32170647683277">
    <ele>1857.0898433703314</ele>
   </trkpt>
   <trkpt lat="43.72489366902296" lon="-114.32274229661054">
    <ele>1856.1704490283234</ele>
   </trkpt>
   <trkpt lat="43.72459698081165" lon="-114.32347090016226">
    <ele>1854.8056456918755</ele>
   </trkpt>
   <trkpt lat="43.72435251774286" lon="-114.3239889882635">
    <ele>1853.5580305406074</ele>
   </trkpt>
   <trkpt lat="43.72404779624517" lon="-114.32455233730671">
    <ele>1853.3717165404757</ele>
   </trkpt>
   <trkpt lat="43.72367699644596" lon="-114.32515525586561">
    <ele>1853.678624698374</ele>
   </trkpt>
   <trkpt lat="43.7232357433897" lon="-114.32580071933789">
    <ele>1853.765323771938</ele>
   </trkpt>
   <trkpt lat="43.72261694834747" lon="-114.32664576931744">
    <ele>1852.8418543267992</ele>
   </trkpt>
   <trkpt lat="43.7220293794765" lon="-114.32744740712012">
    <ele>1851.664694555299</ele>
   </trkpt>
   <trkpt lat="43.721488495839886" lon="-114.32823211107359">
    <ele>1851.950302655443</ele>
   </trkpt>
   <trkpt lat="43.72090089462246" lon="-114.32914204012904">
    <ele>1853.2555298510688</ele>
   </trkpt>
   <trkpt lat="43.72033111086981" lon="-114.33008615409848">
    <ele>1854.880639984384</ele>
   </trkpt>
   <trkpt lat="43.71987673898044" lon="-114.33090297950447">
    <ele>1855.6991104636998</ele>
   </trkpt>
   <trkpt lat="43.71950695755352" lon="-114.33163596479821">
    <ele>1856.1110878107227</ele>
   </trkpt>
   <trkpt lat="43.71904024189124" lon="-114.33265811217203">
    <ele>1856.023737443131</ele>
   </trkpt>
   <trkpt lat="43.71855266708163" lon="-114.33369800064409">
    <ele>1855.2823121049478</ele>
   </trkpt>
   <trkpt lat="43.71805865891561" lon="-114.33471084354026">
    <ele>1854.4102806793865</ele>
   </trkpt>
   <trkpt lat="43.717607976779945" lon="-114.33557374063132">
    <ele>1853.6855473052594</ele>
   </trkpt>
   <trkpt lat="43.717190033483966" lon="-114.33627350007238">
    <ele>1852.6850407834008</ele>
   </trkpt>
   <trkpt lat="43.716790652152014" lon="-114.33690190740599">
    <ele>1851.5991964383586</ele>
   </trkpt>
   <trkpt lat="43.71645760481376" lon="-114.33735706697453">
    <ele>1850.2502494121582</ele>
   </trkpt>
   <trkpt lat="43.71608512057811" lon="-114.33779549173181">
    <ele>1849.1357050848644</ele>
   </trkpt>
   <trkpt lat="43.715674387192685" lon="-114.33821561346579">
    <ele>1847.943004070392</ele>
   </trkpt>
   <trkpt lat="43.715175664090665" lon="-114.33866472434208">
    <ele>1846.7843216171088</ele>
   </trkpt>
   <trkpt lat="43.71445110817278" lon="-114.33924869605372">
    <ele>1845.769665744577</ele>
   </trkpt>
   <trkpt lat="43.71371761140487" lon="-114.33979943905454">
    <ele>1844.8720809369615</ele>
   </trkpt>
   <trkpt lat="43.712946194511204" lon="-114.34035703474684">
    <ele>1844.3843580893001</ele>
   </trkpt>
   <trkpt lat="43.71216910950823" lon="-114.34090981096413">
    <ele>1843.1640752648666</ele>
   </trkpt>
   <trkpt lat="43.71141860841235" lon="-114.34144609554002">
    <ele>1841.92993707442</ele>
   </trkpt>
   <trkpt lat="43.71066225440117" lon="-114.34200302999692">
    <ele>1840.5985176618458</ele>
   </trkpt>
   <trkpt lat="43.71023896786142" lon="-114.34234303406481">
    <ele>1839.8070499628602</ele>
   </trkpt>
   <trkpt lat="43.70986727799159" lon="-114.34268710815543">
    <ele>1839.4309610172775</ele>
   </trkpt>
   <trkpt lat="43.709499351775705" lon="-114.34308060033354">
    <ele>1839.2162276276904</ele>
   </trkpt>
   <trkpt lat="43.70914899154133" lon="-114.34351655891284">
    <ele>1838.8137238182833</ele>
   </trkpt>
   <trkpt lat="43.70882613581004" lon="-114.343982752281">
    <ele>1837.9790272401763</ele>
   </trkpt>
   <trkpt lat="43.70848766728203" lon="-114.34454176506127">
    <ele>1836.7888465496842</ele>
   </trkpt>
   <trkpt lat="43.70793351111085" lon="-114.34549590141516">
    <ele>1836.7345092704165</ele>
   </trkpt>
   <trkpt lat="43.70744553737834" lon="-114.34627491859867">
    <ele>1837.484081769744</ele>
   </trkpt>
   <trkpt lat="43.70711073651811" lon="-114.34675015146887">
    <ele>1837.5948752540353</ele>
   </trkpt>
   <trkpt lat="43.70693877041411" lon="-114.34694735928082">
    <ele>1837.0724730698553</ele>
   </trkpt>
   <trkpt lat="43.70666955803516" lon="-114.34718176039402">
    <ele>1836.9154727696027</ele>
   </trkpt>
   <trkpt lat="43.70621316834007" lon="-114.34750856333532">
    <ele>1835.3855862478206</ele>
   </trkpt>
   <trkpt lat="43.705410482026586" lon="-114.34804376644487">
    <ele>1832.6051719175505</ele>
   </trkpt>
   <trkpt lat="43.70462116143459" lon="-114.34855910859321">
    <ele>1829.8673854694177</ele>
   </trkpt>
   <trkpt lat="43.70381739080405" lon="-114.34906736078916">
    <ele>1827.3913436879327</ele>
   </trkpt>
   <trkpt lat="43.70306871611308" lon="-114.34953417660432">
    <ele>1824.5593848913657</ele>
   </trkpt>
   <trkpt lat="43.702305805510065" lon="-114.3500044771555">
    <ele>1822.6558712025453</ele>
   </trkpt>
   <trkpt lat="43.701514454056024" lon="-114.35048571566334">
    <ele>1822.2305895808468</ele>
   </trkpt>
   <trkpt lat="43.7007284463755" lon="-114.35095766665837">
    <ele>1822.418407823694</ele>
   </trkpt>
   <trkpt lat="43.699921409989194" lon="-114.35146328803407">
    <ele>1822.1031049177718</ele>
   </trkpt>
   <trkpt lat="43.69953382117107" lon="-114.35174594214885">
    <ele>1821.5900209754068</ele>
   </trkpt>
   <trkpt lat="43.69928500792365" lon="-114.3519715377393">
    <ele>1821.1218126025972</ele>
   </trkpt>
   <trkpt lat="43.69910803652649" lon="-114.35218088271202">
    <ele>1820.760120920404</ele>
   </trkpt>
   <trkpt lat="43.698855230408014" lon="-114.3525797317378">
    <ele>1820.5354593699544</ele>
   </trkpt>
   <trkpt lat="43.69832439255353" lon="-114.35349472422821">
    <ele>1819.2165392769493</ele>
   </trkpt>
   <trkpt lat="43.697825038878015" lon="-114.35443326754134">
    <ele>1818.8948915382014</ele>
   </trkpt>
   <trkpt lat="43.69751245352106" lon="-114.35496333935421">
    <ele>1818.6666815095168</ele>
   </trkpt>
   <trkpt lat="43.69718365428177" lon="-114.35545067582149">
    <ele>1818.7743561682473</ele>
   </trkpt>
   <trkpt lat="43.696916324356984" lon="-114.35578680455421">
    <ele>1818.7775000884408</ele>
   </trkpt>
   <trkpt lat="43.69661739776022" lon="-114.35609067606357">
    <ele>1818.6456712498232</ele>
   </trkpt>
   <trkpt lat="43.696313543877814" lon="-114.35634214111587">
    <ele>1817.9323001977166</ele>
   </trkpt>
   <trkpt lat="43.696007196645155" lon="-114.35654244323612">
    <ele>1816.6985261078867</ele>
   </trkpt>
   <trkpt lat="43.69565053974302" lon="-114.35672158767265">
    <ele>1816.1477827434192</ele>
   </trkpt>
   <trkpt lat="43.69525849025211" lon="-114.35686688712806">
    <ele>1814.2961899618172</ele>
   </trkpt>
   <trkpt lat="43.69455491345134" lon="-114.35705791562992">
    <ele>1810.923375398156</ele>
   </trkpt>
   <trkpt lat="43.69371441213978" lon="-114.35725172857232">
    <ele>1808.986434155137</ele>
   </trkpt>
   <trkpt lat="43.69321699823057" lon="-114.3573416228602">
    <ele>1808.2678020370006</ele>
   </trkpt>
   <trkpt lat="43.69306512047179" lon="-114.35733644893992">
    <ele>1808.2678020370006</ele>
   </trkpt>
   <trkpt lat="43.69289673243218" lon="-114.35730085343178">
    <ele>1808.1414624214647</ele>
   </trkpt>
   <trkpt lat="43.692730000000005" lon="-114.35728000000002">
    <ele>1808.1146318918406</ele>
   </trkpt>
   <trkpt lat="43.69252" lon="-114.35724">
    <ele>1807.6985016258582</ele>
   </trkpt>
   <trkpt lat="43.69209" lon="-114.35712000000001">
    <ele>1806.321591668997</ele>
   </trkpt>
   <trkpt lat="43.69153500005942" lon="-114.35693499825811">
    <ele>1804.5145058146875</ele>
   </trkpt>
   <trkpt lat="43.69098" lon="-114.35675">
    <ele>1802.2223339140703</ele>
   </trkpt>
   <trkpt lat="43.69041000000001" lon="-114.35660000000001">
    <ele>1800.5479166438117</ele>
   </trkpt>
   <trkpt lat="43.69005000000001" lon="-114.35657">
    <ele>1799.643693903675</ele>
   </trkpt>
   <trkpt lat="43.68968" lon="-114.35662">
    <ele>1799.643693903675</ele>
   </trkpt>
   <trkpt lat="43.689260000000004" lon="-114.3567">
    <ele>1799.0212079418723</ele>
   </trkpt>
   <trkpt lat="43.68864000000001" lon="-114.35698000000001">
    <ele>1798.0084388349799</ele>
   </trkpt>
   <trkpt lat="43.68824" lon="-114.35721000000001">
    <ele>1796.9058133356136</ele>
   </trkpt>
   <trkpt lat="43.68753750251504" lon="-114.35764751536392">
    <ele>1795.6752159516946</ele>
   </trkpt>
   <trkpt lat="43.68683500336142" lon="-114.35808502047989">
    <ele>1793.6818252132123</ele>
   </trkpt>
   <trkpt lat="43.68661662580931" lon="-114.35822142485952">
    <ele>1793.2388628719602</ele>
   </trkpt>
   <trkpt lat="43.686637395752406" lon="-114.35843253810145">
    <ele>1792.9926933849029</ele>
   </trkpt>
   <trkpt lat="43.68665409471555" lon="-114.35864403686132">
    <ele>1792.9926933849029</ele>
   </trkpt>
   <trkpt lat="43.68665430613275" lon="-114.35875302130879">
    <ele>1792.8512200255786</ele>
   </trkpt>
   <trkpt lat="43.68665350980157" lon="-114.35911935713136">
    <ele>1792.7164210911446</ele>
   </trkpt>
   <trkpt lat="43.68661513114471" lon="-114.35934090395777">
    <ele>1792.555545897516</ele>
   </trkpt>
   <trkpt lat="43.68656470922153" lon="-114.35947251109039">
    <ele>1792.3733396097996</ele>
   </trkpt>
   <trkpt lat="43.68647460352949" lon="-114.35956579669174">
    <ele>1792.3733396097996</ele>
   </trkpt>
   <trkpt lat="43.68629779910536" lon="-114.35970634988911">
    <ele>1792.1530211799995</ele>
   </trkpt>
   <trkpt lat="43.68615496638709" lon="-114.35979433511966">
    <ele>1792.0606253590747</ele>
   </trkpt>
  </trkseg>
 </trk>
</gpx>