<?xml version="1.0" encoding="UTF-8"?>
<gpx creator="Lanterne Rouge" version="1.1" xmlns="http://www.topografix.com/GPX/1/1" xmlns:xsi="http://www.w3.org/2001/XMLSchema-instance" xsi:schemaLocation="http://www.topografix.com/GPX/1/1 http://www.topografix.com/GPX/1/1/gpx.xsd">
 <metadata>
  <name>Harriman</name>
  <author>
   <name>Lanterne Rouge</name>
   <link href="https://lanternerouge.app"/>
  </author>
 </metadata>
 <wpt lat="43.78642078117966" lon="-114.4890283902024">
  <name>Water</name>
 </wpt>
 <wpt lat="43.86971384930078" lon="-114.65850793026146">
  <name>Titus Check</name>
 </wpt>
 <wpt lat="43.77982968071919" lon="-114.60054248467816">
  <name>REPEATER</name>
 </wpt>
 <wpt lat="43.78383924555817" lon="-114.55695818765489">
  <name>START</name>
 </wpt>
 <wpt lat="43.782640212258514" lon="-114.55643083654402">
  <name>FINISH</name>
 </wpt>
 <wpt lat="43.77615541913002" lon="-114.50470028506275">
  <name>Salsa Pepper on the Harriman</name>
 </wpt>
 <wpt lat="43.86517670479233" lon="-114.65471386995868">
  <name>Salsa Pepper on the Harriman</name>
 </wpt>
 <wpt lat="43.80358574606035" lon="-114.58731889980169">
  <name>Chaise Lounge</name>
 </wpt>
 <trk>
  <name>Harriman</name>
  <type>cycling</type>
  <trkseg>
   <trkpt lat="43.78374" lon="-114.55676000000001">
    <ele>2036.8657078082083</ele>
   </trkpt>
   <trkpt lat="43.783820000000006" lon="-114.55691000000002">
    <ele>2037.0821751183773</ele>
   </trkpt>
   <trkpt lat="43.7839" lon="-114.55720000000001">
    <ele>2037.2716984031165</ele>
   </trkpt>
   <trkpt lat="43.78392" lon="-114.55747000000001">
    <ele>2037.4472754688245</ele>
   </trkpt>
   <trkpt lat="43.784020000000005" lon="-114.55805000000001">
    <ele>2038.010508066091</ele>
   </trkpt>
   <trkpt lat="43.78409500199609" lon="-114.5587199995093">
    <ele>2038.9590192358003</ele>
   </trkpt>
   <trkpt lat="43.78417" lon="-114.55939000000001">
    <ele>2039.747867249146</ele>
   </trkpt>
   <trkpt lat="43.78427000000001" lon="-114.56001">
    <ele>2040.466744854925</ele>
   </trkpt>
   <trkpt lat="43.784400000000005" lon="-114.56112">
    <ele>2041.2120469920287</ele>
   </trkpt>
   <trkpt lat="43.784530000000004" lon="-114.56176">
    <ele>2041.1699885811665</ele>
   </trkpt>
   <trkpt lat="43.78468" lon="-114.56211">
    <ele>2041.1151363736985</ele>
   </trkpt>
   <trkpt lat="43.78488" lon="-114.56244000000001">
    <ele>2041.1098055957464</ele>
   </trkpt>
   <trkpt lat="43.78511" lon="-114.56297">
    <ele>2041.2561097243774</ele>
   </trkpt>
   <trkpt lat="43.78539000000001" lon="-114.56382">
    <ele>2041.5291127747812</ele>
   </trkpt>
   <trkpt lat="43.78562" lon="-114.56446000000001">
    <ele>2041.9616648796607</ele>
   </trkpt>
   <trkpt lat="43.785920000000004" lon="-114.5652">
    <ele>2043.337453475293</ele>
   </trkpt>
   <trkpt lat="43.78602" lon="-114.56534">
    <ele>2043.8367623058584</ele>
   </trkpt>
   <trkpt lat="43.78618" lon="-114.56551">
    <ele>2044.4039084668318</ele>
   </trkpt>
   <trkpt lat="43.786500000000004" lon="-114.56597000000001">
    <ele>2045.9845431746514</ele>
   </trkpt>
   <trkpt lat="43.786770000000004" lon="-114.56663">
    <ele>2048.0579491613535</ele>
   </trkpt>
   <trkpt lat="43.786950000000004" lon="-114.56694">
    <ele>2048.872917251491</ele>
   </trkpt>
   <trkpt lat="43.78712" lon="-114.56712">
    <ele>2049.575502628441</ele>
   </trkpt>
   <trkpt lat="43.78734" lon="-114.5673">
    <ele>2050.3313620200065</ele>
   </trkpt>
   <trkpt lat="43.787440000000004" lon="-114.56739">
    <ele>2051.1049825850655</ele>
   </trkpt>
   <trkpt lat="43.787510000000005" lon="-114.56753">
    <ele>2051.586610695212</ele>
   </trkpt>
   <trkpt lat="43.78757" lon="-114.56771">
    <ele>2052.0031472842866</ele>
   </trkpt>
   <trkpt lat="43.787580000000005" lon="-114.56788">
    <ele>2052.2798806344094</ele>
   </trkpt>
   <trkpt lat="43.78755" lon="-114.56821000000001">
    <ele>2052.4119777567917</ele>
   </trkpt>
   <trkpt lat="43.7875" lon="-114.56842">
    <ele>2052.5495746944853</ele>
   </trkpt>
   <trkpt lat="43.787490000000005" lon="-114.56855000000002">
    <ele>2052.272213375652</ele>
   </trkpt>
   <trkpt lat="43.787510000000005" lon="-114.5687">
    <ele>2052.2052158718475</ele>
   </trkpt>
   <trkpt lat="43.78757" lon="-114.56883">
    <ele>2052.389441496378</ele>
   </trkpt>
   <trkpt lat="43.787670000000006" lon="-114.56896">
    <ele>2052.2842982891607</ele>
   </trkpt>
   <trkpt lat="43.787760000000006" lon="-114.569">
    <ele>2052.105133718171</ele>
   </trkpt>
   <trkpt lat="43.788160000000005" lon="-114.56901">
    <ele>2051.211550734161</ele>
   </trkpt>
   <trkpt lat="43.78826" lon="-114.56911000000001">
    <ele>2050.7865021530765</ele>
   </trkpt>
   <trkpt lat="43.78849000206303" lon="-114.5697949974162">
    <ele>2050.0262118438372</ele>
   </trkpt>
   <trkpt lat="43.788720000000005" lon="-114.57048">
    <ele>2052.0343808218186</ele>
   </trkpt>
   <trkpt lat="43.788830000000004" lon="-114.57106">
    <ele>2053.8874989794317</ele>
   </trkpt>
   <trkpt lat="43.788990000000005" lon="-114.57156">
    <ele>2055.7052223191777</ele>
   </trkpt>
   <trkpt lat="43.78923" lon="-114.57197000000001">
    <ele>2057.1259777338305</ele>
   </trkpt>
   <trkpt lat="43.789410000000004" lon="-114.57214">
    <ele>2057.605893942276</ele>
   </trkpt>
   <trkpt lat="43.789530000000006" lon="-114.57223">
    <ele>2058.052489497422</ele>
   </trkpt>
   <trkpt lat="43.78976" lon="-114.57236">
    <ele>2058.293049758489</ele>
   </trkpt>
   <trkpt lat="43.79001" lon="-114.57242000000001">
    <ele>2058.3618235773715</ele>
   </trkpt>
   <trkpt lat="43.79065000000001" lon="-114.57273">
    <ele>2058.386647323955</ele>
   </trkpt>
   <trkpt lat="43.79075" lon="-114.57281">
    <ele>2058.33133981063</ele>
   </trkpt>
   <trkpt lat="43.79113" lon="-114.57326">
    <ele>2058.6869772749337</ele>
   </trkpt>
   <trkpt lat="43.791270000000004" lon="-114.57353">
    <ele>2059.1512177073614</ele>
   </trkpt>
   <trkpt lat="43.79148000000001" lon="-114.57415">
    <ele>2060.7022216685505</ele>
   </trkpt>
   <trkpt lat="43.791650000000004" lon="-114.57447">
    <ele>2061.451977580556</ele>
   </trkpt>
   <trkpt lat="43.79189" lon="-114.57469">
    <ele>2061.980354480349</ele>
   </trkpt>
   <trkpt lat="43.79243500061996" lon="-114.575094996236">
    <ele>2061.0477787332466</ele>
   </trkpt>
   <trkpt lat="43.79298000000001" lon="-114.5755">
    <ele>2060.5908491642217</ele>
   </trkpt>
   <trkpt lat="43.79308" lon="-114.57560000000001">
    <ele>2060.7841615252823</ele>
   </trkpt>
   <trkpt lat="43.79317" lon="-114.57576">
    <ele>2061.038960138247</ele>
   </trkpt>
   <trkpt lat="43.793220000000005" lon="-114.5759">
    <ele>2061.0244774633957</ele>
   </trkpt>
   <trkpt lat="43.79325" lon="-114.57645000000001">
    <ele>2061.6520628226012</ele>
   </trkpt>
   <trkpt lat="43.79328" lon="-114.57657">
    <ele>2061.6520628226012</ele>
   </trkpt>
   <trkpt lat="43.79346" lon="-114.57684">
    <ele>2062.4362225653695</ele>
   </trkpt>
   <trkpt lat="43.793670000000006" lon="-114.57693">
    <ele>2063.053661121164</ele>
   </trkpt>
   <trkpt lat="43.79397" lon="-114.57690000000001">
    <ele>2063.415474083225</ele>
   </trkpt>
   <trkpt lat="43.79415" lon="-114.57696000000001">
    <ele>2063.5755813718383</ele>
   </trkpt>
   <trkpt lat="43.79439000000001" lon="-114.57714000000001">
    <ele>2063.895165492451</ele>
   </trkpt>
   <trkpt lat="43.79451" lon="-114.57725">
    <ele>2064.042904272033</ele>
   </trkpt>
   <trkpt lat="43.79484" lon="-114.57747">
    <ele>2064.379778584461</ele>
   </trkpt>
   <trkpt lat="43.79505" lon="-114.57766000000001">
    <ele>2064.7662965553977</ele>
   </trkpt>
   <trkpt lat="43.795120000000004" lon="-114.57770000000001">
    <ele>2065.0855302057175</ele>
   </trkpt>
   <trkpt lat="43.795280000000005" lon="-114.57773">
    <ele>2065.5278555057757</ele>
   </trkpt>
   <trkpt lat="43.79538" lon="-114.57782">
    <ele>2065.6534637861687</ele>
   </trkpt>
   <trkpt lat="43.79543" lon="-114.57792">
    <ele>2066.0622540454074</ele>
   </trkpt>
   <trkpt lat="43.795410000000004" lon="-114.57809">
    <ele>2066.589594268157</ele>
   </trkpt>
   <trkpt lat="43.79533000000001" lon="-114.57832">
    <ele>2067.1032142731883</ele>
   </trkpt>
   <trkpt lat="43.795320000000004" lon="-114.57846">
    <ele>2067.630305597321</ele>
   </trkpt>
   <trkpt lat="43.79533000000001" lon="-114.57859">
    <ele>2067.826589480917</ele>
   </trkpt>
   <trkpt lat="43.7954" lon="-114.57878000000001">
    <ele>2068.38674362994</ele>
   </trkpt>
   <trkpt lat="43.79554" lon="-114.57894">
    <ele>2069.4114072381944</ele>
   </trkpt>
   <trkpt lat="43.79576" lon="-114.57909000000001">
    <ele>2070.92687582494</ele>
   </trkpt>
   <trkpt lat="43.796020000000006" lon="-114.57939">
    <ele>2072.8165967880423</ele>
   </trkpt>
   <trkpt lat="43.79609000000001" lon="-114.57962">
    <ele>2073.493008408952</ele>
   </trkpt>
   <trkpt lat="43.79603" lon="-114.58002">
    <ele>2074.1782272606897</ele>
   </trkpt>
   <trkpt lat="43.79594" lon="-114.58033">
    <ele>2074.4828619928176</ele>
   </trkpt>
   <trkpt lat="43.7959" lon="-114.58057000000001">
    <ele>2074.626206573834</ele>
   </trkpt>
   <trkpt lat="43.795910000000006" lon="-114.58070000000001">
    <ele>2074.8514190834717</ele>
   </trkpt>
   <trkpt lat="43.79594" lon="-114.58079000000001">
    <ele>2074.852865718812</ele>
   </trkpt>
   <trkpt lat="43.79600000000001" lon="-114.58087">
    <ele>2075.0127321445075</ele>
   </trkpt>
   <trkpt lat="43.79609000000001" lon="-114.58092">
    <ele>2075.0988097297122</ele>
   </trkpt>
   <trkpt lat="43.796330000000005" lon="-114.58097000000001">
    <ele>2075.1402140399164</ele>
   </trkpt>
   <trkpt lat="43.796440000000004" lon="-114.58104000000002">
    <ele>2075.2174661902845</ele>
   </trkpt>
   <trkpt lat="43.796600000000005" lon="-114.58123">
    <ele>2075.280467080009</ele>
   </trkpt>
   <trkpt lat="43.796850000000006" lon="-114.58141">
    <ele>2075.3549002800814</ele>
   </trkpt>
   <trkpt lat="43.796940000000006" lon="-114.58145">
    <ele>2075.3493600574225</ele>
   </trkpt>
   <trkpt lat="43.79699" lon="-114.58145">
    <ele>2075.3493600574225</ele>
   </trkpt>
   <trkpt lat="43.797090000000004" lon="-114.58132">
    <ele>2075.6615190088282</ele>
   </trkpt>
   <trkpt lat="43.797200000000004" lon="-114.581">
    <ele>2075.8715178031935</ele>
   </trkpt>
   <trkpt lat="43.79731" lon="-114.58083">
    <ele>2076.166492518163</ele>
   </trkpt>
   <trkpt lat="43.79766" lon="-114.58078">
    <ele>2077.4089528311706</ele>
   </trkpt>
   <trkpt lat="43.79791" lon="-114.58078">
    <ele>2078.015456972311</ele>
   </trkpt>
   <trkpt lat="43.79865" lon="-114.58114">
    <ele>2082.0551437288013</ele>
   </trkpt>
   <trkpt lat="43.79878" lon="-114.58127">
    <ele>2082.8381014183897</ele>
   </trkpt>
   <trkpt lat="43.79894" lon="-114.58136">
    <ele>2083.497978784788</ele>
   </trkpt>
   <trkpt lat="43.79912" lon="-114.58136">
    <ele>2084.074119968477</ele>
   </trkpt>
   <trkpt lat="43.79925" lon="-114.58140000000002">
    <ele>2084.2524176980123</ele>
   </trkpt>
   <trkpt lat="43.799600000000005" lon="-114.58158">
    <ele>2085.3306292550697</ele>
   </trkpt>
   <trkpt lat="43.799870000000006" lon="-114.58163">
    <ele>2085.9857806554764</ele>
   </trkpt>
   <trkpt lat="43.80001" lon="-114.58167">
    <ele>2086.1582998577096</ele>
   </trkpt>
   <trkpt lat="43.80069" lon="-114.58207000000002">
    <ele>2086.978935389833</ele>
   </trkpt>
   <trkpt lat="43.80091" lon="-114.58213">
    <ele>2087.586324967415</ele>
   </trkpt>
   <trkpt lat="43.801010000000005" lon="-114.58221">
    <ele>2087.957523225584</ele>
   </trkpt>
   <trkpt lat="43.801100000000005" lon="-114.58234000000002">
    <ele>2088.4606309449086</ele>
   </trkpt>
   <trkpt lat="43.801390000000005" lon="-114.58316">
    <ele>2091.0152715546164</ele>
   </trkpt>
   <trkpt lat="43.80154" lon="-114.58370000000001">
    <ele>2092.8552767583806</ele>
   </trkpt>
   <trkpt lat="43.80158" lon="-114.58387">
    <ele>2093.605588401252</ele>
   </trkpt>
   <trkpt lat="43.801570000000005" lon="-114.58406000000001">
    <ele>2094.6321906519197</ele>
   </trkpt>
   <trkpt lat="43.80138" lon="-114.58445">
    <ele>2095.706610757903</ele>
   </trkpt>
   <trkpt lat="43.80129" lon="-114.58467">
    <ele>2096.3839458874436</ele>
   </trkpt>
   <trkpt lat="43.8012" lon="-114.58499">
    <ele>2097.5003329211027</ele>
   </trkpt>
   <trkpt lat="43.80113" lon="-114.58508">
    <ele>2097.91556264773</ele>
   </trkpt>
   <trkpt lat="43.801050000000004" lon="-114.58531">
    <ele>2098.7587079327654</ele>
   </trkpt>
   <trkpt lat="43.80104" lon="-114.58544">
    <ele>2099.546098733668</ele>
   </trkpt>
   <trkpt lat="43.801100000000005" lon="-114.58624">
    <ele>2102.704214204478</ele>
   </trkpt>
   <trkpt lat="43.80106000000001" lon="-114.58655">
    <ele>2104.247519177269</ele>
   </trkpt>
   <trkpt lat="43.80098" lon="-114.58682">
    <ele>2105.440500453593</ele>
   </trkpt>
   <trkpt lat="43.800740000000005" lon="-114.58714">
    <ele>2108.123982983671</ele>
   </trkpt>
   <trkpt lat="43.800090000000004" lon="-114.58794">
    <ele>2115.5305471656084</ele>
   </trkpt>
   <trkpt lat="43.799980000000005" lon="-114.58812">
    <ele>2116.5358881727398</ele>
   </trkpt>
   <trkpt lat="43.79995" lon="-114.58825000000002">
    <ele>2117.271475339988</ele>
   </trkpt>
   <trkpt lat="43.79997" lon="-114.58843">
    <ele>2117.271475339988</ele>
   </trkpt>
   <trkpt lat="43.80002" lon="-114.58861">
    <ele>2117.755317455945</ele>
   </trkpt>
   <trkpt lat="43.800340000000006" lon="-114.58911">
    <ele>2117.774844901107</ele>
   </trkpt>
   <trkpt lat="43.800470000000004" lon="-114.5892">
    <ele>2117.564861109728</ele>
   </trkpt>
   <trkpt lat="43.800740000000005" lon="-114.58929">
    <ele>2117.0242647905557</ele>
   </trkpt>
   <trkpt lat="43.800900000000006" lon="-114.58935000000001">
    <ele>2116.5752879684765</ele>
   </trkpt>
   <trkpt lat="43.80102" lon="-114.58946">
    <ele>2116.42663713025</ele>
   </trkpt>
   <trkpt lat="43.801050000000004" lon="-114.58951">
    <ele>2116.138399728445</ele>
   </trkpt>
   <trkpt lat="43.80109" lon="-114.58951">
    <ele>2116.138399728445</ele>
   </trkpt>
   <trkpt lat="43.80118" lon="-114.58954000000001">
    <ele>2115.780166979062</ele>
   </trkpt>
   <trkpt lat="43.80129" lon="-114.58955">
    <ele>2115.780166979062</ele>
   </trkpt>
   <trkpt lat="43.801520000000004" lon="-114.58947">
    <ele>2115.3552732084604</ele>
   </trkpt>
   <trkpt lat="43.80200000019057" lon="-114.58924500182187">
    <ele>2114.5208252145458</ele>
   </trkpt>
   <trkpt lat="43.80248" lon="-114.58902">
    <ele>2112.3138292068857</ele>
   </trkpt>
   <trkpt lat="43.802890000000005" lon="-114.58884">
    <ele>2109.419123953037</ele>
   </trkpt>
   <trkpt lat="43.803020000000004" lon="-114.58873000000001">
    <ele>2108.5403471714976</ele>
   </trkpt>
   <trkpt lat="43.80346" lon="-114.58854000000001">
    <ele>2105.8373793604665</ele>
   </trkpt>
   <trkpt lat="43.80350000000001" lon="-114.58849000000001">
    <ele>2105.8373793604665</ele>
   </trkpt>
   <trkpt lat="43.80351" lon="-114.58843">
    <ele>2105.31589344991</ele>
   </trkpt>
   <trkpt lat="43.803490000000004" lon="-114.58834">
    <ele>2104.9031681697516</ele>
   </trkpt>
   <trkpt lat="43.803360000000005" lon="-114.58817">
    <ele>2103.662673842701</ele>
   </trkpt>
   <trkpt lat="43.80332000000001" lon="-114.58804">
    <ele>2102.858114081149</ele>
   </trkpt>
   <trkpt lat="43.803360000000005" lon="-114.58760000000001">
    <ele>2101.227745490648</ele>
   </trkpt>
   <trkpt lat="43.80341000000001" lon="-114.58746000000001">
    <ele>2101.0306639245628</ele>
   </trkpt>
   <trkpt lat="43.80351" lon="-114.58736">
    <ele>2099.9088538043393</ele>
   </trkpt>
   <trkpt lat="43.803580000000004" lon="-114.58734000000001">
    <ele>2099.440837825775</ele>
   </trkpt>
   <trkpt lat="43.80366" lon="-114.58733000000001">
    <ele>2099.440837825775</ele>
   </trkpt>
   <trkpt lat="43.80378" lon="-114.5874">
    <ele>2098.9608739872765</ele>
   </trkpt>
   <trkpt lat="43.80382" lon="-114.58749">
    <ele>2098.641007552094</ele>
   </trkpt>
   <trkpt lat="43.80386" lon="-114.58763">
    <ele>2098.5106053387262</ele>
   </trkpt>
   <trkpt lat="43.803900000000006" lon="-114.58798000000002">
    <ele>2097.884800736987</ele>
   </trkpt>
   <trkpt lat="43.80397000000001" lon="-114.58812">
    <ele>2097.702435965533</ele>
   </trkpt>
   <trkpt lat="43.80406000000001" lon="-114.58821">
    <ele>2097.650165881839</ele>
   </trkpt>
   <trkpt lat="43.804370000000006" lon="-114.58834">
    <ele>2097.6483607355344</ele>
   </trkpt>
   <trkpt lat="43.80465" lon="-114.5883">
    <ele>2097.805729817886</ele>
   </trkpt>
   <trkpt lat="43.80483" lon="-114.58812">
    <ele>2098.109190109664</ele>
   </trkpt>
   <trkpt lat="43.804950000000005" lon="-114.58785">
    <ele>2098.7056014866916</ele>
   </trkpt>
   <trkpt lat="43.805020000000006" lon="-114.58776">
    <ele>2099.0527441483296</ele>
   </trkpt>
   <trkpt lat="43.805080000000004" lon="-114.58776">
    <ele>2099.0527441483296</ele>
   </trkpt>
   <trkpt lat="43.805400000000006" lon="-114.58809000000001">
    <ele>2100.0594302810823</ele>
   </trkpt>
   <trkpt lat="43.805530000000005" lon="-114.58816000000002">
    <ele>2100.3956101005074</ele>
   </trkpt>
   <trkpt lat="43.805690000000006" lon="-114.58816000000002">
    <ele>2101.608924879894</ele>
   </trkpt>
   <trkpt lat="43.805800000000005" lon="-114.58818000000001">
    <ele>2102.2590004780577</ele>
   </trkpt>
   <trkpt lat="43.806070000000005" lon="-114.58839">
    <ele>2103.1081472204623</ele>
   </trkpt>
   <trkpt lat="43.806630000000006" lon="-114.58862">
    <ele>2104.6600563236284</ele>
   </trkpt>
   <trkpt lat="43.806700000000006" lon="-114.5887">
    <ele>2105.5382898116923</ele>
   </trkpt>
   <trkpt lat="43.806830000000005" lon="-114.58892000000002">
    <ele>2105.5382898116923</ele>
   </trkpt>
   <trkpt lat="43.80691" lon="-114.58915">
    <ele>2106.505207221868</ele>
   </trkpt>
   <trkpt lat="43.806940000000004" lon="-114.58932000000001">
    <ele>2106.639715593051</ele>
   </trkpt>
   <trkpt lat="43.806990000000006" lon="-114.58955">
    <ele>2106.639715593051</ele>
   </trkpt>
   <trkpt lat="43.80706000000001" lon="-114.58978">
    <ele>2107.0288663714755</ele>
   </trkpt>
   <trkpt lat="43.80724" lon="-114.59005">
    <ele>2107.5844727880267</ele>
   </trkpt>
   <trkpt lat="43.80734" lon="-114.59014">
    <ele>2107.5844727880267</ele>
   </trkpt>
   <trkpt lat="43.80745" lon="-114.59018">
    <ele>2108.0328664336257</ele>
   </trkpt>
   <trkpt lat="43.807832135940494" lon="-114.59001730870969">
    <ele>2108.497939542387</ele>
   </trkpt>
   <trkpt lat="43.808242766701596" lon="-114.58976551451626">
    <ele>2109.270428271859</ele>
   </trkpt>
   <trkpt lat="43.80838000000001" lon="-114.58982">
    <ele>2109.3441512404356</ele>
   </trkpt>
   <trkpt lat="43.808460000000004" lon="-114.58996">
    <ele>2109.3441512404356</ele>
   </trkpt>
   <trkpt lat="43.808510000000005" lon="-114.59027">
    <ele>2109.8149101620083</ele>
   </trkpt>
   <trkpt lat="43.80858804484001" lon="-114.59081921227516">
    <ele>2109.740277554436</ele>
   </trkpt>
   <trkpt lat="43.80876134095019" lon="-114.59169868396104">
    <ele>2109.5236103113543</ele>
   </trkpt>
   <trkpt lat="43.80885564255459" lon="-114.59216079721904">
    <ele>2109.479189741235</ele>
   </trkpt>
   <trkpt lat="43.80894000000001" lon="-114.59228">
    <ele>2109.104245756194</ele>
   </trkpt>
   <trkpt lat="43.80904290502484" lon="-114.59227735842741">
    <ele>2108.948336783917</ele>
   </trkpt>
   <trkpt lat="43.80917" lon="-114.59223289148864">
    <ele>2108.9126569301743</ele>
   </trkpt>
   <trkpt lat="43.809287597738205" lon="-114.59211184435408">
    <ele>2108.515508162883</ele>
   </trkpt>
   <trkpt lat="43.80935368696057" lon="-114.59201658969047">
    <ele>2108.515508162883</ele>
   </trkpt>
   <trkpt lat="43.80936613619917" lon="-114.59181009586867">
    <ele>2108.0009755309234</ele>
   </trkpt>
   <trkpt lat="43.80934425402119" lon="-114.59150982202273">
    <ele>2108.0009755309234</ele>
   </trkpt>
   <trkpt lat="43.80938625529282" lon="-114.59106230342705">
    <ele>2107.8610035980823</ele>
   </trkpt>
   <trkpt lat="43.809428256564445" lon="-114.59061478483137">
    <ele>2104.9099347261604</ele>
   </trkpt>
   <trkpt lat="43.80956444380338" lon="-114.58965572638843">
    <ele>2102.9473269070095</ele>
   </trkpt>
   <trkpt lat="43.809672625355645" lon="-114.58959073980698">
    <ele>2102.9473269070095</ele>
   </trkpt>
   <trkpt lat="43.80977668254634" lon="-114.58967036738319">
    <ele>2102.5540363405785</ele>
   </trkpt>
   <trkpt lat="43.80998" lon="-114.59006000000001">
    <ele>2104.691454389675</ele>
   </trkpt>
   <trkpt lat="43.81012504752216" lon="-114.59041314796126">
    <ele>2105.5664779301583</ele>
   </trkpt>
   <trkpt lat="43.81023801899225" lon="-114.59074407146035">
    <ele>2109.1510334104587</ele>
   </trkpt>
   <trkpt lat="43.81041539340901" lon="-114.59112555611556">
    <ele>2109.748194430125</ele>
   </trkpt>
   <trkpt lat="43.810543595606006" lon="-114.59136370407704">
    <ele>2111.7129141765845</ele>
   </trkpt>
   <trkpt lat="43.810671797803" lon="-114.59160185203852">
    <ele>2112.8899940603046</ele>
   </trkpt>
   <trkpt lat="43.8108" lon="-114.59184">
    <ele>2114.2699245750696</ele>
   </trkpt>
   <trkpt lat="43.81101" lon="-114.59206">
    <ele>2115.0244549429967</ele>
   </trkpt>
   <trkpt lat="43.81107" lon="-114.59216">
    <ele>2115.0244549429967</ele>
   </trkpt>
   <trkpt lat="43.8111" lon="-114.59243000000001">
    <ele>2115.8878842762147</ele>
   </trkpt>
   <trkpt lat="43.81105" lon="-114.59273">
    <ele>2116.309501278417</ele>
   </trkpt>
   <trkpt lat="43.81109" lon="-114.59286000000002">
    <ele>2116.309501278417</ele>
   </trkpt>
   <trkpt lat="43.81123" lon="-114.59305">
    <ele>2117.320078804248</ele>
   </trkpt>
   <trkpt lat="43.81136" lon="-114.5935">
    <ele>2118.2283212310426</ele>
   </trkpt>
   <trkpt lat="43.81166" lon="-114.59398000000002">
    <ele>2120.1342137549627</ele>
   </trkpt>
   <trkpt lat="43.81181" lon="-114.59461">
    <ele>2121.4275499655146</ele>
   </trkpt>
   <trkpt lat="43.81183" lon="-114.59511">
    <ele>2121.8096445368246</ele>
   </trkpt>
   <trkpt lat="43.811890000000005" lon="-114.5956">
    <ele>2122.1086213950216</ele>
   </trkpt>
   <trkpt lat="43.81188" lon="-114.596">
    <ele>2122.631164296606</ele>
   </trkpt>
   <trkpt lat="43.811910000000005" lon="-114.59632">
    <ele>2122.631164296606</ele>
   </trkpt>
   <trkpt lat="43.81197" lon="-114.59663">
    <ele>2123.08144439012</ele>
   </trkpt>
   <trkpt lat="43.81201" lon="-114.59699">
    <ele>2123.269370646577</ele>
   </trkpt>
   <trkpt lat="43.811980000000005" lon="-114.59758000000001">
    <ele>2124.392094880185</ele>
   </trkpt>
   <trkpt lat="43.812050000000006" lon="-114.59848000000001">
    <ele>2126.249902784039</ele>
   </trkpt>
   <trkpt lat="43.812050000000006" lon="-114.59922">
    <ele>2129.1724198041325</ele>
   </trkpt>
   <trkpt lat="43.81213" lon="-114.60007">
    <ele>2130.0644169011894</ele>
   </trkpt>
   <trkpt lat="43.81213" lon="-114.60025">
    <ele>2130.0644169011894</ele>
   </trkpt>
   <trkpt lat="43.81217" lon="-114.60043">
    <ele>2130.476629833249</ele>
   </trkpt>
   <trkpt lat="43.81228" lon="-114.60075">
    <ele>2131.1907971805326</ele>
   </trkpt>
   <trkpt lat="43.812470000000005" lon="-114.60159000000002">
    <ele>2131.744628762588</ele>
   </trkpt>
   <trkpt lat="43.812580000000004" lon="-114.60187">
    <ele>2131.6531050175977</ele>
   </trkpt>
   <trkpt lat="43.81275" lon="-114.60204">
    <ele>2131.4650572794317</ele>
   </trkpt>
   <trkpt lat="43.81302" lon="-114.60222">
    <ele>2131.2160970166938</ele>
   </trkpt>
   <trkpt lat="43.81324" lon="-114.60241">
    <ele>2130.819316382188</ele>
   </trkpt>
   <trkpt lat="43.81329" lon="-114.60254">
    <ele>2130.7061952510408</ele>
   </trkpt>
   <trkpt lat="43.81329" lon="-114.60281">
    <ele>2130.4425249059464</ele>
   </trkpt>
   <trkpt lat="43.81316" lon="-114.60309000000001">
    <ele>2130.2687793141513</ele>
   </trkpt>
   <trkpt lat="43.81317000000001" lon="-114.60321">
    <ele>2130.044628484277</ele>
   </trkpt>
   <trkpt lat="43.81322" lon="-114.60331000000001">
    <ele>2129.7837935813864</ele>
   </trkpt>
   <trkpt lat="43.81329" lon="-114.60334">
    <ele>2129.7837935813864</ele>
   </trkpt>
   <trkpt lat="43.81347" lon="-114.60325">
    <ele>2129.2579060268413</ele>
   </trkpt>
   <trkpt lat="43.813610000000004" lon="-114.60312">
    <ele>2129.0523821244137</ele>
   </trkpt>
   <trkpt lat="43.81382000000001" lon="-114.60272">
    <ele>2128.6883857752496</ele>
   </trkpt>
   <trkpt lat="43.81401" lon="-114.60262000000002">
    <ele>2128.137189624102</ele>
   </trkpt>
   <trkpt lat="43.814130000000006" lon="-114.60259">
    <ele>2127.9692095620576</ele>
   </trkpt>
   <trkpt lat="43.8143" lon="-114.60264000000001">
    <ele>2127.739813222413</ele>
   </trkpt>
   <trkpt lat="43.81439" lon="-114.60276">
    <ele>2127.480857929339</ele>
   </trkpt>
   <trkpt lat="43.81439500213832" lon="-114.60346000023762">
    <ele>2127.210899501502</ele>
   </trkpt>
   <trkpt lat="43.814400000000006" lon="-114.60416000000001">
    <ele>2126.606072841265</ele>
   </trkpt>
   <trkpt lat="43.81434" lon="-114.60527">
    <ele>2125.427788267158</ele>
   </trkpt>
   <trkpt lat="43.814350000000005" lon="-114.60544000000002">
    <ele>2124.991139458415</ele>
   </trkpt>
   <trkpt lat="43.814400000000006" lon="-114.60572">
    <ele>2124.991139458415</ele>
   </trkpt>
   <trkpt lat="43.81447000000001" lon="-114.60595">
    <ele>2124.991139458415</ele>
   </trkpt>
   <trkpt lat="43.814620000000005" lon="-114.60613000000001">
    <ele>2125.15760676969</ele>
   </trkpt>
   <trkpt lat="43.81476000000001" lon="-114.60639">
    <ele>2125.2078404041613</ele>
   </trkpt>
   <trkpt lat="43.81505000000001" lon="-114.60714000000002">
    <ele>2125.800970547795</ele>
   </trkpt>
   <trkpt lat="43.81513" lon="-114.60724">
    <ele>2126.1755821119905</ele>
   </trkpt>
   <trkpt lat="43.81521" lon="-114.60737">
    <ele>2126.9790261455623</ele>
   </trkpt>
   <trkpt lat="43.815360000000005" lon="-114.60795">
    <ele>2128.4868868865888</ele>
   </trkpt>
   <trkpt lat="43.815450000000006" lon="-114.60844000000002">
    <ele>2130.4684657848406</ele>
   </trkpt>
   <trkpt lat="43.81552000000001" lon="-114.60903">
    <ele>2132.2164465537026</ele>
   </trkpt>
   <trkpt lat="43.81552000000001" lon="-114.60935">
    <ele>2133.779328930495</ele>
   </trkpt>
   <trkpt lat="43.815380000000005" lon="-114.6101">
    <ele>2136.2131275874262</ele>
   </trkpt>
   <trkpt lat="43.81535750106032" lon="-114.61044750014737">
    <ele>2138.7713872667578</ele>
   </trkpt>
   <trkpt lat="43.81533500212063" lon="-114.61079500029474">
    <ele>2140.543818308427</ele>
   </trkpt>
   <trkpt lat="43.81531250106032" lon="-114.61114250014737">
    <ele>2141.498870626481</ele>
   </trkpt>
   <trkpt lat="43.815290000000005" lon="-114.61149">
    <ele>2143.3321135027827</ele>
   </trkpt>
   <trkpt lat="43.815340000000006" lon="-114.61167">
    <ele>2143.3321135027827</ele>
   </trkpt>
   <trkpt lat="43.8155502803864" lon="-114.61181508828528">
    <ele>2144.9079625281656</ele>
   </trkpt>
   <trkpt lat="43.81565755673331" lon="-114.61200902411206">
    <ele>2146.249740363385</ele>
   </trkpt>
   <trkpt lat="43.815804935435466" lon="-114.6120784232589">
    <ele>2147.064775268191</ele>
   </trkpt>
   <trkpt lat="43.81616" lon="-114.61209000000001">
    <ele>2148.336031823785</ele>
   </trkpt>
   <trkpt lat="43.816460000000006" lon="-114.61212">
    <ele>2148.8083142376568</ele>
   </trkpt>
   <trkpt lat="43.81687" lon="-114.61195000000001">
    <ele>2148.6312315927803</ele>
   </trkpt>
   <trkpt lat="43.81749000000001" lon="-114.61176">
    <ele>2149.055551455047</ele>
   </trkpt>
   <trkpt lat="43.817640000000004" lon="-114.61176">
    <ele>2149.5498137941026</ele>
   </trkpt>
   <trkpt lat="43.817870000000006" lon="-114.61189">
    <ele>2149.943687418845</ele>
   </trkpt>
   <trkpt lat="43.81844" lon="-114.61198">
    <ele>2151.57604507387</ele>
   </trkpt>
   <trkpt lat="43.81851" lon="-114.61201000000001">
    <ele>2151.57604507387</ele>
   </trkpt>
   <trkpt lat="43.818940000000005" lon="-114.61216">
    <ele>2152.056760998466</ele>
   </trkpt>
   <trkpt lat="43.81908000000001" lon="-114.61216">
    <ele>2152.056760998466</ele>
   </trkpt>
   <trkpt lat="43.819480000000006" lon="-114.61181">
    <ele>2151.2705749223114</ele>
   </trkpt>
   <trkpt lat="43.81989" lon="-114.61127">
    <ele>2149.6384641949076</ele>
   </trkpt>
   <trkpt lat="43.8207" lon="-114.61163">
    <ele>2148.231508070953</ele>
   </trkpt>
   <trkpt lat="43.82103" lon="-114.6119">
    <ele>2149.0169535474897</ele>
   </trkpt>
   <trkpt lat="43.82146" lon="-114.61204000000001">
    <ele>2148.6257874554894</ele>
   </trkpt>
   <trkpt lat="43.821830000000006" lon="-114.61244">
    <ele>2147.1238548648776</ele>
   </trkpt>
   <trkpt lat="43.82209" lon="-114.61293">
    <ele>2147.2872250094815</ele>
   </trkpt>
   <trkpt lat="43.82255000000001" lon="-114.61325000000001">
    <ele>2146.5139391449065</ele>
   </trkpt>
   <trkpt lat="43.82278" lon="-114.61355">
    <ele>2145.4616508464273</ele>
   </trkpt>
   <trkpt lat="43.82295500000001" lon="-114.61391">
    <ele>2143.622741350427</ele>
   </trkpt>
   <trkpt lat="43.823130000000006" lon="-114.61427">
    <ele>2141.5339286032727</ele>
   </trkpt>
   <trkpt lat="43.823220000000006" lon="-114.61494">
    <ele>2141.4087293555413</ele>
   </trkpt>
   <trkpt lat="43.82320000000001" lon="-114.61516">
    <ele>2140.9169932946</ele>
   </trkpt>
   <trkpt lat="43.823125000000005" lon="-114.61543">
    <ele>2141.8938277606117</ele>
   </trkpt>
   <trkpt lat="43.82305" lon="-114.6157">
    <ele>2143.6439062942422</ele>
   </trkpt>
   <trkpt lat="43.82293" lon="-114.61599000000001">
    <ele>2145.0336142735455</ele>
   </trkpt>
   <trkpt lat="43.822810000000004" lon="-114.61628">
    <ele>2148.555184112468</ele>
   </trkpt>
   <trkpt lat="43.82251" lon="-114.61661000000001">
    <ele>2150.5040149816127</ele>
   </trkpt>
   <trkpt lat="43.8224" lon="-114.61677">
    <ele>2151.965050853542</ele>
   </trkpt>
   <trkpt lat="43.82242" lon="-114.61695">
    <ele>2152.887817375193</ele>
   </trkpt>
   <trkpt lat="43.8226" lon="-114.61704">
    <ele>2153.491489365974</ele>
   </trkpt>
   <trkpt lat="43.822750000000006" lon="-114.61722">
    <ele>2154.977127688449</ele>
   </trkpt>
   <trkpt lat="43.822810000000004" lon="-114.61736">
    <ele>2154.977127688449</ele>
   </trkpt>
   <trkpt lat="43.82284000000001" lon="-114.61759">
    <ele>2155.8897764269423</ele>
   </trkpt>
   <trkpt lat="43.82285" lon="-114.61816">
    <ele>2157.63991704968</ele>
   </trkpt>
   <trkpt lat="43.822900000000004" lon="-114.61843">
    <ele>2158.3385574846166</ele>
   </trkpt>
   <trkpt lat="43.82302000000001" lon="-114.61849000000001">
    <ele>2160.69759725365</ele>
   </trkpt>
   <trkpt lat="43.823350000000005" lon="-114.61848">
    <ele>2161.7771333994756</ele>
   </trkpt>
   <trkpt lat="43.823510000000006" lon="-114.61858000000001">
    <ele>2161.7771333994756</ele>
   </trkpt>
   <trkpt lat="43.82363" lon="-114.61894000000001">
    <ele>2162.6997047275663</ele>
   </trkpt>
   <trkpt lat="43.82379" lon="-114.6191">
    <ele>2162.6409453601414</ele>
   </trkpt>
   <trkpt lat="43.823820000000005" lon="-114.61924">
    <ele>2162.6409453601414</ele>
   </trkpt>
   <trkpt lat="43.823820000000005" lon="-114.61973">
    <ele>2162.708177911141</ele>
   </trkpt>
   <trkpt lat="43.8239" lon="-114.61991">
    <ele>2162.708177911141</ele>
   </trkpt>
   <trkpt lat="43.824090000000005" lon="-114.61995">
    <ele>2161.763489502234</ele>
   </trkpt>
   <trkpt lat="43.82457" lon="-114.62023">
    <ele>2159.3662895008392</ele>
   </trkpt>
   <trkpt lat="43.824940000000005" lon="-114.62026000000002">
    <ele>2157.226138568451</ele>
   </trkpt>
   <trkpt lat="43.82515" lon="-114.62018">
    <ele>2156.556026480699</ele>
   </trkpt>
   <trkpt lat="43.82531" lon="-114.62027">
    <ele>2156.382488438743</ele>
   </trkpt>
   <trkpt lat="43.825410000000005" lon="-114.62045">
    <ele>2155.3984385893577</ele>
   </trkpt>
   <trkpt lat="43.82546000000001" lon="-114.62071">
    <ele>2155.146048165117</ele>
   </trkpt>
   <trkpt lat="43.825720000000004" lon="-114.62126">
    <ele>2154.258362850928</ele>
   </trkpt>
   <trkpt lat="43.825900000000004" lon="-114.62148">
    <ele>2152.947614410354</ele>
   </trkpt>
   <trkpt lat="43.82607" lon="-114.62179">
    <ele>2151.416301874946</ele>
   </trkpt>
   <trkpt lat="43.82627" lon="-114.62230500000001">
    <ele>2149.6825976224454</ele>
   </trkpt>
   <trkpt lat="43.82647" lon="-114.62282">
    <ele>2147.5538511971417</ele>
   </trkpt>
   <trkpt lat="43.826800000000006" lon="-114.62317000000002">
    <ele>2145.9089210780976</ele>
   </trkpt>
   <trkpt lat="43.8271" lon="-114.62331">
    <ele>2145.5196419818412</ele>
   </trkpt>
   <trkpt lat="43.82724" lon="-114.62349">
    <ele>2144.8498933868414</ele>
   </trkpt>
   <trkpt lat="43.82761000000001" lon="-114.62438000000002">
    <ele>2146.033960797815</ele>
   </trkpt>
   <trkpt lat="43.82803000122694" lon="-114.62492499607689">
    <ele>2148.297838169683</ele>
   </trkpt>
   <trkpt lat="43.828450000000004" lon="-114.62547">
    <ele>2148.211175984809</ele>
   </trkpt>
   <trkpt lat="43.82898" lon="-114.62582">
    <ele>2148.525519935285</ele>
   </trkpt>
   <trkpt lat="43.82949000000001" lon="-114.62631">
    <ele>2149.270106717259</ele>
   </trkpt>
   <trkpt lat="43.83012" lon="-114.62667">
    <ele>2151.6632366050094</ele>
   </trkpt>
   <trkpt lat="43.83057499996702" lon="-114.62684999855885">
    <ele>2152.766733545732</ele>
   </trkpt>
   <trkpt lat="43.831030000000005" lon="-114.62703">
    <ele>2153.6119602216854</ele>
   </trkpt>
   <trkpt lat="43.83177500076823" lon="-114.62742999504476">
    <ele>2154.4854929566554</ele>
   </trkpt>
   <trkpt lat="43.83252" lon="-114.62783">
    <ele>2155.7501692148144</ele>
   </trkpt>
   <trkpt lat="43.833195000360085" lon="-114.62812999659243">
    <ele>2157.2579933835073</ele>
   </trkpt>
   <trkpt lat="43.833870000000005" lon="-114.62843000000001">
    <ele>2159.875370896013</ele>
   </trkpt>
   <trkpt lat="43.83419000040029" lon="-114.62864999762564">
    <ele>2161.897241743056</ele>
   </trkpt>
   <trkpt lat="43.83451000080058" lon="-114.62886999525126">
    <ele>2162.749920733003</ele>
   </trkpt>
   <trkpt lat="43.83483000040029" lon="-114.62908999762564">
    <ele>2164.2318030170377</ele>
   </trkpt>
   <trkpt lat="43.835150000000006" lon="-114.62931">
    <ele>2165.2769617031868</ele>
   </trkpt>
   <trkpt lat="43.835620000000006" lon="-114.62949">
    <ele>2167.385117516779</ele>
   </trkpt>
   <trkpt lat="43.83578000000001" lon="-114.62949">
    <ele>2167.962529800138</ele>
   </trkpt>
   <trkpt lat="43.83628" lon="-114.62922">
    <ele>2168.997007376205</ele>
   </trkpt>
   <trkpt lat="43.83637" lon="-114.62909">
    <ele>2168.997007376205</ele>
   </trkpt>
   <trkpt lat="43.83646" lon="-114.62824">
    <ele>2168.5295439046668</ele>
   </trkpt>
   <trkpt lat="43.8363" lon="-114.6277">
    <ele>2166.2670573015694</ele>
   </trkpt>
   <trkpt lat="43.83626" lon="-114.62739">
    <ele>2165.2127403482773</ele>
   </trkpt>
   <trkpt lat="43.83626" lon="-114.62725">
    <ele>2165.2127403482773</ele>
   </trkpt>
   <trkpt lat="43.83641" lon="-114.62703">
    <ele>2163.988683503307</ele>
   </trkpt>
   <trkpt lat="43.83690000000001" lon="-114.62704000000001">
    <ele>2162.4993429173187</ele>
   </trkpt>
   <trkpt lat="43.837390000000006" lon="-114.62731000000001">
    <ele>2160.9501816665816</ele>
   </trkpt>
   <trkpt lat="43.837590000000006" lon="-114.62765">
    <ele>2160.33353414516</ele>
   </trkpt>
   <trkpt lat="43.8378" lon="-114.62788">
    <ele>2159.102857044559</ele>
   </trkpt>
   <trkpt lat="43.838190000000004" lon="-114.6281">
    <ele>2159.2410255118707</ele>
   </trkpt>
   <trkpt lat="43.838350000000005" lon="-114.62833">
    <ele>2158.9470848088777</ele>
   </trkpt>
   <trkpt lat="43.838420000000006" lon="-114.62844000000001">
    <ele>2159.0114977260137</ele>
   </trkpt>
   <trkpt lat="43.83845" lon="-114.62855">
    <ele>2159.0114977260137</ele>
   </trkpt>
   <trkpt lat="43.8385" lon="-114.62891">
    <ele>2159.0384490144797</ele>
   </trkpt>
   <trkpt lat="43.838550000000005" lon="-114.62893000000001">
    <ele>2159.0384490144797</ele>
   </trkpt>
   <trkpt lat="43.83863" lon="-114.629">
    <ele>2159.0384490144797</ele>
   </trkpt>
   <trkpt lat="43.838860000000004" lon="-114.62891">
    <ele>2159.41469248727</ele>
   </trkpt>
   <trkpt lat="43.83899" lon="-114.62899000000002">
    <ele>2159.9889007136303</ele>
   </trkpt>
   <trkpt lat="43.83912" lon="-114.6294">
    <ele>2160.9609391352983</ele>
   </trkpt>
   <trkpt lat="43.839360000000006" lon="-114.62971">
    <ele>2161.343824878298</ele>
   </trkpt>
   <trkpt lat="43.83945000000001" lon="-114.62998">
    <ele>2162.576477964654</ele>
   </trkpt>
   <trkpt lat="43.83968" lon="-114.6303">
    <ele>2164.304977447399</ele>
   </trkpt>
   <trkpt lat="43.83979" lon="-114.630835">
    <ele>2166.499815434596</ele>
   </trkpt>
   <trkpt lat="43.8399" lon="-114.63137">
    <ele>2167.609327197412</ele>
   </trkpt>
   <trkpt lat="43.84001000000001" lon="-114.63159">
    <ele>2168.6092467545704</ele>
   </trkpt>
   <trkpt lat="43.840315000925415" lon="-114.63208499723773">
    <ele>2168.5178250663157</ele>
   </trkpt>
   <trkpt lat="43.84062" lon="-114.63258">
    <ele>2167.1440040867947</ele>
   </trkpt>
   <trkpt lat="43.841000000638815" lon="-114.63300999707191">
    <ele>2168.573690819063</ele>
   </trkpt>
   <trkpt lat="43.84138" lon="-114.63344000000001">
    <ele>2169.192926353643</ele>
   </trkpt>
   <trkpt lat="43.84154" lon="-114.6337">
    <ele>2170.4738795487297</ele>
   </trkpt>
   <trkpt lat="43.84192" lon="-114.63446">
    <ele>2172.889563575283</ele>
   </trkpt>
   <trkpt lat="43.842470000000006" lon="-114.63537000000001">
    <ele>2175.65501870781</ele>
   </trkpt>
   <trkpt lat="43.842600000000004" lon="-114.63569500000001">
    <ele>2178.139682774615</ele>
   </trkpt>
   <trkpt lat="43.84273" lon="-114.63602000000002">
    <ele>2179.682009162971</ele>
   </trkpt>
   <trkpt lat="43.842775" lon="-114.63640000000001">
    <ele>2180.739060653323</ele>
   </trkpt>
   <trkpt lat="43.84282" lon="-114.63678000000002">
    <ele>2182.0744988261354</ele>
   </trkpt>
   <trkpt lat="43.843" lon="-114.636875">
    <ele>2183.8446021298637</ele>
   </trkpt>
   <trkpt lat="43.843180000000004" lon="-114.63697">
    <ele>2186.2551247135398</ele>
   </trkpt>
   <trkpt lat="43.84369" lon="-114.63782">
    <ele>2188.7123963151184</ele>
   </trkpt>
   <trkpt lat="43.844300000000004" lon="-114.63827">
    <ele>2191.040732415893</ele>
   </trkpt>
   <trkpt lat="43.84463" lon="-114.63872">
    <ele>2191.813289508335</ele>
   </trkpt>
   <trkpt lat="43.84499" lon="-114.63893000000002">
    <ele>2191.327489855371</ele>
   </trkpt>
   <trkpt lat="43.84514" lon="-114.63908">
    <ele>2191.2569571420354</ele>
   </trkpt>
   <trkpt lat="43.845380000000006" lon="-114.63947">
    <ele>2190.296167922496</ele>
   </trkpt>
   <trkpt lat="43.845560000000006" lon="-114.63988">
    <ele>2189.122822349664</ele>
   </trkpt>
   <trkpt lat="43.845780000000005" lon="-114.6401">
    <ele>2188.44047117223</ele>
   </trkpt>
   <trkpt lat="43.84633" lon="-114.64046">
    <ele>2187.0056610523898</ele>
   </trkpt>
   <trkpt lat="43.84698" lon="-114.64073">
    <ele>2184.97036344386</ele>
   </trkpt>
   <trkpt lat="43.847710000000006" lon="-114.64086">
    <ele>2184.749135418666</ele>
   </trkpt>
   <trkpt lat="43.84841" lon="-114.64126">
    <ele>2184.620596765196</ele>
   </trkpt>
   <trkpt lat="43.84864" lon="-114.64126">
    <ele>2184.8288802062434</ele>
   </trkpt>
   <trkpt lat="43.849270000000004" lon="-114.64144">
    <ele>2183.735811109453</ele>
   </trkpt>
   <trkpt lat="43.849360000000004" lon="-114.64158">
    <ele>2183.4315183830417</ele>
   </trkpt>
   <trkpt lat="43.84964" lon="-114.64153">
    <ele>2183.008687420093</ele>
   </trkpt>
   <trkpt lat="43.84978" lon="-114.64158">
    <ele>2182.9649190322366</ele>
   </trkpt>
   <trkpt lat="43.85" lon="-114.64149">
    <ele>2183.1138665508965</ele>
   </trkpt>
   <trkpt lat="43.850350000000006" lon="-114.64158">
    <ele>2182.57158798601</ele>
   </trkpt>
   <trkpt lat="43.850480000000005" lon="-114.64175000000002">
    <ele>2183.104365967945</ele>
   </trkpt>
   <trkpt lat="43.85065" lon="-114.6418">
    <ele>2183.6934386426337</ele>
   </trkpt>
   <trkpt lat="43.85078" lon="-114.64176">
    <ele>2183.6934386426337</ele>
   </trkpt>
   <trkpt lat="43.851200000000006" lon="-114.64198">
    <ele>2185.562036775367</ele>
   </trkpt>
   <trkpt lat="43.851350000000004" lon="-114.64211">
    <ele>2186.13398238942</ele>
   </trkpt>
   <trkpt lat="43.851530000000004" lon="-114.64241000000001">
    <ele>2188.6851996932046</ele>
   </trkpt>
   <trkpt lat="43.85224" lon="-114.64297">
    <ele>2190.114483695107</ele>
   </trkpt>
   <trkpt lat="43.85244" lon="-114.64328">
    <ele>2191.8057200994</ele>
   </trkpt>
   <trkpt lat="43.852450000000005" lon="-114.64337">
    <ele>2191.8057200994</ele>
   </trkpt>
   <trkpt lat="43.852120000000006" lon="-114.64436">
    <ele>2193.1979243994806</ele>
   </trkpt>
   <trkpt lat="43.85217" lon="-114.64459000000001">
    <ele>2194.8843934794068</ele>
   </trkpt>
   <trkpt lat="43.85235" lon="-114.64493000000002">
    <ele>2193.7706705751357</ele>
   </trkpt>
   <trkpt lat="43.85251" lon="-114.64493000000002">
    <ele>2192.773666080821</ele>
   </trkpt>
   <trkpt lat="43.852740000000004" lon="-114.64405000000001">
    <ele>2190.196109863639</ele>
   </trkpt>
   <trkpt lat="43.85287" lon="-114.64386">
    <ele>2189.867610377489</ele>
   </trkpt>
   <trkpt lat="43.853010000000005" lon="-114.64377">
    <ele>2189.4732775007174</ele>
   </trkpt>
   <trkpt lat="43.85315000000001" lon="-114.64382">
    <ele>2189.4732775007174</ele>
   </trkpt>
   <trkpt lat="43.85351000000001" lon="-114.64410000000001">
    <ele>2190.4605776653516</ele>
   </trkpt>
   <trkpt lat="43.853712500766505" lon="-114.64440249789872">
    <ele>2192.0509230788157</ele>
   </trkpt>
   <trkpt lat="43.853915001533" lon="-114.64470499579744">
    <ele>2194.3551138526077</ele>
   </trkpt>
   <trkpt lat="43.85432" lon="-114.64531000000001">
    <ele>2195.402907469209</ele>
   </trkpt>
   <trkpt lat="43.85488" lon="-114.64584">
    <ele>2197.466523424167</ele>
   </trkpt>
   <trkpt lat="43.85499" lon="-114.64615">
    <ele>2197.511792535545</ele>
   </trkpt>
   <trkpt lat="43.855270000000004" lon="-114.64664">
    <ele>2197.7199263270136</ele>
   </trkpt>
   <trkpt lat="43.85582" lon="-114.64696">
    <ele>2198.925963702866</ele>
   </trkpt>
   <trkpt lat="43.856170000000006" lon="-114.6474">
    <ele>2198.396557811202</ele>
   </trkpt>
   <trkpt lat="43.85633000000001" lon="-114.64751000000001">
    <ele>2198.396557811202</ele>
   </trkpt>
   <trkpt lat="43.85667" lon="-114.64794">
    <ele>2199.2559026721265</ele>
   </trkpt>
   <trkpt lat="43.85687" lon="-114.64865">
    <ele>2200.433639124607</ele>
   </trkpt>
   <trkpt lat="43.85696" lon="-114.64880000000001">
    <ele>2201.1859140661504</ele>
   </trkpt>
   <trkpt lat="43.857305000000004" lon="-114.64913000000001">
    <ele>2202.561948982308</ele>
   </trkpt>
   <trkpt lat="43.85765000000001" lon="-114.64946">
    <ele>2204.0364411855</ele>
   </trkpt>
   <trkpt lat="43.85775" lon="-114.64972000000002">
    <ele>2205.6878105657647</ele>
   </trkpt>
   <trkpt lat="43.857710000000004" lon="-114.6504">
    <ele>2207.8531390145076</ele>
   </trkpt>
   <trkpt lat="43.857735000000005" lon="-114.65071">
    <ele>2208.5847640509446</ele>
   </trkpt>
   <trkpt lat="43.857760000000006" lon="-114.65102">
    <ele>2210.7634800660076</ele>
   </trkpt>
   <trkpt lat="43.857600000000005" lon="-114.65158">
    <ele>2212.1592216188114</ele>
   </trkpt>
   <trkpt lat="43.857440000000004" lon="-114.65214">
    <ele>2214.951367651781</ele>
   </trkpt>
   <trkpt lat="43.85745" lon="-114.65227000000002">
    <ele>2215.881157820261</ele>
   </trkpt>
   <trkpt lat="43.857510000000005" lon="-114.65229000000001">
    <ele>2216.7105160860215</ele>
   </trkpt>
   <trkpt lat="43.857870000000005" lon="-114.65202000000001">
    <ele>2217.408753184913</ele>
   </trkpt>
   <trkpt lat="43.858095000000006" lon="-114.65197">
    <ele>2219.5116024799922</ele>
   </trkpt>
   <trkpt lat="43.858320000000006" lon="-114.65192">
    <ele>2221.2426093090967</ele>
   </trkpt>
   <trkpt lat="43.85877000000001" lon="-114.65196">
    <ele>2221.6496008196254</ele>
   </trkpt>
   <trkpt lat="43.858940000000004" lon="-114.65205">
    <ele>2220.635567261168</ele>
   </trkpt>
   <trkpt lat="43.859030000000004" lon="-114.65232">
    <ele>2219.5166106719835</ele>
   </trkpt>
   <trkpt lat="43.859080000000006" lon="-114.65274000000001">
    <ele>2217.9040653418147</ele>
   </trkpt>
   <trkpt lat="43.85915000000001" lon="-114.65282">
    <ele>2216.658369350572</ele>
   </trkpt>
   <trkpt lat="43.85931" lon="-114.65268">
    <ele>2214.163537584054</ele>
   </trkpt>
   <trkpt lat="43.859525000000005" lon="-114.652595">
    <ele>2210.724694700017</ele>
   </trkpt>
   <trkpt lat="43.85974" lon="-114.65251">
    <ele>2208.8418326325896</ele>
   </trkpt>
   <trkpt lat="43.85992" lon="-114.65232">
    <ele>2207.7354816557477</ele>
   </trkpt>
   <trkpt lat="43.86003" lon="-114.6521">
    <ele>2206.4427200454825</ele>
   </trkpt>
   <trkpt lat="43.860110000000006" lon="-114.65206">
    <ele>2205.3228097707924</ele>
   </trkpt>
   <trkpt lat="43.860220000000005" lon="-114.6521">
    <ele>2205.131694324141</ele>
   </trkpt>
   <trkpt lat="43.86043" lon="-114.65233">
    <ele>2204.5214954277826</ele>
   </trkpt>
   <trkpt lat="43.860690000000005" lon="-114.65247000000001">
    <ele>2204.045309347251</ele>
   </trkpt>
   <trkpt lat="43.86092" lon="-114.65246">
    <ele>2204.876195888248</ele>
   </trkpt>
   <trkpt lat="43.86103000000001" lon="-114.6525">
    <ele>2206.1507501226097</ele>
   </trkpt>
   <trkpt lat="43.861360000000005" lon="-114.65290000000002">
    <ele>2207.991428996437</ele>
   </trkpt>
   <trkpt lat="43.861525" lon="-114.65310000000002">
    <ele>2208.5383637496434</ele>
   </trkpt>
   <trkpt lat="43.86169" lon="-114.65330000000002">
    <ele>2210.8142253036954</ele>
   </trkpt>
   <trkpt lat="43.862005" lon="-114.65351000000001">
    <ele>2213.1419457627208</ele>
   </trkpt>
   <trkpt lat="43.862320000000004" lon="-114.65372">
    <ele>2215.4208517826364</ele>
   </trkpt>
   <trkpt lat="43.86281" lon="-114.65395000000001">
    <ele>2216.2654291096937</ele>
   </trkpt>
   <trkpt lat="43.86328" lon="-114.65425">
    <ele>2216.5712721460714</ele>
   </trkpt>
   <trkpt lat="43.86374000000001" lon="-114.65443">
    <ele>2215.857815023183</ele>
   </trkpt>
   <trkpt lat="43.864250000000006" lon="-114.65444000000001">
    <ele>2216.3975338067326</ele>
   </trkpt>
   <trkpt lat="43.86464" lon="-114.65475">
    <ele>2216.5651246117595</ele>
   </trkpt>
   <trkpt lat="43.86504" lon="-114.65474">
    <ele>2217.174895334995</ele>
   </trkpt>
   <trkpt lat="43.865230000000004" lon="-114.65487">
    <ele>2217.562353064041</ele>
   </trkpt>
   <trkpt lat="43.86565" lon="-114.65487">
    <ele>2217.942679533018</ele>
   </trkpt>
   <trkpt lat="43.86585" lon="-114.65484000000001">
    <ele>2217.942679533018</ele>
   </trkpt>
   <trkpt lat="43.866420000000005" lon="-114.65492">
    <ele>2220.316517382647</ele>
   </trkpt>
   <trkpt lat="43.86674000000001" lon="-114.6551">
    <ele>2222.2226921167216</ele>
   </trkpt>
   <trkpt lat="43.86706" lon="-114.65528">
    <ele>2223.2465344440066</ele>
   </trkpt>
   <trkpt lat="43.867490000000004" lon="-114.65541">
    <ele>2224.07959721379</ele>
   </trkpt>
   <trkpt lat="43.867720000000006" lon="-114.65572">
    <ele>2224.584763347738</ele>
   </trkpt>
   <trkpt lat="43.86782" lon="-114.65577">
    <ele>2224.584763347738</ele>
   </trkpt>
   <trkpt lat="43.86797000000001" lon="-114.65577">
    <ele>2224.5109812190035</ele>
   </trkpt>
   <trkpt lat="43.86824" lon="-114.65545000000002">
    <ele>2224.178457611045</ele>
   </trkpt>
   <trkpt lat="43.868500000000004" lon="-114.65545000000002">
    <ele>2223.8938274162756</ele>
   </trkpt>
   <trkpt lat="43.86867" lon="-114.65535000000001">
    <ele>2223.2228308236427</ele>
   </trkpt>
   <trkpt lat="43.868970000000004" lon="-114.65523">
    <ele>2222.8800747777873</ele>
   </trkpt>
   <trkpt lat="43.86925" lon="-114.65493000000001">
    <ele>2222.6797627596084</ele>
   </trkpt>
   <trkpt lat="43.869440000000004" lon="-114.65483">
    <ele>2222.2515625484953</ele>
   </trkpt>
   <trkpt lat="43.86957" lon="-114.65486000000001">
    <ele>2222.104805583191</ele>
   </trkpt>
   <trkpt lat="43.8699" lon="-114.65492">
    <ele>2222.34008305385</ele>
   </trkpt>
   <trkpt lat="43.87015" lon="-114.65492">
    <ele>2222.838621117423</ele>
   </trkpt>
   <trkpt lat="43.87042" lon="-114.65503000000001">
    <ele>2223.957497711105</ele>
   </trkpt>
   <trkpt lat="43.87042" lon="-114.65520000000001">
    <ele>2224.5603577101047</ele>
   </trkpt>
   <trkpt lat="43.87053" lon="-114.65559">
    <ele>2225.3092657252237</ele>
   </trkpt>
   <trkpt lat="43.870520000000006" lon="-114.65592000000001">
    <ele>2225.787916081523</ele>
   </trkpt>
   <trkpt lat="43.87048" lon="-114.65617">
    <ele>2226.089779078307</ele>
   </trkpt>
   <trkpt lat="43.87058790258032" lon="-114.65626089261852">
    <ele>2226.986634301561</ele>
   </trkpt>
   <trkpt lat="43.87068790251603" lon="-114.65635584180264">
    <ele>2227.3833345400135</ele>
   </trkpt>
   <trkpt lat="43.87079578862125" lon="-114.65645415819738">
    <ele>2227.3833345400135</ele>
   </trkpt>
   <trkpt lat="43.870900000000006" lon="-114.65635">
    <ele>2227.632353545277</ele>
   </trkpt>
   <trkpt lat="43.8712" lon="-114.65649">
    <ele>2228.817052752416</ele>
   </trkpt>
   <trkpt lat="43.871370000000006" lon="-114.65659000000001">
    <ele>2229.027629029117</ele>
   </trkpt>
   <trkpt lat="43.87187" lon="-114.65698">
    <ele>2230.9829178490795</ele>
   </trkpt>
   <trkpt lat="43.871950000000005" lon="-114.65711">
    <ele>2230.9829178490795</ele>
   </trkpt>
   <trkpt lat="43.871990000000004" lon="-114.65744000000001">
    <ele>2231.2684641919004</ele>
   </trkpt>
   <trkpt lat="43.871990000000004" lon="-114.65806">
    <ele>2231.2684641919004</ele>
   </trkpt>
   <trkpt lat="43.871930000000006" lon="-114.65841">
    <ele>2230.9366699975744</ele>
   </trkpt>
   <trkpt lat="43.871660000000006" lon="-114.65927">
    <ele>2233.197552345059</ele>
   </trkpt>
   <trkpt lat="43.87144000000001" lon="-114.65972000000001">
    <ele>2235.5324686546273</ele>
   </trkpt>
   <trkpt lat="43.87135500000001" lon="-114.660075">
    <ele>2236.609978669634</ele>
   </trkpt>
   <trkpt lat="43.87127" lon="-114.66043">
    <ele>2238.5460365502986</ele>
   </trkpt>
   <trkpt lat="43.871290001174046" lon="-114.6607974996866">
    <ele>2239.670991984948</ele>
   </trkpt>
   <trkpt lat="43.87131000234808" lon="-114.66116499937317">
    <ele>2241.479807102874</ele>
   </trkpt>
   <trkpt lat="43.871330001174044" lon="-114.66153249968659">
    <ele>2243.936587460634</ele>
   </trkpt>
   <trkpt lat="43.87135000000001" lon="-114.6619">
    <ele>2246.616908061927</ele>
   </trkpt>
   <trkpt lat="43.8714" lon="-114.66208">
    <ele>2247.893510319709</ele>
   </trkpt>
   <trkpt lat="43.87151" lon="-114.6624">
    <ele>2250.120700144285</ele>
   </trkpt>
   <trkpt lat="43.87187" lon="-114.66284">
    <ele>2251.791225978195</ele>
   </trkpt>
   <trkpt lat="43.87218" lon="-114.66309000000001">
    <ele>2254.085035621176</ele>
   </trkpt>
   <trkpt lat="43.872490000000006" lon="-114.66334">
    <ele>2255.2399750325294</ele>
   </trkpt>
   <trkpt lat="43.8729" lon="-114.66392">
    <ele>2255.173660654263</ele>
   </trkpt>
   <trkpt lat="43.87366" lon="-114.66446">
    <ele>2255.99114634005</ele>
   </trkpt>
   <trkpt lat="43.8741850012543" lon="-114.66499999522517">
    <ele>2255.6982175303488</ele>
   </trkpt>
   <trkpt lat="43.87471" lon="-114.66554000000001">
    <ele>2256.082177244074</ele>
   </trkpt>
   <trkpt lat="43.87523" lon="-114.66643">
    <ele>2255.219485223612</ele>
   </trkpt>
   <trkpt lat="43.87541" lon="-114.66732">
    <ele>2255.2262357955815</ele>
   </trkpt>
   <trkpt lat="43.87556" lon="-114.66746">
    <ele>2256.0105257420128</ele>
   </trkpt>
   <trkpt lat="43.875910000000005" lon="-114.66764">
    <ele>2256.0319391588255</ele>
   </trkpt>
   <trkpt lat="43.876290000000004" lon="-114.66812000000002">
    <ele>2256.841704188318</ele>
   </trkpt>
   <trkpt lat="43.87673" lon="-114.66875">
    <ele>2258.5338173066575</ele>
   </trkpt>
   <trkpt lat="43.87708500167613" lon="-114.66935999645824">
    <ele>2259.204219092725</ele>
   </trkpt>
   <trkpt lat="43.87726250083807" lon="-114.66966499822912">
    <ele>2260.323075049397</ele>
   </trkpt>
   <trkpt lat="43.87744000000001" lon="-114.66997">
    <ele>2262.146181466556</ele>
   </trkpt>
   <trkpt lat="43.87749" lon="-114.67027000000002">
    <ele>2263.790287065399</ele>
   </trkpt>
   <trkpt lat="43.877335" lon="-114.67057500000001">
    <ele>2266.2893620752966</ele>
   </trkpt>
   <trkpt lat="43.87718" lon="-114.67088000000001">
    <ele>2269.387726032367</ele>
   </trkpt>
   <trkpt lat="43.877050000000004" lon="-114.67134000000001">
    <ele>2274.2682290767743</ele>
   </trkpt>
   <trkpt lat="43.87693" lon="-114.67154000000001">
    <ele>2276.0619197842957</ele>
   </trkpt>
   <trkpt lat="43.87691" lon="-114.67183000000001">
    <ele>2279.2533053728544</ele>
   </trkpt>
   <trkpt lat="43.87677" lon="-114.67196000000001">
    <ele>2280.8515420875374</ele>
   </trkpt>
   <trkpt lat="43.87666" lon="-114.67236000000001">
    <ele>2281.99200356956</ele>
   </trkpt>
   <trkpt lat="43.87655" lon="-114.67276000000001">
    <ele>2285.6969942354394</ele>
   </trkpt>
   <trkpt lat="43.87688" lon="-114.67297000000002">
    <ele>2288.099476445876</ele>
   </trkpt>
   <trkpt lat="43.877210000000005" lon="-114.67318000000002">
    <ele>2288.0925820201023</ele>
   </trkpt>
   <trkpt lat="43.877520000000004" lon="-114.67346">
    <ele>2287.540628571437</ele>
   </trkpt>
   <trkpt lat="43.877810000000004" lon="-114.67375000000001">
    <ele>2286.9022638663764</ele>
   </trkpt>
   <trkpt lat="43.87789" lon="-114.67403000000002">
    <ele>2286.4354633736752</ele>
   </trkpt>
   <trkpt lat="43.87802000000001" lon="-114.67424000000001">
    <ele>2286.700526228761</ele>
   </trkpt>
   <trkpt lat="43.87807" lon="-114.6744">
    <ele>2286.5226081469746</ele>
   </trkpt>
   <trkpt lat="43.878280000000004" lon="-114.6748">
    <ele>2287.2331559493255</ele>
   </trkpt>
   <trkpt lat="43.87827" lon="-114.67521">
    <ele>2289.2085003533684</ele>
   </trkpt>
   <trkpt lat="43.878190000000004" lon="-114.67573000000002">
    <ele>2291.908003811021</ele>
   </trkpt>
   <trkpt lat="43.87801" lon="-114.67619">
    <ele>2293.2135647534114</ele>
   </trkpt>
   <trkpt lat="43.878190000000004" lon="-114.67625000000001">
    <ele>2294.32181469446</ele>
   </trkpt>
   <trkpt lat="43.8785" lon="-114.67625000000001">
    <ele>2294.32181469446</ele>
   </trkpt>
   <trkpt lat="43.878710000000005" lon="-114.67682">
    <ele>2294.2327950180475</ele>
   </trkpt>
   <trkpt lat="43.878960000000006" lon="-114.67739">
    <ele>2294.946825105952</ele>
   </trkpt>
   <trkpt lat="43.87933" lon="-114.67792000000001">
    <ele>2296.390132620708</ele>
   </trkpt>
   <trkpt lat="43.879560000000005" lon="-114.67872000000001">
    <ele>2297.9084266278405</ele>
   </trkpt>
   <trkpt lat="43.87975" lon="-114.67906">
    <ele>2298.300440537322</ele>
   </trkpt>
   <trkpt lat="43.879870000000004" lon="-114.67934000000001">
    <ele>2299.226413102931</ele>
   </trkpt>
   <trkpt lat="43.88018" lon="-114.67968">
    <ele>2302.2058243391393</ele>
   </trkpt>
   <trkpt lat="43.880230000000005" lon="-114.68024000000001">
    <ele>2304.5847713146095</ele>
   </trkpt>
   <trkpt lat="43.880230000000005" lon="-114.68053">
    <ele>2307.3044651311734</ele>
   </trkpt>
   <trkpt lat="43.880230000000005" lon="-114.68082000000001">
    <ele>2308.657530277119</ele>
   </trkpt>
   <trkpt lat="43.88033" lon="-114.68124">
    <ele>2311.557549966143</ele>
   </trkpt>
   <trkpt lat="43.88032666666667" lon="-114.68151">
    <ele>2314.0441974199284</ele>
   </trkpt>
   <trkpt lat="43.88032333333334" lon="-114.68178">
    <ele>2316.2265404341474</ele>
   </trkpt>
   <trkpt lat="43.880320000000005" lon="-114.68205">
    <ele>2318.106266851553</ele>
   </trkpt>
   <trkpt lat="43.88048500000001" lon="-114.68260500000001">
    <ele>2319.959656048974</ele>
   </trkpt>
   <trkpt lat="43.880567500000005" lon="-114.6828825">
    <ele>2321.74254899212</ele>
   </trkpt>
   <trkpt lat="43.88065" lon="-114.68316000000002">
    <ele>2323.746907804753</ele>
   </trkpt>
   <trkpt lat="43.880660000000006" lon="-114.68356500000002">
    <ele>2325.916391220602</ele>
   </trkpt>
   <trkpt lat="43.88067" lon="-114.68397000000002">
    <ele>2327.9848074615775</ele>
   </trkpt>
   <trkpt lat="43.880565000000004" lon="-114.684335">
    <ele>2330.034149716269</ele>
   </trkpt>
   <trkpt lat="43.88046000000001" lon="-114.6847">
    <ele>2331.9848266348354</ele>
   </trkpt>
   <trkpt lat="43.88055000000001" lon="-114.68508500000002">
    <ele>2333.6404175689263</ele>
   </trkpt>
   <trkpt lat="43.88064000000001" lon="-114.68547000000001">
    <ele>2335.4681572590157</ele>
   </trkpt>
   <trkpt lat="43.88058000000001" lon="-114.68573500000001">
    <ele>2337.3162496416185</ele>
   </trkpt>
   <trkpt lat="43.880520000000004" lon="-114.686">
    <ele>2338.680803050794</ele>
   </trkpt>
   <trkpt lat="43.880425" lon="-114.68632500000001">
    <ele>2340.353235582125</ele>
   </trkpt>
   <trkpt lat="43.88033" lon="-114.68665000000001">
    <ele>2342.2467116880493</ele>
   </trkpt>
   <trkpt lat="43.88054" lon="-114.68687000000001">
    <ele>2343.2531729049065</ele>
   </trkpt>
   <trkpt lat="43.88049" lon="-114.68719000000002">
    <ele>2346.642509971584</ele>
   </trkpt>
   <trkpt lat="43.88051" lon="-114.68765000000002">
    <ele>2349.829017703646</ele>
   </trkpt>
   <trkpt lat="43.88053" lon="-114.68811000000001">
    <ele>2353.279094923114</ele>
   </trkpt>
   <trkpt lat="43.88046333333333" lon="-114.68835000000001">
    <ele>2354.769449437222</ele>
   </trkpt>
   <trkpt lat="43.88039666666667" lon="-114.68859">
    <ele>2357.4505558946885</ele>
   </trkpt>
   <trkpt lat="43.88033" lon="-114.68883000000001">
    <ele>2357.4505558946885</ele>
   </trkpt>
   <trkpt lat="43.880222500748104" lon="-114.6891150009229">
    <ele>2360.0938343699677</ele>
   </trkpt>
   <trkpt lat="43.8801150014962" lon="-114.68940000184577">
    <ele>2362.761120354341</ele>
   </trkpt>
   <trkpt lat="43.88000750074811" lon="-114.68968500092288">
    <ele>2365.3505369486998</ele>
   </trkpt>
   <trkpt lat="43.879900000000006" lon="-114.68997">
    <ele>2369.3854678053567</ele>
   </trkpt>
   <trkpt lat="43.87977000000001" lon="-114.69025">
    <ele>2373.6090208981177</ele>
   </trkpt>
   <trkpt lat="43.87964" lon="-114.69053000000001">
    <ele>2376.742571866435</ele>
   </trkpt>
   <trkpt lat="43.87951" lon="-114.69081000000001">
    <ele>2379.719429240376</ele>
   </trkpt>
   <trkpt lat="43.879340000000006" lon="-114.69093000000001">
    <ele>2381.123320200439</ele>
   </trkpt>
   <trkpt lat="43.87917" lon="-114.69105000000002">
    <ele>2384.602961867481</ele>
   </trkpt>
   <trkpt lat="43.879000000000005" lon="-114.69117000000001">
    <ele>2386.148459700379</ele>
   </trkpt>
   <trkpt lat="43.878840000000004" lon="-114.69151500000001">
    <ele>2390.8982241816743</ele>
   </trkpt>
   <trkpt lat="43.87868" lon="-114.69186">
    <ele>2395.976427193579</ele>
   </trkpt>
   <trkpt lat="43.87861" lon="-114.69173">
    <ele>2397.2626085113175</ele>
   </trkpt>
   <trkpt lat="43.8784975" lon="-114.69198250000001">
    <ele>2401.601227351298</ele>
   </trkpt>
   <trkpt lat="43.878385" lon="-114.69223500000001">
    <ele>2403.3169718300446</ele>
   </trkpt>
   <trkpt lat="43.8782725" lon="-114.69248750000001">
    <ele>2406.5513383349294</ele>
   </trkpt>
   <trkpt lat="43.87816" lon="-114.69274000000001">
    <ele>2410.129714093072</ele>
   </trkpt>
   <trkpt lat="43.87802666666667" lon="-114.69292666666668">
    <ele>2413.4705539460606</ele>
   </trkpt>
   <trkpt lat="43.87789333333333" lon="-114.69311333333334">
    <ele>2416.7461485905133</ele>
   </trkpt>
   <trkpt lat="43.87776" lon="-114.69330000000001">
    <ele>2420.3630254961063</ele>
   </trkpt>
   <trkpt lat="43.877590000000005" lon="-114.69345333333334">
    <ele>2424.16282337588</ele>
   </trkpt>
   <trkpt lat="43.87742" lon="-114.69360666666668">
    <ele>2427.9128365260194</ele>
   </trkpt>
   <trkpt lat="43.877250000000004" lon="-114.69376000000001">
    <ele>2431.314663366907</ele>
   </trkpt>
   <trkpt lat="43.877053333333336" lon="-114.69383333333334">
    <ele>2434.547661738039</ele>
   </trkpt>
   <trkpt lat="43.87685666666667" lon="-114.69390666666668">
    <ele>2437.8299480525284</ele>
   </trkpt>
   <trkpt lat="43.87666" lon="-114.69398000000001">
    <ele>2440.939710394238</ele>
   </trkpt>
   <trkpt lat="43.876470000000005" lon="-114.69404333333334">
    <ele>2443.746805181805</ele>
   </trkpt>
   <trkpt lat="43.87628" lon="-114.69410666666668">
    <ele>2446.8347551895404</ele>
   </trkpt>
   <trkpt lat="43.876090000000005" lon="-114.69417000000001">
    <ele>2449.8353724406375</ele>
   </trkpt>
   <trkpt lat="43.87592" lon="-114.69419">
    <ele>2451.2227741245893</ele>
   </trkpt>
   <trkpt lat="43.87568" lon="-114.69446">
    <ele>2455.9895488466773</ele>
   </trkpt>
   <trkpt lat="43.875755000000005" lon="-114.6942075">
    <ele>2459.6642197672572</ele>
   </trkpt>
   <trkpt lat="43.87583000000001" lon="-114.69395500000002">
    <ele>2463.249473456646</ele>
   </trkpt>
   <trkpt lat="43.875905" lon="-114.69370250000001">
    <ele>2468.2107366480204</ele>
   </trkpt>
   <trkpt lat="43.875980000000006" lon="-114.69345000000001">
    <ele>2470.0203277711</ele>
   </trkpt>
   <trkpt lat="43.876020000000004" lon="-114.69319000000002">
    <ele>2473.5914423024515</ele>
   </trkpt>
   <trkpt lat="43.8761925" lon="-114.69304500000001">
    <ele>2477.0697036639467</ele>
   </trkpt>
   <trkpt lat="43.87636500000001" lon="-114.69290000000001">
    <ele>2479.8706023888026</ele>
   </trkpt>
   <trkpt lat="43.876537500000005" lon="-114.692755">
    <ele>2482.774550415906</ele>
   </trkpt>
   <trkpt lat="43.87671" lon="-114.69261000000002">
    <ele>2484.3739665299872</ele>
   </trkpt>
   <trkpt lat="43.876865" lon="-114.69236500000001">
    <ele>2487.971809151686</ele>
   </trkpt>
   <trkpt lat="43.87702" lon="-114.69212">
    <ele>2489.167385770058</ele>
   </trkpt>
   <trkpt lat="43.87702" lon="-114.69181">
    <ele>2491.649327683587</ele>
   </trkpt>
   <trkpt lat="43.87702" lon="-114.6915">
    <ele>2493.844338088629</ele>
   </trkpt>
   <trkpt lat="43.87702" lon="-114.69121000000001">
    <ele>2493.844338088629</ele>
   </trkpt>
   <trkpt lat="43.876920000000005" lon="-114.69082000000002">
    <ele>2495.69109315595</ele>
   </trkpt>
   <trkpt lat="43.87670000000001" lon="-114.69044000000001">
    <ele>2496.724704410015</ele>
   </trkpt>
   <trkpt lat="43.87641000000001" lon="-114.69022000000001">
    <ele>2496.2887157297046</ele>
   </trkpt>
   <trkpt lat="43.87614000000001" lon="-114.69005000000001">
    <ele>2494.1178382495004</ele>
   </trkpt>
   <trkpt lat="43.875980000000006" lon="-114.68996000000001">
    <ele>2492.357229414208</ele>
   </trkpt>
   <trkpt lat="43.875910000000005" lon="-114.68960000000001">
    <ele>2491.0500751305703</ele>
   </trkpt>
   <trkpt lat="43.87572" lon="-114.68931">
    <ele>2489.32449633704</ele>
   </trkpt>
   <trkpt lat="43.87588" lon="-114.68917">
    <ele>2486.5035084774927</ele>
   </trkpt>
   <trkpt lat="43.875820000000004" lon="-114.68897000000001">
    <ele>2486.5035084774927</ele>
   </trkpt>
   <trkpt lat="43.87594000000001" lon="-114.68878000000001">
    <ele>2483.7620512133863</ele>
   </trkpt>
   <trkpt lat="43.87588000000001" lon="-114.68842500000001">
    <ele>2481.0173930916926</ele>
   </trkpt>
   <trkpt lat="43.875820000000004" lon="-114.68807000000001">
    <ele>2477.681659574917</ele>
   </trkpt>
   <trkpt lat="43.876065000000004" lon="-114.68794000000001">
    <ele>2472.661250801589</ele>
   </trkpt>
   <trkpt lat="43.876310000000004" lon="-114.68781000000001">
    <ele>2470.113998304692</ele>
   </trkpt>
   <trkpt lat="43.876310000000004" lon="-114.68765">
    <ele>2468.942749695848</ele>
   </trkpt>
   <trkpt lat="43.87614000000001" lon="-114.68753000000001">
    <ele>2468.3025009755875</ele>
   </trkpt>
   <trkpt lat="43.876020000000004" lon="-114.68745000000001">
    <ele>2467.587996035431</ele>
   </trkpt>
   <trkpt lat="43.87588" lon="-114.68727000000001">
    <ele>2467.587996035431</ele>
   </trkpt>
   <trkpt lat="43.87563" lon="-114.68724">
    <ele>2465.7723109183976</ele>
   </trkpt>
   <trkpt lat="43.875490000000006" lon="-114.68729">
    <ele>2464.093662750522</ele>
   </trkpt>
   <trkpt lat="43.87501" lon="-114.68692000000001">
    <ele>2461.442445729648</ele>
   </trkpt>
   <trkpt lat="43.8748" lon="-114.68648">
    <ele>2460.4072490225353</ele>
   </trkpt>
   <trkpt lat="43.87451" lon="-114.68579000000001">
    <ele>2459.663726394284</ele>
   </trkpt>
   <trkpt lat="43.87451" lon="-114.68548000000001">
    <ele>2459.663726394284</ele>
   </trkpt>
   <trkpt lat="43.87429" lon="-114.68488">
    <ele>2457.2443247300457</ele>
   </trkpt>
   <trkpt lat="43.874410000000005" lon="-114.6847">
    <ele>2457.2443247300457</ele>
   </trkpt>
   <trkpt lat="43.87463" lon="-114.68454000000001">
    <ele>2454.8976355827695</ele>
   </trkpt>
   <trkpt lat="43.874520000000004" lon="-114.68440000000001">
    <ele>2453.6726741579996</ele>
   </trkpt>
   <trkpt lat="43.87462" lon="-114.68419000000002">
    <ele>2452.6019524607727</ele>
   </trkpt>
   <trkpt lat="43.87458" lon="-114.68404000000001">
    <ele>2452.6019524607727</ele>
   </trkpt>
   <trkpt lat="43.87489" lon="-114.68383000000001">
    <ele>2449.0005855602544</ele>
   </trkpt>
   <trkpt lat="43.875080000000004" lon="-114.68365000000001">
    <ele>2447.117652156932</ele>
   </trkpt>
   <trkpt lat="43.875280000000004" lon="-114.68361333333334">
    <ele>2445.932327637485</ele>
   </trkpt>
   <trkpt lat="43.87548" lon="-114.68357666666668">
    <ele>2442.88065238034</ele>
   </trkpt>
   <trkpt lat="43.87568" lon="-114.68354000000001">
    <ele>2441.9824065671805</ele>
   </trkpt>
   <trkpt lat="43.875930000000004" lon="-114.68348">
    <ele>2439.118623971902</ele>
   </trkpt>
   <trkpt lat="43.876310000000004" lon="-114.68343000000002">
    <ele>2436.855112054982</ele>
   </trkpt>
   <trkpt lat="43.87626" lon="-114.68331">
    <ele>2435.97506049679</ele>
   </trkpt>
   <trkpt lat="43.87646" lon="-114.68314000000001">
    <ele>2434.6361942014087</ele>
   </trkpt>
   <trkpt lat="43.87633" lon="-114.68298000000001">
    <ele>2434.6361942014087</ele>
   </trkpt>
   <trkpt lat="43.876045000000005" lon="-114.68297500000001">
    <ele>2433.0715340253805</ele>
   </trkpt>
   <trkpt lat="43.87576000000001" lon="-114.68297000000001">
    <ele>2431.100089161642</ele>
   </trkpt>
   <trkpt lat="43.87525" lon="-114.68285000000002">
    <ele>2429.2485796979013</ele>
   </trkpt>
   <trkpt lat="43.874900000000004" lon="-114.68266000000001">
    <ele>2427.2564644278855</ele>
   </trkpt>
   <trkpt lat="43.874700000000004" lon="-114.68265000000001">
    <ele>2424.068156019032</ele>
   </trkpt>
   <trkpt lat="43.874430000000004" lon="-114.68280000000001">
    <ele>2422.3979213786906</ele>
   </trkpt>
   <trkpt lat="43.874210000000005" lon="-114.68284000000001">
    <ele>2421.0116186543964</ele>
   </trkpt>
   <trkpt lat="43.87395" lon="-114.68309">
    <ele>2417.2670188943653</ele>
   </trkpt>
   <trkpt lat="43.87371" lon="-114.68339">
    <ele>2414.4258387360173</ele>
   </trkpt>
   <trkpt lat="43.873450000000005" lon="-114.68372000000001">
    <ele>2410.3978583448747</ele>
   </trkpt>
   <trkpt lat="43.873270000000005" lon="-114.68382000000001">
    <ele>2409.3150361008948</ele>
   </trkpt>
   <trkpt lat="43.873250000000006" lon="-114.68371">
    <ele>2408.4967136886935</ele>
   </trkpt>
   <trkpt lat="43.87351" lon="-114.68337000000001">
    <ele>2407.1398141935274</ele>
   </trkpt>
   <trkpt lat="43.873740000000005" lon="-114.68286">
    <ele>2406.1013566427655</ele>
   </trkpt>
   <trkpt lat="43.873960000000004" lon="-114.68247000000001">
    <ele>2404.6697108085746</ele>
   </trkpt>
   <trkpt lat="43.874080000000006" lon="-114.68225000000001">
    <ele>2404.2531664787557</ele>
   </trkpt>
   <trkpt lat="43.87424" lon="-114.68199000000001">
    <ele>2403.5667377491154</ele>
   </trkpt>
   <trkpt lat="43.874365" lon="-114.68173000000002">
    <ele>2401.27976094266</ele>
   </trkpt>
   <trkpt lat="43.87449" lon="-114.68147">
    <ele>2400.228736078453</ele>
   </trkpt>
   <trkpt lat="43.87464000000001" lon="-114.68127000000001">
    <ele>2396.636718211472</ele>
   </trkpt>
   <trkpt lat="43.87489" lon="-114.68109000000001">
    <ele>2392.5285067417285</ele>
   </trkpt>
   <trkpt lat="43.874770000000005" lon="-114.68094">
    <ele>2392.5285067417285</ele>
   </trkpt>
   <trkpt lat="43.874680000000005" lon="-114.68079000000002">
    <ele>2390.303860399174</ele>
   </trkpt>
   <trkpt lat="43.87463" lon="-114.68065000000001">
    <ele>2388.005643931709</ele>
   </trkpt>
   <trkpt lat="43.874550000000006" lon="-114.68052000000002">
    <ele>2388.005643931709</ele>
   </trkpt>
   <trkpt lat="43.8746" lon="-114.68042000000001">
    <ele>2385.6245156798354</ele>
   </trkpt>
   <trkpt lat="43.87472" lon="-114.68037000000001">
    <ele>2385.6245156798354</ele>
   </trkpt>
   <trkpt lat="43.8748" lon="-114.68021">
    <ele>2384.2740789171476</ele>
   </trkpt>
   <trkpt lat="43.87498" lon="-114.68011000000001">
    <ele>2382.319992107129</ele>
   </trkpt>
   <trkpt lat="43.874970000000005" lon="-114.67984000000001">
    <ele>2378.647041189435</ele>
   </trkpt>
   <trkpt lat="43.875060000000005" lon="-114.67959">
    <ele>2375.343550416221</ele>
   </trkpt>
   <trkpt lat="43.875260000000004" lon="-114.67935000000001">
    <ele>2372.0052752841043</ele>
   </trkpt>
   <trkpt lat="43.875420000000005" lon="-114.6791">
    <ele>2368.832703164385</ele>
   </trkpt>
   <trkpt lat="43.875370000000004" lon="-114.67899000000001">
    <ele>2368.832703164385</ele>
   </trkpt>
   <trkpt lat="43.87511000000001" lon="-114.67907000000001">
    <ele>2367.2471899390976</ele>
   </trkpt>
   <trkpt lat="43.874860000000005" lon="-114.67920500000001">
    <ele>2365.8193457407297</ele>
   </trkpt>
   <trkpt lat="43.874610000000004" lon="-114.67934000000001">
    <ele>2364.4922305204814</ele>
   </trkpt>
   <trkpt lat="43.874425" lon="-114.67945">
    <ele>2362.9028717560846</ele>
   </trkpt>
   <trkpt lat="43.87424" lon="-114.67956000000001">
    <ele>2362.3681663484977</ele>
   </trkpt>
   <trkpt lat="43.874" lon="-114.67992000000001">
    <ele>2358.4548395418615</ele>
   </trkpt>
   <trkpt lat="43.873760000000004" lon="-114.68026">
    <ele>2355.2228230201204</ele>
   </trkpt>
   <trkpt lat="43.87384" lon="-114.67982">
    <ele>2351.4938714786163</ele>
   </trkpt>
   <trkpt lat="43.87389" lon="-114.67956000000001">
    <ele>2350.2429643201585</ele>
   </trkpt>
   <trkpt lat="43.874015" lon="-114.679365">
    <ele>2347.5868225841396</ele>
   </trkpt>
   <trkpt lat="43.874140000000004" lon="-114.67917">
    <ele>2346.213985128645</ele>
   </trkpt>
   <trkpt lat="43.87426500000001" lon="-114.67897500000001">
    <ele>2343.390981694473</ele>
   </trkpt>
   <trkpt lat="43.874390000000005" lon="-114.67878">
    <ele>2342.3630501979014</ele>
   </trkpt>
   <trkpt lat="43.874120000000005" lon="-114.67888">
    <ele>2338.6212054041134</ele>
   </trkpt>
   <trkpt lat="43.873945000000006" lon="-114.678955">
    <ele>2336.187032121313</ele>
   </trkpt>
   <trkpt lat="43.87377" lon="-114.67903000000001">
    <ele>2333.7977080804676</ele>
   </trkpt>
   <trkpt lat="43.87357" lon="-114.67925000000001">
    <ele>2330.7271792538445</ele>
   </trkpt>
   <trkpt lat="43.873470000000005" lon="-114.67931000000002">
    <ele>2330.7271792538445</ele>
   </trkpt>
   <trkpt lat="43.873400000000004" lon="-114.67911000000001">
    <ele>2330.7271792538445</ele>
   </trkpt>
   <trkpt lat="43.873400000000004" lon="-114.67888">
    <ele>2329.358537258822</ele>
   </trkpt>
   <trkpt lat="43.87333" lon="-114.67864000000002">
    <ele>2328.6244437305877</ele>
   </trkpt>
   <trkpt lat="43.87332000000001" lon="-114.67839000000001">
    <ele>2328.266611458761</ele>
   </trkpt>
   <trkpt lat="43.87351" lon="-114.67784">
    <ele>2328.164136208288</ele>
   </trkpt>
   <trkpt lat="43.873575" lon="-114.67740500000001">
    <ele>2330.7146373282726</ele>
   </trkpt>
   <trkpt lat="43.87364" lon="-114.67697000000001">
    <ele>2332.7447602869493</ele>
   </trkpt>
   <trkpt lat="43.87364" lon="-114.67666666666668">
    <ele>2333.9416046927604</ele>
   </trkpt>
   <trkpt lat="43.87364" lon="-114.67636333333334">
    <ele>2335.392631987848</ele>
   </trkpt>
   <trkpt lat="43.87364" lon="-114.67606">
    <ele>2337.703406938286</ele>
   </trkpt>
   <trkpt lat="43.87355" lon="-114.67548000000001">
    <ele>2339.579574944768</ele>
   </trkpt>
   <trkpt lat="43.87344" lon="-114.67505000000001">
    <ele>2342.684081871233</ele>
   </trkpt>
   <trkpt lat="43.873270000000005" lon="-114.67474000000001">
    <ele>2345.320606661842</ele>
   </trkpt>
   <trkpt lat="43.87292" lon="-114.67461000000002">
    <ele>2346.3700905453957</ele>
   </trkpt>
   <trkpt lat="43.87259" lon="-114.67462">
    <ele>2348.181963773918</ele>
   </trkpt>
   <trkpt lat="43.87187" lon="-114.67464000000001">
    <ele>2348.028287107662</ele>
   </trkpt>
   <trkpt lat="43.871610000000004" lon="-114.67438000000001">
    <ele>2347.5103896494343</ele>
   </trkpt>
   <trkpt lat="43.871320000000004" lon="-114.67408">
    <ele>2346.677289653261</ele>
   </trkpt>
   <trkpt lat="43.871120000000005" lon="-114.67409">
    <ele>2346.8876518369893</ele>
   </trkpt>
   <trkpt lat="43.87097000000001" lon="-114.6739">
    <ele>2346.8792714606966</ele>
   </trkpt>
   <trkpt lat="43.87111" lon="-114.67346">
    <ele>2347.905348123338</ele>
   </trkpt>
   <trkpt lat="43.871140000000004" lon="-114.67303000000001">
    <ele>2348.9565043590233</ele>
   </trkpt>
   <trkpt lat="43.871225" lon="-114.67272500000001">
    <ele>2350.2740477460393</ele>
   </trkpt>
   <trkpt lat="43.87131" lon="-114.67242">
    <ele>2351.8439918412137</ele>
   </trkpt>
   <trkpt lat="43.87154" lon="-114.67229">
    <ele>2355.041740193178</ele>
   </trkpt>
   <trkpt lat="43.871640000000006" lon="-114.67200000000001">
    <ele>2357.2376200199296</ele>
   </trkpt>
   <trkpt lat="43.871840000000006" lon="-114.67165000000001">
    <ele>2359.1765081057133</ele>
   </trkpt>
   <trkpt lat="43.87174" lon="-114.67120000000001">
    <ele>2360.2907288060765</ele>
   </trkpt>
   <trkpt lat="43.871900000000004" lon="-114.67108">
    <ele>2362.6812917540988</ele>
   </trkpt>
   <trkpt lat="43.872080000000004" lon="-114.67083000000001">
    <ele>2364.2350185578407</ele>
   </trkpt>
   <trkpt lat="43.87232" lon="-114.6709">
    <ele>2365.891100333968</ele>
   </trkpt>
   <trkpt lat="43.872600000000006" lon="-114.67058000000002">
    <ele>2366.0569457002716</ele>
   </trkpt>
   <trkpt lat="43.872780000000006" lon="-114.67035000000001">
    <ele>2366.632759427547</ele>
   </trkpt>
   <trkpt lat="43.872780000000006" lon="-114.66995000000001">
    <ele>2366.7515546738086</ele>
   </trkpt>
   <trkpt lat="43.87285000000001" lon="-114.66928000000001">
    <ele>2364.8415554235403</ele>
   </trkpt>
   <trkpt lat="43.87288" lon="-114.66872000000001">
    <ele>2362.4605170261984</ele>
   </trkpt>
   <trkpt lat="43.87295" lon="-114.66842000000001">
    <ele>2359.5473638288754</ele>
   </trkpt>
   <trkpt lat="43.873020000000004" lon="-114.66812000000002">
    <ele>2358.324341572537</ele>
   </trkpt>
   <trkpt lat="43.873000000000005" lon="-114.66770000000001">
    <ele>2355.63233180612</ele>
   </trkpt>
   <trkpt lat="43.872895" lon="-114.66747000000001">
    <ele>2354.039536059707</ele>
   </trkpt>
   <trkpt lat="43.87279" lon="-114.66724">
    <ele>2351.668059253877</ele>
   </trkpt>
   <trkpt lat="43.872580000000006" lon="-114.66684000000001">
    <ele>2349.1015773128515</ele>
   </trkpt>
   <trkpt lat="43.87225500000001" lon="-114.66643">
    <ele>2346.4789059256464</ele>
   </trkpt>
   <trkpt lat="43.87209250000001" lon="-114.666225">
    <ele>2344.3810931601206</ele>
   </trkpt>
   <trkpt lat="43.871930000000006" lon="-114.66602">
    <ele>2343.13333054867</ele>
   </trkpt>
   <trkpt lat="43.87176000000001" lon="-114.665755">
    <ele>2340.959696044146</ele>
   </trkpt>
   <trkpt lat="43.871590000000005" lon="-114.66549">
    <ele>2338.2752549089682</ele>
   </trkpt>
   <trkpt lat="43.87148500000001" lon="-114.665245">
    <ele>2335.7216355960873</ele>
   </trkpt>
   <trkpt lat="43.87138" lon="-114.665">
    <ele>2333.2244381891246</ele>
   </trkpt>
   <trkpt lat="43.87107" lon="-114.66463">
    <ele>2330.4913089146107</ele>
   </trkpt>
   <trkpt lat="43.870865" lon="-114.66467">
    <ele>2327.54977305048</ele>
   </trkpt>
   <trkpt lat="43.87066" lon="-114.66471000000001">
    <ele>2324.368774316332</ele>
   </trkpt>
   <trkpt lat="43.87031" lon="-114.66471000000001">
    <ele>2321.5969878088517</ele>
   </trkpt>
   <trkpt lat="43.870125" lon="-114.66467500000002">
    <ele>2319.0669886409887</ele>
   </trkpt>
   <trkpt lat="43.86994000000001" lon="-114.66464">
    <ele>2317.478884618013</ele>
   </trkpt>
   <trkpt lat="43.86994000000001" lon="-114.66499">
    <ele>2315.506873196476</ele>
   </trkpt>
   <trkpt lat="43.86992" lon="-114.66549">
    <ele>2314.6938306984875</ele>
   </trkpt>
   <trkpt lat="43.87004" lon="-114.66622000000001">
    <ele>2315.05737360569</ele>
   </trkpt>
   <trkpt lat="43.869980000000005" lon="-114.66693000000001">
    <ele>2313.9274609070812</ele>
   </trkpt>
   <trkpt lat="43.86984" lon="-114.66766000000001">
    <ele>2311.739606573781</ele>
   </trkpt>
   <trkpt lat="43.869780000000006" lon="-114.66792666666667">
    <ele>2310.1507550237275</ele>
   </trkpt>
   <trkpt lat="43.86972" lon="-114.66819333333335">
    <ele>2307.9080660286354</ele>
   </trkpt>
   <trkpt lat="43.86966" lon="-114.66846000000001">
    <ele>2306.7982145284177</ele>
   </trkpt>
   <trkpt lat="43.869580000000006" lon="-114.66886000000001">
    <ele>2305.217063518636</ele>
   </trkpt>
   <trkpt lat="43.86945" lon="-114.66902">
    <ele>2304.1848371669657</ele>
   </trkpt>
   <trkpt lat="43.86939" lon="-114.66877500000001">
    <ele>2302.275777852906</ele>
   </trkpt>
   <trkpt lat="43.869330000000005" lon="-114.66853">
    <ele>2301.2265435091695</ele>
   </trkpt>
   <trkpt lat="43.86934333333334" lon="-114.66822">
    <ele>2298.59629793758</ele>
   </trkpt>
   <trkpt lat="43.86935666666667" lon="-114.66791">
    <ele>2296.1144647019137</ele>
   </trkpt>
   <trkpt lat="43.86937" lon="-114.66760000000001">
    <ele>2294.291244657007</ele>
   </trkpt>
   <trkpt lat="43.869440000000004" lon="-114.66702000000001">
    <ele>2291.5715820538803</ele>
   </trkpt>
   <trkpt lat="43.86947500000001" lon="-114.66673">
    <ele>2289.521214068406</ele>
   </trkpt>
   <trkpt lat="43.869510000000005" lon="-114.66644000000001">
    <ele>2288.4535786875404</ele>
   </trkpt>
   <trkpt lat="43.869405" lon="-114.66600500000001">
    <ele>2286.5732456737387</ele>
   </trkpt>
   <trkpt lat="43.8693" lon="-114.66557">
    <ele>2284.539536138133</ele>
   </trkpt>
   <trkpt lat="43.86920000118115" lon="-114.66519999871186">
    <ele>2281.799023480847</ele>
   </trkpt>
   <trkpt lat="43.869100002362295" lon="-114.66482999742371">
    <ele>2280.0357709825776</ele>
   </trkpt>
   <trkpt lat="43.86900000118115" lon="-114.66445999871186">
    <ele>2279.1868552921464</ele>
   </trkpt>
   <trkpt lat="43.868900000000004" lon="-114.66409000000002">
    <ele>2277.285434327698</ele>
   </trkpt>
   <trkpt lat="43.868837501212326" lon="-114.6637224994331">
    <ele>2275.2125202376715</ele>
   </trkpt>
   <trkpt lat="43.86877500242465" lon="-114.66335499886618">
    <ele>2273.171529673535</ele>
   </trkpt>
   <trkpt lat="43.86871250121233" lon="-114.66298749943309">
    <ele>2270.934762674656</ele>
   </trkpt>
   <trkpt lat="43.86865" lon="-114.66262">
    <ele>2268.7108314635234</ele>
   </trkpt>
   <trkpt lat="43.868667500849185" lon="-114.66230750022578">
    <ele>2266.27526036459</ele>
   </trkpt>
   <trkpt lat="43.86868500169836" lon="-114.66199500045157">
    <ele>2263.6219617461657</ele>
   </trkpt>
   <trkpt lat="43.86870250084918" lon="-114.6616825002258">
    <ele>2260.9805118789036</ele>
   </trkpt>
   <trkpt lat="43.86872" lon="-114.66137">
    <ele>2258.6143068880283</ele>
   </trkpt>
   <trkpt lat="43.868805" lon="-114.661015">
    <ele>2256.1615695398946</ele>
   </trkpt>
   <trkpt lat="43.86889" lon="-114.66066000000001">
    <ele>2253.6642187775524</ele>
   </trkpt>
   <trkpt lat="43.86904" lon="-114.66039">
    <ele>2251.329530471331</ele>
   </trkpt>
   <trkpt lat="43.86919" lon="-114.66012">
    <ele>2250.0880859499653</ele>
   </trkpt>
   <trkpt lat="43.86929500000001" lon="-114.65973000000001">
    <ele>2247.8593408399593</ele>
   </trkpt>
   <trkpt lat="43.869400000000006" lon="-114.65934000000001">
    <ele>2245.7235791257203</ele>
   </trkpt>
   <trkpt lat="43.86956500000001" lon="-114.658905">
    <ele>2241.4037506498335</ele>
   </trkpt>
   <trkpt lat="43.869730000000004" lon="-114.65847000000001">
    <ele>2238.529161198787</ele>
   </trkpt>
   <trkpt lat="43.869855" lon="-114.65820000000001">
    <ele>2236.594875274858</ele>
   </trkpt>
   <trkpt lat="43.869980000000005" lon="-114.65793000000001">
    <ele>2236.594875274858</ele>
   </trkpt>
   <trkpt lat="43.87011835926146" lon="-114.65764206683723">
    <ele>2234.7150647663457</ele>
   </trkpt>
   <trkpt lat="43.87015315027165" lon="-114.65750566594478">
    <ele>2233.191564046333</ele>
   </trkpt>
   <trkpt lat="43.87019224455656" lon="-114.65719627266174">
    <ele>2231.0211429566575</ele>
   </trkpt>
   <trkpt lat="43.87029359574291" lon="-114.65675699783515">
    <ele>2229.3196168545205</ele>
   </trkpt>
   <trkpt lat="43.870348598187114" lon="-114.65643572878152">
    <ele>2228.382936430045</ele>
   </trkpt>
   <trkpt lat="43.870380966087" lon="-114.65630811313281">
    <ele>2227.93142695054</ele>
   </trkpt>
   <trkpt lat="43.87041205587618" lon="-114.65624776845448">
    <ele>2227.356167794185</ele>
   </trkpt>
   <trkpt lat="43.870440503532784" lon="-114.65620831639471">
    <ele>2226.865084147</ele>
   </trkpt>
   <trkpt lat="43.87048" lon="-114.65617">
    <ele>2226.865084147</ele>
   </trkpt>
   <trkpt lat="43.870520000000006" lon="-114.65592000000001">
    <ele>2226.4032049735224</ele>
   </trkpt>
   <trkpt lat="43.87053" lon="-114.65559">
    <ele>2225.7307954740077</ele>
   </trkpt>
   <trkpt lat="43.87042" lon="-114.65520000000001">
    <ele>2225.181477274454</ele>
   </trkpt>
   <trkpt lat="43.87042" lon="-114.65503000000001">
    <ele>2224.5809595512524</ele>
   </trkpt>
   <trkpt lat="43.87015" lon="-114.65492">
    <ele>2222.927565754733</ele>
   </trkpt>
   <trkpt lat="43.8699" lon="-114.65492">
    <ele>2222.345938013898</ele>
   </trkpt>
   <trkpt lat="43.869440000000004" lon="-114.65483">
    <ele>2222.242664090984</ele>
   </trkpt>
   <trkpt lat="43.86925" lon="-114.65493000000001">
    <ele>2222.742231003949</ele>
   </trkpt>
   <trkpt lat="43.868970000000004" lon="-114.65523">
    <ele>2222.9759283584913</ele>
   </trkpt>
   <trkpt lat="43.86867" lon="-114.65535000000001">
    <ele>2223.2228308236436</ele>
   </trkpt>
   <trkpt lat="43.868500000000004" lon="-114.65545000000002">
    <ele>2223.8938274162765</ele>
   </trkpt>
   <trkpt lat="43.86824" lon="-114.65545000000002">
    <ele>2224.1784576110454</ele>
   </trkpt>
   <trkpt lat="43.86797000000001" lon="-114.65577">
    <ele>2224.5109812190044</ele>
   </trkpt>
   <trkpt lat="43.86782" lon="-114.65577">
    <ele>2224.5847633477388</ele>
   </trkpt>
   <trkpt lat="43.867720000000006" lon="-114.65572">
    <ele>2224.5847633477388</ele>
   </trkpt>
   <trkpt lat="43.867490000000004" lon="-114.65541">
    <ele>2224.0795972137907</ele>
   </trkpt>
   <trkpt lat="43.86706" lon="-114.65528">
    <ele>2223.2465344440075</ele>
   </trkpt>
   <trkpt lat="43.86674000000001" lon="-114.6551">
    <ele>2222.222692116723</ele>
   </trkpt>
   <trkpt lat="43.866420000000005" lon="-114.65492">
    <ele>2220.3165173826483</ele>
   </trkpt>
   <trkpt lat="43.86585" lon="-114.65484000000001">
    <ele>2217.684081385109</ele>
   </trkpt>
   <trkpt lat="43.86565" lon="-114.65487">
    <ele>2217.684081385109</ele>
   </trkpt>
   <trkpt lat="43.865320000000004" lon="-114.65487">
    <ele>2217.3671426609617</ele>
   </trkpt>
   <trkpt lat="43.865230000000004" lon="-114.65487">
    <ele>2217.3671426609617</ele>
   </trkpt>
   <trkpt lat="43.86504" lon="-114.65474">
    <ele>2217.0629232365054</ele>
   </trkpt>
   <trkpt lat="43.86464" lon="-114.65475">
    <ele>2216.530317818521</ele>
   </trkpt>
   <trkpt lat="43.864250000000006" lon="-114.65444000000001">
    <ele>2216.3975338067344</ele>
   </trkpt>
   <trkpt lat="43.86374000000001" lon="-114.65443">
    <ele>2215.8578150231856</ele>
   </trkpt>
   <trkpt lat="43.86328" lon="-114.65425">
    <ele>2216.5712721460736</ele>
   </trkpt>
   <trkpt lat="43.86281" lon="-114.65395000000001">
    <ele>2216.2654291096956</ele>
   </trkpt>
   <trkpt lat="43.862320000000004" lon="-114.65372">
    <ele>2215.4208517826382</ele>
   </trkpt>
   <trkpt lat="43.862005" lon="-114.65351000000001">
    <ele>2213.141945762722</ele>
   </trkpt>
   <trkpt lat="43.86169" lon="-114.65330000000002">
    <ele>2210.8142253036967</ele>
   </trkpt>
   <trkpt lat="43.861525" lon="-114.65310000000002">
    <ele>2208.5383637496448</ele>
   </trkpt>
   <trkpt lat="43.861360000000005" lon="-114.65290000000002">
    <ele>2207.9914289964386</ele>
   </trkpt>
   <trkpt lat="43.86103000000001" lon="-114.6525">
    <ele>2206.1507501226106</ele>
   </trkpt>
   <trkpt lat="43.86092" lon="-114.65246">
    <ele>2204.8761958882487</ele>
   </trkpt>
   <trkpt lat="43.860690000000005" lon="-114.65247000000001">
    <ele>2204.045309347252</ele>
   </trkpt>
   <trkpt lat="43.86043" lon="-114.65233">
    <ele>2204.5214954277835</ele>
   </trkpt>
   <trkpt lat="43.860220000000005" lon="-114.6521">
    <ele>2205.1316943241413</ele>
   </trkpt>
   <trkpt lat="43.860110000000006" lon="-114.65206">
    <ele>2205.3228097707924</ele>
   </trkpt>
   <trkpt lat="43.86003" lon="-114.6521">
    <ele>2206.442720045483</ele>
   </trkpt>
   <trkpt lat="43.85992" lon="-114.65232">
    <ele>2207.735481655748</ele>
   </trkpt>
   <trkpt lat="43.85974" lon="-114.65251">
    <ele>2208.84183263259</ele>
   </trkpt>
   <trkpt lat="43.859525000000005" lon="-114.652595">
    <ele>2210.7246947000176</ele>
   </trkpt>
   <trkpt lat="43.85931" lon="-114.65268">
    <ele>2214.1635375840547</ele>
   </trkpt>
   <trkpt lat="43.85915000000001" lon="-114.65282">
    <ele>2216.6583693505722</ele>
   </trkpt>
   <trkpt lat="43.859080000000006" lon="-114.65274000000001">
    <ele>2217.904065341815</ele>
   </trkpt>
   <trkpt lat="43.859030000000004" lon="-114.65232">
    <ele>2219.516610671984</ele>
   </trkpt>
   <trkpt lat="43.858940000000004" lon="-114.65205">
    <ele>2220.635567261168</ele>
   </trkpt>
   <trkpt lat="43.85877000000001" lon="-114.65196">
    <ele>2221.649600819625</ele>
   </trkpt>
   <trkpt lat="43.858320000000006" lon="-114.65192">
    <ele>2221.2426093090967</ele>
   </trkpt>
   <trkpt lat="43.858095000000006" lon="-114.65197">
    <ele>2219.5116024799922</ele>
   </trkpt>
   <trkpt lat="43.857870000000005" lon="-114.65202000000001">
    <ele>2217.408753184913</ele>
   </trkpt>
   <trkpt lat="43.857510000000005" lon="-114.65229000000001">
    <ele>2216.7105160860215</ele>
   </trkpt>
   <trkpt lat="43.85745" lon="-114.65227000000002">
    <ele>2215.881157820261</ele>
   </trkpt>
   <trkpt lat="43.857440000000004" lon="-114.65214">
    <ele>2214.951367651781</ele>
   </trkpt>
   <trkpt lat="43.857600000000005" lon="-114.65158">
    <ele>2212.1592216188114</ele>
   </trkpt>
   <trkpt lat="43.857760000000006" lon="-114.65102">
    <ele>2210.7634800660076</ele>
   </trkpt>
   <trkpt lat="43.857735000000005" lon="-114.65071">
    <ele>2208.5847640509446</ele>
   </trkpt>
   <trkpt lat="43.857710000000004" lon="-114.6504">
    <ele>2207.853139014508</ele>
   </trkpt>
   <trkpt lat="43.85775" lon="-114.64972000000002">
    <ele>2205.6878105657656</ele>
   </trkpt>
   <trkpt lat="43.85765000000001" lon="-114.64946">
    <ele>2204.0364411855007</ele>
   </trkpt>
   <trkpt lat="43.857305000000004" lon="-114.64913000000001">
    <ele>2202.5619489823084</ele>
   </trkpt>
   <trkpt lat="43.85696" lon="-114.64880000000001">
    <ele>2201.1859140661513</ele>
   </trkpt>
   <trkpt lat="43.85687" lon="-114.64865">
    <ele>2200.433639124608</ele>
   </trkpt>
   <trkpt lat="43.85667" lon="-114.64794">
    <ele>2199.255902672127</ele>
   </trkpt>
   <trkpt lat="43.85633000000001" lon="-114.64751000000001">
    <ele>2198.3965578112025</ele>
   </trkpt>
   <trkpt lat="43.856170000000006" lon="-114.6474">
    <ele>2198.3965578112025</ele>
   </trkpt>
   <trkpt lat="43.85582" lon="-114.64696">
    <ele>2198.9259637028663</ele>
   </trkpt>
   <trkpt lat="43.855270000000004" lon="-114.64664">
    <ele>2197.719926327014</ele>
   </trkpt>
   <trkpt lat="43.85499" lon="-114.64615">
    <ele>2197.5117925355457</ele>
   </trkpt>
   <trkpt lat="43.85488" lon="-114.64584">
    <ele>2197.4665234241675</ele>
   </trkpt>
   <trkpt lat="43.85432" lon="-114.64531000000001">
    <ele>2195.4029076301654</ele>
   </trkpt>
   <trkpt lat="43.85391500165862" lon="-114.64470499598512">
    <ele>2194.355114013564</ele>
   </trkpt>
   <trkpt lat="43.85371250082932" lon="-114.64440249799256">
    <ele>2192.05092318612</ele>
   </trkpt>
   <trkpt lat="43.85351000000001" lon="-114.64410000000001">
    <ele>2190.4605777726556</ele>
   </trkpt>
   <trkpt lat="43.85315000000001" lon="-114.64382">
    <ele>2189.473277627086</ele>
   </trkpt>
   <trkpt lat="43.853010000000005" lon="-114.64377">
    <ele>2189.473277627086</ele>
   </trkpt>
   <trkpt lat="43.85287" lon="-114.64386">
    <ele>2189.867610377489</ele>
   </trkpt>
   <trkpt lat="43.852740000000004" lon="-114.64405000000001">
    <ele>2190.196109863639</ele>
   </trkpt>
   <trkpt lat="43.85251" lon="-114.64493000000002">
    <ele>2192.773666080821</ele>
   </trkpt>
   <trkpt lat="43.85235" lon="-114.64493000000002">
    <ele>2193.7706705751357</ele>
   </trkpt>
   <trkpt lat="43.85217" lon="-114.64459000000001">
    <ele>2194.8843934794068</ele>
   </trkpt>
   <trkpt lat="43.852120000000006" lon="-114.64436">
    <ele>2193.1979243994806</ele>
   </trkpt>
   <trkpt lat="43.852450000000005" lon="-114.64337">
    <ele>2191.8057200994</ele>
   </trkpt>
   <trkpt lat="43.85244" lon="-114.64328">
    <ele>2191.8057200994</ele>
   </trkpt>
   <trkpt lat="43.85224" lon="-114.64297">
    <ele>2190.114483695107</ele>
   </trkpt>
   <trkpt lat="43.851530000000004" lon="-114.64241000000001">
    <ele>2188.243448904451</ele>
   </trkpt>
   <trkpt lat="43.851350000000004" lon="-114.64211">
    <ele>2186.1910596160897</ele>
   </trkpt>
   <trkpt lat="43.851200000000006" lon="-114.64198">
    <ele>2185.6926666288055</ele>
   </trkpt>
   <trkpt lat="43.85114" lon="-114.64195000000001">
    <ele>2185.130243865626</ele>
   </trkpt>
   <trkpt lat="43.85078" lon="-114.64176">
    <ele>2184.041314530985</ele>
   </trkpt>
   <trkpt lat="43.85065" lon="-114.6418">
    <ele>2184.041314530985</ele>
   </trkpt>
   <trkpt lat="43.850480000000005" lon="-114.64175000000002">
    <ele>2183.525875940632</ele>
   </trkpt>
   <trkpt lat="43.850350000000006" lon="-114.64158">
    <ele>2183.059695206439</ele>
   </trkpt>
   <trkpt lat="43.85" lon="-114.64149">
    <ele>2183.113866550897</ele>
   </trkpt>
   <trkpt lat="43.84978" lon="-114.64158">
    <ele>2182.9649190322375</ele>
   </trkpt>
   <trkpt lat="43.84964" lon="-114.64153">
    <ele>2183.008687420094</ele>
   </trkpt>
   <trkpt lat="43.849360000000004" lon="-114.64158">
    <ele>2183.4315183830436</ele>
   </trkpt>
   <trkpt lat="43.849270000000004" lon="-114.64144">
    <ele>2183.735811109454</ele>
   </trkpt>
   <trkpt lat="43.84864" lon="-114.64126">
    <ele>2184.8288802062457</ele>
   </trkpt>
   <trkpt lat="43.84841" lon="-114.64126">
    <ele>2184.6205967651986</ele>
   </trkpt>
   <trkpt lat="43.847710000000006" lon="-114.64086">
    <ele>2184.749135418669</ele>
   </trkpt>
   <trkpt lat="43.84698" lon="-114.64073">
    <ele>2184.9703634438633</ele>
   </trkpt>
   <trkpt lat="43.84633" lon="-114.64046">
    <ele>2187.0056610523925</ele>
   </trkpt>
   <trkpt lat="43.845780000000005" lon="-114.6401">
    <ele>2188.4404711722327</ele>
   </trkpt>
   <trkpt lat="43.845560000000006" lon="-114.63988">
    <ele>2189.1228223496664</ele>
   </trkpt>
   <trkpt lat="43.845380000000006" lon="-114.63947">
    <ele>2190.2961679224977</ele>
   </trkpt>
   <trkpt lat="43.84514" lon="-114.63908">
    <ele>2191.2569571420377</ele>
   </trkpt>
   <trkpt lat="43.84499" lon="-114.63893000000002">
    <ele>2191.3274898553736</ele>
   </trkpt>
   <trkpt lat="43.84463" lon="-114.63872">
    <ele>2191.813289508338</ele>
   </trkpt>
   <trkpt lat="43.844300000000004" lon="-114.63827">
    <ele>2191.0407324158964</ele>
   </trkpt>
   <trkpt lat="43.84369" lon="-114.63782">
    <ele>2188.7123963151225</ele>
   </trkpt>
   <trkpt lat="43.843180000000004" lon="-114.63697">
    <ele>2186.2551247135425</ele>
   </trkpt>
   <trkpt lat="43.843" lon="-114.636875">
    <ele>2183.8446021298664</ele>
   </trkpt>
   <trkpt lat="43.84282" lon="-114.63678000000002">
    <ele>2182.0744988261376</ele>
   </trkpt>
   <trkpt lat="43.842775" lon="-114.63640000000001">
    <ele>2180.7390606533254</ele>
   </trkpt>
   <trkpt lat="43.84273" lon="-114.63602000000002">
    <ele>2179.682009162974</ele>
   </trkpt>
   <trkpt lat="43.842600000000004" lon="-114.63569500000001">
    <ele>2178.139682774618</ele>
   </trkpt>
   <trkpt lat="43.842470000000006" lon="-114.63537000000001">
    <ele>2175.655018707813</ele>
   </trkpt>
   <trkpt lat="43.84192" lon="-114.63446">
    <ele>2172.8895635752874</ele>
   </trkpt>
   <trkpt lat="43.84154" lon="-114.6337">
    <ele>2170.4738797689406</ele>
   </trkpt>
   <trkpt lat="43.84138" lon="-114.63344000000001">
    <ele>2169.192926647258</ele>
   </trkpt>
   <trkpt lat="43.84100000097344" lon="-114.63300999745059">
    <ele>2168.5736910392743</ele>
   </trkpt>
   <trkpt lat="43.84062" lon="-114.63258">
    <ele>2167.144003536075</ele>
   </trkpt>
   <trkpt lat="43.84031500121109" lon="-114.6320849977014">
    <ele>2168.517824433068</ele>
   </trkpt>
   <trkpt lat="43.84001000000001" lon="-114.63159">
    <ele>2168.609246121323</ele>
   </trkpt>
   <trkpt lat="43.8399" lon="-114.63137">
    <ele>2167.6093266908138</ele>
   </trkpt>
   <trkpt lat="43.83979" lon="-114.630835">
    <ele>2166.4998154345985</ele>
   </trkpt>
   <trkpt lat="43.83968" lon="-114.6303">
    <ele>2164.3049774474007</ele>
   </trkpt>
   <trkpt lat="43.83945000000001" lon="-114.62998">
    <ele>2162.5764779646556</ele>
   </trkpt>
   <trkpt lat="43.839360000000006" lon="-114.62971">
    <ele>2161.3438248783</ele>
   </trkpt>
   <trkpt lat="43.83912" lon="-114.6294">
    <ele>2160.960939135299</ele>
   </trkpt>
   <trkpt lat="43.83899" lon="-114.62899000000002">
    <ele>2159.988900713631</ele>
   </trkpt>
   <trkpt lat="43.838860000000004" lon="-114.62891">
    <ele>2159.4146924872707</ele>
   </trkpt>
   <trkpt lat="43.83863" lon="-114.629">
    <ele>2159.0384490144806</ele>
   </trkpt>
   <trkpt lat="43.838550000000005" lon="-114.62893000000001">
    <ele>2159.0384490144806</ele>
   </trkpt>
   <trkpt lat="43.8385" lon="-114.62891">
    <ele>2159.0384490144806</ele>
   </trkpt>
   <trkpt lat="43.83845" lon="-114.62855">
    <ele>2159.0114977260146</ele>
   </trkpt>
   <trkpt lat="43.838420000000006" lon="-114.62844000000001">
    <ele>2159.0114977260146</ele>
   </trkpt>
   <trkpt lat="43.838350000000005" lon="-114.62833">
    <ele>2158.947084808879</ele>
   </trkpt>
   <trkpt lat="43.838190000000004" lon="-114.6281">
    <ele>2159.241025511872</ele>
   </trkpt>
   <trkpt lat="43.8378" lon="-114.62788">
    <ele>2159.10285704456</ele>
   </trkpt>
   <trkpt lat="43.837590000000006" lon="-114.62765">
    <ele>2160.3335341451616</ele>
   </trkpt>
   <trkpt lat="43.837390000000006" lon="-114.62731000000001">
    <ele>2160.950181666584</ele>
   </trkpt>
   <trkpt lat="43.83690000000001" lon="-114.62704000000001">
    <ele>2162.4993429173205</ele>
   </trkpt>
   <trkpt lat="43.83641" lon="-114.62703">
    <ele>2163.988683503309</ele>
   </trkpt>
   <trkpt lat="43.83626" lon="-114.62725">
    <ele>2165.2127403482787</ele>
   </trkpt>
   <trkpt lat="43.83626" lon="-114.62739">
    <ele>2165.2127403482787</ele>
   </trkpt>
   <trkpt lat="43.8363" lon="-114.6277">
    <ele>2166.267057301571</ele>
   </trkpt>
   <trkpt lat="43.83646" lon="-114.62824">
    <ele>2168.529543904668</ele>
   </trkpt>
   <trkpt lat="43.83637" lon="-114.62909">
    <ele>2168.9970073762065</ele>
   </trkpt>
   <trkpt lat="43.83628" lon="-114.62922">
    <ele>2168.9970073762065</ele>
   </trkpt>
   <trkpt lat="43.83578000000001" lon="-114.62949">
    <ele>2167.9625298001392</ele>
   </trkpt>
   <trkpt lat="43.835620000000006" lon="-114.62949">
    <ele>2167.3851175708946</ele>
   </trkpt>
   <trkpt lat="43.835150000000006" lon="-114.62931">
    <ele>2165.2769620606405</ele>
   </trkpt>
   <trkpt lat="43.834830000443766" lon="-114.62908999765553">
    <ele>2164.2318034154664</ele>
   </trkpt>
   <trkpt lat="43.834510000887526" lon="-114.62886999531105">
    <ele>2162.749921131432</ele>
   </trkpt>
   <trkpt lat="43.83419000044377" lon="-114.62864999765553">
    <ele>2161.897242241092</ele>
   </trkpt>
   <trkpt lat="43.833870000000005" lon="-114.62843000000001">
    <ele>2158.934088820826</ele>
   </trkpt>
   <trkpt lat="43.83308" lon="-114.62809000000001">
    <ele>2156.735734750787</ele>
   </trkpt>
   <trkpt lat="43.83308" lon="-114.62808000000001">
    <ele>2156.735734750787</ele>
   </trkpt>
   <trkpt lat="43.83252" lon="-114.62783">
    <ele>2155.604866408242</ele>
   </trkpt>
   <trkpt lat="43.83177500062687" lon="-114.62742999496886">
    <ele>2154.4854926686226</ele>
   </trkpt>
   <trkpt lat="43.831030000000005" lon="-114.62703">
    <ele>2153.6119598264763</ele>
   </trkpt>
   <trkpt lat="43.83057500031547" lon="-114.6268499986967">
    <ele>2152.7667334385583</ele>
   </trkpt>
   <trkpt lat="43.83012" lon="-114.62667">
    <ele>2151.6632364978345</ele>
   </trkpt>
   <trkpt lat="43.82949000000001" lon="-114.62631">
    <ele>2149.2701067172607</ele>
   </trkpt>
   <trkpt lat="43.82898" lon="-114.62582">
    <ele>2148.5255199352864</ele>
   </trkpt>
   <trkpt lat="43.828450000000004" lon="-114.62547">
    <ele>2148.2111762668605</ele>
   </trkpt>
   <trkpt lat="43.82803000136293" lon="-114.62492499625338">
    <ele>2148.2978384517346</ele>
   </trkpt>
   <trkpt lat="43.82761000000001" lon="-114.62438000000002">
    <ele>2146.033961079866</ele>
   </trkpt>
   <trkpt lat="43.82724" lon="-114.62349">
    <ele>2144.849893386842</ele>
   </trkpt>
   <trkpt lat="43.8271" lon="-114.62331">
    <ele>2145.5196419818412</ele>
   </trkpt>
   <trkpt lat="43.826800000000006" lon="-114.62317000000002">
    <ele>2145.9089210780976</ele>
   </trkpt>
   <trkpt lat="43.82647" lon="-114.62282">
    <ele>2147.5538511971417</ele>
   </trkpt>
   <trkpt lat="43.82627" lon="-114.62230500000001">
    <ele>2149.6825976224454</ele>
   </trkpt>
   <trkpt lat="43.82607" lon="-114.62179">
    <ele>2151.416301874946</ele>
   </trkpt>
   <trkpt lat="43.825900000000004" lon="-114.62148">
    <ele>2152.9476144103546</ele>
   </trkpt>
   <trkpt lat="43.825720000000004" lon="-114.62126">
    <ele>2154.258362850928</ele>
   </trkpt>
   <trkpt lat="43.82546000000001" lon="-114.62071">
    <ele>2155.146048165118</ele>
   </trkpt>
   <trkpt lat="43.825410000000005" lon="-114.62045">
    <ele>2155.3984385893586</ele>
   </trkpt>
   <trkpt lat="43.82531" lon="-114.62027">
    <ele>2156.382488438744</ele>
   </trkpt>
   <trkpt lat="43.82515" lon="-114.62018">
    <ele>2156.5560264807</ele>
   </trkpt>
   <trkpt lat="43.824940000000005" lon="-114.62026000000002">
    <ele>2157.226138568452</ele>
   </trkpt>
   <trkpt lat="43.82457" lon="-114.62023">
    <ele>2159.3662895008406</ele>
   </trkpt>
   <trkpt lat="43.824090000000005" lon="-114.61995">
    <ele>2161.7634895022347</ele>
   </trkpt>
   <trkpt lat="43.8239" lon="-114.61991">
    <ele>2162.7081779111422</ele>
   </trkpt>
   <trkpt lat="43.823820000000005" lon="-114.61973">
    <ele>2162.7081779111422</ele>
   </trkpt>
   <trkpt lat="43.823820000000005" lon="-114.61924">
    <ele>2162.6409453601427</ele>
   </trkpt>
   <trkpt lat="43.82379" lon="-114.6191">
    <ele>2162.6409453601427</ele>
   </trkpt>
   <trkpt lat="43.82363" lon="-114.61894000000001">
    <ele>2162.699704727568</ele>
   </trkpt>
   <trkpt lat="43.823510000000006" lon="-114.61858000000001">
    <ele>2161.7771333994774</ele>
   </trkpt>
   <trkpt lat="43.823350000000005" lon="-114.61848">
    <ele>2161.7771333994774</ele>
   </trkpt>
   <trkpt lat="43.82302000000001" lon="-114.61849000000001">
    <ele>2160.6975972536525</ele>
   </trkpt>
   <trkpt lat="43.822900000000004" lon="-114.61843">
    <ele>2158.338557484619</ele>
   </trkpt>
   <trkpt lat="43.82285" lon="-114.61816">
    <ele>2157.6399170496825</ele>
   </trkpt>
   <trkpt lat="43.82284000000001" lon="-114.61759">
    <ele>2155.889776426944</ele>
   </trkpt>
   <trkpt lat="43.822810000000004" lon="-114.61736">
    <ele>2154.977127688451</ele>
   </trkpt>
   <trkpt lat="43.822750000000006" lon="-114.61722">
    <ele>2154.977127688451</ele>
   </trkpt>
   <trkpt lat="43.8226" lon="-114.61704">
    <ele>2153.491489365976</ele>
   </trkpt>
   <trkpt lat="43.82242" lon="-114.61695">
    <ele>2152.887817375196</ele>
   </trkpt>
   <trkpt lat="43.8224" lon="-114.61677">
    <ele>2151.965050853544</ele>
   </trkpt>
   <trkpt lat="43.82251" lon="-114.61661000000001">
    <ele>2150.504014981615</ele>
   </trkpt>
   <trkpt lat="43.822810000000004" lon="-114.61628">
    <ele>2148.5551841124707</ele>
   </trkpt>
   <trkpt lat="43.82293" lon="-114.61599000000001">
    <ele>2145.033614273548</ele>
   </trkpt>
   <trkpt lat="43.82305" lon="-114.6157">
    <ele>2143.6439062942454</ele>
   </trkpt>
   <trkpt lat="43.823125000000005" lon="-114.61543">
    <ele>2141.893827760615</ele>
   </trkpt>
   <trkpt lat="43.82320000000001" lon="-114.61516">
    <ele>2140.916993294603</ele>
   </trkpt>
   <trkpt lat="43.823220000000006" lon="-114.61494">
    <ele>2141.408729355544</ele>
   </trkpt>
   <trkpt lat="43.823130000000006" lon="-114.61427">
    <ele>2141.533928603276</ele>
   </trkpt>
   <trkpt lat="43.82295500000001" lon="-114.61391">
    <ele>2143.622741350431</ele>
   </trkpt>
   <trkpt lat="43.82278" lon="-114.61355">
    <ele>2145.4616508464314</ele>
   </trkpt>
   <trkpt lat="43.82255000000001" lon="-114.61325000000001">
    <ele>2146.5139391449115</ele>
   </trkpt>
   <trkpt lat="43.82209" lon="-114.61293">
    <ele>2147.287225009486</ele>
   </trkpt>
   <trkpt lat="43.821830000000006" lon="-114.61244">
    <ele>2147.1238548648835</ele>
   </trkpt>
   <trkpt lat="43.82146" lon="-114.61204000000001">
    <ele>2148.625787455494</ele>
   </trkpt>
   <trkpt lat="43.82103" lon="-114.6119">
    <ele>2149.0169535474956</ele>
   </trkpt>
   <trkpt lat="43.8207" lon="-114.61163">
    <ele>2148.2315080709577</ele>
   </trkpt>
   <trkpt lat="43.81989" lon="-114.61127">
    <ele>2149.638464194914</ele>
   </trkpt>
   <trkpt lat="43.819480000000006" lon="-114.61181">
    <ele>2151.270574922316</ele>
   </trkpt>
   <trkpt lat="43.81908000000001" lon="-114.61216">
    <ele>2152.353160217325</ele>
   </trkpt>
   <trkpt lat="43.818940000000005" lon="-114.61216">
    <ele>2152.353160217325</ele>
   </trkpt>
   <trkpt lat="43.81844" lon="-114.61198">
    <ele>2151.7170212640376</ele>
   </trkpt>
   <trkpt lat="43.817870000000006" lon="-114.61189">
    <ele>2149.7118182427985</ele>
   </trkpt>
   <trkpt lat="43.817640000000004" lon="-114.61176">
    <ele>2149.285543728317</ele>
   </trkpt>
   <trkpt lat="43.81749000000001" lon="-114.61176">
    <ele>2149.0555514550515</ele>
   </trkpt>
   <trkpt lat="43.81687" lon="-114.61195000000001">
    <ele>2148.631231592784</ele>
   </trkpt>
   <trkpt lat="43.816460000000006" lon="-114.61212">
    <ele>2148.7991660644975</ele>
   </trkpt>
   <trkpt lat="43.81616" lon="-114.61209000000001">
    <ele>2148.3284083461526</ele>
   </trkpt>
   <trkpt lat="43.81579549543204" lon="-114.61207580674056">
    <ele>2147.0582408587916</ele>
   </trkpt>
   <trkpt lat="43.81565755673331" lon="-114.61200902411206">
    <ele>2146.2440229152207</ele>
   </trkpt>
   <trkpt lat="43.8155502803864" lon="-114.61181508828528">
    <ele>2144.902245363688</ele>
   </trkpt>
   <trkpt lat="43.815340000000006" lon="-114.61167">
    <ele>2143.326396526432</ele>
   </trkpt>
   <trkpt lat="43.815290000000005" lon="-114.61149">
    <ele>2143.326396526432</ele>
   </trkpt>
   <trkpt lat="43.8153125010455" lon="-114.61114250037635">
    <ele>2141.498871258357</ele>
   </trkpt>
   <trkpt lat="43.81533500209098" lon="-114.61079500075269">
    <ele>2140.5438190305713</ele>
   </trkpt>
   <trkpt lat="43.8153575010455" lon="-114.61044750037635">
    <ele>2138.771387988902</ele>
   </trkpt>
   <trkpt lat="43.815380000000005" lon="-114.6101">
    <ele>2136.213128429927</ele>
   </trkpt>
   <trkpt lat="43.81552000000001" lon="-114.60935">
    <ele>2133.779329231501</ele>
   </trkpt>
   <trkpt lat="43.81552000000001" lon="-114.60903">
    <ele>2132.2164465537057</ele>
   </trkpt>
   <trkpt lat="43.815450000000006" lon="-114.60844000000002">
    <ele>2130.468465784844</ele>
   </trkpt>
   <trkpt lat="43.815360000000005" lon="-114.60795">
    <ele>2128.486886886591</ele>
   </trkpt>
   <trkpt lat="43.81521" lon="-114.60737">
    <ele>2126.9790261455646</ele>
   </trkpt>
   <trkpt lat="43.81513" lon="-114.60724">
    <ele>2126.175582111993</ele>
   </trkpt>
   <trkpt lat="43.81505000000001" lon="-114.60714000000002">
    <ele>2125.8009705477975</ele>
   </trkpt>
   <trkpt lat="43.81476000000001" lon="-114.60639">
    <ele>2125.207840404163</ele>
   </trkpt>
   <trkpt lat="43.814620000000005" lon="-114.60613000000001">
    <ele>2125.157606769692</ele>
   </trkpt>
   <trkpt lat="43.81447000000001" lon="-114.60595">
    <ele>2124.991139458418</ele>
   </trkpt>
   <trkpt lat="43.814400000000006" lon="-114.60572">
    <ele>2124.991139458418</ele>
   </trkpt>
   <trkpt lat="43.814350000000005" lon="-114.60544000000002">
    <ele>2124.991139458418</ele>
   </trkpt>
   <trkpt lat="43.81434" lon="-114.60527">
    <ele>2125.4277882671613</ele>
   </trkpt>
   <trkpt lat="43.814400000000006" lon="-114.60416000000001">
    <ele>2126.6060732389656</ele>
   </trkpt>
   <trkpt lat="43.81439500213409" lon="-114.60345999964515">
    <ele>2127.210899740122</ele>
   </trkpt>
   <trkpt lat="43.81439" lon="-114.60276">
    <ele>2127.480858128189</ele>
   </trkpt>
   <trkpt lat="43.8143" lon="-114.60264000000001">
    <ele>2127.739813392856</ele>
   </trkpt>
   <trkpt lat="43.814130000000006" lon="-114.60259">
    <ele>2127.969209711195</ele>
   </trkpt>
   <trkpt lat="43.81401" lon="-114.60262000000002">
    <ele>2128.137189624104</ele>
   </trkpt>
   <trkpt lat="43.81382000000001" lon="-114.60272">
    <ele>2128.688385775251</ele>
   </trkpt>
   <trkpt lat="43.813610000000004" lon="-114.60312">
    <ele>2129.052382124415</ele>
   </trkpt>
   <trkpt lat="43.81347" lon="-114.60325">
    <ele>2129.2579060268426</ele>
   </trkpt>
   <trkpt lat="43.81329" lon="-114.60334">
    <ele>2129.7837935813877</ele>
   </trkpt>
   <trkpt lat="43.81322" lon="-114.60331000000001">
    <ele>2129.7837935813877</ele>
   </trkpt>
   <trkpt lat="43.81317000000001" lon="-114.60321">
    <ele>2130.0446284842783</ele>
   </trkpt>
   <trkpt lat="43.81316" lon="-114.60309000000001">
    <ele>2130.268779314153</ele>
   </trkpt>
   <trkpt lat="43.81329" lon="-114.60281">
    <ele>2130.4425249059477</ele>
   </trkpt>
   <trkpt lat="43.81329" lon="-114.60254">
    <ele>2130.7061952510426</ele>
   </trkpt>
   <trkpt lat="43.81324" lon="-114.60241">
    <ele>2130.8193163821898</ele>
   </trkpt>
   <trkpt lat="43.81302" lon="-114.60222">
    <ele>2131.216097016696</ele>
   </trkpt>
   <trkpt lat="43.81275" lon="-114.60204">
    <ele>2131.4650572794344</ele>
   </trkpt>
   <trkpt lat="43.812580000000004" lon="-114.60187">
    <ele>2131.6531050176004</ele>
   </trkpt>
   <trkpt lat="43.812470000000005" lon="-114.60159000000002">
    <ele>2131.744628762591</ele>
   </trkpt>
   <trkpt lat="43.81228" lon="-114.60075">
    <ele>2131.190797180536</ele>
   </trkpt>
   <trkpt lat="43.81217" lon="-114.60043">
    <ele>2130.476629833252</ele>
   </trkpt>
   <trkpt lat="43.81213" lon="-114.60025">
    <ele>2130.0644169011935</ele>
   </trkpt>
   <trkpt lat="43.81213" lon="-114.60007">
    <ele>2130.0644169011935</ele>
   </trkpt>
   <trkpt lat="43.812050000000006" lon="-114.59922">
    <ele>2129.1724198041366</ele>
   </trkpt>
   <trkpt lat="43.812050000000006" lon="-114.59848000000001">
    <ele>2126.2499027840454</ele>
   </trkpt>
   <trkpt lat="43.811980000000005" lon="-114.59758000000001">
    <ele>2124.3920948801897</ele>
   </trkpt>
   <trkpt lat="43.81201" lon="-114.59699">
    <ele>2123.2693706465807</ele>
   </trkpt>
   <trkpt lat="43.81197" lon="-114.59663">
    <ele>2123.081444390123</ele>
   </trkpt>
   <trkpt lat="43.811910000000005" lon="-114.59632">
    <ele>2122.631164296609</ele>
   </trkpt>
   <trkpt lat="43.81188" lon="-114.596">
    <ele>2122.631164296609</ele>
   </trkpt>
   <trkpt lat="43.811890000000005" lon="-114.5956">
    <ele>2122.1086213950243</ele>
   </trkpt>
   <trkpt lat="43.81183" lon="-114.59511">
    <ele>2121.809644536828</ele>
   </trkpt>
   <trkpt lat="43.81181" lon="-114.59461">
    <ele>2121.427549965519</ele>
   </trkpt>
   <trkpt lat="43.81166" lon="-114.59398000000002">
    <ele>2120.1342137549664</ele>
   </trkpt>
   <trkpt lat="43.81136" lon="-114.5935">
    <ele>2118.2283212310454</ele>
   </trkpt>
   <trkpt lat="43.81123" lon="-114.59305">
    <ele>2117.32007880425</ele>
   </trkpt>
   <trkpt lat="43.81109" lon="-114.59286000000002">
    <ele>2116.309501278419</ele>
   </trkpt>
   <trkpt lat="43.81105" lon="-114.59273">
    <ele>2116.309501278419</ele>
   </trkpt>
   <trkpt lat="43.8111" lon="-114.59243000000001">
    <ele>2115.887884276216</ele>
   </trkpt>
   <trkpt lat="43.81107" lon="-114.59216">
    <ele>2115.024454942998</ele>
   </trkpt>
   <trkpt lat="43.81101" lon="-114.59206">
    <ele>2115.024454942998</ele>
   </trkpt>
   <trkpt lat="43.8108" lon="-114.59184">
    <ele>2114.2699245750714</ele>
   </trkpt>
   <trkpt lat="43.810671797803" lon="-114.59160185203852">
    <ele>2112.8938790713673</ele>
   </trkpt>
   <trkpt lat="43.810543595606006" lon="-114.59136370407704">
    <ele>2111.7167991876468</ele>
   </trkpt>
   <trkpt lat="43.81041539340901" lon="-114.59112555611556">
    <ele>2109.752634442767</ele>
   </trkpt>
   <trkpt lat="43.81023534599568" lon="-114.59074777553715">
    <ele>2109.1562134252076</ele>
   </trkpt>
   <trkpt lat="43.81012504752216" lon="-114.59041314796126">
    <ele>2105.57036294122</ele>
   </trkpt>
   <trkpt lat="43.80998" lon="-114.59006000000001">
    <ele>2104.695894402317</ele>
   </trkpt>
   <trkpt lat="43.80977668254634" lon="-114.58967036738319">
    <ele>2102.55403634058</ele>
   </trkpt>
   <trkpt lat="43.809672625355645" lon="-114.58959073980698">
    <ele>2102.9543470627304</ele>
   </trkpt>
   <trkpt lat="43.80956444380338" lon="-114.58965572638843">
    <ele>2102.9543470627304</ele>
   </trkpt>
   <trkpt lat="43.80943296464835" lon="-114.59061240682239">
    <ele>2104.9360009055463</ele>
   </trkpt>
   <trkpt lat="43.809388609334775" lon="-114.59106111442256">
    <ele>2107.887069777468</ele>
   </trkpt>
   <trkpt lat="43.80934425402119" lon="-114.59150982202273">
    <ele>2108.023317970397</ele>
   </trkpt>
   <trkpt lat="43.8093697617401" lon="-114.59182014380256">
    <ele>2108.023317970397</ele>
   </trkpt>
   <trkpt lat="43.80935368696057" lon="-114.59201658969047">
    <ele>2108.5345541865495</ele>
   </trkpt>
   <trkpt lat="43.809287597738205" lon="-114.59211184435408">
    <ele>2108.5345541865495</ele>
   </trkpt>
   <trkpt lat="43.80917" lon="-114.59223289148864">
    <ele>2108.9297799842598</ele>
   </trkpt>
   <trkpt lat="43.80904290502484" lon="-114.59227735842741">
    <ele>2108.9626059956536</ele>
   </trkpt>
   <trkpt lat="43.80894000000001" lon="-114.59228">
    <ele>2109.116476509113</ele>
   </trkpt>
   <trkpt lat="43.80885564255459" lon="-114.59216079721904">
    <ele>2109.4898916500397</ele>
   </trkpt>
   <trkpt lat="43.80876134095019" lon="-114.59169868396104">
    <ele>2109.523610311357</ele>
   </trkpt>
   <trkpt lat="43.80858804484001" lon="-114.59081921227516">
    <ele>2109.740277554444</ele>
   </trkpt>
   <trkpt lat="43.808510000000005" lon="-114.59027">
    <ele>2109.344151240436</ele>
   </trkpt>
   <trkpt lat="43.808460000000004" lon="-114.58996">
    <ele>2109.344151240436</ele>
   </trkpt>
   <trkpt lat="43.80838000000001" lon="-114.58982">
    <ele>2109.344151240436</ele>
   </trkpt>
   <trkpt lat="43.808242766701596" lon="-114.58976551451626">
    <ele>2109.2704282718632</ele>
   </trkpt>
   <trkpt lat="43.807832135940494" lon="-114.59001730870969">
    <ele>2108.4979395423893</ele>
   </trkpt>
   <trkpt lat="43.80745" lon="-114.59018">
    <ele>2108.2265745152836</ele>
   </trkpt>
   <trkpt lat="43.80734" lon="-114.59014">
    <ele>2107.7141246345986</ele>
   </trkpt>
   <trkpt lat="43.80724" lon="-114.59005">
    <ele>2107.7141246345986</ele>
   </trkpt>
   <trkpt lat="43.80706000000001" lon="-114.58978">
    <ele>2107.0679726503035</ele>
   </trkpt>
   <trkpt lat="43.806990000000006" lon="-114.58955">
    <ele>2106.6355828964984</ele>
   </trkpt>
   <trkpt lat="43.80691" lon="-114.58915">
    <ele>2106.483744391849</ele>
   </trkpt>
   <trkpt lat="43.806830000000005" lon="-114.58892000000002">
    <ele>2105.3756298045023</ele>
   </trkpt>
   <trkpt lat="43.806700000000006" lon="-114.5887">
    <ele>2105.3756298045023</ele>
   </trkpt>
   <trkpt lat="43.806630000000006" lon="-114.58862">
    <ele>2104.3719343895723</ele>
   </trkpt>
   <trkpt lat="43.806070000000005" lon="-114.58839">
    <ele>2102.915131372635</ele>
   </trkpt>
   <trkpt lat="43.805800000000005" lon="-114.58818000000001">
    <ele>2102.1586076395806</ele>
   </trkpt>
   <trkpt lat="43.805690000000006" lon="-114.58816000000002">
    <ele>2101.6459527313386</ele>
   </trkpt>
   <trkpt lat="43.805530000000005" lon="-114.58816000000002">
    <ele>2101.6459527313386</ele>
   </trkpt>
   <trkpt lat="43.805400000000006" lon="-114.58809000000001">
    <ele>2100.05943028108</ele>
   </trkpt>
   <trkpt lat="43.805080000000004" lon="-114.58776">
    <ele>2099.0527441483277</ele>
   </trkpt>
   <trkpt lat="43.805020000000006" lon="-114.58776">
    <ele>2099.0527441483277</ele>
   </trkpt>
   <trkpt lat="43.804950000000005" lon="-114.58785">
    <ele>2098.70560148669</ele>
   </trkpt>
   <trkpt lat="43.80483" lon="-114.58812">
    <ele>2098.1091901096615</ele>
   </trkpt>
   <trkpt lat="43.80465" lon="-114.5883">
    <ele>2097.805729817884</ele>
   </trkpt>
   <trkpt lat="43.804370000000006" lon="-114.58834">
    <ele>2097.6483607355326</ele>
   </trkpt>
   <trkpt lat="43.80406000000001" lon="-114.58821">
    <ele>2097.6501658818365</ele>
   </trkpt>
   <trkpt lat="43.80397000000001" lon="-114.58812">
    <ele>2097.7024359655306</ele>
   </trkpt>
   <trkpt lat="43.803900000000006" lon="-114.58798000000002">
    <ele>2097.8848007369847</ele>
   </trkpt>
   <trkpt lat="43.80386" lon="-114.58763">
    <ele>2098.510605338724</ele>
   </trkpt>
   <trkpt lat="43.80382" lon="-114.58749">
    <ele>2098.641007552092</ele>
   </trkpt>
   <trkpt lat="43.80378" lon="-114.5874">
    <ele>2098.960873987275</ele>
   </trkpt>
   <trkpt lat="43.80366" lon="-114.58733000000001">
    <ele>2099.440837825773</ele>
   </trkpt>
   <trkpt lat="43.803580000000004" lon="-114.58734000000001">
    <ele>2099.440837825773</ele>
   </trkpt>
   <trkpt lat="43.80351" lon="-114.58736">
    <ele>2099.908853804338</ele>
   </trkpt>
   <trkpt lat="43.80341000000001" lon="-114.58746000000001">
    <ele>2101.0306639245614</ele>
   </trkpt>
   <trkpt lat="43.803360000000005" lon="-114.58760000000001">
    <ele>2101.2277454906466</ele>
   </trkpt>
   <trkpt lat="43.80332000000001" lon="-114.58804">
    <ele>2102.858114081147</ele>
   </trkpt>
   <trkpt lat="43.803360000000005" lon="-114.58817">
    <ele>2103.6626738427</ele>
   </trkpt>
   <trkpt lat="43.803490000000004" lon="-114.58834">
    <ele>2104.9031681697497</ele>
   </trkpt>
   <trkpt lat="43.80351" lon="-114.58843">
    <ele>2105.3158934499083</ele>
   </trkpt>
   <trkpt lat="43.80350000000001" lon="-114.58849000000001">
    <ele>2105.8373793604646</ele>
   </trkpt>
   <trkpt lat="43.80346" lon="-114.58854000000001">
    <ele>2105.8373793604646</ele>
   </trkpt>
   <trkpt lat="43.803020000000004" lon="-114.58873000000001">
    <ele>2108.540347170504</ele>
   </trkpt>
   <trkpt lat="43.802890000000005" lon="-114.58884">
    <ele>2109.419123950811</ele>
   </trkpt>
   <trkpt lat="43.80248" lon="-114.58902">
    <ele>2112.313829209669</ele>
   </trkpt>
   <trkpt lat="43.80200000025084" lon="-114.58924500179363">
    <ele>2114.520825217329</ele>
   </trkpt>
   <trkpt lat="43.801520000000004" lon="-114.58947">
    <ele>2115.3552732106477</ele>
   </trkpt>
   <trkpt lat="43.80129" lon="-114.58955">
    <ele>2115.780166983155</ele>
   </trkpt>
   <trkpt lat="43.80118" lon="-114.58954000000001">
    <ele>2115.780166983155</ele>
   </trkpt>
   <trkpt lat="43.80109" lon="-114.58951">
    <ele>2116.1383997266676</ele>
   </trkpt>
   <trkpt lat="43.801050000000004" lon="-114.58951">
    <ele>2116.1383997266676</ele>
   </trkpt>
   <trkpt lat="43.80102" lon="-114.58946">
    <ele>2116.4274326131813</ele>
   </trkpt>
   <trkpt lat="43.800900000000006" lon="-114.58935000000001">
    <ele>2116.5761402717485</ele>
   </trkpt>
   <trkpt lat="43.800740000000005" lon="-114.58929">
    <ele>2117.0321875236614</ele>
   </trkpt>
   <trkpt lat="43.800470000000004" lon="-114.5892">
    <ele>2117.5722556606265</ele>
   </trkpt>
   <trkpt lat="43.800340000000006" lon="-114.58911">
    <ele>2117.782767634212</ele>
   </trkpt>
   <trkpt lat="43.80013" lon="-114.58879">
    <ele>2118.0659678423176</ele>
   </trkpt>
   <trkpt lat="43.80002" lon="-114.58861">
    <ele>2117.7654009344424</ele>
   </trkpt>
   <trkpt lat="43.79997" lon="-114.58843">
    <ele>2117.2815588184853</ele>
   </trkpt>
   <trkpt lat="43.79995" lon="-114.58825000000002">
    <ele>2117.2815588184853</ele>
   </trkpt>
   <trkpt lat="43.799980000000005" lon="-114.58812">
    <ele>2116.5459716512373</ele>
   </trkpt>
   <trkpt lat="43.800090000000004" lon="-114.58794">
    <ele>2115.5406306441064</ele>
   </trkpt>
   <trkpt lat="43.800740000000005" lon="-114.58714">
    <ele>2108.123982983667</ele>
   </trkpt>
   <trkpt lat="43.80098" lon="-114.58682">
    <ele>2105.440500453589</ele>
   </trkpt>
   <trkpt lat="43.80106000000001" lon="-114.58655">
    <ele>2104.247519177265</ele>
   </trkpt>
   <trkpt lat="43.801100000000005" lon="-114.58624">
    <ele>2102.7042142044743</ele>
   </trkpt>
   <trkpt lat="43.80104" lon="-114.58544">
    <ele>2099.5460987336646</ele>
   </trkpt>
   <trkpt lat="43.801050000000004" lon="-114.58531">
    <ele>2098.7587079327623</ele>
   </trkpt>
   <trkpt lat="43.80113" lon="-114.58508">
    <ele>2097.9155626477263</ele>
   </trkpt>
   <trkpt lat="43.8012" lon="-114.58499">
    <ele>2097.500332921099</ele>
   </trkpt>
   <trkpt lat="43.80129" lon="-114.58467">
    <ele>2096.3839458874404</ele>
   </trkpt>
   <trkpt lat="43.80138" lon="-114.58445">
    <ele>2095.7066107579</ele>
   </trkpt>
   <trkpt lat="43.801570000000005" lon="-114.58406000000001">
    <ele>2094.632190651916</ele>
   </trkpt>
   <trkpt lat="43.80158" lon="-114.58387">
    <ele>2093.6055884012485</ele>
   </trkpt>
   <trkpt lat="43.80154" lon="-114.58370000000001">
    <ele>2092.8552767583765</ele>
   </trkpt>
   <trkpt lat="43.801390000000005" lon="-114.58316">
    <ele>2091.015271554613</ele>
   </trkpt>
   <trkpt lat="43.801100000000005" lon="-114.58234000000002">
    <ele>2088.4606309449046</ele>
   </trkpt>
   <trkpt lat="43.801010000000005" lon="-114.58221">
    <ele>2087.95752322558</ele>
   </trkpt>
   <trkpt lat="43.80091" lon="-114.58213">
    <ele>2087.5863249674107</ele>
   </trkpt>
   <trkpt lat="43.80069" lon="-114.58207000000002">
    <ele>2086.9789353898295</ele>
   </trkpt>
   <trkpt lat="43.80001" lon="-114.58167">
    <ele>2086.158299857706</ele>
   </trkpt>
   <trkpt lat="43.799870000000006" lon="-114.58163">
    <ele>2085.9857806554733</ele>
   </trkpt>
   <trkpt lat="43.799600000000005" lon="-114.58158">
    <ele>2085.3306292550665</ele>
   </trkpt>
   <trkpt lat="43.79925" lon="-114.58140000000002">
    <ele>2084.2524176980096</ele>
   </trkpt>
   <trkpt lat="43.79912" lon="-114.58136">
    <ele>2084.0741199684744</ele>
   </trkpt>
   <trkpt lat="43.79894" lon="-114.58136">
    <ele>2083.497978784785</ele>
   </trkpt>
   <trkpt lat="43.79878" lon="-114.58127">
    <ele>2082.838101418387</ele>
   </trkpt>
   <trkpt lat="43.79865" lon="-114.58114">
    <ele>2082.0551437287986</ele>
   </trkpt>
   <trkpt lat="43.79791" lon="-114.58078">
    <ele>2078.015456972308</ele>
   </trkpt>
   <trkpt lat="43.79766" lon="-114.58078">
    <ele>2077.4089528311674</ele>
   </trkpt>
   <trkpt lat="43.79731" lon="-114.58083">
    <ele>2076.166492518161</ele>
   </trkpt>
   <trkpt lat="43.797200000000004" lon="-114.581">
    <ele>2075.871517803191</ele>
   </trkpt>
   <trkpt lat="43.797090000000004" lon="-114.58132">
    <ele>2075.661519008826</ele>
   </trkpt>
   <trkpt lat="43.79699" lon="-114.58145">
    <ele>2075.3493600574197</ele>
   </trkpt>
   <trkpt lat="43.796940000000006" lon="-114.58145">
    <ele>2075.3493600574197</ele>
   </trkpt>
   <trkpt lat="43.796850000000006" lon="-114.58141">
    <ele>2075.3549002800787</ele>
   </trkpt>
   <trkpt lat="43.796600000000005" lon="-114.58123">
    <ele>2075.2804670800074</ele>
   </trkpt>
   <trkpt lat="43.796440000000004" lon="-114.58104000000002">
    <ele>2075.2174661902823</ele>
   </trkpt>
   <trkpt lat="43.796330000000005" lon="-114.58097000000001">
    <ele>2075.140214039914</ele>
   </trkpt>
   <trkpt lat="43.79609000000001" lon="-114.58092">
    <ele>2075.0988097297095</ele>
   </trkpt>
   <trkpt lat="43.79600000000001" lon="-114.58087">
    <ele>2075.0127321445048</ele>
   </trkpt>
   <trkpt lat="43.79594" lon="-114.58079000000001">
    <ele>2074.8528657188094</ele>
   </trkpt>
   <trkpt lat="43.795910000000006" lon="-114.58070000000001">
    <ele>2074.851419083469</ele>
   </trkpt>
   <trkpt lat="43.7959" lon="-114.58057000000001">
    <ele>2074.626206573831</ele>
   </trkpt>
   <trkpt lat="43.79594" lon="-114.58033">
    <ele>2074.482861992815</ele>
   </trkpt>
   <trkpt lat="43.79603" lon="-114.58002">
    <ele>2074.1782272606865</ele>
   </trkpt>
   <trkpt lat="43.79609000000001" lon="-114.57962">
    <ele>2073.4930084089488</ele>
   </trkpt>
   <trkpt lat="43.796020000000006" lon="-114.57939">
    <ele>2072.8165967880386</ele>
   </trkpt>
   <trkpt lat="43.79576" lon="-114.57909000000001">
    <ele>2070.9268758249364</ele>
   </trkpt>
   <trkpt lat="43.79554" lon="-114.57894">
    <ele>2069.411407238191</ele>
   </trkpt>
   <trkpt lat="43.7954" lon="-114.57878000000001">
    <ele>2068.386743629937</ele>
   </trkpt>
   <trkpt lat="43.79533000000001" lon="-114.57859">
    <ele>2067.8265894809138</ele>
   </trkpt>
   <trkpt lat="43.795320000000004" lon="-114.57846">
    <ele>2067.630305597318</ele>
   </trkpt>
   <trkpt lat="43.79533000000001" lon="-114.57832">
    <ele>2067.103214273185</ele>
   </trkpt>
   <trkpt lat="43.795410000000004" lon="-114.57809">
    <ele>2066.589594268154</ele>
   </trkpt>
   <trkpt lat="43.79543" lon="-114.57792">
    <ele>2066.062254045405</ele>
   </trkpt>
   <trkpt lat="43.79538" lon="-114.57782">
    <ele>2065.653463786166</ele>
   </trkpt>
   <trkpt lat="43.795280000000005" lon="-114.57773">
    <ele>2065.527855505773</ele>
   </trkpt>
   <trkpt lat="43.795120000000004" lon="-114.57770000000001">
    <ele>2065.085530205715</ele>
   </trkpt>
   <trkpt lat="43.79505" lon="-114.57766000000001">
    <ele>2064.766296555395</ele>
   </trkpt>
   <trkpt lat="43.79484" lon="-114.57747">
    <ele>2064.379778584458</ele>
   </trkpt>
   <trkpt lat="43.79451" lon="-114.57725">
    <ele>2064.04290427203</ele>
   </trkpt>
   <trkpt lat="43.79439000000001" lon="-114.57714000000001">
    <ele>2063.8951654924476</ele>
   </trkpt>
   <trkpt lat="43.79415" lon="-114.57696000000001">
    <ele>2063.575581371835</ele>
   </trkpt>
   <trkpt lat="43.79397" lon="-114.57690000000001">
    <ele>2063.408721167679</ele>
   </trkpt>
   <trkpt lat="43.793670000000006" lon="-114.57693">
    <ele>2063.04417623026</ele>
   </trkpt>
   <trkpt lat="43.79346" lon="-114.57684">
    <ele>2062.4275280820407</ele>
   </trkpt>
   <trkpt lat="43.79328" lon="-114.57657">
    <ele>2061.643368339273</ele>
   </trkpt>
   <trkpt lat="43.79325" lon="-114.57644">
    <ele>2061.643368339273</ele>
   </trkpt>
   <trkpt lat="43.793220000000005" lon="-114.5759">
    <ele>2061.0149924569646</ele>
   </trkpt>
   <trkpt lat="43.79317" lon="-114.57576">
    <ele>2061.0302654803004</ele>
   </trkpt>
   <trkpt lat="43.79308" lon="-114.57560000000001">
    <ele>2060.7746764438857</ele>
   </trkpt>
   <trkpt lat="43.79298000000001" lon="-114.5755">
    <ele>2060.581364017959</ele>
   </trkpt>
   <trkpt lat="43.79243500081017" lon="-114.57509499637736">
    <ele>2061.047778417609</ele>
   </trkpt>
   <trkpt lat="43.79189" lon="-114.57469">
    <ele>2061.980354195416</ele>
   </trkpt>
   <trkpt lat="43.791650000000004" lon="-114.57447">
    <ele>2061.4519774744604</ele>
   </trkpt>
   <trkpt lat="43.79148000000001" lon="-114.57415">
    <ele>2060.7022216369655</ele>
   </trkpt>
   <trkpt lat="43.791270000000004" lon="-114.57353">
    <ele>2059.1512177073582</ele>
   </trkpt>
   <trkpt lat="43.79113" lon="-114.57326">
    <ele>2058.686977274931</ele>
   </trkpt>
   <trkpt lat="43.79075" lon="-114.57281">
    <ele>2058.331339810627</ele>
   </trkpt>
   <trkpt lat="43.79065000000001" lon="-114.57273">
    <ele>2058.386647323952</ele>
   </trkpt>
   <trkpt lat="43.79001" lon="-114.57242000000001">
    <ele>2058.3618235773683</ele>
   </trkpt>
   <trkpt lat="43.78976" lon="-114.57236">
    <ele>2058.2930497584853</ele>
   </trkpt>
   <trkpt lat="43.789530000000006" lon="-114.57223">
    <ele>2058.0524894974183</ele>
   </trkpt>
   <trkpt lat="43.789410000000004" lon="-114.57214">
    <ele>2057.6058939422724</ele>
   </trkpt>
   <trkpt lat="43.78923" lon="-114.57197000000001">
    <ele>2057.125977733827</ele>
   </trkpt>
   <trkpt lat="43.788990000000005" lon="-114.57156">
    <ele>2055.705222319174</ele>
   </trkpt>
   <trkpt lat="43.788830000000004" lon="-114.57106">
    <ele>2053.8874989005644</ele>
   </trkpt>
   <trkpt lat="43.788720000000005" lon="-114.57048">
    <ele>2052.0343807184845</ele>
   </trkpt>
   <trkpt lat="43.78849000202807" lon="-114.56979499731209">
    <ele>2050.026211749599</ele>
   </trkpt>
   <trkpt lat="43.78826" lon="-114.56911000000001">
    <ele>2050.7865020852682</ele>
   </trkpt>
   <trkpt lat="43.788160000000005" lon="-114.56901">
    <ele>2051.2115506720033</ele>
   </trkpt>
   <trkpt lat="43.787760000000006" lon="-114.569">
    <ele>2052.1051337172694</ele>
   </trkpt>
   <trkpt lat="43.787670000000006" lon="-114.56896">
    <ele>2052.2842982882057</ele>
   </trkpt>
   <trkpt lat="43.78757" lon="-114.56883">
    <ele>2052.3894414963743</ele>
   </trkpt>
   <trkpt lat="43.787510000000005" lon="-114.5687">
    <ele>2052.2052158718443</ele>
   </trkpt>
   <trkpt lat="43.787490000000005" lon="-114.56855000000002">
    <ele>2052.2722133756492</ele>
   </trkpt>
   <trkpt lat="43.7875" lon="-114.56842">
    <ele>2052.549574694482</ele>
   </trkpt>
   <trkpt lat="43.78755" lon="-114.56821000000001">
    <ele>2052.4119777567885</ele>
   </trkpt>
   <trkpt lat="43.787580000000005" lon="-114.56788">
    <ele>2052.2798806344063</ele>
   </trkpt>
   <trkpt lat="43.78757" lon="-114.56771">
    <ele>2052.0031472842834</ele>
   </trkpt>
   <trkpt lat="43.787510000000005" lon="-114.56753">
    <ele>2051.586610695209</ele>
   </trkpt>
   <trkpt lat="43.787440000000004" lon="-114.56739">
    <ele>2051.1049825850628</ele>
   </trkpt>
   <trkpt lat="43.78734" lon="-114.5673">
    <ele>2050.331362020003</ele>
   </trkpt>
   <trkpt lat="43.78712" lon="-114.56712">
    <ele>2049.575502628438</ele>
   </trkpt>
   <trkpt lat="43.786950000000004" lon="-114.56694">
    <ele>2048.8729172514873</ele>
   </trkpt>
   <trkpt lat="43.786770000000004" lon="-114.56663">
    <ele>2048.0579491613503</ele>
   </trkpt>
   <trkpt lat="43.786500000000004" lon="-114.56597000000001">
    <ele>2045.984543174648</ele>
   </trkpt>
   <trkpt lat="43.78618" lon="-114.56551">
    <ele>2044.402969329376</ele>
   </trkpt>
   <trkpt lat="43.78602" lon="-114.56534">
    <ele>2043.832541905075</ele>
   </trkpt>
   <trkpt lat="43.785920000000004" lon="-114.5652">
    <ele>2043.331052914933</ele>
   </trkpt>
   <trkpt lat="43.785700000000006" lon="-114.56467">
    <ele>2042.1812457325861</ele>
   </trkpt>
   <trkpt lat="43.78539000000001" lon="-114.56382">
    <ele>2041.5229967623732</ele>
   </trkpt>
   <trkpt lat="43.78511" lon="-114.56297">
    <ele>2041.25506058771</ele>
   </trkpt>
   <trkpt lat="43.78488" lon="-114.56244000000001">
    <ele>2041.1098055957432</ele>
   </trkpt>
   <trkpt lat="43.78468" lon="-114.56211">
    <ele>2041.1151363736953</ele>
   </trkpt>
   <trkpt lat="43.784530000000004" lon="-114.56176">
    <ele>2041.1699885811634</ele>
   </trkpt>
   <trkpt lat="43.784400000000005" lon="-114.56112">
    <ele>2041.2120469920258</ele>
   </trkpt>
   <trkpt lat="43.78427000000001" lon="-114.56001">
    <ele>2040.4667447746283</ele>
   </trkpt>
   <trkpt lat="43.78417" lon="-114.55939000000001">
    <ele>2039.7478671119768</ele>
   </trkpt>
   <trkpt lat="43.78409500191778" lon="-114.5587199988096">
    <ele>2038.9590190849146</ele>
   </trkpt>
   <trkpt lat="43.784020000000005" lon="-114.55805000000001">
    <ele>2038.010507915205</ele>
   </trkpt>
   <trkpt lat="43.78392" lon="-114.55747000000001">
    <ele>2037.060700549533</ele>
   </trkpt>
   <trkpt lat="43.7839" lon="-114.55720000000001">
    <ele>2036.7205351483158</ele>
   </trkpt>
   <trkpt lat="43.783820000000006" lon="-114.55691000000002">
    <ele>2036.2742785265966</ele>
   </trkpt>
   <trkpt lat="43.78374" lon="-114.55675000000001">
    <ele>2036.0852552123338</ele>
   </trkpt>
   <trkpt lat="43.783590000000004" lon="-114.5566">
    <ele>2035.7278988907576</ele>
   </trkpt>
   <trkpt lat="43.783460000000005" lon="-114.55657000000001">
    <ele>2035.651857323991</ele>
   </trkpt>
   <trkpt lat="43.78332" lon="-114.55656">
    <ele>2035.4112262501349</ele>
   </trkpt>
   <trkpt lat="43.78304000000001" lon="-114.5566">
    <ele>2035.3359290001056</ele>
   </trkpt>
   <trkpt lat="43.782680000000006" lon="-114.55645000000001">
    <ele>2035.2639815000605</ele>
   </trkpt>
   <trkpt lat="43.78255" lon="-114.55642">
    <ele>2035.3103019076268</ele>
   </trkpt>
   <trkpt lat="43.78247" lon="-114.55635000000001">
    <ele>2035.393962689278</ele>
   </trkpt>
   <trkpt lat="43.782250000000005" lon="-114.55633">
    <ele>2035.5365596630843</ele>
   </trkpt>
   <trkpt lat="43.782090000000004" lon="-114.55634">
    <ele>2035.680562467593</ele>
   </trkpt>
   <trkpt lat="43.78191" lon="-114.55647">
    <ele>2036.034505767465</ele>
   </trkpt>
   <trkpt lat="43.7817" lon="-114.55674">
    <ele>2036.3591538691005</ele>
   </trkpt>
   <trkpt lat="43.78161" lon="-114.55687">
    <ele>2036.4627568702585</ele>
   </trkpt>
   <trkpt lat="43.781510000000004" lon="-114.5571">
    <ele>2036.541427685767</ele>
   </trkpt>
   <trkpt lat="43.78145000000001" lon="-114.55719">
    <ele>2036.6200384139984</ele>
   </trkpt>
   <trkpt lat="43.78139" lon="-114.55723">
    <ele>2036.6125565086095</ele>
   </trkpt>
   <trkpt lat="43.781330000000004" lon="-114.55724000000001">
    <ele>2036.6125565086095</ele>
   </trkpt>
   <trkpt lat="43.781240000000004" lon="-114.55719">
    <ele>2036.688722491742</ele>
   </trkpt>
   <trkpt lat="43.781200000000005" lon="-114.5571">
    <ele>2036.6538102546087</ele>
   </trkpt>
   <trkpt lat="43.78116000000001" lon="-114.55691000000002">
    <ele>2036.661291413639</ele>
   </trkpt>
   <trkpt lat="43.781180000000006" lon="-114.55676000000001">
    <ele>2036.6297944203966</ele>
   </trkpt>
   <trkpt lat="43.781290000000006" lon="-114.55656">
    <ele>2036.5688511310748</ele>
   </trkpt>
   <trkpt lat="43.78144" lon="-114.55634">
    <ele>2036.5268960083642</ele>
   </trkpt>
   <trkpt lat="43.78148" lon="-114.55611">
    <ele>2036.524073328131</ele>
   </trkpt>
   <trkpt lat="43.78148" lon="-114.55593">
    <ele>2036.7429885477418</ele>
   </trkpt>
   <trkpt lat="43.78141" lon="-114.55584">
    <ele>2037.0569716654218</ele>
   </trkpt>
   <trkpt lat="43.781220000000005" lon="-114.55575">
    <ele>2037.5762402568714</ele>
   </trkpt>
   <trkpt lat="43.78112" lon="-114.55562">
    <ele>2037.8111227507654</ele>
   </trkpt>
   <trkpt lat="43.781000000000006" lon="-114.55512">
    <ele>2038.375037355491</ele>
   </trkpt>
   <trkpt lat="43.78098000000001" lon="-114.55495">
    <ele>2038.7352717155682</ele>
   </trkpt>
   <trkpt lat="43.78103" lon="-114.55478000000001">
    <ele>2038.995453382252</ele>
   </trkpt>
   <trkpt lat="43.78116000000001" lon="-114.5545">
    <ele>2039.4473807988127</ele>
   </trkpt>
   <trkpt lat="43.781270000000006" lon="-114.55383">
    <ele>2040.1557694203505</ele>
   </trkpt>
   <trkpt lat="43.78134" lon="-114.55326000000001">
    <ele>2040.852436496289</ele>
   </trkpt>
   <trkpt lat="43.78134" lon="-114.55312">
    <ele>2040.852436496289</ele>
   </trkpt>
   <trkpt lat="43.781180000000006" lon="-114.55231">
    <ele>2040.7595718295483</ele>
   </trkpt>
   <trkpt lat="43.78117" lon="-114.55213">
    <ele>2040.6040007895845</ele>
   </trkpt>
   <trkpt lat="43.781220000000005" lon="-114.55186">
    <ele>2040.595688065779</ele>
   </trkpt>
   <trkpt lat="43.78121" lon="-114.55132">
    <ele>2039.8407656580353</ele>
   </trkpt>
   <trkpt lat="43.781090000000006" lon="-114.55052">
    <ele>2037.9386106669888</ele>
   </trkpt>
   <trkpt lat="43.78114" lon="-114.55016">
    <ele>2037.330485609282</ele>
   </trkpt>
   <trkpt lat="43.78116000000001" lon="-114.54984">
    <ele>2035.9280817211757</ele>
   </trkpt>
   <trkpt lat="43.781130000000005" lon="-114.54881">
    <ele>2032.685548135036</ele>
   </trkpt>
   <trkpt lat="43.781130000000005" lon="-114.54867000000002">
    <ele>2031.9562142717125</ele>
   </trkpt>
   <trkpt lat="43.781130000000005" lon="-114.54868">
    <ele>2031.9562142717125</ele>
   </trkpt>
   <trkpt lat="43.78116000000001" lon="-114.54836">
    <ele>2030.8696019500874</ele>
   </trkpt>
   <trkpt lat="43.781150000000004" lon="-114.54756">
    <ele>2029.367728786484</ele>
   </trkpt>
   <trkpt lat="43.78116000000001" lon="-114.54725">
    <ele>2028.4116460896755</ele>
   </trkpt>
   <trkpt lat="43.78126000240027" lon="-114.54651000114103">
    <ele>2026.7210492667632</ele>
   </trkpt>
   <trkpt lat="43.78136000000001" lon="-114.54577">
    <ele>2025.033192901075</ele>
   </trkpt>
   <trkpt lat="43.78132" lon="-114.54529000000001">
    <ele>2024.1422475233921</ele>
   </trkpt>
   <trkpt lat="43.78136000000001" lon="-114.54491000000002">
    <ele>2023.01056503684</ele>
   </trkpt>
   <trkpt lat="43.78135" lon="-114.54474">
    <ele>2022.460400029728</ele>
   </trkpt>
   <trkpt lat="43.781090000000006" lon="-114.54408000000001">
    <ele>2021.0380593346918</ele>
   </trkpt>
   <trkpt lat="43.78096" lon="-114.54366">
    <ele>2020.0999720379261</ele>
   </trkpt>
   <trkpt lat="43.78083500182489" lon="-114.54301999886313">
    <ele>2018.804659416016</ele>
   </trkpt>
   <trkpt lat="43.780710000000006" lon="-114.54238000000001">
    <ele>2017.5687133702922</ele>
   </trkpt>
   <trkpt lat="43.780590000000004" lon="-114.54187">
    <ele>2016.9880579171693</ele>
   </trkpt>
   <trkpt lat="43.78049" lon="-114.54156">
    <ele>2016.4627283740383</ele>
   </trkpt>
   <trkpt lat="43.78036" lon="-114.5413">
    <ele>2016.2653227901073</ele>
   </trkpt>
   <trkpt lat="43.78067" lon="-114.54098">
    <ele>2015.809122519377</ele>
   </trkpt>
   <trkpt lat="43.78083" lon="-114.54086000000001">
    <ele>2015.5552421748778</ele>
   </trkpt>
   <trkpt lat="43.78088" lon="-114.5408">
    <ele>2015.4718705760786</ele>
   </trkpt>
   <trkpt lat="43.78094" lon="-114.54017">
    <ele>2015.0598772517405</ele>
   </trkpt>
   <trkpt lat="43.78098000000001" lon="-114.54008">
    <ele>2015.0771458608385</ele>
   </trkpt>
   <trkpt lat="43.781310000000005" lon="-114.53998000000001">
    <ele>2015.0384538374165</ele>
   </trkpt>
   <trkpt lat="43.78137" lon="-114.54014000000001">
    <ele>2015.0744779489344</ele>
   </trkpt>
   <trkpt lat="43.781510000000004" lon="-114.54026">
    <ele>2015.1213414924111</ele>
   </trkpt>
   <trkpt lat="43.78161" lon="-114.54026">
    <ele>2015.1273672931493</ele>
   </trkpt>
   <trkpt lat="43.7817" lon="-114.54017">
    <ele>2015.1571356036545</ele>
   </trkpt>
   <trkpt lat="43.781890000000004" lon="-114.53972">
    <ele>2015.5956097139933</ele>
   </trkpt>
   <trkpt lat="43.7819" lon="-114.53959">
    <ele>2015.7411153181472</ele>
   </trkpt>
   <trkpt lat="43.78182" lon="-114.53900000000002">
    <ele>2016.1813684113233</ele>
   </trkpt>
   <trkpt lat="43.78179" lon="-114.53874">
    <ele>2016.2860190108815</ele>
   </trkpt>
   <trkpt lat="43.78166" lon="-114.53842000000002">
    <ele>2016.3806793796825</ele>
   </trkpt>
   <trkpt lat="43.781560000000006" lon="-114.53802">
    <ele>2016.4350796261315</ele>
   </trkpt>
   <trkpt lat="43.781490000000005" lon="-114.53781000000001">
    <ele>2015.900486558997</ele>
   </trkpt>
   <trkpt lat="43.78135" lon="-114.53757">
    <ele>2015.900486558997</ele>
   </trkpt>
   <trkpt lat="43.78095500104531" lon="-114.53709999699277">
    <ele>2014.358308431311</ele>
   </trkpt>
   <trkpt lat="43.78056" lon="-114.53663">
    <ele>2012.189839032463</ele>
   </trkpt>
   <trkpt lat="43.7804" lon="-114.53641">
    <ele>2012.189839032463</ele>
   </trkpt>
   <trkpt lat="43.780260000000006" lon="-114.53628">
    <ele>2011.52129439629</ele>
   </trkpt>
   <trkpt lat="43.780150000000006" lon="-114.53623">
    <ele>2011.3791677956992</ele>
   </trkpt>
   <trkpt lat="43.78" lon="-114.53619">
    <ele>2011.3791677956992</ele>
   </trkpt>
   <trkpt lat="43.779540000000004" lon="-114.53637">
    <ele>2011.0041360696562</ele>
   </trkpt>
   <trkpt lat="43.779410000000006" lon="-114.53614">
    <ele>2010.900172742239</ele>
   </trkpt>
   <trkpt lat="43.779300000000006" lon="-114.53587">
    <ele>2010.4325521062299</ele>
   </trkpt>
   <trkpt lat="43.779225041465395" lon="-114.5355596118262">
    <ele>2010.4325521062299</ele>
   </trkpt>
   <trkpt lat="43.779278059683804" lon="-114.53472572511214">
    <ele>2010.0608525825248</ele>
   </trkpt>
   <trkpt lat="43.779375003150996" lon="-114.53387000105089">
    <ele>2008.7612991271374</ele>
   </trkpt>
   <trkpt lat="43.779450000000004" lon="-114.53302000000001">
    <ele>2007.507857174594</ele>
   </trkpt>
   <trkpt lat="43.77955" lon="-114.53207">
    <ele>2007.0463103889058</ele>
   </trkpt>
   <trkpt lat="43.77955" lon="-114.53189">
    <ele>2006.7448370231282</ele>
   </trkpt>
   <trkpt lat="43.77946" lon="-114.53066000000001">
    <ele>2005.5414306376674</ele>
   </trkpt>
   <trkpt lat="43.77948000000001" lon="-114.53041">
    <ele>2005.3298652646765</ele>
   </trkpt>
   <trkpt lat="43.77957000000001" lon="-114.52996">
    <ele>2005.3298652646765</ele>
   </trkpt>
   <trkpt lat="43.7796" lon="-114.52947">
    <ele>2005.1577541121271</ele>
   </trkpt>
   <trkpt lat="43.779790000000006" lon="-114.52850000000001">
    <ele>2004.7016703732138</ele>
   </trkpt>
   <trkpt lat="43.77987" lon="-114.52817">
    <ele>2004.6886051409956</ele>
   </trkpt>
   <trkpt lat="43.779860000000006" lon="-114.52801000000001">
    <ele>2004.6886051409956</ele>
   </trkpt>
   <trkpt lat="43.779810000000005" lon="-114.52779000000001">
    <ele>2004.5686397371555</ele>
   </trkpt>
   <trkpt lat="43.779560000000004" lon="-114.52683">
    <ele>2003.774589736952</ele>
   </trkpt>
   <trkpt lat="43.77947" lon="-114.52661">
    <ele>2003.5139642041781</ele>
   </trkpt>
   <trkpt lat="43.779450000000004" lon="-114.52634">
    <ele>2003.4986599640185</ele>
   </trkpt>
   <trkpt lat="43.77947" lon="-114.5262">
    <ele>2003.4452522856138</ele>
   </trkpt>
   <trkpt lat="43.77982" lon="-114.52531">
    <ele>2002.881159702538</ele>
   </trkpt>
   <trkpt lat="43.77985" lon="-114.52518">
    <ele>2002.8041200519133</ele>
   </trkpt>
   <trkpt lat="43.77985" lon="-114.52499">
    <ele>2002.3506826650314</ele>
   </trkpt>
   <trkpt lat="43.77966000000001" lon="-114.52425000000001">
    <ele>2001.5937050534549</ele>
   </trkpt>
   <trkpt lat="43.779630000000004" lon="-114.52396">
    <ele>2001.0223305884447</ele>
   </trkpt>
   <trkpt lat="43.77966000000001" lon="-114.52356">
    <ele>2000.6213797936737</ele>
   </trkpt>
   <trkpt lat="43.779700000000005" lon="-114.52337000000001">
    <ele>2000.6019829983852</ele>
   </trkpt>
   <trkpt lat="43.779700000000005" lon="-114.52338">
    <ele>2000.6019829983852</ele>
   </trkpt>
   <trkpt lat="43.77985" lon="-114.52271">
    <ele>2000.3803130262113</ele>
   </trkpt>
   <trkpt lat="43.779880000000006" lon="-114.52235">
    <ele>2000.2726201104163</ele>
   </trkpt>
   <trkpt lat="43.779860000000006" lon="-114.52192000000001">
    <ele>2000.2642488672086</ele>
   </trkpt>
   <trkpt lat="43.7797900021348" lon="-114.52121999916743">
    <ele>1999.5806444521975</ele>
   </trkpt>
   <trkpt lat="43.779720000000005" lon="-114.52052">
    <ele>1998.7198078207039</ele>
   </trkpt>
   <trkpt lat="43.779590000000006" lon="-114.52017000000001">
    <ele>1998.7198078207039</ele>
   </trkpt>
   <trkpt lat="43.77955" lon="-114.51999">
    <ele>1998.3896690539866</ele>
   </trkpt>
   <trkpt lat="43.779520000000005" lon="-114.51950000000001">
    <ele>1998.3896690539866</ele>
   </trkpt>
   <trkpt lat="43.779530002017864" lon="-114.51881999997107">
    <ele>1998.1286235705952</ele>
   </trkpt>
   <trkpt lat="43.779540000000004" lon="-114.51814">
    <ele>1997.9241870830506</ele>
   </trkpt>
   <trkpt lat="43.77951" lon="-114.51761">
    <ele>1997.9241870830506</ele>
   </trkpt>
   <trkpt lat="43.779430000000005" lon="-114.51721">
    <ele>1997.7617288640329</ele>
   </trkpt>
   <trkpt lat="43.77935" lon="-114.51703">
    <ele>1997.6241427946925</ele>
   </trkpt>
   <trkpt lat="43.77901000000001" lon="-114.51662">
    <ele>1997.4259643482396</ele>
   </trkpt>
   <trkpt lat="43.77886" lon="-114.51613">
    <ele>1996.9954711865068</ele>
   </trkpt>
   <trkpt lat="43.778690000000005" lon="-114.51532">
    <ele>1996.4589015551305</ele>
   </trkpt>
   <trkpt lat="43.77855" lon="-114.51488">
    <ele>1996.2874246693978</ele>
   </trkpt>
   <trkpt lat="43.77846" lon="-114.51466">
    <ele>1996.151610328143</ele>
   </trkpt>
   <trkpt lat="43.778360000000006" lon="-114.51452">
    <ele>1996.151610328143</ele>
   </trkpt>
   <trkpt lat="43.77807000000001" lon="-114.51429">
    <ele>1995.8627912100249</ele>
   </trkpt>
   <trkpt lat="43.777820000000006" lon="-114.51399">
    <ele>1995.3999347556253</ele>
   </trkpt>
   <trkpt lat="43.77747" lon="-114.51349">
    <ele>1994.2917908888808</ele>
   </trkpt>
   <trkpt lat="43.77734" lon="-114.51318">
    <ele>1993.8450316062692</ele>
   </trkpt>
   <trkpt lat="43.777120000000004" lon="-114.5125">
    <ele>1992.545523327311</ele>
   </trkpt>
   <trkpt lat="43.77693500218134" lon="-114.51180499813398">
    <ele>1989.645704919992</ele>
   </trkpt>
   <trkpt lat="43.77675000000001" lon="-114.51111000000002">
    <ele>1988.3599429494861</ele>
   </trkpt>
   <trkpt lat="43.776680000000006" lon="-114.51071">
    <ele>1988.3881248714554</ele>
   </trkpt>
   <trkpt lat="43.77666000000001" lon="-114.51044">
    <ele>1988.1792879645943</ele>
   </trkpt>
   <trkpt lat="43.77667" lon="-114.51022">
    <ele>1988.1792879645943</ele>
   </trkpt>
   <trkpt lat="43.776720000000005" lon="-114.50983000000001">
    <ele>1988.296288314026</ele>
   </trkpt>
   <trkpt lat="43.77671" lon="-114.50964">
    <ele>1988.4180233959228</ele>
   </trkpt>
   <trkpt lat="43.776680000000006" lon="-114.50947000000001">
    <ele>1988.680605722352</ele>
   </trkpt>
   <trkpt lat="43.77646" lon="-114.50892">
    <ele>1989.8510017078786</ele>
   </trkpt>
   <trkpt lat="43.776450000000004" lon="-114.50879">
    <ele>1989.8510017078786</ele>
   </trkpt>
   <trkpt lat="43.776500000000006" lon="-114.50858000000001">
    <ele>1990.0040877494037</ele>
   </trkpt>
   <trkpt lat="43.776590000000006" lon="-114.50844000000001">
    <ele>1990.1604288259894</ele>
   </trkpt>
   <trkpt lat="43.77667" lon="-114.50838">
    <ele>1990.328901534487</ele>
   </trkpt>
   <trkpt lat="43.776720000000005" lon="-114.5083">
    <ele>1990.328901534487</ele>
   </trkpt>
   <trkpt lat="43.776740000000004" lon="-114.50817">
    <ele>1990.1906868924723</ele>
   </trkpt>
   <trkpt lat="43.77673" lon="-114.50789">
    <ele>1990.0279328796837</ele>
   </trkpt>
   <trkpt lat="43.77648000000001" lon="-114.50708000000002">
    <ele>1989.6842992124098</ele>
   </trkpt>
   <trkpt lat="43.776430000000005" lon="-114.50674000000001">
    <ele>1989.1894721915091</ele>
   </trkpt>
   <trkpt lat="43.7763850018214" lon="-114.50608999921603">
    <ele>1987.1967012143257</ele>
   </trkpt>
   <trkpt lat="43.776340000000005" lon="-114.50544000000001">
    <ele>1985.4006808752533</ele>
   </trkpt>
   <trkpt lat="43.77622" lon="-114.50503">
    <ele>1985.4006808752533</ele>
   </trkpt>
   <trkpt lat="43.776085001660036" lon="-114.50440499839068">
    <ele>1983.2622471333354</ele>
   </trkpt>
   <trkpt lat="43.77595" lon="-114.50378">
    <ele>1981.8702866979481</ele>
   </trkpt>
   <trkpt lat="43.775920000000006" lon="-114.5035">
    <ele>1981.8702866979481</ele>
   </trkpt>
   <trkpt lat="43.77595" lon="-114.50324">
    <ele>1981.5313151271077</ele>
   </trkpt>
   <trkpt lat="43.77610000000001" lon="-114.50261">
    <ele>1981.184111362464</ele>
   </trkpt>
   <trkpt lat="43.77626" lon="-114.50212">
    <ele>1979.7792448609296</ele>
   </trkpt>
   <trkpt lat="43.776630000000004" lon="-114.5014">
    <ele>1979.5681803548625</ele>
   </trkpt>
   <trkpt lat="43.77669" lon="-114.50131">
    <ele>1979.7859680204513</ele>
   </trkpt>
   <trkpt lat="43.77678" lon="-114.50126000000002">
    <ele>1979.7859680204513</ele>
   </trkpt>
   <trkpt lat="43.777060000000006" lon="-114.50113">
    <ele>1979.7775531450422</ele>
   </trkpt>
   <trkpt lat="43.777260000000005" lon="-114.501">
    <ele>1979.7653549807396</ele>
   </trkpt>
   <trkpt lat="43.777440000000006" lon="-114.50077">
    <ele>1979.9029740082688</ele>
   </trkpt>
   <trkpt lat="43.777680000000004" lon="-114.50001">
    <ele>1979.7024500630218</ele>
   </trkpt>
   <trkpt lat="43.77783" lon="-114.49943">
    <ele>1978.7041584809567</ele>
   </trkpt>
   <trkpt lat="43.77794" lon="-114.49916">
    <ele>1978.5434617621565</ele>
   </trkpt>
   <trkpt lat="43.7783" lon="-114.49867">
    <ele>1978.2562857039647</ele>
   </trkpt>
   <trkpt lat="43.778560000000006" lon="-114.49827">
    <ele>1977.825531289566</ele>
   </trkpt>
   <trkpt lat="43.778960000000005" lon="-114.49778">
    <ele>1977.9040612779697</ele>
   </trkpt>
   <trkpt lat="43.77915" lon="-114.49769">
    <ele>1978.205652194942</ele>
   </trkpt>
   <trkpt lat="43.779300000000006" lon="-114.49768">
    <ele>1978.6291614549846</ele>
   </trkpt>
   <trkpt lat="43.77958" lon="-114.4976">
    <ele>1979.7371815175302</ele>
   </trkpt>
   <trkpt lat="43.779650000000004" lon="-114.4976">
    <ele>1979.7371815175302</ele>
   </trkpt>
   <trkpt lat="43.779830000000004" lon="-114.49773">
    <ele>1979.9881375528994</ele>
   </trkpt>
   <trkpt lat="43.780030000000004" lon="-114.49796">
    <ele>1980.131706487406</ele>
   </trkpt>
   <trkpt lat="43.78013000000001" lon="-114.49801000000001">
    <ele>1980.3985712288656</ele>
   </trkpt>
   <trkpt lat="43.7802" lon="-114.498">
    <ele>1980.3985712288656</ele>
   </trkpt>
   <trkpt lat="43.78027" lon="-114.49791">
    <ele>1980.3985712288656</ele>
   </trkpt>
   <trkpt lat="43.78051000000001" lon="-114.49741000000002">
    <ele>1980.5980287916302</ele>
   </trkpt>
   <trkpt lat="43.78054" lon="-114.49725000000001">
    <ele>1979.9831934873632</ele>
   </trkpt>
   <trkpt lat="43.780480000000004" lon="-114.49674">
    <ele>1977.5371636843108</ele>
   </trkpt>
   <trkpt lat="43.78034" lon="-114.49613000000001">
    <ele>1976.556503592535</ele>
   </trkpt>
   <trkpt lat="43.780330000000006" lon="-114.49589">
    <ele>1975.884753868787</ele>
   </trkpt>
   <trkpt lat="43.78041" lon="-114.49532">
    <ele>1973.756638453562</ele>
   </trkpt>
   <trkpt lat="43.78060000000001" lon="-114.49470000000001">
    <ele>1972.9927855194255</ele>
   </trkpt>
   <trkpt lat="43.780640000000005" lon="-114.49465000000001">
    <ele>1972.9927855194255</ele>
   </trkpt>
   <trkpt lat="43.78078" lon="-114.49459">
    <ele>1972.7226171746318</ele>
   </trkpt>
   <trkpt lat="43.7809" lon="-114.49447">
    <ele>1972.7226171746318</ele>
   </trkpt>
   <trkpt lat="43.78141" lon="-114.49392">
    <ele>1971.8766934943465</ele>
   </trkpt>
   <trkpt lat="43.78177" lon="-114.4937">
    <ele>1971.3514807529932</ele>
   </trkpt>
   <trkpt lat="43.78204" lon="-114.49365">
    <ele>1971.2344848143644</ele>
   </trkpt>
   <trkpt lat="43.782360000000004" lon="-114.49352">
    <ele>1971.1569430567956</ele>
   </trkpt>
   <trkpt lat="43.782830000000004" lon="-114.49344">
    <ele>1970.9899208268048</ele>
   </trkpt>
   <trkpt lat="43.783010000000004" lon="-114.49338000000002">
    <ele>1970.8476008288628</ele>
   </trkpt>
   <trkpt lat="43.783530000000006" lon="-114.49289">
    <ele>1970.0176952533527</ele>
   </trkpt>
   <trkpt lat="43.78398000000001" lon="-114.49241">
    <ele>1969.2447983610048</ele>
   </trkpt>
   <trkpt lat="43.784060000000004" lon="-114.49236">
    <ele>1969.0862655276258</ele>
   </trkpt>
   <trkpt lat="43.784150000000004" lon="-114.49236">
    <ele>1968.4670104780039</ele>
   </trkpt>
   <trkpt lat="43.78439" lon="-114.49226000000002">
    <ele>1968.3080120911727</ele>
   </trkpt>
   <trkpt lat="43.784710000000004" lon="-114.49201000000001">
    <ele>1967.8169690255872</ele>
   </trkpt>
   <trkpt lat="43.784850000000006" lon="-114.49186">
    <ele>1967.8169690255872</ele>
   </trkpt>
   <trkpt lat="43.784890000000004" lon="-114.49178">
    <ele>1967.596799526489</ele>
   </trkpt>
   <trkpt lat="43.78510000000001" lon="-114.4911">
    <ele>1967.1414181166958</ele>
   </trkpt>
   <trkpt lat="43.78515" lon="-114.49098000000001">
    <ele>1967.1414181166958</ele>
   </trkpt>
   <trkpt lat="43.78531" lon="-114.49079">
    <ele>1966.688994421183</ele>
   </trkpt>
   <trkpt lat="43.78546" lon="-114.49047000000002">
    <ele>1965.5730089012907</ele>
   </trkpt>
   <trkpt lat="43.785650000000004" lon="-114.48963">
    <ele>1964.003829597282</ele>
   </trkpt>
   <trkpt lat="43.785720000000005" lon="-114.48945">
    <ele>1963.859783875594</ele>
   </trkpt>
   <trkpt lat="43.78596" lon="-114.48909">
    <ele>1963.7034169030546</ele>
   </trkpt>
   <trkpt lat="43.78607" lon="-114.48899000000002">
    <ele>1963.685943787395</ele>
   </trkpt>
   <trkpt lat="43.78621474730195" lon="-114.48893764767064">
    <ele>1963.6668090220116</ele>
   </trkpt>
   <trkpt lat="43.78633145226625" lon="-114.4889451769362">
    <ele>1963.6370215059464</ele>
   </trkpt>
   <trkpt lat="43.78637268303365" lon="-114.48895307615128">
    <ele>1963.6370215059464</ele>
   </trkpt>
   <trkpt lat="43.786414789075664" lon="-114.48896441752356">
    <ele>1963.6370215059464</ele>
   </trkpt>
   <trkpt lat="43.78645335641534" lon="-114.48896634215721">
    <ele>1963.6370215059464</ele>
   </trkpt>
   <trkpt lat="43.78645738208516" lon="-114.48905852513288">
    <ele>1963.6197573358318</ele>
   </trkpt>
   <trkpt lat="43.78637939566154" lon="-114.48908698370172">
    <ele>1963.6370215059464</ele>
   </trkpt>
   <trkpt lat="43.78636697622309" lon="-114.48899578763614">
    <ele>1963.6370215059464</ele>
   </trkpt>
   <trkpt lat="43.78632658891782" lon="-114.48895581243337">
    <ele>1963.6658423420145</ele>
   </trkpt>
   <trkpt lat="43.786208848380845" lon="-114.48892743382221">
    <ele>1963.6668090220116</ele>
   </trkpt>
   <trkpt lat="43.78607" lon="-114.48899000000002">
    <ele>1963.685943787395</ele>
   </trkpt>
   <trkpt lat="43.78596" lon="-114.48909">
    <ele>1963.7017696135042</ele>
   </trkpt>
   <trkpt lat="43.785720000000005" lon="-114.48945">
    <ele>1963.9134974882872</ele>
   </trkpt>
   <trkpt lat="43.785650000000004" lon="-114.48963">
    <ele>1963.9456047366791</ele>
   </trkpt>
   <trkpt lat="43.78546" lon="-114.49047000000002">
    <ele>1964.4975016956723</ele>
   </trkpt>
   <trkpt lat="43.78531" lon="-114.49079">
    <ele>1966.6889944211828</ele>
   </trkpt>
   <trkpt lat="43.78515" lon="-114.49098000000001">
    <ele>1967.1414181166958</ele>
   </trkpt>
   <trkpt lat="43.78510000000001" lon="-114.4911">
    <ele>1967.1414181166958</ele>
   </trkpt>
   <trkpt lat="43.784890000000004" lon="-114.49178">
    <ele>1967.596799526489</ele>
   </trkpt>
   <trkpt lat="43.784850000000006" lon="-114.49186">
    <ele>1967.8169690255872</ele>
   </trkpt>
   <trkpt lat="43.784710000000004" lon="-114.49201000000001">
    <ele>1967.8169690255872</ele>
   </trkpt>
   <trkpt lat="43.78439" lon="-114.49226000000002">
    <ele>1968.308012091173</ele>
   </trkpt>
   <trkpt lat="43.784150000000004" lon="-114.49236">
    <ele>1968.4670104780039</ele>
   </trkpt>
   <trkpt lat="43.784060000000004" lon="-114.49236">
    <ele>1969.0862655276264</ele>
   </trkpt>
   <trkpt lat="43.78398000000001" lon="-114.49241">
    <ele>1969.2447983610055</ele>
   </trkpt>
   <trkpt lat="43.783530000000006" lon="-114.49289">
    <ele>1970.0176952533532</ele>
   </trkpt>
   <trkpt lat="43.783010000000004" lon="-114.49338000000002">
    <ele>1970.8476008288637</ele>
   </trkpt>
   <trkpt lat="43.782830000000004" lon="-114.49344">
    <ele>1970.9899208268057</ele>
   </trkpt>
   <trkpt lat="43.782360000000004" lon="-114.49352">
    <ele>1971.1569430567965</ele>
   </trkpt>
   <trkpt lat="43.78204" lon="-114.49365">
    <ele>1971.2344848143653</ele>
   </trkpt>
   <trkpt lat="43.78177" lon="-114.4937">
    <ele>1971.3514807529946</ele>
   </trkpt>
   <trkpt lat="43.78141" lon="-114.49392">
    <ele>1971.876693494348</ele>
   </trkpt>
   <trkpt lat="43.7809" lon="-114.49447">
    <ele>1972.7226171746327</ele>
   </trkpt>
   <trkpt lat="43.78078" lon="-114.49459">
    <ele>1972.7226171746327</ele>
   </trkpt>
   <trkpt lat="43.780640000000005" lon="-114.49465000000001">
    <ele>1972.9927855194267</ele>
   </trkpt>
   <trkpt lat="43.78060000000001" lon="-114.49470000000001">
    <ele>1972.9927855194267</ele>
   </trkpt>
   <trkpt lat="43.78041" lon="-114.49532">
    <ele>1973.7566384535623</ele>
   </trkpt>
   <trkpt lat="43.780330000000006" lon="-114.49589">
    <ele>1975.8847538687878</ele>
   </trkpt>
   <trkpt lat="43.78034" lon="-114.49613000000001">
    <ele>1976.5565035925356</ele>
   </trkpt>
   <trkpt lat="43.780480000000004" lon="-114.49674">
    <ele>1977.5371636843113</ele>
   </trkpt>
   <trkpt lat="43.78054" lon="-114.49725000000001">
    <ele>1979.9831934873635</ele>
   </trkpt>
   <trkpt lat="43.78051000000001" lon="-114.49741000000002">
    <ele>1980.5980287916307</ele>
   </trkpt>
   <trkpt lat="43.78027" lon="-114.49791">
    <ele>1980.3985712288663</ele>
   </trkpt>
   <trkpt lat="43.7802" lon="-114.498">
    <ele>1980.3985712288663</ele>
   </trkpt>
   <trkpt lat="43.78013000000001" lon="-114.49801000000001">
    <ele>1980.3985712288663</ele>
   </trkpt>
   <trkpt lat="43.780030000000004" lon="-114.49796">
    <ele>1980.1317064874067</ele>
   </trkpt>
   <trkpt lat="43.779830000000004" lon="-114.49773">
    <ele>1979.9881375529008</ele>
   </trkpt>
   <trkpt lat="43.779650000000004" lon="-114.4976">
    <ele>1979.7371815175313</ele>
   </trkpt>
   <trkpt lat="43.77958" lon="-114.4976">
    <ele>1979.7371815175313</ele>
   </trkpt>
   <trkpt lat="43.779300000000006" lon="-114.49768">
    <ele>1978.629161454986</ele>
   </trkpt>
   <trkpt lat="43.77915" lon="-114.49769">
    <ele>1978.2056521949437</ele>
   </trkpt>
   <trkpt lat="43.778960000000005" lon="-114.49778">
    <ele>1977.904061277971</ele>
   </trkpt>
   <trkpt lat="43.778560000000006" lon="-114.49827">
    <ele>1977.8255312895674</ele>
   </trkpt>
   <trkpt lat="43.7783" lon="-114.49867">
    <ele>1978.2562857039673</ele>
   </trkpt>
   <trkpt lat="43.77794" lon="-114.49916">
    <ele>1978.5434617621584</ele>
   </trkpt>
   <trkpt lat="43.77783" lon="-114.49943">
    <ele>1978.704158480959</ele>
   </trkpt>
   <trkpt lat="43.777680000000004" lon="-114.50001">
    <ele>1979.7024500630237</ele>
   </trkpt>
   <trkpt lat="43.777440000000006" lon="-114.50077">
    <ele>1979.90297400827</ele>
   </trkpt>
   <trkpt lat="43.777260000000005" lon="-114.501">
    <ele>1979.7653549807405</ele>
   </trkpt>
   <trkpt lat="43.777060000000006" lon="-114.50113">
    <ele>1979.7775531450434</ele>
   </trkpt>
   <trkpt lat="43.77678" lon="-114.50126000000002">
    <ele>1979.7859680204524</ele>
   </trkpt>
   <trkpt lat="43.77669" lon="-114.50131">
    <ele>1979.7859680204524</ele>
   </trkpt>
   <trkpt lat="43.776630000000004" lon="-114.5014">
    <ele>1979.568180354864</ele>
   </trkpt>
   <trkpt lat="43.77626" lon="-114.50212">
    <ele>1979.779244860931</ele>
   </trkpt>
   <trkpt lat="43.77610000000001" lon="-114.50261">
    <ele>1981.1841113624655</ele>
   </trkpt>
   <trkpt lat="43.77595" lon="-114.50324">
    <ele>1981.5313151795674</ele>
   </trkpt>
   <trkpt lat="43.775920000000006" lon="-114.5035">
    <ele>1981.8702867608997</ele>
   </trkpt>
   <trkpt lat="43.77595" lon="-114.50378">
    <ele>1981.8702867608997</ele>
   </trkpt>
   <trkpt lat="43.7760850017457" lon="-114.50440499878731">
    <ele>1983.262247185795</ele>
   </trkpt>
   <trkpt lat="43.77622" lon="-114.50503">
    <ele>1985.4006812245511</ele>
   </trkpt>
   <trkpt lat="43.776340000000005" lon="-114.50544000000001">
    <ele>1985.4006812245511</ele>
   </trkpt>
   <trkpt lat="43.776385001862245" lon="-114.50608999980568">
    <ele>1987.1967014308143</ele>
   </trkpt>
   <trkpt lat="43.776430000000005" lon="-114.50674000000001">
    <ele>1989.1894724621195</ele>
   </trkpt>
   <trkpt lat="43.77648000000001" lon="-114.50708000000002">
    <ele>1989.6842994288977</ele>
   </trkpt>
   <trkpt lat="43.77673" lon="-114.50789">
    <ele>1990.0279328796846</ele>
   </trkpt>
   <trkpt lat="43.776740000000004" lon="-114.50817">
    <ele>1990.1906868924732</ele>
   </trkpt>
   <trkpt lat="43.776720000000005" lon="-114.5083">
    <ele>1990.328901534488</ele>
   </trkpt>
   <trkpt lat="43.77667" lon="-114.50838">
    <ele>1990.328901534488</ele>
   </trkpt>
   <trkpt lat="43.776590000000006" lon="-114.50844000000001">
    <ele>1990.1604288259905</ele>
   </trkpt>
   <trkpt lat="43.776500000000006" lon="-114.50858000000001">
    <ele>1990.0040877494048</ele>
   </trkpt>
   <trkpt lat="43.776450000000004" lon="-114.50879">
    <ele>1989.8510017078793</ele>
   </trkpt>
   <trkpt lat="43.77646" lon="-114.50892">
    <ele>1989.8510017078793</ele>
   </trkpt>
   <trkpt lat="43.776680000000006" lon="-114.50947000000001">
    <ele>1988.6806057223528</ele>
   </trkpt>
   <trkpt lat="43.77671" lon="-114.50964">
    <ele>1988.4180233959237</ele>
   </trkpt>
   <trkpt lat="43.776720000000005" lon="-114.50983000000001">
    <ele>1988.2962883140272</ele>
   </trkpt>
   <trkpt lat="43.77667" lon="-114.51022">
    <ele>1988.1792879645957</ele>
   </trkpt>
   <trkpt lat="43.77666000000001" lon="-114.51044">
    <ele>1988.1792879645957</ele>
   </trkpt>
   <trkpt lat="43.776680000000006" lon="-114.51071">
    <ele>1988.38812469705</ele>
   </trkpt>
   <trkpt lat="43.77675000000001" lon="-114.51111000000002">
    <ele>1988.3599427053184</ele>
   </trkpt>
   <trkpt lat="43.77693500203002" lon="-114.51180499756553">
    <ele>1989.6457046147825</ele>
   </trkpt>
   <trkpt lat="43.777120000000004" lon="-114.5125">
    <ele>1992.5455230221012</ele>
   </trkpt>
   <trkpt lat="43.77734" lon="-114.51318">
    <ele>1993.8450316062713</ele>
   </trkpt>
   <trkpt lat="43.77747" lon="-114.51349">
    <ele>1994.2917908888824</ele>
   </trkpt>
   <trkpt lat="43.777820000000006" lon="-114.51399">
    <ele>1995.3999347556264</ele>
   </trkpt>
   <trkpt lat="43.77807000000001" lon="-114.51429">
    <ele>1995.8627912100262</ele>
   </trkpt>
   <trkpt lat="43.778360000000006" lon="-114.51452">
    <ele>1996.1516103281447</ele>
   </trkpt>
   <trkpt lat="43.77846" lon="-114.51466">
    <ele>1996.1516103281447</ele>
   </trkpt>
   <trkpt lat="43.77855" lon="-114.51488">
    <ele>1996.2874246693996</ele>
   </trkpt>
   <trkpt lat="43.778690000000005" lon="-114.51532">
    <ele>1996.458901555132</ele>
   </trkpt>
   <trkpt lat="43.77886" lon="-114.51613">
    <ele>1996.9954711865084</ele>
   </trkpt>
   <trkpt lat="43.77901000000001" lon="-114.51662">
    <ele>1997.4259643482412</ele>
   </trkpt>
   <trkpt lat="43.77935" lon="-114.51703">
    <ele>1997.6241427946934</ele>
   </trkpt>
   <trkpt lat="43.779430000000005" lon="-114.51721">
    <ele>1997.761728864034</ele>
   </trkpt>
   <trkpt lat="43.77951" lon="-114.51761">
    <ele>1997.92418703682</ele>
   </trkpt>
   <trkpt lat="43.779540000000004" lon="-114.51814">
    <ele>1997.92418703682</ele>
   </trkpt>
   <trkpt lat="43.77953000201368" lon="-114.51882000025637">
    <ele>1998.1286235243654</ele>
   </trkpt>
   <trkpt lat="43.779520000000005" lon="-114.51950000000001">
    <ele>1998.3896690077568</ele>
   </trkpt>
   <trkpt lat="43.77955" lon="-114.51999">
    <ele>1998.3896690077568</ele>
   </trkpt>
   <trkpt lat="43.779590000000006" lon="-114.52017000000001">
    <ele>1998.7198078231334</ele>
   </trkpt>
   <trkpt lat="43.779720000000005" lon="-114.52052">
    <ele>1998.7198078231334</ele>
   </trkpt>
   <trkpt lat="43.779790002137396" lon="-114.5212199991935">
    <ele>1999.5806444546265</ele>
   </trkpt>
   <trkpt lat="43.779860000000006" lon="-114.52192000000001">
    <ele>2000.2773373953387</ele>
   </trkpt>
   <trkpt lat="43.779880000000006" lon="-114.52235">
    <ele>2000.2773373953387</ele>
   </trkpt>
   <trkpt lat="43.77985" lon="-114.52271">
    <ele>2000.4065688918647</ele>
   </trkpt>
   <trkpt lat="43.77978" lon="-114.52307">
    <ele>2000.6092708741253</ele>
   </trkpt>
   <trkpt lat="43.77966000000001" lon="-114.52356">
    <ele>2000.6958490128195</ele>
   </trkpt>
   <trkpt lat="43.779630000000004" lon="-114.52396">
    <ele>2001.1769899665446</ele>
   </trkpt>
   <trkpt lat="43.77966000000001" lon="-114.52425000000001">
    <ele>2001.785800961385</ele>
   </trkpt>
   <trkpt lat="43.77985" lon="-114.52499">
    <ele>2002.3506826650325</ele>
   </trkpt>
   <trkpt lat="43.77985" lon="-114.52518">
    <ele>2002.8041200519147</ele>
   </trkpt>
   <trkpt lat="43.77982" lon="-114.52531">
    <ele>2002.8811597025394</ele>
   </trkpt>
   <trkpt lat="43.77947" lon="-114.5262">
    <ele>2003.4452522856152</ele>
   </trkpt>
   <trkpt lat="43.779450000000004" lon="-114.52634">
    <ele>2003.4986599640201</ele>
   </trkpt>
   <trkpt lat="43.77947" lon="-114.52661">
    <ele>2003.51396420418</ele>
   </trkpt>
   <trkpt lat="43.779560000000004" lon="-114.52683">
    <ele>2004.4529349949212</ele>
   </trkpt>
   <trkpt lat="43.779810000000005" lon="-114.52779000000001">
    <ele>2004.5686397371542</ele>
   </trkpt>
   <trkpt lat="43.779860000000006" lon="-114.52801000000001">
    <ele>2004.6886051409938</ele>
   </trkpt>
   <trkpt lat="43.77987" lon="-114.52817">
    <ele>2004.6886051409938</ele>
   </trkpt>
   <trkpt lat="43.779790000000006" lon="-114.52850000000001">
    <ele>2004.7016703732122</ele>
   </trkpt>
   <trkpt lat="43.7796" lon="-114.52947">
    <ele>2005.1577541121255</ele>
   </trkpt>
   <trkpt lat="43.77957000000001" lon="-114.52996">
    <ele>2005.329865264675</ele>
   </trkpt>
   <trkpt lat="43.77948000000001" lon="-114.53041">
    <ele>2005.329865264675</ele>
   </trkpt>
   <trkpt lat="43.77946" lon="-114.53066000000001">
    <ele>2005.5414306376665</ele>
   </trkpt>
   <trkpt lat="43.77955" lon="-114.53189">
    <ele>2006.7448370231273</ele>
   </trkpt>
   <trkpt lat="43.77955" lon="-114.53207">
    <ele>2007.0463103889044</ele>
   </trkpt>
   <trkpt lat="43.779450000000004" lon="-114.53302000000001">
    <ele>2007.5075602622883</ele>
   </trkpt>
   <trkpt lat="43.779376672914076" lon="-114.53386666877307">
    <ele>2008.7631082882262</ele>
   </trkpt>
   <trkpt lat="43.779280108654014" lon="-114.5347312106562">
    <ele>2010.060660569993</ele>
   </trkpt>
   <trkpt lat="43.779230000000005" lon="-114.53556">
    <ele>2010.4326360260482</ele>
   </trkpt>
   <trkpt lat="43.779300000000006" lon="-114.53587">
    <ele>2010.4326360260482</ele>
   </trkpt>
   <trkpt lat="43.779410000000006" lon="-114.53614">
    <ele>2010.8991401533394</ele>
   </trkpt>
   <trkpt lat="43.779540000000004" lon="-114.53637">
    <ele>2011.0032509934567</ele>
   </trkpt>
   <trkpt lat="43.78" lon="-114.53619">
    <ele>2011.379167795699</ele>
   </trkpt>
   <trkpt lat="43.780150000000006" lon="-114.53623">
    <ele>2011.379167795699</ele>
   </trkpt>
   <trkpt lat="43.780260000000006" lon="-114.53628">
    <ele>2011.5212943962897</ele>
   </trkpt>
   <trkpt lat="43.7804" lon="-114.53641">
    <ele>2012.1898389866426</ele>
   </trkpt>
   <trkpt lat="43.78056" lon="-114.53663">
    <ele>2012.1898389866426</ele>
   </trkpt>
   <trkpt lat="43.78095500088068" lon="-114.53709999679687">
    <ele>2014.3583083763267</ele>
   </trkpt>
   <trkpt lat="43.78135" lon="-114.53757">
    <ele>2015.8557705459198</ele>
   </trkpt>
   <trkpt lat="43.781490000000005" lon="-114.53781000000001">
    <ele>2015.8557705459198</ele>
   </trkpt>
   <trkpt lat="43.781580000000005" lon="-114.53813000000001">
    <ele>2016.3754583670022</ele>
   </trkpt>
   <trkpt lat="43.78166" lon="-114.53842000000002">
    <ele>2016.335963435335</ele>
   </trkpt>
   <trkpt lat="43.78179" lon="-114.53874">
    <ele>2016.3011532938217</ele>
   </trkpt>
   <trkpt lat="43.7819" lon="-114.53959">
    <ele>2015.7385899025749</ele>
   </trkpt>
   <trkpt lat="43.781890000000004" lon="-114.53972">
    <ele>2015.593084298421</ele>
   </trkpt>
   <trkpt lat="43.7817" lon="-114.54017">
    <ele>2015.2499315300972</ele>
   </trkpt>
   <trkpt lat="43.78161" lon="-114.54026">
    <ele>2015.1275793009074</ele>
   </trkpt>
   <trkpt lat="43.781510000000004" lon="-114.54026">
    <ele>2015.1215371918804</ele>
   </trkpt>
   <trkpt lat="43.78137" lon="-114.54014000000001">
    <ele>2015.074477948934</ele>
   </trkpt>
   <trkpt lat="43.781310000000005" lon="-114.53998000000001">
    <ele>2015.0384538374162</ele>
   </trkpt>
   <trkpt lat="43.78098000000001" lon="-114.54008">
    <ele>2015.0771458608383</ele>
   </trkpt>
   <trkpt lat="43.78094" lon="-114.54017">
    <ele>2015.0598772517403</ele>
   </trkpt>
   <trkpt lat="43.78088" lon="-114.5408">
    <ele>2015.4718705760783</ele>
   </trkpt>
   <trkpt lat="43.78083" lon="-114.54086000000001">
    <ele>2015.5552421748773</ele>
   </trkpt>
   <trkpt lat="43.78067" lon="-114.54098">
    <ele>2015.8091225193768</ele>
   </trkpt>
   <trkpt lat="43.78036" lon="-114.5413">
    <ele>2016.2653227901071</ele>
   </trkpt>
   <trkpt lat="43.78049" lon="-114.54156">
    <ele>2016.4627283419693</ele>
   </trkpt>
   <trkpt lat="43.780590000000004" lon="-114.54187">
    <ele>2016.9880576944806</ele>
   </trkpt>
   <trkpt lat="43.780710000000006" lon="-114.54238000000001">
    <ele>2017.5687131117413</ele>
   </trkpt>
   <trkpt lat="43.7808350017463" lon="-114.54301999846075">
    <ele>2018.8046591339605</ele>
   </trkpt>
   <trkpt lat="43.78096" lon="-114.54366">
    <ele>2020.0999717558707</ele>
   </trkpt>
   <trkpt lat="43.781090000000006" lon="-114.54408000000001">
    <ele>2021.0380591915955</ele>
   </trkpt>
   <trkpt lat="43.78135" lon="-114.54474">
    <ele>2022.4604000297275</ele>
   </trkpt>
   <trkpt lat="43.78136000000001" lon="-114.54491000000002">
    <ele>2023.0151417861439</ele>
   </trkpt>
   <trkpt lat="43.78132" lon="-114.54529000000001">
    <ele>2023.8529726281442</ele>
   </trkpt>
   <trkpt lat="43.78136000000001" lon="-114.54577">
    <ele>2025.295040447564</ele>
   </trkpt>
   <trkpt lat="43.78121" lon="-114.54682000000001">
    <ele>2027.5529644935662</ele>
   </trkpt>
   <trkpt lat="43.78121" lon="-114.54684">
    <ele>2027.5529644935662</ele>
   </trkpt>
   <trkpt lat="43.78116000000001" lon="-114.54725">
    <ele>2028.1698885820433</ele>
   </trkpt>
   <trkpt lat="43.781150000000004" lon="-114.54756">
    <ele>2028.7991750756923</ele>
   </trkpt>
   <trkpt lat="43.78116000000001" lon="-114.54836">
    <ele>2031.2122594505483</ele>
   </trkpt>
   <trkpt lat="43.781130000000005" lon="-114.54881">
    <ele>2032.9268542242812</ele>
   </trkpt>
   <trkpt lat="43.78116000000001" lon="-114.54984">
    <ele>2036.7180078003614</ele>
   </trkpt>
   <trkpt lat="43.78114" lon="-114.55016">
    <ele>2037.3304856092816</ele>
   </trkpt>
   <trkpt lat="43.781090000000006" lon="-114.55052">
    <ele>2037.9386106669883</ele>
   </trkpt>
   <trkpt lat="43.78121" lon="-114.55132">
    <ele>2039.8407656580348</ele>
   </trkpt>
   <trkpt lat="43.781220000000005" lon="-114.55186">
    <ele>2040.5956880657786</ele>
   </trkpt>
   <trkpt lat="43.78117" lon="-114.55213">
    <ele>2040.604000789584</ele>
   </trkpt>
   <trkpt lat="43.781180000000006" lon="-114.55231">
    <ele>2040.759571829548</ele>
   </trkpt>
   <trkpt lat="43.78134" lon="-114.55312">
    <ele>2040.8524364962886</ele>
   </trkpt>
   <trkpt lat="43.78134" lon="-114.55326000000001">
    <ele>2040.8524364962886</ele>
   </trkpt>
   <trkpt lat="43.781270000000006" lon="-114.55383">
    <ele>2040.1557694203495</ele>
   </trkpt>
   <trkpt lat="43.78116000000001" lon="-114.5545">
    <ele>2039.4473807988113</ele>
   </trkpt>
   <trkpt lat="43.78103" lon="-114.55478000000001">
    <ele>2038.9954533822506</ele>
   </trkpt>
   <trkpt lat="43.78098000000001" lon="-114.55495">
    <ele>2038.735271715567</ele>
   </trkpt>
   <trkpt lat="43.781000000000006" lon="-114.55512">
    <ele>2038.3750373554897</ele>
   </trkpt>
   <trkpt lat="43.78112" lon="-114.55562">
    <ele>2037.8111227507643</ele>
   </trkpt>
   <trkpt lat="43.781220000000005" lon="-114.55575">
    <ele>2037.57624025687</ele>
   </trkpt>
   <trkpt lat="43.78141" lon="-114.55584">
    <ele>2037.0569716654206</ele>
   </trkpt>
   <trkpt lat="43.78148" lon="-114.55593">
    <ele>2036.7429885477404</ele>
   </trkpt>
   <trkpt lat="43.78148" lon="-114.55611">
    <ele>2036.5240733281296</ele>
   </trkpt>
   <trkpt lat="43.78144" lon="-114.55634">
    <ele>2036.526896008363</ele>
   </trkpt>
   <trkpt lat="43.781290000000006" lon="-114.55656">
    <ele>2036.5688511310739</ele>
   </trkpt>
   <trkpt lat="43.781180000000006" lon="-114.55676000000001">
    <ele>2036.6297944203957</ele>
   </trkpt>
   <trkpt lat="43.78116000000001" lon="-114.55691000000002">
    <ele>2036.661291413638</ele>
   </trkpt>
   <trkpt lat="43.781200000000005" lon="-114.5571">
    <ele>2036.6538102546076</ele>
   </trkpt>
   <trkpt lat="43.781240000000004" lon="-114.55719">
    <ele>2036.688722491741</ele>
   </trkpt>
   <trkpt lat="43.781330000000004" lon="-114.55724000000001">
    <ele>2036.6125565086083</ele>
   </trkpt>
   <trkpt lat="43.78139" lon="-114.55723">
    <ele>2036.6125565086083</ele>
   </trkpt>
   <trkpt lat="43.78145000000001" lon="-114.55719">
    <ele>2036.6200384139972</ele>
   </trkpt>
   <trkpt lat="43.781510000000004" lon="-114.5571">
    <ele>2036.5414276857662</ele>
   </trkpt>
   <trkpt lat="43.78161" lon="-114.55687">
    <ele>2036.4627568702576</ele>
   </trkpt>
   <trkpt lat="43.7817" lon="-114.55674">
    <ele>2036.3591538690996</ele>
   </trkpt>
   <trkpt lat="43.78191" lon="-114.55647">
    <ele>2036.0345057674638</ele>
   </trkpt>
   <trkpt lat="43.782090000000004" lon="-114.55634">
    <ele>2035.7820988245408</ele>
   </trkpt>
   <trkpt lat="43.782250000000005" lon="-114.55633">
    <ele>2035.6827072378796</ele>
   </trkpt>
   <trkpt lat="43.78247" lon="-114.55635000000001">
    <ele>2035.5708928442746</ele>
   </trkpt>
   <trkpt lat="43.78255" lon="-114.55642">
    <ele>2035.464701638108</ele>
   </trkpt>
   <trkpt lat="43.782680000000006" lon="-114.55645000000001">
    <ele>2035.3789986358054</ele>
   </trkpt>
  </trkseg>
 </trk>
</gpx>