<?xml version="1.0" encoding="UTF-8"?>
<gpx xmlns:gpxdata="http://www.cluetrust.com/XML/GPXDATA/1/0" xmlns:xsi="http://www.w3.org/2001/XMLSchema-instance" xmlns="http://www.topografix.com/GPX/1/1" version="1.1" creator="http://ridewithgps.com/" xsi:schemaLocation="http://www.topografix.com/GPX/1/1 http://www.topografix.com/GPX/1/1/gpx.xsd http://www.cluetrust.com/XML/GPXDATA/1/0 http://www.cluetrust.com/Schemas/gpxdata10.xsd">
  <metadata>
    <name>Official Cheq 40 Course </name>
    <link href="https://ridewithgps.com/routes/44019400">
      <text>Official Cheq 40 Course </text>
    </link>
    <time>2023-08-11T15:47:48Z</time>
  </metadata>
  <trk>
    <name>Official Cheq 40 Course </name>
    <trkseg>
      <trkpt lat="46.01569" lon="-91.48608">
        <ele>368.0</ele>
      </trkpt>
      <trkpt lat="46.01508" lon="-91.4853">
        <ele>365.0</ele>
      </trkpt>
      <trkpt lat="46.01447" lon="-91.48451">
        <ele>364.0</ele>
      </trkpt>
      <trkpt lat="46.01409" lon="-91.484">
        <ele>364.0</ele>
      </trkpt>
      <trkpt lat="46.01371" lon="-91.4835">
        <ele>363.0</ele>
      </trkpt>
      <trkpt lat="46.01353" lon="-91.48336">
        <ele>363.0</ele>
      </trkpt>
      <trkpt lat="46.0134" lon="-91.48314">
        <ele>363.0</ele>
      </trkpt>
      <trkpt lat="46.01311" lon="-91.48277">
        <ele>363.0</ele>
      </trkpt>
      <trkpt lat="46.01326" lon="-91.48254">
        <ele>363.0</ele>
      </trkpt>
      <trkpt lat="46.01383" lon="-91.48169">
        <ele>363.0</ele>
      </trkpt>
      <trkpt lat="46.01437" lon="-91.48083">
        <ele>362.0</ele>
      </trkpt>
      <trkpt lat="46.0149" lon="-91.47997">
        <ele>362.0</ele>
      </trkpt>
      <trkpt lat="46.01652" lon="-91.47739">
        <ele>364.0</ele>
      </trkpt>
      <trkpt lat="46.01684" lon="-91.47685">
        <ele>365.0</ele>
      </trkpt>
      <trkpt lat="46.01717" lon="-91.47631">
        <ele>365.0</ele>
      </trkpt>
      <trkpt lat="46.017172" lon="-91.476311">
        <ele>365.0</ele>
      </trkpt>
      <trkpt lat="46.01758" lon="-91.47564">
        <ele>365.0</ele>
      </trkpt>
      <trkpt lat="46.01803" lon="-91.47489">
        <ele>365.0</ele>
      </trkpt>
      <trkpt lat="46.01757" lon="-91.47417">
        <ele>365.0</ele>
      </trkpt>
      <trkpt lat="46.01726" lon="-91.47359">
        <ele>365.0</ele>
      </trkpt>
      <trkpt lat="46.01689" lon="-91.47301">
        <ele>365.0</ele>
      </trkpt>
      <trkpt lat="46.01652" lon="-91.47244">
        <ele>365.0</ele>
      </trkpt>
      <trkpt lat="46.01487" lon="-91.46986">
        <ele>364.0</ele>
      </trkpt>
      <trkpt lat="46.014873" lon="-91.469861">
        <ele>364.0</ele>
      </trkpt>
      <trkpt lat="46.01398" lon="-91.46849">
        <ele>364.0</ele>
      </trkpt>
      <trkpt lat="46.01342" lon="-91.46762">
        <ele>363.0</ele>
      </trkpt>
      <trkpt lat="46.01299" lon="-91.46686">
        <ele>363.0</ele>
      </trkpt>
      <trkpt lat="46.01272" lon="-91.46629">
        <ele>363.0</ele>
      </trkpt>
      <trkpt lat="46.01245" lon="-91.46571">
        <ele>363.0</ele>
      </trkpt>
      <trkpt lat="46.01205" lon="-91.46462">
        <ele>362.0</ele>
      </trkpt>
      <trkpt lat="46.01187" lon="-91.46405">
        <ele>362.0</ele>
      </trkpt>
      <trkpt lat="46.01169" lon="-91.46319">
        <ele>362.0</ele>
      </trkpt>
      <trkpt lat="46.01112" lon="-91.45977">
        <ele>363.0</ele>
      </trkpt>
      <trkpt lat="46.01094" lon="-91.45863">
        <ele>363.0</ele>
      </trkpt>
      <trkpt lat="46.01075" lon="-91.45748">
        <ele>363.3</ele>
      </trkpt>
      <trkpt lat="46.01065" lon="-91.45691">
        <ele>363.5</ele>
      </trkpt>
      <trkpt lat="46.01052" lon="-91.4561">
        <ele>363.7</ele>
      </trkpt>
      <trkpt lat="46.01038" lon="-91.45529">
        <ele>364.0</ele>
      </trkpt>
      <trkpt lat="46.01024" lon="-91.45426">
        <ele>364.0</ele>
      </trkpt>
      <trkpt lat="46.01017" lon="-91.45321">
        <ele>363.0</ele>
      </trkpt>
      <trkpt lat="46.01017" lon="-91.45253">
        <ele>363.0</ele>
      </trkpt>
      <trkpt lat="46.01018" lon="-91.45185">
        <ele>363.0</ele>
      </trkpt>
      <trkpt lat="46.01032" lon="-91.45041">
        <ele>363.0</ele>
      </trkpt>
      <trkpt lat="46.01058" lon="-91.44902">
        <ele>364.0</ele>
      </trkpt>
      <trkpt lat="46.010971" lon="-91.447663">
        <ele>365.8</ele>
      </trkpt>
      <trkpt lat="46.01097" lon="-91.44766">
        <ele>365.8</ele>
      </trkpt>
      <trkpt lat="46.01124" lon="-91.44673">
        <ele>365.8</ele>
      </trkpt>
      <trkpt lat="46.01047" lon="-91.44671">
        <ele>365.1</ele>
      </trkpt>
      <trkpt lat="46.0097" lon="-91.44669">
        <ele>365.4</ele>
      </trkpt>
      <trkpt lat="46.0097" lon="-91.44669">
        <ele>365.4</ele>
      </trkpt>
      <trkpt lat="46.00897" lon="-91.44668">
        <ele>365.9</ele>
      </trkpt>
      <trkpt lat="46.00824" lon="-91.44668">
        <ele>368.1</ele>
      </trkpt>
      <trkpt lat="46.00751" lon="-91.44667">
        <ele>371.5</ele>
      </trkpt>
      <trkpt lat="46.00678" lon="-91.44667">
        <ele>370.9</ele>
      </trkpt>
      <trkpt lat="46.006775" lon="-91.446571">
        <ele>371.2</ele>
      </trkpt>
      <trkpt lat="46.006775" lon="-91.446571">
        <ele>371.2</ele>
      </trkpt>
      <trkpt lat="46.006716" lon="-91.445062">
        <ele>377.1</ele>
      </trkpt>
      <trkpt lat="46.006657" lon="-91.443553">
        <ele>384.6</ele>
      </trkpt>
      <trkpt lat="46.006597" lon="-91.442044">
        <ele>378.2</ele>
      </trkpt>
      <trkpt lat="46.006597" lon="-91.442044">
        <ele>378.2</ele>
      </trkpt>
      <trkpt lat="46.006418" lon="-91.44073">
        <ele>385.9</ele>
      </trkpt>
      <trkpt lat="46.006238" lon="-91.439415">
        <ele>389.3</ele>
      </trkpt>
      <trkpt lat="46.00633" lon="-91.438853">
        <ele>392.3</ele>
      </trkpt>
      <trkpt lat="46.00658" lon="-91.438561">
        <ele>396.4</ele>
      </trkpt>
      <trkpt lat="46.007138" lon="-91.438128">
        <ele>402.5</ele>
      </trkpt>
      <trkpt lat="46.007138" lon="-91.438128">
        <ele>402.5</ele>
      </trkpt>
      <trkpt lat="46.007878" lon="-91.437197">
        <ele>409.1</ele>
      </trkpt>
      <trkpt lat="46.008619" lon="-91.436266">
        <ele>407.8</ele>
      </trkpt>
      <trkpt lat="46.008619" lon="-91.436266">
        <ele>407.8</ele>
      </trkpt>
      <trkpt lat="46.008433" lon="-91.433977">
        <ele>408.1</ele>
      </trkpt>
      <trkpt lat="46.008433" lon="-91.433977">
        <ele>408.1</ele>
      </trkpt>
      <trkpt lat="46.00907" lon="-91.432293">
        <ele>410.0</ele>
      </trkpt>
      <trkpt lat="46.00907" lon="-91.432293">
        <ele>410.0</ele>
      </trkpt>
      <trkpt lat="46.010186" lon="-91.432655">
        <ele>402.6</ele>
      </trkpt>
      <trkpt lat="46.010769" lon="-91.433132">
        <ele>401.4</ele>
      </trkpt>
      <trkpt lat="46.011503" lon="-91.43308">
        <ele>395.5</ele>
      </trkpt>
      <trkpt lat="46.011503" lon="-91.43308">
        <ele>395.5</ele>
      </trkpt>
      <trkpt lat="46.012568" lon="-91.434482">
        <ele>388.3</ele>
      </trkpt>
      <trkpt lat="46.012881" lon="-91.43419">
        <ele>388.3</ele>
      </trkpt>
      <trkpt lat="46.012881" lon="-91.43419">
        <ele>388.3</ele>
      </trkpt>
      <trkpt lat="46.012925" lon="-91.432779">
        <ele>394.8</ele>
      </trkpt>
      <trkpt lat="46.01297" lon="-91.431369">
        <ele>399.9</ele>
      </trkpt>
      <trkpt lat="46.01297" lon="-91.431369">
        <ele>399.9</ele>
      </trkpt>
      <trkpt lat="46.01414" lon="-91.43135">
        <ele>390.7</ele>
      </trkpt>
      <trkpt lat="46.01414" lon="-91.43135">
        <ele>390.0</ele>
      </trkpt>
      <trkpt lat="46.0144" lon="-91.431373">
        <ele>389.0</ele>
      </trkpt>
      <trkpt lat="46.015179" lon="-91.431199">
        <ele>390.0</ele>
      </trkpt>
      <trkpt lat="46.015401" lon="-91.431265">
        <ele>390.0</ele>
      </trkpt>
      <trkpt lat="46.015438" lon="-91.429339">
        <ele>400.0</ele>
      </trkpt>
      <trkpt lat="46.015578" lon="-91.429047">
        <ele>401.0</ele>
      </trkpt>
      <trkpt lat="46.01607" lon="-91.428392">
        <ele>402.0</ele>
      </trkpt>
      <trkpt lat="46.016174" lon="-91.427734">
        <ele>408.0</ele>
      </trkpt>
      <trkpt lat="46.016164" lon="-91.427108">
        <ele>412.0</ele>
      </trkpt>
      <trkpt lat="46.016831" lon="-91.422439">
        <ele>418.0</ele>
      </trkpt>
      <trkpt lat="46.017001" lon="-91.422294">
        <ele>417.0</ele>
      </trkpt>
      <trkpt lat="46.017292" lon="-91.422191">
        <ele>417.0</ele>
      </trkpt>
      <trkpt lat="46.017541" lon="-91.422491">
        <ele>416.0</ele>
      </trkpt>
      <trkpt lat="46.017699" lon="-91.423458">
        <ele>417.0</ele>
      </trkpt>
      <trkpt lat="46.017516" lon="-91.426275">
        <ele>403.0</ele>
      </trkpt>
      <trkpt lat="46.017727" lon="-91.428072">
        <ele>396.0</ele>
      </trkpt>
      <trkpt lat="46.018132" lon="-91.428648">
        <ele>392.0</ele>
      </trkpt>
      <trkpt lat="46.018243" lon="-91.429553">
        <ele>384.0</ele>
      </trkpt>
      <trkpt lat="46.018708" lon="-91.429752">
        <ele>383.0</ele>
      </trkpt>
      <trkpt lat="46.018978" lon="-91.429317">
        <ele>382.0</ele>
      </trkpt>
      <trkpt lat="46.018994" lon="-91.428971">
        <ele>384.0</ele>
      </trkpt>
      <trkpt lat="46.019027" lon="-91.427761">
        <ele>392.0</ele>
      </trkpt>
      <trkpt lat="46.019412" lon="-91.427194">
        <ele>389.0</ele>
      </trkpt>
      <trkpt lat="46.019874" lon="-91.427063">
        <ele>386.0</ele>
      </trkpt>
      <trkpt lat="46.020279" lon="-91.427229">
        <ele>384.0</ele>
      </trkpt>
      <trkpt lat="46.020658" lon="-91.427163">
        <ele>385.0</ele>
      </trkpt>
      <trkpt lat="46.02079" lon="-91.427188">
        <ele>385.0</ele>
      </trkpt>
      <trkpt lat="46.020837" lon="-91.427207">
        <ele>385.0</ele>
      </trkpt>
      <trkpt lat="46.020954" lon="-91.427246">
        <ele>385.0</ele>
      </trkpt>
      <trkpt lat="46.021053" lon="-91.427291">
        <ele>385.0</ele>
      </trkpt>
      <trkpt lat="46.021211" lon="-91.427355">
        <ele>386.0</ele>
      </trkpt>
      <trkpt lat="46.021266" lon="-91.427371">
        <ele>386.0</ele>
      </trkpt>
      <trkpt lat="46.021328" lon="-91.427384">
        <ele>387.0</ele>
      </trkpt>
      <trkpt lat="46.021387" lon="-91.42739">
        <ele>387.0</ele>
      </trkpt>
      <trkpt lat="46.021519" lon="-91.427392">
        <ele>388.0</ele>
      </trkpt>
      <trkpt lat="46.021717" lon="-91.427354">
        <ele>389.0</ele>
      </trkpt>
      <trkpt lat="46.021846" lon="-91.427364">
        <ele>390.0</ele>
      </trkpt>
      <trkpt lat="46.021916" lon="-91.427382">
        <ele>390.0</ele>
      </trkpt>
      <trkpt lat="46.021984" lon="-91.427415">
        <ele>390.0</ele>
      </trkpt>
      <trkpt lat="46.02212" lon="-91.427494">
        <ele>391.0</ele>
      </trkpt>
      <trkpt lat="46.02219" lon="-91.42754">
        <ele>391.0</ele>
      </trkpt>
      <trkpt lat="46.02226" lon="-91.427581">
        <ele>392.0</ele>
      </trkpt>
      <trkpt lat="46.022404" lon="-91.427654">
        <ele>393.0</ele>
      </trkpt>
      <trkpt lat="46.022473" lon="-91.427683">
        <ele>393.0</ele>
      </trkpt>
      <trkpt lat="46.022533" lon="-91.427695">
        <ele>394.0</ele>
      </trkpt>
      <trkpt lat="46.022591" lon="-91.427701">
        <ele>395.0</ele>
      </trkpt>
      <trkpt lat="46.022653" lon="-91.427698">
        <ele>396.0</ele>
      </trkpt>
      <trkpt lat="46.02286" lon="-91.427621">
        <ele>400.0</ele>
      </trkpt>
      <trkpt lat="46.022903" lon="-91.427615">
        <ele>401.0</ele>
      </trkpt>
      <trkpt lat="46.02295" lon="-91.427594">
        <ele>401.0</ele>
      </trkpt>
      <trkpt lat="46.022994" lon="-91.427565">
        <ele>402.0</ele>
      </trkpt>
      <trkpt lat="46.023039" lon="-91.427515">
        <ele>403.0</ele>
      </trkpt>
      <trkpt lat="46.023141" lon="-91.427428">
        <ele>403.0</ele>
      </trkpt>
      <trkpt lat="46.023262" lon="-91.427352">
        <ele>403.0</ele>
      </trkpt>
      <trkpt lat="46.023326" lon="-91.427313">
        <ele>403.0</ele>
      </trkpt>
      <trkpt lat="46.023465" lon="-91.427245">
        <ele>402.0</ele>
      </trkpt>
      <trkpt lat="46.023608" lon="-91.42719">
        <ele>402.0</ele>
      </trkpt>
      <trkpt lat="46.02368" lon="-91.427181">
        <ele>402.0</ele>
      </trkpt>
      <trkpt lat="46.023751" lon="-91.427193">
        <ele>401.0</ele>
      </trkpt>
      <trkpt lat="46.0239" lon="-91.427247">
        <ele>401.0</ele>
      </trkpt>
      <trkpt lat="46.023971" lon="-91.427254">
        <ele>400.0</ele>
      </trkpt>
      <trkpt lat="46.024046" lon="-91.427234">
        <ele>400.0</ele>
      </trkpt>
      <trkpt lat="46.024183" lon="-91.427175">
        <ele>399.0</ele>
      </trkpt>
      <trkpt lat="46.02431" lon="-91.427097">
        <ele>396.0</ele>
      </trkpt>
      <trkpt lat="46.024378" lon="-91.427062">
        <ele>395.0</ele>
      </trkpt>
      <trkpt lat="46.024539" lon="-91.427002">
        <ele>392.0</ele>
      </trkpt>
      <trkpt lat="46.02463" lon="-91.426973">
        <ele>391.0</ele>
      </trkpt>
      <trkpt lat="46.024813" lon="-91.426934">
        <ele>390.0</ele>
      </trkpt>
      <trkpt lat="46.024906" lon="-91.426908">
        <ele>390.0</ele>
      </trkpt>
      <trkpt lat="46.024999" lon="-91.426893">
        <ele>390.0</ele>
      </trkpt>
      <trkpt lat="46.025155" lon="-91.42684">
        <ele>390.0</ele>
      </trkpt>
      <trkpt lat="46.025237" lon="-91.426827">
        <ele>390.0</ele>
      </trkpt>
      <trkpt lat="46.025311" lon="-91.426847">
        <ele>390.0</ele>
      </trkpt>
      <trkpt lat="46.025381" lon="-91.426885">
        <ele>390.0</ele>
      </trkpt>
      <trkpt lat="46.02543" lon="-91.426944">
        <ele>390.0</ele>
      </trkpt>
      <trkpt lat="46.025471" lon="-91.427036">
        <ele>390.0</ele>
      </trkpt>
      <trkpt lat="46.025505" lon="-91.427139">
        <ele>390.0</ele>
      </trkpt>
      <trkpt lat="46.025567" lon="-91.427353">
        <ele>390.0</ele>
      </trkpt>
      <trkpt lat="46.025599" lon="-91.427449">
        <ele>389.0</ele>
      </trkpt>
      <trkpt lat="46.025638" lon="-91.427522">
        <ele>389.0</ele>
      </trkpt>
      <trkpt lat="46.02568" lon="-91.427574">
        <ele>389.0</ele>
      </trkpt>
      <trkpt lat="46.025712" lon="-91.427588">
        <ele>389.0</ele>
      </trkpt>
      <trkpt lat="46.025734" lon="-91.42759">
        <ele>389.0</ele>
      </trkpt>
      <trkpt lat="46.025805" lon="-91.427582">
        <ele>389.0</ele>
      </trkpt>
      <trkpt lat="46.025861" lon="-91.427584">
        <ele>388.0</ele>
      </trkpt>
      <trkpt lat="46.02597" lon="-91.427523">
        <ele>387.0</ele>
      </trkpt>
      <trkpt lat="46.026026" lon="-91.427481">
        <ele>386.0</ele>
      </trkpt>
      <trkpt lat="46.026145" lon="-91.427364">
        <ele>385.0</ele>
      </trkpt>
      <trkpt lat="46.026169" lon="-91.427317">
        <ele>385.0</ele>
      </trkpt>
      <trkpt lat="46.026215" lon="-91.42727">
        <ele>385.0</ele>
      </trkpt>
      <trkpt lat="46.026295" lon="-91.427127">
        <ele>385.0</ele>
      </trkpt>
      <trkpt lat="46.026335" lon="-91.427016">
        <ele>384.0</ele>
      </trkpt>
      <trkpt lat="46.026379" lon="-91.426925">
        <ele>383.0</ele>
      </trkpt>
      <trkpt lat="46.026402" lon="-91.426867">
        <ele>383.0</ele>
      </trkpt>
      <trkpt lat="46.026439" lon="-91.426818">
        <ele>384.0</ele>
      </trkpt>
      <trkpt lat="46.026469" lon="-91.426755">
        <ele>384.0</ele>
      </trkpt>
      <trkpt lat="46.026504" lon="-91.426693">
        <ele>384.0</ele>
      </trkpt>
      <trkpt lat="46.026547" lon="-91.426642">
        <ele>385.0</ele>
      </trkpt>
      <trkpt lat="46.026591" lon="-91.426597">
        <ele>385.0</ele>
      </trkpt>
      <trkpt lat="46.026716" lon="-91.426565">
        <ele>385.0</ele>
      </trkpt>
      <trkpt lat="46.026839" lon="-91.426525">
        <ele>385.0</ele>
      </trkpt>
      <trkpt lat="46.026961" lon="-91.42646">
        <ele>386.0</ele>
      </trkpt>
      <trkpt lat="46.027005" lon="-91.426415">
        <ele>386.0</ele>
      </trkpt>
      <trkpt lat="46.027032" lon="-91.426376">
        <ele>386.0</ele>
      </trkpt>
      <trkpt lat="46.027049" lon="-91.426315">
        <ele>387.0</ele>
      </trkpt>
      <trkpt lat="46.027102" lon="-91.426235">
        <ele>387.0</ele>
      </trkpt>
      <trkpt lat="46.027141" lon="-91.426157">
        <ele>388.0</ele>
      </trkpt>
      <trkpt lat="46.027173" lon="-91.426082">
        <ele>388.0</ele>
      </trkpt>
      <trkpt lat="46.027252" lon="-91.425943">
        <ele>387.0</ele>
      </trkpt>
      <trkpt lat="46.027281" lon="-91.425862">
        <ele>387.0</ele>
      </trkpt>
      <trkpt lat="46.027329" lon="-91.425803">
        <ele>386.0</ele>
      </trkpt>
      <trkpt lat="46.027379" lon="-91.42572">
        <ele>386.0</ele>
      </trkpt>
      <trkpt lat="46.027413" lon="-91.425643">
        <ele>385.0</ele>
      </trkpt>
      <trkpt lat="46.02743" lon="-91.425545">
        <ele>385.0</ele>
      </trkpt>
      <trkpt lat="46.027456" lon="-91.425471">
        <ele>385.0</ele>
      </trkpt>
      <trkpt lat="46.027483" lon="-91.425415">
        <ele>385.0</ele>
      </trkpt>
      <trkpt lat="46.027499" lon="-91.425346">
        <ele>385.0</ele>
      </trkpt>
      <trkpt lat="46.027513" lon="-91.425264">
        <ele>385.0</ele>
      </trkpt>
      <trkpt lat="46.02752" lon="-91.425178">
        <ele>385.0</ele>
      </trkpt>
      <trkpt lat="46.027531" lon="-91.425116">
        <ele>385.0</ele>
      </trkpt>
      <trkpt lat="46.027549" lon="-91.424955">
        <ele>385.0</ele>
      </trkpt>
      <trkpt lat="46.027521" lon="-91.424696">
        <ele>386.0</ele>
      </trkpt>
      <trkpt lat="46.027527" lon="-91.424588">
        <ele>386.0</ele>
      </trkpt>
      <trkpt lat="46.027526" lon="-91.424518">
        <ele>386.0</ele>
      </trkpt>
      <trkpt lat="46.027511" lon="-91.424423">
        <ele>386.0</ele>
      </trkpt>
      <trkpt lat="46.027451" lon="-91.424249">
        <ele>388.0</ele>
      </trkpt>
      <trkpt lat="46.027439" lon="-91.424155">
        <ele>388.0</ele>
      </trkpt>
      <trkpt lat="46.027407" lon="-91.424067">
        <ele>389.0</ele>
      </trkpt>
      <trkpt lat="46.0274" lon="-91.423987">
        <ele>389.0</ele>
      </trkpt>
      <trkpt lat="46.027405" lon="-91.423902">
        <ele>390.0</ele>
      </trkpt>
      <trkpt lat="46.027354" lon="-91.42375">
        <ele>390.0</ele>
      </trkpt>
      <trkpt lat="46.027351" lon="-91.42358">
        <ele>391.0</ele>
      </trkpt>
      <trkpt lat="46.027356" lon="-91.423476">
        <ele>392.0</ele>
      </trkpt>
      <trkpt lat="46.027386" lon="-91.4234">
        <ele>392.0</ele>
      </trkpt>
      <trkpt lat="46.027411" lon="-91.423302">
        <ele>393.0</ele>
      </trkpt>
      <trkpt lat="46.027427" lon="-91.423209">
        <ele>393.0</ele>
      </trkpt>
      <trkpt lat="46.02745" lon="-91.423125">
        <ele>394.0</ele>
      </trkpt>
      <trkpt lat="46.027469" lon="-91.42302">
        <ele>394.0</ele>
      </trkpt>
      <trkpt lat="46.027491" lon="-91.42281">
        <ele>395.0</ele>
      </trkpt>
      <trkpt lat="46.027508" lon="-91.422703">
        <ele>395.0</ele>
      </trkpt>
      <trkpt lat="46.027504" lon="-91.422491">
        <ele>396.0</ele>
      </trkpt>
      <trkpt lat="46.027519" lon="-91.422295">
        <ele>397.0</ele>
      </trkpt>
      <trkpt lat="46.027533" lon="-91.422187">
        <ele>397.0</ele>
      </trkpt>
      <trkpt lat="46.027549" lon="-91.421987">
        <ele>398.0</ele>
      </trkpt>
      <trkpt lat="46.027583" lon="-91.421803">
        <ele>398.0</ele>
      </trkpt>
      <trkpt lat="46.027607" lon="-91.421723">
        <ele>398.0</ele>
      </trkpt>
      <trkpt lat="46.027649" lon="-91.42166">
        <ele>399.0</ele>
      </trkpt>
      <trkpt lat="46.027657" lon="-91.421549">
        <ele>399.0</ele>
      </trkpt>
      <trkpt lat="46.027718" lon="-91.421243">
        <ele>399.0</ele>
      </trkpt>
      <trkpt lat="46.027746" lon="-91.421158">
        <ele>399.0</ele>
      </trkpt>
      <trkpt lat="46.027762" lon="-91.421059">
        <ele>399.0</ele>
      </trkpt>
      <trkpt lat="46.027765" lon="-91.420963">
        <ele>400.0</ele>
      </trkpt>
      <trkpt lat="46.027749" lon="-91.420886">
        <ele>400.0</ele>
      </trkpt>
      <trkpt lat="46.027727" lon="-91.420806">
        <ele>400.0</ele>
      </trkpt>
      <trkpt lat="46.027691" lon="-91.420722">
        <ele>400.0</ele>
      </trkpt>
      <trkpt lat="46.027606" lon="-91.42059">
        <ele>401.0</ele>
      </trkpt>
      <trkpt lat="46.027535" lon="-91.420434">
        <ele>400.0</ele>
      </trkpt>
      <trkpt lat="46.027516" lon="-91.420341">
        <ele>400.0</ele>
      </trkpt>
      <trkpt lat="46.027494" lon="-91.420152">
        <ele>400.0</ele>
      </trkpt>
      <trkpt lat="46.027462" lon="-91.42007">
        <ele>400.0</ele>
      </trkpt>
      <trkpt lat="46.027446" lon="-91.419982">
        <ele>400.0</ele>
      </trkpt>
      <trkpt lat="46.027453" lon="-91.419891">
        <ele>400.0</ele>
      </trkpt>
      <trkpt lat="46.027464" lon="-91.419812">
        <ele>401.0</ele>
      </trkpt>
      <trkpt lat="46.027494" lon="-91.419709">
        <ele>401.0</ele>
      </trkpt>
      <trkpt lat="46.027582" lon="-91.419567">
        <ele>400.0</ele>
      </trkpt>
      <trkpt lat="46.027686" lon="-91.419426">
        <ele>400.0</ele>
      </trkpt>
      <trkpt lat="46.027743" lon="-91.419367">
        <ele>400.0</ele>
      </trkpt>
      <trkpt lat="46.027787" lon="-91.419312">
        <ele>399.0</ele>
      </trkpt>
      <trkpt lat="46.027852" lon="-91.419268">
        <ele>399.0</ele>
      </trkpt>
      <trkpt lat="46.027905" lon="-91.419223">
        <ele>399.0</ele>
      </trkpt>
      <trkpt lat="46.027956" lon="-91.419167">
        <ele>399.0</ele>
      </trkpt>
      <trkpt lat="46.027998" lon="-91.419118">
        <ele>399.0</ele>
      </trkpt>
      <trkpt lat="46.028025" lon="-91.419052">
        <ele>399.0</ele>
      </trkpt>
      <trkpt lat="46.028067" lon="-91.419013">
        <ele>399.0</ele>
      </trkpt>
      <trkpt lat="46.028096" lon="-91.418973">
        <ele>399.0</ele>
      </trkpt>
      <trkpt lat="46.028185" lon="-91.41894">
        <ele>399.0</ele>
      </trkpt>
      <trkpt lat="46.02823" lon="-91.41892">
        <ele>399.0</ele>
      </trkpt>
      <trkpt lat="46.02829" lon="-91.418908">
        <ele>399.0</ele>
      </trkpt>
      <trkpt lat="46.028345" lon="-91.418885">
        <ele>399.0</ele>
      </trkpt>
      <trkpt lat="46.028403" lon="-91.418854">
        <ele>399.0</ele>
      </trkpt>
      <trkpt lat="46.028456" lon="-91.418832">
        <ele>398.0</ele>
      </trkpt>
      <trkpt lat="46.028502" lon="-91.418804">
        <ele>398.0</ele>
      </trkpt>
      <trkpt lat="46.028533" lon="-91.418776">
        <ele>398.0</ele>
      </trkpt>
      <trkpt lat="46.028638" lon="-91.418697">
        <ele>398.0</ele>
      </trkpt>
      <trkpt lat="46.028681" lon="-91.41867">
        <ele>397.0</ele>
      </trkpt>
      <trkpt lat="46.028705" lon="-91.418646">
        <ele>397.0</ele>
      </trkpt>
      <trkpt lat="46.028776" lon="-91.418603">
        <ele>397.0</ele>
      </trkpt>
      <trkpt lat="46.028859" lon="-91.418583">
        <ele>396.0</ele>
      </trkpt>
      <trkpt lat="46.028903" lon="-91.418547">
        <ele>396.0</ele>
      </trkpt>
      <trkpt lat="46.028928" lon="-91.418504">
        <ele>396.0</ele>
      </trkpt>
      <trkpt lat="46.028961" lon="-91.418465">
        <ele>396.0</ele>
      </trkpt>
      <trkpt lat="46.028989" lon="-91.418415">
        <ele>396.0</ele>
      </trkpt>
      <trkpt lat="46.029063" lon="-91.418304">
        <ele>396.0</ele>
      </trkpt>
      <trkpt lat="46.029096" lon="-91.418243">
        <ele>397.0</ele>
      </trkpt>
      <trkpt lat="46.02914" lon="-91.41818">
        <ele>397.0</ele>
      </trkpt>
      <trkpt lat="46.029201" lon="-91.41803">
        <ele>397.0</ele>
      </trkpt>
      <trkpt lat="46.029213" lon="-91.417944">
        <ele>397.0</ele>
      </trkpt>
      <trkpt lat="46.029215" lon="-91.417863">
        <ele>397.0</ele>
      </trkpt>
      <trkpt lat="46.029206" lon="-91.417775">
        <ele>397.0</ele>
      </trkpt>
      <trkpt lat="46.029177" lon="-91.417671">
        <ele>397.0</ele>
      </trkpt>
      <trkpt lat="46.029172" lon="-91.417626">
        <ele>398.0</ele>
      </trkpt>
      <trkpt lat="46.029176" lon="-91.417614">
        <ele>398.0</ele>
      </trkpt>
      <trkpt lat="46.029173" lon="-91.417603">
        <ele>398.0</ele>
      </trkpt>
      <trkpt lat="46.029182" lon="-91.417571">
        <ele>398.0</ele>
      </trkpt>
      <trkpt lat="46.029168" lon="-91.417512">
        <ele>398.0</ele>
      </trkpt>
      <trkpt lat="46.029158" lon="-91.417445">
        <ele>398.0</ele>
      </trkpt>
      <trkpt lat="46.029121" lon="-91.417337">
        <ele>399.0</ele>
      </trkpt>
      <trkpt lat="46.02912" lon="-91.417246">
        <ele>400.0</ele>
      </trkpt>
      <trkpt lat="46.029104" lon="-91.417178">
        <ele>401.0</ele>
      </trkpt>
      <trkpt lat="46.029082" lon="-91.417123">
        <ele>401.0</ele>
      </trkpt>
      <trkpt lat="46.029056" lon="-91.417073">
        <ele>402.0</ele>
      </trkpt>
      <trkpt lat="46.029013" lon="-91.416945">
        <ele>403.0</ele>
      </trkpt>
      <trkpt lat="46.028994" lon="-91.416876">
        <ele>404.0</ele>
      </trkpt>
      <trkpt lat="46.028956" lon="-91.416801">
        <ele>405.0</ele>
      </trkpt>
      <trkpt lat="46.028936" lon="-91.416728">
        <ele>405.0</ele>
      </trkpt>
      <trkpt lat="46.028893" lon="-91.4165">
        <ele>407.0</ele>
      </trkpt>
      <trkpt lat="46.028876" lon="-91.416452">
        <ele>408.0</ele>
      </trkpt>
      <trkpt lat="46.028854" lon="-91.41637">
        <ele>408.0</ele>
      </trkpt>
      <trkpt lat="46.028843" lon="-91.416304">
        <ele>408.0</ele>
      </trkpt>
      <trkpt lat="46.028842" lon="-91.416233">
        <ele>409.0</ele>
      </trkpt>
      <trkpt lat="46.028798" lon="-91.416178">
        <ele>409.0</ele>
      </trkpt>
      <trkpt lat="46.028718" lon="-91.41613">
        <ele>409.0</ele>
      </trkpt>
      <trkpt lat="46.028651" lon="-91.416075">
        <ele>409.0</ele>
      </trkpt>
      <trkpt lat="46.028628" lon="-91.41599">
        <ele>410.0</ele>
      </trkpt>
      <trkpt lat="46.028587" lon="-91.415906">
        <ele>410.0</ele>
      </trkpt>
      <trkpt lat="46.028566" lon="-91.415815">
        <ele>410.0</ele>
      </trkpt>
      <trkpt lat="46.028536" lon="-91.415727">
        <ele>410.0</ele>
      </trkpt>
      <trkpt lat="46.028453" lon="-91.415417">
        <ele>411.0</ele>
      </trkpt>
      <trkpt lat="46.028395" lon="-91.415231">
        <ele>412.0</ele>
      </trkpt>
      <trkpt lat="46.028363" lon="-91.415142">
        <ele>413.0</ele>
      </trkpt>
      <trkpt lat="46.028364" lon="-91.415036">
        <ele>414.0</ele>
      </trkpt>
      <trkpt lat="46.028374" lon="-91.414943">
        <ele>415.0</ele>
      </trkpt>
      <trkpt lat="46.028379" lon="-91.41466">
        <ele>417.0</ele>
      </trkpt>
      <trkpt lat="46.028361" lon="-91.414386">
        <ele>419.0</ele>
      </trkpt>
      <trkpt lat="46.028358" lon="-91.414295">
        <ele>419.0</ele>
      </trkpt>
      <trkpt lat="46.028361" lon="-91.41421">
        <ele>420.0</ele>
      </trkpt>
      <trkpt lat="46.028375" lon="-91.414129">
        <ele>421.0</ele>
      </trkpt>
      <trkpt lat="46.028362" lon="-91.414025">
        <ele>421.0</ele>
      </trkpt>
      <trkpt lat="46.028364" lon="-91.413947">
        <ele>422.0</ele>
      </trkpt>
      <trkpt lat="46.028391" lon="-91.41376">
        <ele>423.0</ele>
      </trkpt>
      <trkpt lat="46.028409" lon="-91.413675">
        <ele>423.0</ele>
      </trkpt>
      <trkpt lat="46.028417" lon="-91.413569">
        <ele>424.0</ele>
      </trkpt>
      <trkpt lat="46.028406" lon="-91.413475">
        <ele>424.0</ele>
      </trkpt>
      <trkpt lat="46.028373" lon="-91.413376">
        <ele>424.0</ele>
      </trkpt>
      <trkpt lat="46.028373" lon="-91.413279">
        <ele>425.0</ele>
      </trkpt>
      <trkpt lat="46.028346" lon="-91.413197">
        <ele>425.0</ele>
      </trkpt>
      <trkpt lat="46.028311" lon="-91.413115">
        <ele>426.0</ele>
      </trkpt>
      <trkpt lat="46.028268" lon="-91.413037">
        <ele>426.0</ele>
      </trkpt>
      <trkpt lat="46.028217" lon="-91.412974">
        <ele>426.0</ele>
      </trkpt>
      <trkpt lat="46.028173" lon="-91.412932">
        <ele>426.0</ele>
      </trkpt>
      <trkpt lat="46.028106" lon="-91.412898">
        <ele>426.0</ele>
      </trkpt>
      <trkpt lat="46.028043" lon="-91.412873">
        <ele>427.0</ele>
      </trkpt>
      <trkpt lat="46.027965" lon="-91.412853">
        <ele>426.0</ele>
      </trkpt>
      <trkpt lat="46.027898" lon="-91.412812">
        <ele>426.0</ele>
      </trkpt>
      <trkpt lat="46.027849" lon="-91.41274">
        <ele>426.0</ele>
      </trkpt>
      <trkpt lat="46.027803" lon="-91.412686">
        <ele>426.0</ele>
      </trkpt>
      <trkpt lat="46.027794" lon="-91.412641">
        <ele>427.0</ele>
      </trkpt>
      <trkpt lat="46.027822" lon="-91.412624">
        <ele>427.0</ele>
      </trkpt>
      <trkpt lat="46.027795" lon="-91.412614">
        <ele>427.0</ele>
      </trkpt>
      <trkpt lat="46.027794" lon="-91.41259">
        <ele>427.0</ele>
      </trkpt>
      <trkpt lat="46.02777" lon="-91.412466">
        <ele>427.0</ele>
      </trkpt>
      <trkpt lat="46.027799" lon="-91.412422">
        <ele>427.0</ele>
      </trkpt>
      <trkpt lat="46.027788" lon="-91.412387">
        <ele>427.0</ele>
      </trkpt>
      <trkpt lat="46.027803" lon="-91.412371">
        <ele>427.0</ele>
      </trkpt>
      <trkpt lat="46.02783" lon="-91.41233">
        <ele>427.0</ele>
      </trkpt>
      <trkpt lat="46.027904" lon="-91.412281">
        <ele>427.0</ele>
      </trkpt>
      <trkpt lat="46.027937" lon="-91.412265">
        <ele>427.0</ele>
      </trkpt>
      <trkpt lat="46.028017" lon="-91.412203">
        <ele>427.0</ele>
      </trkpt>
      <trkpt lat="46.028057" lon="-91.412189">
        <ele>427.0</ele>
      </trkpt>
      <trkpt lat="46.028102" lon="-91.412184">
        <ele>427.0</ele>
      </trkpt>
      <trkpt lat="46.028133" lon="-91.412185">
        <ele>427.0</ele>
      </trkpt>
      <trkpt lat="46.02816" lon="-91.412193">
        <ele>427.0</ele>
      </trkpt>
      <trkpt lat="46.028201" lon="-91.412179">
        <ele>427.0</ele>
      </trkpt>
      <trkpt lat="46.028324" lon="-91.412178">
        <ele>427.0</ele>
      </trkpt>
      <trkpt lat="46.028417" lon="-91.412171">
        <ele>427.0</ele>
      </trkpt>
      <trkpt lat="46.028522" lon="-91.412177">
        <ele>427.0</ele>
      </trkpt>
      <trkpt lat="46.028583" lon="-91.412188">
        <ele>427.0</ele>
      </trkpt>
      <trkpt lat="46.028835" lon="-91.412165">
        <ele>426.0</ele>
      </trkpt>
      <trkpt lat="46.028895" lon="-91.412183">
        <ele>426.0</ele>
      </trkpt>
      <trkpt lat="46.028956" lon="-91.412174">
        <ele>426.0</ele>
      </trkpt>
      <trkpt lat="46.029026" lon="-91.412178">
        <ele>426.0</ele>
      </trkpt>
      <trkpt lat="46.02909" lon="-91.412174">
        <ele>425.0</ele>
      </trkpt>
      <trkpt lat="46.029206" lon="-91.412191">
        <ele>425.0</ele>
      </trkpt>
      <trkpt lat="46.029263" lon="-91.412187">
        <ele>425.0</ele>
      </trkpt>
      <trkpt lat="46.029324" lon="-91.412195">
        <ele>424.0</ele>
      </trkpt>
      <trkpt lat="46.029462" lon="-91.412189">
        <ele>424.0</ele>
      </trkpt>
      <trkpt lat="46.029524" lon="-91.412178">
        <ele>424.0</ele>
      </trkpt>
      <trkpt lat="46.029586" lon="-91.412185">
        <ele>424.0</ele>
      </trkpt>
      <trkpt lat="46.02963" lon="-91.412194">
        <ele>423.0</ele>
      </trkpt>
      <trkpt lat="46.029678" lon="-91.41217">
        <ele>423.0</ele>
      </trkpt>
      <trkpt lat="46.029722" lon="-91.41217">
        <ele>423.0</ele>
      </trkpt>
      <trkpt lat="46.029785" lon="-91.412182">
        <ele>423.0</ele>
      </trkpt>
      <trkpt lat="46.029874" lon="-91.412166">
        <ele>423.0</ele>
      </trkpt>
      <trkpt lat="46.029938" lon="-91.412163">
        <ele>422.0</ele>
      </trkpt>
      <trkpt lat="46.030002" lon="-91.412176">
        <ele>422.0</ele>
      </trkpt>
      <trkpt lat="46.030095" lon="-91.412177">
        <ele>422.0</ele>
      </trkpt>
      <trkpt lat="46.03017" lon="-91.412167">
        <ele>422.0</ele>
      </trkpt>
      <trkpt lat="46.030245" lon="-91.412145">
        <ele>422.0</ele>
      </trkpt>
      <trkpt lat="46.030313" lon="-91.412143">
        <ele>422.0</ele>
      </trkpt>
      <trkpt lat="46.030386" lon="-91.412126">
        <ele>422.0</ele>
      </trkpt>
      <trkpt lat="46.030445" lon="-91.412145">
        <ele>422.0</ele>
      </trkpt>
      <trkpt lat="46.030589" lon="-91.412129">
        <ele>422.0</ele>
      </trkpt>
      <trkpt lat="46.030656" lon="-91.412126">
        <ele>421.0</ele>
      </trkpt>
      <trkpt lat="46.030788" lon="-91.412105">
        <ele>421.0</ele>
      </trkpt>
      <trkpt lat="46.030943" lon="-91.412086">
        <ele>421.0</ele>
      </trkpt>
      <trkpt lat="46.031019" lon="-91.412071">
        <ele>421.0</ele>
      </trkpt>
      <trkpt lat="46.031091" lon="-91.412036">
        <ele>421.0</ele>
      </trkpt>
      <trkpt lat="46.03116" lon="-91.411995">
        <ele>422.0</ele>
      </trkpt>
      <trkpt lat="46.031216" lon="-91.411927">
        <ele>422.0</ele>
      </trkpt>
      <trkpt lat="46.031268" lon="-91.411904">
        <ele>422.0</ele>
      </trkpt>
      <trkpt lat="46.031325" lon="-91.41187">
        <ele>423.0</ele>
      </trkpt>
      <trkpt lat="46.031389" lon="-91.411851">
        <ele>423.0</ele>
      </trkpt>
      <trkpt lat="46.031458" lon="-91.411852">
        <ele>423.0</ele>
      </trkpt>
      <trkpt lat="46.031525" lon="-91.411817">
        <ele>423.0</ele>
      </trkpt>
      <trkpt lat="46.031571" lon="-91.411823">
        <ele>423.0</ele>
      </trkpt>
      <trkpt lat="46.031616" lon="-91.411833">
        <ele>423.0</ele>
      </trkpt>
      <trkpt lat="46.031674" lon="-91.411815">
        <ele>423.0</ele>
      </trkpt>
      <trkpt lat="46.031768" lon="-91.411838">
        <ele>422.0</ele>
      </trkpt>
      <trkpt lat="46.031828" lon="-91.411834">
        <ele>422.0</ele>
      </trkpt>
      <trkpt lat="46.031923" lon="-91.411836">
        <ele>421.0</ele>
      </trkpt>
      <trkpt lat="46.032048" lon="-91.411845">
        <ele>420.0</ele>
      </trkpt>
      <trkpt lat="46.0321" lon="-91.411839">
        <ele>419.0</ele>
      </trkpt>
      <trkpt lat="46.032239" lon="-91.411852">
        <ele>417.0</ele>
      </trkpt>
      <trkpt lat="46.032378" lon="-91.411875">
        <ele>415.0</ele>
      </trkpt>
      <trkpt lat="46.032455" lon="-91.411884">
        <ele>413.0</ele>
      </trkpt>
      <trkpt lat="46.03272" lon="-91.411946">
        <ele>407.0</ele>
      </trkpt>
      <trkpt lat="46.032806" lon="-91.411984">
        <ele>406.0</ele>
      </trkpt>
      <trkpt lat="46.032884" lon="-91.411995">
        <ele>405.0</ele>
      </trkpt>
      <trkpt lat="46.032966" lon="-91.412026">
        <ele>405.0</ele>
      </trkpt>
      <trkpt lat="46.033051" lon="-91.412066">
        <ele>404.0</ele>
      </trkpt>
      <trkpt lat="46.033145" lon="-91.412086">
        <ele>404.0</ele>
      </trkpt>
      <trkpt lat="46.03338" lon="-91.412166">
        <ele>406.0</ele>
      </trkpt>
      <trkpt lat="46.033488" lon="-91.412238">
        <ele>407.0</ele>
      </trkpt>
      <trkpt lat="46.033541" lon="-91.412275">
        <ele>407.0</ele>
      </trkpt>
      <trkpt lat="46.033592" lon="-91.412339">
        <ele>407.0</ele>
      </trkpt>
      <trkpt lat="46.033702" lon="-91.412467">
        <ele>406.0</ele>
      </trkpt>
      <trkpt lat="46.033819" lon="-91.412562">
        <ele>406.0</ele>
      </trkpt>
      <trkpt lat="46.03394" lon="-91.41267">
        <ele>406.0</ele>
      </trkpt>
      <trkpt lat="46.033999" lon="-91.412713">
        <ele>405.0</ele>
      </trkpt>
      <trkpt lat="46.034064" lon="-91.412754">
        <ele>405.0</ele>
      </trkpt>
      <trkpt lat="46.034142" lon="-91.412797">
        <ele>404.0</ele>
      </trkpt>
      <trkpt lat="46.03434" lon="-91.412945">
        <ele>405.0</ele>
      </trkpt>
      <trkpt lat="46.0344" lon="-91.413009">
        <ele>406.0</ele>
      </trkpt>
      <trkpt lat="46.034445" lon="-91.413066">
        <ele>406.0</ele>
      </trkpt>
      <trkpt lat="46.034488" lon="-91.413141">
        <ele>407.0</ele>
      </trkpt>
      <trkpt lat="46.034541" lon="-91.413218">
        <ele>407.0</ele>
      </trkpt>
      <trkpt lat="46.034591" lon="-91.413287">
        <ele>408.0</ele>
      </trkpt>
      <trkpt lat="46.034644" lon="-91.413346">
        <ele>408.0</ele>
      </trkpt>
      <trkpt lat="46.034698" lon="-91.413394">
        <ele>409.0</ele>
      </trkpt>
      <trkpt lat="46.034749" lon="-91.413432">
        <ele>409.0</ele>
      </trkpt>
      <trkpt lat="46.034809" lon="-91.41346">
        <ele>408.0</ele>
      </trkpt>
      <trkpt lat="46.03493" lon="-91.413501">
        <ele>408.0</ele>
      </trkpt>
      <trkpt lat="46.035197" lon="-91.413566">
        <ele>406.0</ele>
      </trkpt>
      <trkpt lat="46.035506" lon="-91.413683">
        <ele>405.0</ele>
      </trkpt>
      <trkpt lat="46.035711" lon="-91.413787">
        <ele>404.0</ele>
      </trkpt>
      <trkpt lat="46.036121" lon="-91.413971">
        <ele>403.0</ele>
      </trkpt>
      <trkpt lat="46.036399" lon="-91.41411">
        <ele>403.0</ele>
      </trkpt>
      <trkpt lat="46.036467" lon="-91.414138">
        <ele>403.0</ele>
      </trkpt>
      <trkpt lat="46.036542" lon="-91.41416">
        <ele>404.0</ele>
      </trkpt>
      <trkpt lat="46.036699" lon="-91.414182">
        <ele>404.0</ele>
      </trkpt>
      <trkpt lat="46.036775" lon="-91.414184">
        <ele>405.0</ele>
      </trkpt>
      <trkpt lat="46.036844" lon="-91.414194">
        <ele>405.0</ele>
      </trkpt>
      <trkpt lat="46.036918" lon="-91.41421">
        <ele>405.0</ele>
      </trkpt>
      <trkpt lat="46.036992" lon="-91.414217">
        <ele>405.0</ele>
      </trkpt>
      <trkpt lat="46.037073" lon="-91.41422">
        <ele>405.0</ele>
      </trkpt>
      <trkpt lat="46.037159" lon="-91.414217">
        <ele>405.0</ele>
      </trkpt>
      <trkpt lat="46.037348" lon="-91.414227">
        <ele>405.0</ele>
      </trkpt>
      <trkpt lat="46.037428" lon="-91.414235">
        <ele>405.0</ele>
      </trkpt>
      <trkpt lat="46.037559" lon="-91.414258">
        <ele>404.0</ele>
      </trkpt>
      <trkpt lat="46.037683" lon="-91.414273">
        <ele>404.0</ele>
      </trkpt>
      <trkpt lat="46.037755" lon="-91.414298">
        <ele>404.0</ele>
      </trkpt>
      <trkpt lat="46.037829" lon="-91.414312">
        <ele>405.0</ele>
      </trkpt>
      <trkpt lat="46.037965" lon="-91.414365">
        <ele>405.0</ele>
      </trkpt>
      <trkpt lat="46.038093" lon="-91.414421">
        <ele>405.0</ele>
      </trkpt>
      <trkpt lat="46.038152" lon="-91.414436">
        <ele>406.0</ele>
      </trkpt>
      <trkpt lat="46.03821" lon="-91.41444">
        <ele>406.0</ele>
      </trkpt>
      <trkpt lat="46.03827" lon="-91.414423">
        <ele>407.0</ele>
      </trkpt>
      <trkpt lat="46.038324" lon="-91.414401">
        <ele>407.0</ele>
      </trkpt>
      <trkpt lat="46.038382" lon="-91.414366">
        <ele>407.0</ele>
      </trkpt>
      <trkpt lat="46.038445" lon="-91.4143">
        <ele>407.0</ele>
      </trkpt>
      <trkpt lat="46.038496" lon="-91.414238">
        <ele>407.0</ele>
      </trkpt>
      <trkpt lat="46.038542" lon="-91.414173">
        <ele>407.0</ele>
      </trkpt>
      <trkpt lat="46.038583" lon="-91.414097">
        <ele>407.0</ele>
      </trkpt>
      <trkpt lat="46.03863" lon="-91.414023">
        <ele>407.0</ele>
      </trkpt>
      <trkpt lat="46.038715" lon="-91.413849">
        <ele>407.0</ele>
      </trkpt>
      <trkpt lat="46.038753" lon="-91.413758">
        <ele>407.0</ele>
      </trkpt>
      <trkpt lat="46.038785" lon="-91.413664">
        <ele>407.0</ele>
      </trkpt>
      <trkpt lat="46.038813" lon="-91.41356">
        <ele>407.0</ele>
      </trkpt>
      <trkpt lat="46.038823" lon="-91.413454">
        <ele>407.0</ele>
      </trkpt>
      <trkpt lat="46.038842" lon="-91.413356">
        <ele>407.0</ele>
      </trkpt>
      <trkpt lat="46.038887" lon="-91.41305">
        <ele>409.0</ele>
      </trkpt>
      <trkpt lat="46.038928" lon="-91.412858">
        <ele>411.0</ele>
      </trkpt>
      <trkpt lat="46.039029" lon="-91.412574">
        <ele>413.0</ele>
      </trkpt>
      <trkpt lat="46.039072" lon="-91.412488">
        <ele>414.0</ele>
      </trkpt>
      <trkpt lat="46.039118" lon="-91.412409">
        <ele>414.0</ele>
      </trkpt>
      <trkpt lat="46.039154" lon="-91.412337">
        <ele>415.0</ele>
      </trkpt>
      <trkpt lat="46.039196" lon="-91.412196">
        <ele>415.0</ele>
      </trkpt>
      <trkpt lat="46.039208" lon="-91.412087">
        <ele>416.0</ele>
      </trkpt>
      <trkpt lat="46.039237" lon="-91.411914">
        <ele>416.0</ele>
      </trkpt>
      <trkpt lat="46.039257" lon="-91.411834">
        <ele>416.0</ele>
      </trkpt>
      <trkpt lat="46.039321" lon="-91.411678">
        <ele>417.0</ele>
      </trkpt>
      <trkpt lat="46.039414" lon="-91.411553">
        <ele>417.0</ele>
      </trkpt>
      <trkpt lat="46.039493" lon="-91.41147">
        <ele>417.0</ele>
      </trkpt>
      <trkpt lat="46.039626" lon="-91.411387">
        <ele>417.0</ele>
      </trkpt>
      <trkpt lat="46.039677" lon="-91.411376">
        <ele>417.0</ele>
      </trkpt>
      <trkpt lat="46.039731" lon="-91.411371">
        <ele>417.0</ele>
      </trkpt>
      <trkpt lat="46.039892" lon="-91.411333">
        <ele>416.0</ele>
      </trkpt>
      <trkpt lat="46.039949" lon="-91.411324">
        <ele>415.0</ele>
      </trkpt>
      <trkpt lat="46.040003" lon="-91.411306">
        <ele>415.0</ele>
      </trkpt>
      <trkpt lat="46.040056" lon="-91.411296">
        <ele>415.0</ele>
      </trkpt>
      <trkpt lat="46.040106" lon="-91.411281">
        <ele>415.0</ele>
      </trkpt>
      <trkpt lat="46.040165" lon="-91.41127">
        <ele>414.0</ele>
      </trkpt>
      <trkpt lat="46.040276" lon="-91.411242">
        <ele>414.0</ele>
      </trkpt>
      <trkpt lat="46.040533" lon="-91.411145">
        <ele>414.0</ele>
      </trkpt>
      <trkpt lat="46.040594" lon="-91.411141">
        <ele>414.0</ele>
      </trkpt>
      <trkpt lat="46.040646" lon="-91.411154">
        <ele>414.0</ele>
      </trkpt>
      <trkpt lat="46.040763" lon="-91.411155">
        <ele>414.0</ele>
      </trkpt>
      <trkpt lat="46.040834" lon="-91.41116">
        <ele>414.0</ele>
      </trkpt>
      <trkpt lat="46.040896" lon="-91.411149">
        <ele>414.0</ele>
      </trkpt>
      <trkpt lat="46.040961" lon="-91.411165">
        <ele>414.0</ele>
      </trkpt>
      <trkpt lat="46.041198" lon="-91.411204">
        <ele>415.0</ele>
      </trkpt>
      <trkpt lat="46.041255" lon="-91.411205">
        <ele>415.0</ele>
      </trkpt>
      <trkpt lat="46.041315" lon="-91.411192">
        <ele>415.0</ele>
      </trkpt>
      <trkpt lat="46.041433" lon="-91.411204">
        <ele>415.0</ele>
      </trkpt>
      <trkpt lat="46.041494" lon="-91.411188">
        <ele>415.0</ele>
      </trkpt>
      <trkpt lat="46.041557" lon="-91.411156">
        <ele>415.0</ele>
      </trkpt>
      <trkpt lat="46.041613" lon="-91.41112">
        <ele>415.0</ele>
      </trkpt>
      <trkpt lat="46.041904" lon="-91.410862">
        <ele>414.0</ele>
      </trkpt>
      <trkpt lat="46.042013" lon="-91.410759">
        <ele>414.0</ele>
      </trkpt>
      <trkpt lat="46.042129" lon="-91.410637">
        <ele>414.0</ele>
      </trkpt>
      <trkpt lat="46.042189" lon="-91.410583">
        <ele>414.0</ele>
      </trkpt>
      <trkpt lat="46.042252" lon="-91.410536">
        <ele>414.0</ele>
      </trkpt>
      <trkpt lat="46.042315" lon="-91.410498">
        <ele>413.0</ele>
      </trkpt>
      <trkpt lat="46.042378" lon="-91.410466">
        <ele>413.0</ele>
      </trkpt>
      <trkpt lat="46.042441" lon="-91.410438">
        <ele>413.0</ele>
      </trkpt>
      <trkpt lat="46.042511" lon="-91.410413">
        <ele>412.0</ele>
      </trkpt>
      <trkpt lat="46.042575" lon="-91.410394">
        <ele>412.0</ele>
      </trkpt>
      <trkpt lat="46.042636" lon="-91.410381">
        <ele>411.0</ele>
      </trkpt>
      <trkpt lat="46.0427" lon="-91.410375">
        <ele>410.0</ele>
      </trkpt>
      <trkpt lat="46.0429" lon="-91.41034">
        <ele>409.0</ele>
      </trkpt>
      <trkpt lat="46.042969" lon="-91.410309">
        <ele>408.0</ele>
      </trkpt>
      <trkpt lat="46.04311" lon="-91.410204">
        <ele>407.0</ele>
      </trkpt>
      <trkpt lat="46.043166" lon="-91.410137">
        <ele>407.0</ele>
      </trkpt>
      <trkpt lat="46.043212" lon="-91.410094">
        <ele>407.0</ele>
      </trkpt>
      <trkpt lat="46.043248" lon="-91.410065">
        <ele>408.0</ele>
      </trkpt>
      <trkpt lat="46.043433" lon="-91.409957">
        <ele>407.0</ele>
      </trkpt>
      <trkpt lat="46.043486" lon="-91.409933">
        <ele>407.0</ele>
      </trkpt>
      <trkpt lat="46.043546" lon="-91.409891">
        <ele>407.0</ele>
      </trkpt>
      <trkpt lat="46.043603" lon="-91.409837">
        <ele>406.0</ele>
      </trkpt>
      <trkpt lat="46.043701" lon="-91.409694">
        <ele>404.0</ele>
      </trkpt>
      <trkpt lat="46.043768" lon="-91.409515">
        <ele>403.0</ele>
      </trkpt>
      <trkpt lat="46.043805" lon="-91.409328">
        <ele>402.0</ele>
      </trkpt>
      <trkpt lat="46.043872" lon="-91.409082">
        <ele>401.0</ele>
      </trkpt>
      <trkpt lat="46.0439" lon="-91.409005">
        <ele>401.0</ele>
      </trkpt>
      <trkpt lat="46.043931" lon="-91.40894">
        <ele>401.0</ele>
      </trkpt>
      <trkpt lat="46.043961" lon="-91.408864">
        <ele>401.0</ele>
      </trkpt>
      <trkpt lat="46.043984" lon="-91.408787">
        <ele>401.0</ele>
      </trkpt>
      <trkpt lat="46.044" lon="-91.408712">
        <ele>401.0</ele>
      </trkpt>
      <trkpt lat="46.044004" lon="-91.408621">
        <ele>401.0</ele>
      </trkpt>
      <trkpt lat="46.044006" lon="-91.408446">
        <ele>401.0</ele>
      </trkpt>
      <trkpt lat="46.044016" lon="-91.408375">
        <ele>401.0</ele>
      </trkpt>
      <trkpt lat="46.044023" lon="-91.408291">
        <ele>400.0</ele>
      </trkpt>
      <trkpt lat="46.04402" lon="-91.408203">
        <ele>400.0</ele>
      </trkpt>
      <trkpt lat="46.044021" lon="-91.408043">
        <ele>400.0</ele>
      </trkpt>
      <trkpt lat="46.044023" lon="-91.407963">
        <ele>400.0</ele>
      </trkpt>
      <trkpt lat="46.044031" lon="-91.407881">
        <ele>400.0</ele>
      </trkpt>
      <trkpt lat="46.044029" lon="-91.407799">
        <ele>400.0</ele>
      </trkpt>
      <trkpt lat="46.044038" lon="-91.40763">
        <ele>399.0</ele>
      </trkpt>
      <trkpt lat="46.044063" lon="-91.407445">
        <ele>397.0</ele>
      </trkpt>
      <trkpt lat="46.044094" lon="-91.407279">
        <ele>395.0</ele>
      </trkpt>
      <trkpt lat="46.044114" lon="-91.407195">
        <ele>394.0</ele>
      </trkpt>
      <trkpt lat="46.044174" lon="-91.407034">
        <ele>393.0</ele>
      </trkpt>
      <trkpt lat="46.044206" lon="-91.406953">
        <ele>392.0</ele>
      </trkpt>
      <trkpt lat="46.044241" lon="-91.406881">
        <ele>392.0</ele>
      </trkpt>
      <trkpt lat="46.044273" lon="-91.406801">
        <ele>391.0</ele>
      </trkpt>
      <trkpt lat="46.044324" lon="-91.406696">
        <ele>390.0</ele>
      </trkpt>
      <trkpt lat="46.044425" lon="-91.406548">
        <ele>389.0</ele>
      </trkpt>
      <trkpt lat="46.044517" lon="-91.406423">
        <ele>389.0</ele>
      </trkpt>
      <trkpt lat="46.044637" lon="-91.406288">
        <ele>388.0</ele>
      </trkpt>
      <trkpt lat="46.04471" lon="-91.406193">
        <ele>387.0</ele>
      </trkpt>
      <trkpt lat="46.044797" lon="-91.406036">
        <ele>386.0</ele>
      </trkpt>
      <trkpt lat="46.044855" lon="-91.405955">
        <ele>386.0</ele>
      </trkpt>
      <trkpt lat="46.044958" lon="-91.405797">
        <ele>385.0</ele>
      </trkpt>
      <trkpt lat="46.045039" lon="-91.405687">
        <ele>384.0</ele>
      </trkpt>
      <trkpt lat="46.045125" lon="-91.405576">
        <ele>383.0</ele>
      </trkpt>
      <trkpt lat="46.045176" lon="-91.405519">
        <ele>382.0</ele>
      </trkpt>
      <trkpt lat="46.04522" lon="-91.405455">
        <ele>382.0</ele>
      </trkpt>
      <trkpt lat="46.045311" lon="-91.40535">
        <ele>381.0</ele>
      </trkpt>
      <trkpt lat="46.045366" lon="-91.405302">
        <ele>381.0</ele>
      </trkpt>
      <trkpt lat="46.045422" lon="-91.405267">
        <ele>381.0</ele>
      </trkpt>
      <trkpt lat="46.045483" lon="-91.405247">
        <ele>381.0</ele>
      </trkpt>
      <trkpt lat="46.045722" lon="-91.405218">
        <ele>380.0</ele>
      </trkpt>
      <trkpt lat="46.045845" lon="-91.405189">
        <ele>379.0</ele>
      </trkpt>
      <trkpt lat="46.045909" lon="-91.405166">
        <ele>379.0</ele>
      </trkpt>
      <trkpt lat="46.045972" lon="-91.405135">
        <ele>378.0</ele>
      </trkpt>
      <trkpt lat="46.046027" lon="-91.405114">
        <ele>378.0</ele>
      </trkpt>
      <trkpt lat="46.04631" lon="-91.404932">
        <ele>378.0</ele>
      </trkpt>
      <trkpt lat="46.046483" lon="-91.404833">
        <ele>379.0</ele>
      </trkpt>
      <trkpt lat="46.046764" lon="-91.404664">
        <ele>379.0</ele>
      </trkpt>
      <trkpt lat="46.046824" lon="-91.404635">
        <ele>379.0</ele>
      </trkpt>
      <trkpt lat="46.046954" lon="-91.404611">
        <ele>379.0</ele>
      </trkpt>
      <trkpt lat="46.047006" lon="-91.404614">
        <ele>380.0</ele>
      </trkpt>
      <trkpt lat="46.047027" lon="-91.404619">
        <ele>380.0</ele>
      </trkpt>
      <trkpt lat="46.047034" lon="-91.404614">
        <ele>380.0</ele>
      </trkpt>
      <trkpt lat="46.047122" lon="-91.404631">
        <ele>380.0</ele>
      </trkpt>
      <trkpt lat="46.047276" lon="-91.404604">
        <ele>380.0</ele>
      </trkpt>
      <trkpt lat="46.047389" lon="-91.404598">
        <ele>380.0</ele>
      </trkpt>
      <trkpt lat="46.047444" lon="-91.40459">
        <ele>380.0</ele>
      </trkpt>
      <trkpt lat="46.047616" lon="-91.40458">
        <ele>380.0</ele>
      </trkpt>
      <trkpt lat="46.047667" lon="-91.404569">
        <ele>380.0</ele>
      </trkpt>
      <trkpt lat="46.047719" lon="-91.404564">
        <ele>380.0</ele>
      </trkpt>
      <trkpt lat="46.047771" lon="-91.404551">
        <ele>380.0</ele>
      </trkpt>
      <trkpt lat="46.047884" lon="-91.404512">
        <ele>380.0</ele>
      </trkpt>
      <trkpt lat="46.047942" lon="-91.404482">
        <ele>380.0</ele>
      </trkpt>
      <trkpt lat="46.047998" lon="-91.404458">
        <ele>380.0</ele>
      </trkpt>
      <trkpt lat="46.048161" lon="-91.404365">
        <ele>380.0</ele>
      </trkpt>
      <trkpt lat="46.048217" lon="-91.404349">
        <ele>381.0</ele>
      </trkpt>
      <trkpt lat="46.048279" lon="-91.404346">
        <ele>381.0</ele>
      </trkpt>
      <trkpt lat="46.048344" lon="-91.404353">
        <ele>381.0</ele>
      </trkpt>
      <trkpt lat="46.048401" lon="-91.404367">
        <ele>381.0</ele>
      </trkpt>
      <trkpt lat="46.048454" lon="-91.404374">
        <ele>381.0</ele>
      </trkpt>
      <trkpt lat="46.048507" lon="-91.404393">
        <ele>380.0</ele>
      </trkpt>
      <trkpt lat="46.048562" lon="-91.404425">
        <ele>380.0</ele>
      </trkpt>
      <trkpt lat="46.048609" lon="-91.40447">
        <ele>380.0</ele>
      </trkpt>
      <trkpt lat="46.048664" lon="-91.404513">
        <ele>380.0</ele>
      </trkpt>
      <trkpt lat="46.048763" lon="-91.404605">
        <ele>379.0</ele>
      </trkpt>
      <trkpt lat="46.048813" lon="-91.404644">
        <ele>379.0</ele>
      </trkpt>
      <trkpt lat="46.048918" lon="-91.404716">
        <ele>378.0</ele>
      </trkpt>
      <trkpt lat="46.048972" lon="-91.404749">
        <ele>378.0</ele>
      </trkpt>
      <trkpt lat="46.049031" lon="-91.404776">
        <ele>379.0</ele>
      </trkpt>
      <trkpt lat="46.04909" lon="-91.404796">
        <ele>379.0</ele>
      </trkpt>
      <trkpt lat="46.049211" lon="-91.404826">
        <ele>380.0</ele>
      </trkpt>
      <trkpt lat="46.049273" lon="-91.404833">
        <ele>380.0</ele>
      </trkpt>
      <trkpt lat="46.049322" lon="-91.404856">
        <ele>380.0</ele>
      </trkpt>
      <trkpt lat="46.049372" lon="-91.404863">
        <ele>381.0</ele>
      </trkpt>
      <trkpt lat="46.049436" lon="-91.404852">
        <ele>382.0</ele>
      </trkpt>
      <trkpt lat="46.049496" lon="-91.404863">
        <ele>382.0</ele>
      </trkpt>
      <trkpt lat="46.049545" lon="-91.404837">
        <ele>382.0</ele>
      </trkpt>
      <trkpt lat="46.049605" lon="-91.404856">
        <ele>382.0</ele>
      </trkpt>
      <trkpt lat="46.049646" lon="-91.404854">
        <ele>382.0</ele>
      </trkpt>
      <trkpt lat="46.049791" lon="-91.404795">
        <ele>383.0</ele>
      </trkpt>
      <trkpt lat="46.049852" lon="-91.404714">
        <ele>384.0</ele>
      </trkpt>
      <trkpt lat="46.049877" lon="-91.404674">
        <ele>384.0</ele>
      </trkpt>
      <trkpt lat="46.049913" lon="-91.404584">
        <ele>384.0</ele>
      </trkpt>
      <trkpt lat="46.049919" lon="-91.404587">
        <ele>384.0</ele>
      </trkpt>
      <trkpt lat="46.04999" lon="-91.404511">
        <ele>385.0</ele>
      </trkpt>
      <trkpt lat="46.050006" lon="-91.404473">
        <ele>385.0</ele>
      </trkpt>
      <trkpt lat="46.050012" lon="-91.404425">
        <ele>385.0</ele>
      </trkpt>
      <trkpt lat="46.050041" lon="-91.404343">
        <ele>385.0</ele>
      </trkpt>
      <trkpt lat="46.050044" lon="-91.40432">
        <ele>386.0</ele>
      </trkpt>
      <trkpt lat="46.050043" lon="-91.404262">
        <ele>386.0</ele>
      </trkpt>
      <trkpt lat="46.050061" lon="-91.404138">
        <ele>386.0</ele>
      </trkpt>
      <trkpt lat="46.050074" lon="-91.404099">
        <ele>387.0</ele>
      </trkpt>
      <trkpt lat="46.050078" lon="-91.404015">
        <ele>387.0</ele>
      </trkpt>
      <trkpt lat="46.050081" lon="-91.403999">
        <ele>387.0</ele>
      </trkpt>
      <trkpt lat="46.050089" lon="-91.403991">
        <ele>387.0</ele>
      </trkpt>
      <trkpt lat="46.05011" lon="-91.403839">
        <ele>388.0</ele>
      </trkpt>
      <trkpt lat="46.050126" lon="-91.403794">
        <ele>388.0</ele>
      </trkpt>
      <trkpt lat="46.050114" lon="-91.403708">
        <ele>388.0</ele>
      </trkpt>
      <trkpt lat="46.050109" lon="-91.403695">
        <ele>388.0</ele>
      </trkpt>
      <trkpt lat="46.050102" lon="-91.403701">
        <ele>388.0</ele>
      </trkpt>
      <trkpt lat="46.050088" lon="-91.403693">
        <ele>388.0</ele>
      </trkpt>
      <trkpt lat="46.049995" lon="-91.403573">
        <ele>388.0</ele>
      </trkpt>
      <trkpt lat="46.049989" lon="-91.403535">
        <ele>388.0</ele>
      </trkpt>
      <trkpt lat="46.049969" lon="-91.403463">
        <ele>388.0</ele>
      </trkpt>
      <trkpt lat="46.049945" lon="-91.403431">
        <ele>389.0</ele>
      </trkpt>
      <trkpt lat="46.049942" lon="-91.403371">
        <ele>389.0</ele>
      </trkpt>
      <trkpt lat="46.049918" lon="-91.403316">
        <ele>389.0</ele>
      </trkpt>
      <trkpt lat="46.049902" lon="-91.403266">
        <ele>389.0</ele>
      </trkpt>
      <trkpt lat="46.049911" lon="-91.403243">
        <ele>389.0</ele>
      </trkpt>
      <trkpt lat="46.049899" lon="-91.403233">
        <ele>389.0</ele>
      </trkpt>
      <trkpt lat="46.049908" lon="-91.403225">
        <ele>389.0</ele>
      </trkpt>
      <trkpt lat="46.049917" lon="-91.403223">
        <ele>389.0</ele>
      </trkpt>
      <trkpt lat="46.049926" lon="-91.403192">
        <ele>389.0</ele>
      </trkpt>
      <trkpt lat="46.049894" lon="-91.403091">
        <ele>389.0</ele>
      </trkpt>
      <trkpt lat="46.049854" lon="-91.403058">
        <ele>388.0</ele>
      </trkpt>
      <trkpt lat="46.049785" lon="-91.402924">
        <ele>388.0</ele>
      </trkpt>
      <trkpt lat="46.049758" lon="-91.402864">
        <ele>388.0</ele>
      </trkpt>
      <trkpt lat="46.049729" lon="-91.40275">
        <ele>387.0</ele>
      </trkpt>
      <trkpt lat="46.049698" lon="-91.402698">
        <ele>387.0</ele>
      </trkpt>
      <trkpt lat="46.049682" lon="-91.402626">
        <ele>387.0</ele>
      </trkpt>
      <trkpt lat="46.049678" lon="-91.402538">
        <ele>386.0</ele>
      </trkpt>
      <trkpt lat="46.049692" lon="-91.402453">
        <ele>386.0</ele>
      </trkpt>
      <trkpt lat="46.049728" lon="-91.40236">
        <ele>386.0</ele>
      </trkpt>
      <trkpt lat="46.049738" lon="-91.402245">
        <ele>386.0</ele>
      </trkpt>
      <trkpt lat="46.049773" lon="-91.402059">
        <ele>388.0</ele>
      </trkpt>
      <trkpt lat="46.049773" lon="-91.40195">
        <ele>388.0</ele>
      </trkpt>
      <trkpt lat="46.049802" lon="-91.401875">
        <ele>389.0</ele>
      </trkpt>
      <trkpt lat="46.049826" lon="-91.401784">
        <ele>389.0</ele>
      </trkpt>
      <trkpt lat="46.049843" lon="-91.401698">
        <ele>390.0</ele>
      </trkpt>
      <trkpt lat="46.049847" lon="-91.401608">
        <ele>390.0</ele>
      </trkpt>
      <trkpt lat="46.049901" lon="-91.401422">
        <ele>391.0</ele>
      </trkpt>
      <trkpt lat="46.049912" lon="-91.401323">
        <ele>391.0</ele>
      </trkpt>
      <trkpt lat="46.049931" lon="-91.401225">
        <ele>390.0</ele>
      </trkpt>
      <trkpt lat="46.049942" lon="-91.401144">
        <ele>390.0</ele>
      </trkpt>
      <trkpt lat="46.049919" lon="-91.401048">
        <ele>391.0</ele>
      </trkpt>
      <trkpt lat="46.049908" lon="-91.400957">
        <ele>390.0</ele>
      </trkpt>
      <trkpt lat="46.049882" lon="-91.400875">
        <ele>390.0</ele>
      </trkpt>
      <trkpt lat="46.04982" lon="-91.400709">
        <ele>391.0</ele>
      </trkpt>
      <trkpt lat="46.049804" lon="-91.400634">
        <ele>391.0</ele>
      </trkpt>
      <trkpt lat="46.049805" lon="-91.400566">
        <ele>391.0</ele>
      </trkpt>
      <trkpt lat="46.049825" lon="-91.400488">
        <ele>391.0</ele>
      </trkpt>
      <trkpt lat="46.049976" lon="-91.400327">
        <ele>390.0</ele>
      </trkpt>
      <trkpt lat="46.050026" lon="-91.400256">
        <ele>390.0</ele>
      </trkpt>
      <trkpt lat="46.050075" lon="-91.400173">
        <ele>390.0</ele>
      </trkpt>
      <trkpt lat="46.050171" lon="-91.400038">
        <ele>390.0</ele>
      </trkpt>
      <trkpt lat="46.050226" lon="-91.399995">
        <ele>390.0</ele>
      </trkpt>
      <trkpt lat="46.050281" lon="-91.399968">
        <ele>390.0</ele>
      </trkpt>
      <trkpt lat="46.050331" lon="-91.399955">
        <ele>390.0</ele>
      </trkpt>
      <trkpt lat="46.050442" lon="-91.399947">
        <ele>390.0</ele>
      </trkpt>
      <trkpt lat="46.050501" lon="-91.399967">
        <ele>390.0</ele>
      </trkpt>
      <trkpt lat="46.050602" lon="-91.399963">
        <ele>390.0</ele>
      </trkpt>
      <trkpt lat="46.050647" lon="-91.399972">
        <ele>390.0</ele>
      </trkpt>
      <trkpt lat="46.050723" lon="-91.399974">
        <ele>389.0</ele>
      </trkpt>
      <trkpt lat="46.050758" lon="-91.39998">
        <ele>389.0</ele>
      </trkpt>
      <trkpt lat="46.050794" lon="-91.399972">
        <ele>389.0</ele>
      </trkpt>
      <trkpt lat="46.05083" lon="-91.39997">
        <ele>389.0</ele>
      </trkpt>
      <trkpt lat="46.05086" lon="-91.399957">
        <ele>389.0</ele>
      </trkpt>
      <trkpt lat="46.050889" lon="-91.399939">
        <ele>389.0</ele>
      </trkpt>
      <trkpt lat="46.051" lon="-91.399883">
        <ele>390.0</ele>
      </trkpt>
      <trkpt lat="46.051037" lon="-91.399874">
        <ele>390.0</ele>
      </trkpt>
      <trkpt lat="46.051052" lon="-91.399875">
        <ele>390.0</ele>
      </trkpt>
      <trkpt lat="46.051086" lon="-91.399864">
        <ele>390.0</ele>
      </trkpt>
      <trkpt lat="46.051177" lon="-91.399791">
        <ele>391.0</ele>
      </trkpt>
      <trkpt lat="46.051221" lon="-91.399762">
        <ele>392.0</ele>
      </trkpt>
      <trkpt lat="46.051276" lon="-91.399699">
        <ele>392.0</ele>
      </trkpt>
      <trkpt lat="46.051347" lon="-91.399604">
        <ele>393.0</ele>
      </trkpt>
      <trkpt lat="46.05138" lon="-91.399546">
        <ele>394.0</ele>
      </trkpt>
      <trkpt lat="46.051438" lon="-91.399462">
        <ele>394.0</ele>
      </trkpt>
      <trkpt lat="46.051481" lon="-91.399369">
        <ele>395.0</ele>
      </trkpt>
      <trkpt lat="46.051504" lon="-91.399311">
        <ele>396.0</ele>
      </trkpt>
      <trkpt lat="46.051544" lon="-91.399179">
        <ele>396.0</ele>
      </trkpt>
      <trkpt lat="46.051554" lon="-91.399078">
        <ele>396.0</ele>
      </trkpt>
      <trkpt lat="46.051541" lon="-91.39888">
        <ele>397.0</ele>
      </trkpt>
      <trkpt lat="46.051544" lon="-91.398802">
        <ele>398.0</ele>
      </trkpt>
      <trkpt lat="46.051555" lon="-91.398736">
        <ele>398.0</ele>
      </trkpt>
      <trkpt lat="46.051554" lon="-91.398651">
        <ele>399.0</ele>
      </trkpt>
      <trkpt lat="46.051567" lon="-91.398576">
        <ele>399.0</ele>
      </trkpt>
      <trkpt lat="46.051566" lon="-91.398499">
        <ele>400.0</ele>
      </trkpt>
      <trkpt lat="46.051539" lon="-91.398423">
        <ele>400.0</ele>
      </trkpt>
      <trkpt lat="46.051518" lon="-91.398343">
        <ele>400.0</ele>
      </trkpt>
      <trkpt lat="46.051506" lon="-91.39826">
        <ele>401.0</ele>
      </trkpt>
      <trkpt lat="46.051476" lon="-91.398206">
        <ele>401.0</ele>
      </trkpt>
      <trkpt lat="46.051419" lon="-91.39809">
        <ele>401.0</ele>
      </trkpt>
      <trkpt lat="46.051351" lon="-91.397973">
        <ele>401.0</ele>
      </trkpt>
      <trkpt lat="46.051327" lon="-91.397934">
        <ele>402.0</ele>
      </trkpt>
      <trkpt lat="46.051282" lon="-91.397873">
        <ele>402.0</ele>
      </trkpt>
      <trkpt lat="46.051274" lon="-91.397854">
        <ele>402.0</ele>
      </trkpt>
      <trkpt lat="46.051247" lon="-91.39783">
        <ele>403.0</ele>
      </trkpt>
      <trkpt lat="46.051246" lon="-91.397823">
        <ele>403.0</ele>
      </trkpt>
      <trkpt lat="46.051233" lon="-91.397807">
        <ele>403.0</ele>
      </trkpt>
      <trkpt lat="46.051229" lon="-91.397791">
        <ele>403.0</ele>
      </trkpt>
      <trkpt lat="46.051206" lon="-91.397747">
        <ele>404.0</ele>
      </trkpt>
      <trkpt lat="46.051208" lon="-91.397743">
        <ele>404.0</ele>
      </trkpt>
      <trkpt lat="46.051197" lon="-91.397707">
        <ele>404.0</ele>
      </trkpt>
      <trkpt lat="46.051203" lon="-91.397546">
        <ele>406.0</ele>
      </trkpt>
      <trkpt lat="46.051225" lon="-91.397329">
        <ele>408.0</ele>
      </trkpt>
      <trkpt lat="46.051222" lon="-91.397276">
        <ele>409.0</ele>
      </trkpt>
      <trkpt lat="46.051245" lon="-91.397121">
        <ele>409.0</ele>
      </trkpt>
      <trkpt lat="46.051262" lon="-91.397056">
        <ele>410.0</ele>
      </trkpt>
      <trkpt lat="46.05134" lon="-91.396872">
        <ele>409.0</ele>
      </trkpt>
      <trkpt lat="46.051403" lon="-91.396736">
        <ele>408.0</ele>
      </trkpt>
      <trkpt lat="46.051463" lon="-91.396618">
        <ele>408.0</ele>
      </trkpt>
      <trkpt lat="46.05152" lon="-91.396485">
        <ele>409.0</ele>
      </trkpt>
      <trkpt lat="46.051569" lon="-91.396355">
        <ele>410.0</ele>
      </trkpt>
      <trkpt lat="46.051608" lon="-91.396237">
        <ele>410.0</ele>
      </trkpt>
      <trkpt lat="46.051613" lon="-91.396202">
        <ele>410.0</ele>
      </trkpt>
      <trkpt lat="46.051612" lon="-91.396181">
        <ele>410.0</ele>
      </trkpt>
      <trkpt lat="46.051652" lon="-91.395926">
        <ele>409.0</ele>
      </trkpt>
      <trkpt lat="46.051686" lon="-91.39566">
        <ele>408.0</ele>
      </trkpt>
      <trkpt lat="46.05171" lon="-91.395612">
        <ele>408.0</ele>
      </trkpt>
      <trkpt lat="46.051714" lon="-91.395555">
        <ele>409.0</ele>
      </trkpt>
      <trkpt lat="46.051715" lon="-91.395442">
        <ele>408.0</ele>
      </trkpt>
      <trkpt lat="46.051724" lon="-91.395375">
        <ele>408.0</ele>
      </trkpt>
      <trkpt lat="46.051761" lon="-91.395219">
        <ele>409.0</ele>
      </trkpt>
      <trkpt lat="46.051812" lon="-91.394948">
        <ele>409.0</ele>
      </trkpt>
      <trkpt lat="46.051814" lon="-91.394813">
        <ele>409.0</ele>
      </trkpt>
      <trkpt lat="46.051835" lon="-91.394748">
        <ele>409.0</ele>
      </trkpt>
      <trkpt lat="46.051859" lon="-91.394701">
        <ele>409.0</ele>
      </trkpt>
      <trkpt lat="46.051885" lon="-91.394638">
        <ele>409.0</ele>
      </trkpt>
      <trkpt lat="46.051914" lon="-91.394583">
        <ele>408.0</ele>
      </trkpt>
      <trkpt lat="46.051986" lon="-91.394477">
        <ele>408.0</ele>
      </trkpt>
      <trkpt lat="46.052114" lon="-91.394328">
        <ele>409.0</ele>
      </trkpt>
      <trkpt lat="46.052152" lon="-91.394269">
        <ele>408.0</ele>
      </trkpt>
      <trkpt lat="46.052191" lon="-91.394218">
        <ele>408.0</ele>
      </trkpt>
      <trkpt lat="46.052281" lon="-91.394119">
        <ele>408.0</ele>
      </trkpt>
      <trkpt lat="46.05242" lon="-91.393979">
        <ele>407.0</ele>
      </trkpt>
      <trkpt lat="46.052447" lon="-91.393949">
        <ele>407.0</ele>
      </trkpt>
      <trkpt lat="46.052474" lon="-91.393911">
        <ele>407.0</ele>
      </trkpt>
      <trkpt lat="46.052538" lon="-91.393779">
        <ele>407.0</ele>
      </trkpt>
      <trkpt lat="46.052555" lon="-91.393737">
        <ele>407.0</ele>
      </trkpt>
      <trkpt lat="46.052616" lon="-91.393635">
        <ele>407.0</ele>
      </trkpt>
      <trkpt lat="46.052651" lon="-91.393585">
        <ele>407.0</ele>
      </trkpt>
      <trkpt lat="46.052745" lon="-91.393409">
        <ele>408.0</ele>
      </trkpt>
      <trkpt lat="46.052745" lon="-91.393324">
        <ele>408.0</ele>
      </trkpt>
      <trkpt lat="46.052902" lon="-91.393097">
        <ele>408.0</ele>
      </trkpt>
      <trkpt lat="46.05294" lon="-91.393019">
        <ele>408.0</ele>
      </trkpt>
      <trkpt lat="46.052972" lon="-91.392941">
        <ele>407.0</ele>
      </trkpt>
      <trkpt lat="46.053" lon="-91.39286">
        <ele>407.0</ele>
      </trkpt>
      <trkpt lat="46.053014" lon="-91.392788">
        <ele>407.0</ele>
      </trkpt>
      <trkpt lat="46.053019" lon="-91.392642">
        <ele>406.0</ele>
      </trkpt>
      <trkpt lat="46.053019" lon="-91.392379">
        <ele>405.0</ele>
      </trkpt>
      <trkpt lat="46.052986" lon="-91.392305">
        <ele>405.0</ele>
      </trkpt>
      <trkpt lat="46.052986" lon="-91.392253">
        <ele>405.0</ele>
      </trkpt>
      <trkpt lat="46.052992" lon="-91.392128">
        <ele>405.0</ele>
      </trkpt>
      <trkpt lat="46.052996" lon="-91.39211">
        <ele>405.0</ele>
      </trkpt>
      <trkpt lat="46.053007" lon="-91.391818">
        <ele>405.0</ele>
      </trkpt>
      <trkpt lat="46.053014" lon="-91.391751">
        <ele>405.0</ele>
      </trkpt>
      <trkpt lat="46.053039" lon="-91.391598">
        <ele>405.0</ele>
      </trkpt>
      <trkpt lat="46.05305" lon="-91.391464">
        <ele>404.0</ele>
      </trkpt>
      <trkpt lat="46.053048" lon="-91.391418">
        <ele>404.0</ele>
      </trkpt>
      <trkpt lat="46.0531" lon="-91.391236">
        <ele>404.0</ele>
      </trkpt>
      <trkpt lat="46.053162" lon="-91.39084">
        <ele>404.0</ele>
      </trkpt>
      <trkpt lat="46.053174" lon="-91.390779">
        <ele>404.0</ele>
      </trkpt>
      <trkpt lat="46.053218" lon="-91.390443">
        <ele>405.0</ele>
      </trkpt>
      <trkpt lat="46.053231" lon="-91.390322">
        <ele>406.0</ele>
      </trkpt>
      <trkpt lat="46.053235" lon="-91.390251">
        <ele>406.0</ele>
      </trkpt>
      <trkpt lat="46.053253" lon="-91.390095">
        <ele>407.0</ele>
      </trkpt>
      <trkpt lat="46.053268" lon="-91.3899">
        <ele>408.0</ele>
      </trkpt>
      <trkpt lat="46.053284" lon="-91.389781">
        <ele>409.0</ele>
      </trkpt>
      <trkpt lat="46.053271" lon="-91.389719">
        <ele>409.0</ele>
      </trkpt>
      <trkpt lat="46.053265" lon="-91.389523">
        <ele>409.0</ele>
      </trkpt>
      <trkpt lat="46.05327" lon="-91.38945">
        <ele>409.0</ele>
      </trkpt>
      <trkpt lat="46.053283" lon="-91.389373">
        <ele>410.0</ele>
      </trkpt>
      <trkpt lat="46.053299" lon="-91.389302">
        <ele>410.0</ele>
      </trkpt>
      <trkpt lat="46.053349" lon="-91.389117">
        <ele>410.0</ele>
      </trkpt>
      <trkpt lat="46.053371" lon="-91.389049">
        <ele>410.0</ele>
      </trkpt>
      <trkpt lat="46.053399" lon="-91.388979">
        <ele>410.0</ele>
      </trkpt>
      <trkpt lat="46.053437" lon="-91.388916">
        <ele>410.0</ele>
      </trkpt>
      <trkpt lat="46.053482" lon="-91.388866">
        <ele>410.0</ele>
      </trkpt>
      <trkpt lat="46.053523" lon="-91.388812">
        <ele>410.0</ele>
      </trkpt>
      <trkpt lat="46.053711" lon="-91.388602">
        <ele>410.0</ele>
      </trkpt>
      <trkpt lat="46.053732" lon="-91.388527">
        <ele>410.0</ele>
      </trkpt>
      <trkpt lat="46.053828" lon="-91.388428">
        <ele>411.0</ele>
      </trkpt>
      <trkpt lat="46.053877" lon="-91.388369">
        <ele>411.0</ele>
      </trkpt>
      <trkpt lat="46.053917" lon="-91.388301">
        <ele>411.0</ele>
      </trkpt>
      <trkpt lat="46.053947" lon="-91.388231">
        <ele>411.0</ele>
      </trkpt>
      <trkpt lat="46.054071" lon="-91.387972">
        <ele>411.0</ele>
      </trkpt>
      <trkpt lat="46.054103" lon="-91.38789">
        <ele>411.0</ele>
      </trkpt>
      <trkpt lat="46.054173" lon="-91.387745">
        <ele>411.0</ele>
      </trkpt>
      <trkpt lat="46.054218" lon="-91.387664">
        <ele>411.0</ele>
      </trkpt>
      <trkpt lat="46.054267" lon="-91.387605">
        <ele>411.0</ele>
      </trkpt>
      <trkpt lat="46.054286" lon="-91.387548">
        <ele>411.0</ele>
      </trkpt>
      <trkpt lat="46.054319" lon="-91.387429">
        <ele>411.0</ele>
      </trkpt>
      <trkpt lat="46.054324" lon="-91.38737">
        <ele>411.0</ele>
      </trkpt>
      <trkpt lat="46.054323" lon="-91.387309">
        <ele>411.0</ele>
      </trkpt>
      <trkpt lat="46.05432" lon="-91.387249">
        <ele>411.0</ele>
      </trkpt>
      <trkpt lat="46.054309" lon="-91.387182">
        <ele>412.0</ele>
      </trkpt>
      <trkpt lat="46.054293" lon="-91.387124">
        <ele>411.0</ele>
      </trkpt>
      <trkpt lat="46.054273" lon="-91.387069">
        <ele>411.0</ele>
      </trkpt>
      <trkpt lat="46.054242" lon="-91.387002">
        <ele>411.0</ele>
      </trkpt>
      <trkpt lat="46.054152" lon="-91.386754">
        <ele>410.0</ele>
      </trkpt>
      <trkpt lat="46.054106" lon="-91.386522">
        <ele>409.0</ele>
      </trkpt>
      <trkpt lat="46.054097" lon="-91.386452">
        <ele>409.0</ele>
      </trkpt>
      <trkpt lat="46.054071" lon="-91.386325">
        <ele>409.0</ele>
      </trkpt>
      <trkpt lat="46.054062" lon="-91.386018">
        <ele>410.0</ele>
      </trkpt>
      <trkpt lat="46.054091" lon="-91.38588">
        <ele>410.0</ele>
      </trkpt>
      <trkpt lat="46.054123" lon="-91.385807">
        <ele>410.0</ele>
      </trkpt>
      <trkpt lat="46.054154" lon="-91.385748">
        <ele>410.0</ele>
      </trkpt>
      <trkpt lat="46.05422" lon="-91.385641">
        <ele>411.0</ele>
      </trkpt>
      <trkpt lat="46.054281" lon="-91.385551">
        <ele>411.0</ele>
      </trkpt>
      <trkpt lat="46.054376" lon="-91.385383">
        <ele>411.0</ele>
      </trkpt>
      <trkpt lat="46.054407" lon="-91.385314">
        <ele>410.0</ele>
      </trkpt>
      <trkpt lat="46.054474" lon="-91.385181">
        <ele>410.0</ele>
      </trkpt>
      <trkpt lat="46.054507" lon="-91.385093">
        <ele>411.0</ele>
      </trkpt>
      <trkpt lat="46.054537" lon="-91.384999">
        <ele>411.0</ele>
      </trkpt>
      <trkpt lat="46.054575" lon="-91.384928">
        <ele>411.0</ele>
      </trkpt>
      <trkpt lat="46.054626" lon="-91.384876">
        <ele>411.0</ele>
      </trkpt>
      <trkpt lat="46.054649" lon="-91.384798">
        <ele>410.0</ele>
      </trkpt>
      <trkpt lat="46.054684" lon="-91.384741">
        <ele>410.0</ele>
      </trkpt>
      <trkpt lat="46.054717" lon="-91.384669">
        <ele>410.0</ele>
      </trkpt>
      <trkpt lat="46.054801" lon="-91.38457">
        <ele>410.0</ele>
      </trkpt>
      <trkpt lat="46.054849" lon="-91.384535">
        <ele>410.0</ele>
      </trkpt>
      <trkpt lat="46.054887" lon="-91.384513">
        <ele>410.0</ele>
      </trkpt>
      <trkpt lat="46.054941" lon="-91.384486">
        <ele>410.0</ele>
      </trkpt>
      <trkpt lat="46.055049" lon="-91.384443">
        <ele>410.0</ele>
      </trkpt>
      <trkpt lat="46.055157" lon="-91.384416">
        <ele>411.0</ele>
      </trkpt>
      <trkpt lat="46.055212" lon="-91.384406">
        <ele>411.0</ele>
      </trkpt>
      <trkpt lat="46.055273" lon="-91.384375">
        <ele>411.0</ele>
      </trkpt>
      <trkpt lat="46.055336" lon="-91.384369">
        <ele>412.0</ele>
      </trkpt>
      <trkpt lat="46.055397" lon="-91.384375">
        <ele>412.0</ele>
      </trkpt>
      <trkpt lat="46.055524" lon="-91.384344">
        <ele>413.0</ele>
      </trkpt>
      <trkpt lat="46.055679" lon="-91.384283">
        <ele>415.0</ele>
      </trkpt>
      <trkpt lat="46.055872" lon="-91.38419">
        <ele>416.0</ele>
      </trkpt>
      <trkpt lat="46.055931" lon="-91.384169">
        <ele>416.0</ele>
      </trkpt>
      <trkpt lat="46.055975" lon="-91.384131">
        <ele>416.0</ele>
      </trkpt>
      <trkpt lat="46.056012" lon="-91.38409">
        <ele>416.0</ele>
      </trkpt>
      <trkpt lat="46.056043" lon="-91.384031">
        <ele>416.0</ele>
      </trkpt>
      <trkpt lat="46.056076" lon="-91.383955">
        <ele>416.0</ele>
      </trkpt>
      <trkpt lat="46.056091" lon="-91.38388">
        <ele>416.0</ele>
      </trkpt>
      <trkpt lat="46.056107" lon="-91.38371">
        <ele>416.0</ele>
      </trkpt>
      <trkpt lat="46.056123" lon="-91.383579">
        <ele>416.0</ele>
      </trkpt>
      <trkpt lat="46.056142" lon="-91.383499">
        <ele>416.0</ele>
      </trkpt>
      <trkpt lat="46.056165" lon="-91.383435">
        <ele>416.0</ele>
      </trkpt>
      <trkpt lat="46.056174" lon="-91.383344">
        <ele>415.0</ele>
      </trkpt>
      <trkpt lat="46.056191" lon="-91.383261">
        <ele>415.0</ele>
      </trkpt>
      <trkpt lat="46.056202" lon="-91.38309">
        <ele>415.0</ele>
      </trkpt>
      <trkpt lat="46.056197" lon="-91.383016">
        <ele>415.0</ele>
      </trkpt>
      <trkpt lat="46.0562" lon="-91.382849">
        <ele>415.0</ele>
      </trkpt>
      <trkpt lat="46.05617" lon="-91.382761">
        <ele>415.0</ele>
      </trkpt>
      <trkpt lat="46.056152" lon="-91.382667">
        <ele>415.0</ele>
      </trkpt>
      <trkpt lat="46.056133" lon="-91.382588">
        <ele>414.0</ele>
      </trkpt>
      <trkpt lat="46.056085" lon="-91.382436">
        <ele>414.0</ele>
      </trkpt>
      <trkpt lat="46.056055" lon="-91.38236">
        <ele>415.0</ele>
      </trkpt>
      <trkpt lat="46.056012" lon="-91.382209">
        <ele>415.0</ele>
      </trkpt>
      <trkpt lat="46.055998" lon="-91.382138">
        <ele>415.0</ele>
      </trkpt>
      <trkpt lat="46.056" lon="-91.382065">
        <ele>416.0</ele>
      </trkpt>
      <trkpt lat="46.055977" lon="-91.38183">
        <ele>416.0</ele>
      </trkpt>
      <trkpt lat="46.055973" lon="-91.381746">
        <ele>416.0</ele>
      </trkpt>
      <trkpt lat="46.055955" lon="-91.381662">
        <ele>416.0</ele>
      </trkpt>
      <trkpt lat="46.055927" lon="-91.381604">
        <ele>416.0</ele>
      </trkpt>
      <trkpt lat="46.055855" lon="-91.381428">
        <ele>416.0</ele>
      </trkpt>
      <trkpt lat="46.055814" lon="-91.381371">
        <ele>416.0</ele>
      </trkpt>
      <trkpt lat="46.055754" lon="-91.381251">
        <ele>416.0</ele>
      </trkpt>
      <trkpt lat="46.05567" lon="-91.381126">
        <ele>416.0</ele>
      </trkpt>
      <trkpt lat="46.055566" lon="-91.380933">
        <ele>416.0</ele>
      </trkpt>
      <trkpt lat="46.05554" lon="-91.380858">
        <ele>416.0</ele>
      </trkpt>
      <trkpt lat="46.055507" lon="-91.380799">
        <ele>416.0</ele>
      </trkpt>
      <trkpt lat="46.055508" lon="-91.380714">
        <ele>416.0</ele>
      </trkpt>
      <trkpt lat="46.055519" lon="-91.380644">
        <ele>416.0</ele>
      </trkpt>
      <trkpt lat="46.055513" lon="-91.380586">
        <ele>416.0</ele>
      </trkpt>
      <trkpt lat="46.055522" lon="-91.380546">
        <ele>416.0</ele>
      </trkpt>
      <trkpt lat="46.055594" lon="-91.380457">
        <ele>416.0</ele>
      </trkpt>
      <trkpt lat="46.055627" lon="-91.380402">
        <ele>416.0</ele>
      </trkpt>
      <trkpt lat="46.055665" lon="-91.380368">
        <ele>416.0</ele>
      </trkpt>
      <trkpt lat="46.055794" lon="-91.380322">
        <ele>417.0</ele>
      </trkpt>
      <trkpt lat="46.055964" lon="-91.380278">
        <ele>417.0</ele>
      </trkpt>
      <trkpt lat="46.056009" lon="-91.380272">
        <ele>417.0</ele>
      </trkpt>
      <trkpt lat="46.056205" lon="-91.380231">
        <ele>417.0</ele>
      </trkpt>
      <trkpt lat="46.056297" lon="-91.380201">
        <ele>416.0</ele>
      </trkpt>
      <trkpt lat="46.056386" lon="-91.380161">
        <ele>416.0</ele>
      </trkpt>
      <trkpt lat="46.05643" lon="-91.38013">
        <ele>416.0</ele>
      </trkpt>
      <trkpt lat="46.056458" lon="-91.38009">
        <ele>415.0</ele>
      </trkpt>
      <trkpt lat="46.056508" lon="-91.380058">
        <ele>415.0</ele>
      </trkpt>
      <trkpt lat="46.056548" lon="-91.380002">
        <ele>414.0</ele>
      </trkpt>
      <trkpt lat="46.056644" lon="-91.379887">
        <ele>412.0</ele>
      </trkpt>
      <trkpt lat="46.056699" lon="-91.379843">
        <ele>412.0</ele>
      </trkpt>
      <trkpt lat="46.056779" lon="-91.379706">
        <ele>410.0</ele>
      </trkpt>
      <trkpt lat="46.056823" lon="-91.379641">
        <ele>409.0</ele>
      </trkpt>
      <trkpt lat="46.056899" lon="-91.379477">
        <ele>409.0</ele>
      </trkpt>
      <trkpt lat="46.056941" lon="-91.379414">
        <ele>408.0</ele>
      </trkpt>
      <trkpt lat="46.056972" lon="-91.379332">
        <ele>408.0</ele>
      </trkpt>
      <trkpt lat="46.057" lon="-91.379271">
        <ele>408.0</ele>
      </trkpt>
      <trkpt lat="46.057034" lon="-91.379215">
        <ele>407.0</ele>
      </trkpt>
      <trkpt lat="46.057064" lon="-91.379149">
        <ele>407.0</ele>
      </trkpt>
      <trkpt lat="46.057088" lon="-91.379076">
        <ele>407.0</ele>
      </trkpt>
      <trkpt lat="46.05712" lon="-91.379016">
        <ele>407.0</ele>
      </trkpt>
      <trkpt lat="46.057147" lon="-91.378951">
        <ele>407.0</ele>
      </trkpt>
      <trkpt lat="46.057201" lon="-91.378803">
        <ele>406.0</ele>
      </trkpt>
      <trkpt lat="46.057253" lon="-91.378639">
        <ele>406.0</ele>
      </trkpt>
      <trkpt lat="46.057277" lon="-91.378552">
        <ele>406.0</ele>
      </trkpt>
      <trkpt lat="46.05732" lon="-91.378377">
        <ele>407.0</ele>
      </trkpt>
      <trkpt lat="46.057344" lon="-91.378301">
        <ele>408.0</ele>
      </trkpt>
      <trkpt lat="46.057393" lon="-91.378059">
        <ele>409.0</ele>
      </trkpt>
      <trkpt lat="46.057478" lon="-91.377772">
        <ele>409.0</ele>
      </trkpt>
      <trkpt lat="46.057577" lon="-91.377569">
        <ele>408.0</ele>
      </trkpt>
      <trkpt lat="46.057735" lon="-91.377291">
        <ele>407.0</ele>
      </trkpt>
      <trkpt lat="46.057813" lon="-91.377136">
        <ele>408.0</ele>
      </trkpt>
      <trkpt lat="46.057886" lon="-91.377004">
        <ele>409.0</ele>
      </trkpt>
      <trkpt lat="46.057979" lon="-91.37681">
        <ele>410.0</ele>
      </trkpt>
      <trkpt lat="46.058016" lon="-91.376755">
        <ele>410.0</ele>
      </trkpt>
      <trkpt lat="46.058041" lon="-91.376687">
        <ele>410.0</ele>
      </trkpt>
      <trkpt lat="46.058077" lon="-91.376616">
        <ele>410.0</ele>
      </trkpt>
      <trkpt lat="46.058137" lon="-91.376481">
        <ele>410.0</ele>
      </trkpt>
      <trkpt lat="46.058258" lon="-91.376293">
        <ele>410.0</ele>
      </trkpt>
      <trkpt lat="46.058304" lon="-91.376232">
        <ele>410.0</ele>
      </trkpt>
      <trkpt lat="46.058349" lon="-91.37618">
        <ele>410.0</ele>
      </trkpt>
      <trkpt lat="46.058398" lon="-91.376113">
        <ele>410.0</ele>
      </trkpt>
      <trkpt lat="46.058479" lon="-91.375991">
        <ele>411.0</ele>
      </trkpt>
      <trkpt lat="46.05851" lon="-91.375927">
        <ele>411.0</ele>
      </trkpt>
      <trkpt lat="46.058558" lon="-91.37589">
        <ele>411.0</ele>
      </trkpt>
      <trkpt lat="46.058574" lon="-91.375826">
        <ele>411.0</ele>
      </trkpt>
      <trkpt lat="46.058627" lon="-91.375662">
        <ele>412.0</ele>
      </trkpt>
      <trkpt lat="46.058641" lon="-91.375573">
        <ele>413.0</ele>
      </trkpt>
      <trkpt lat="46.058659" lon="-91.375495">
        <ele>414.0</ele>
      </trkpt>
      <trkpt lat="46.058681" lon="-91.375427">
        <ele>414.0</ele>
      </trkpt>
      <trkpt lat="46.058705" lon="-91.375375">
        <ele>415.0</ele>
      </trkpt>
      <trkpt lat="46.058712" lon="-91.375281">
        <ele>415.0</ele>
      </trkpt>
      <trkpt lat="46.058746" lon="-91.375229">
        <ele>416.0</ele>
      </trkpt>
      <trkpt lat="46.058764" lon="-91.375148">
        <ele>416.0</ele>
      </trkpt>
      <trkpt lat="46.058791" lon="-91.375079">
        <ele>416.0</ele>
      </trkpt>
      <trkpt lat="46.05883" lon="-91.37501">
        <ele>416.0</ele>
      </trkpt>
      <trkpt lat="46.05886" lon="-91.374932">
        <ele>416.0</ele>
      </trkpt>
      <trkpt lat="46.058887" lon="-91.374849">
        <ele>415.0</ele>
      </trkpt>
      <trkpt lat="46.058917" lon="-91.374779">
        <ele>415.0</ele>
      </trkpt>
      <trkpt lat="46.058939" lon="-91.374706">
        <ele>415.0</ele>
      </trkpt>
      <trkpt lat="46.058962" lon="-91.374556">
        <ele>415.0</ele>
      </trkpt>
      <trkpt lat="46.058995" lon="-91.374402">
        <ele>414.0</ele>
      </trkpt>
      <trkpt lat="46.059015" lon="-91.374338">
        <ele>414.0</ele>
      </trkpt>
      <trkpt lat="46.059041" lon="-91.374271">
        <ele>414.0</ele>
      </trkpt>
      <trkpt lat="46.05905" lon="-91.37418">
        <ele>413.0</ele>
      </trkpt>
      <trkpt lat="46.059075" lon="-91.374058">
        <ele>413.0</ele>
      </trkpt>
      <trkpt lat="46.059135" lon="-91.373888">
        <ele>412.0</ele>
      </trkpt>
      <trkpt lat="46.05917" lon="-91.373844">
        <ele>412.0</ele>
      </trkpt>
      <trkpt lat="46.059225" lon="-91.373654">
        <ele>410.0</ele>
      </trkpt>
      <trkpt lat="46.059247" lon="-91.373479">
        <ele>408.0</ele>
      </trkpt>
      <trkpt lat="46.059252" lon="-91.373381">
        <ele>408.0</ele>
      </trkpt>
      <trkpt lat="46.059253" lon="-91.373274">
        <ele>407.0</ele>
      </trkpt>
      <trkpt lat="46.059241" lon="-91.373186">
        <ele>407.0</ele>
      </trkpt>
      <trkpt lat="46.059223" lon="-91.373093">
        <ele>407.0</ele>
      </trkpt>
      <trkpt lat="46.059215" lon="-91.372993">
        <ele>407.0</ele>
      </trkpt>
      <trkpt lat="46.059195" lon="-91.372886">
        <ele>407.0</ele>
      </trkpt>
      <trkpt lat="46.059175" lon="-91.372786">
        <ele>408.0</ele>
      </trkpt>
      <trkpt lat="46.059107" lon="-91.372639">
        <ele>410.0</ele>
      </trkpt>
      <trkpt lat="46.059071" lon="-91.37259">
        <ele>410.0</ele>
      </trkpt>
      <trkpt lat="46.059017" lon="-91.372547">
        <ele>410.0</ele>
      </trkpt>
      <trkpt lat="46.058974" lon="-91.372518">
        <ele>411.0</ele>
      </trkpt>
      <trkpt lat="46.058907" lon="-91.37246">
        <ele>410.0</ele>
      </trkpt>
      <trkpt lat="46.058888" lon="-91.372453">
        <ele>410.0</ele>
      </trkpt>
      <trkpt lat="46.058864" lon="-91.372417">
        <ele>409.0</ele>
      </trkpt>
      <trkpt lat="46.058854" lon="-91.372408">
        <ele>409.0</ele>
      </trkpt>
      <trkpt lat="46.058857" lon="-91.372378">
        <ele>408.0</ele>
      </trkpt>
      <trkpt lat="46.058845" lon="-91.372357">
        <ele>408.0</ele>
      </trkpt>
      <trkpt lat="46.058799" lon="-91.372282">
        <ele>406.0</ele>
      </trkpt>
      <trkpt lat="46.058769" lon="-91.372244">
        <ele>406.0</ele>
      </trkpt>
      <trkpt lat="46.058746" lon="-91.372226">
        <ele>406.0</ele>
      </trkpt>
      <trkpt lat="46.058741" lon="-91.372231">
        <ele>406.0</ele>
      </trkpt>
      <trkpt lat="46.058736" lon="-91.372227">
        <ele>405.0</ele>
      </trkpt>
      <trkpt lat="46.058635" lon="-91.372105">
        <ele>408.0</ele>
      </trkpt>
      <trkpt lat="46.058605" lon="-91.372077">
        <ele>409.0</ele>
      </trkpt>
      <trkpt lat="46.058578" lon="-91.372059">
        <ele>409.0</ele>
      </trkpt>
      <trkpt lat="46.058525" lon="-91.372012">
        <ele>411.0</ele>
      </trkpt>
      <trkpt lat="46.058489" lon="-91.371973">
        <ele>412.0</ele>
      </trkpt>
      <trkpt lat="46.058455" lon="-91.371945">
        <ele>412.0</ele>
      </trkpt>
      <trkpt lat="46.058415" lon="-91.371927">
        <ele>412.0</ele>
      </trkpt>
      <trkpt lat="46.058377" lon="-91.371902">
        <ele>412.0</ele>
      </trkpt>
      <trkpt lat="46.058293" lon="-91.371863">
        <ele>413.0</ele>
      </trkpt>
      <trkpt lat="46.058242" lon="-91.371849">
        <ele>413.0</ele>
      </trkpt>
      <trkpt lat="46.058192" lon="-91.371846">
        <ele>413.0</ele>
      </trkpt>
      <trkpt lat="46.058144" lon="-91.371872">
        <ele>413.0</ele>
      </trkpt>
      <trkpt lat="46.058089" lon="-91.371854">
        <ele>413.0</ele>
      </trkpt>
      <trkpt lat="46.058013" lon="-91.371849">
        <ele>413.0</ele>
      </trkpt>
      <trkpt lat="46.057973" lon="-91.371857">
        <ele>413.0</ele>
      </trkpt>
      <trkpt lat="46.057878" lon="-91.371867">
        <ele>414.0</ele>
      </trkpt>
      <trkpt lat="46.057829" lon="-91.371866">
        <ele>414.0</ele>
      </trkpt>
      <trkpt lat="46.057702" lon="-91.371882">
        <ele>414.0</ele>
      </trkpt>
      <trkpt lat="46.057596" lon="-91.371915">
        <ele>415.0</ele>
      </trkpt>
      <trkpt lat="46.057537" lon="-91.371938">
        <ele>416.0</ele>
      </trkpt>
      <trkpt lat="46.057499" lon="-91.371945">
        <ele>416.0</ele>
      </trkpt>
      <trkpt lat="46.05745" lon="-91.371966">
        <ele>416.0</ele>
      </trkpt>
      <trkpt lat="46.057342" lon="-91.372003">
        <ele>417.0</ele>
      </trkpt>
      <trkpt lat="46.057292" lon="-91.372025">
        <ele>417.0</ele>
      </trkpt>
      <trkpt lat="46.057244" lon="-91.372051">
        <ele>417.0</ele>
      </trkpt>
      <trkpt lat="46.057196" lon="-91.372057">
        <ele>418.0</ele>
      </trkpt>
      <trkpt lat="46.05715" lon="-91.372057">
        <ele>418.0</ele>
      </trkpt>
      <trkpt lat="46.057119" lon="-91.372061">
        <ele>418.0</ele>
      </trkpt>
      <trkpt lat="46.057079" lon="-91.372049">
        <ele>419.0</ele>
      </trkpt>
      <trkpt lat="46.057001" lon="-91.372019">
        <ele>420.0</ele>
      </trkpt>
      <trkpt lat="46.056952" lon="-91.37199">
        <ele>420.0</ele>
      </trkpt>
      <trkpt lat="46.056917" lon="-91.371957">
        <ele>420.0</ele>
      </trkpt>
      <trkpt lat="46.056886" lon="-91.37192">
        <ele>421.0</ele>
      </trkpt>
      <trkpt lat="46.056851" lon="-91.371886">
        <ele>421.0</ele>
      </trkpt>
      <trkpt lat="46.05679" lon="-91.371852">
        <ele>422.0</ele>
      </trkpt>
      <trkpt lat="46.056751" lon="-91.371791">
        <ele>422.0</ele>
      </trkpt>
      <trkpt lat="46.056705" lon="-91.371743">
        <ele>423.0</ele>
      </trkpt>
      <trkpt lat="46.056641" lon="-91.371629">
        <ele>423.0</ele>
      </trkpt>
      <trkpt lat="46.056592" lon="-91.371573">
        <ele>424.0</ele>
      </trkpt>
      <trkpt lat="46.056552" lon="-91.371517">
        <ele>424.0</ele>
      </trkpt>
      <trkpt lat="46.056432" lon="-91.371305">
        <ele>424.0</ele>
      </trkpt>
      <trkpt lat="46.056393" lon="-91.371259">
        <ele>424.0</ele>
      </trkpt>
      <trkpt lat="46.056347" lon="-91.371224">
        <ele>423.0</ele>
      </trkpt>
      <trkpt lat="46.056318" lon="-91.371169">
        <ele>423.0</ele>
      </trkpt>
      <trkpt lat="46.056282" lon="-91.371123">
        <ele>422.0</ele>
      </trkpt>
      <trkpt lat="46.056241" lon="-91.371083">
        <ele>422.0</ele>
      </trkpt>
      <trkpt lat="46.056194" lon="-91.371059">
        <ele>421.0</ele>
      </trkpt>
      <trkpt lat="46.056165" lon="-91.371022">
        <ele>421.0</ele>
      </trkpt>
      <trkpt lat="46.056123" lon="-91.371007">
        <ele>421.0</ele>
      </trkpt>
      <trkpt lat="46.056087" lon="-91.371002">
        <ele>420.0</ele>
      </trkpt>
      <trkpt lat="46.056061" lon="-91.370981">
        <ele>420.0</ele>
      </trkpt>
      <trkpt lat="46.056048" lon="-91.370982">
        <ele>420.0</ele>
      </trkpt>
      <trkpt lat="46.055983" lon="-91.370933">
        <ele>420.0</ele>
      </trkpt>
      <trkpt lat="46.055947" lon="-91.3709">
        <ele>420.0</ele>
      </trkpt>
      <trkpt lat="46.055843" lon="-91.37085">
        <ele>419.0</ele>
      </trkpt>
      <trkpt lat="46.055809" lon="-91.370835">
        <ele>419.0</ele>
      </trkpt>
      <trkpt lat="46.055751" lon="-91.370863">
        <ele>419.0</ele>
      </trkpt>
      <trkpt lat="46.055696" lon="-91.370858">
        <ele>419.0</ele>
      </trkpt>
      <trkpt lat="46.055544" lon="-91.370831">
        <ele>420.0</ele>
      </trkpt>
      <trkpt lat="46.05549" lon="-91.370833">
        <ele>420.0</ele>
      </trkpt>
      <trkpt lat="46.055397" lon="-91.370817">
        <ele>421.0</ele>
      </trkpt>
      <trkpt lat="46.055259" lon="-91.370818">
        <ele>422.0</ele>
      </trkpt>
      <trkpt lat="46.055203" lon="-91.370815">
        <ele>422.0</ele>
      </trkpt>
      <trkpt lat="46.055096" lon="-91.370843">
        <ele>421.0</ele>
      </trkpt>
      <trkpt lat="46.055042" lon="-91.370837">
        <ele>421.0</ele>
      </trkpt>
      <trkpt lat="46.054995" lon="-91.370844">
        <ele>421.0</ele>
      </trkpt>
      <trkpt lat="46.054909" lon="-91.370872">
        <ele>420.0</ele>
      </trkpt>
      <trkpt lat="46.054838" lon="-91.370888">
        <ele>419.0</ele>
      </trkpt>
      <trkpt lat="46.054789" lon="-91.370888">
        <ele>418.0</ele>
      </trkpt>
      <trkpt lat="46.054729" lon="-91.370893">
        <ele>418.0</ele>
      </trkpt>
      <trkpt lat="46.054607" lon="-91.370855">
        <ele>416.0</ele>
      </trkpt>
      <trkpt lat="46.054507" lon="-91.37082">
        <ele>415.0</ele>
      </trkpt>
      <trkpt lat="46.054462" lon="-91.37081">
        <ele>415.0</ele>
      </trkpt>
      <trkpt lat="46.054399" lon="-91.370779">
        <ele>414.0</ele>
      </trkpt>
      <trkpt lat="46.054261" lon="-91.370678">
        <ele>413.0</ele>
      </trkpt>
      <trkpt lat="46.054205" lon="-91.37062">
        <ele>413.0</ele>
      </trkpt>
      <trkpt lat="46.054166" lon="-91.37053">
        <ele>413.0</ele>
      </trkpt>
      <trkpt lat="46.054038" lon="-91.370388">
        <ele>413.0</ele>
      </trkpt>
      <trkpt lat="46.054006" lon="-91.370318">
        <ele>413.0</ele>
      </trkpt>
      <trkpt lat="46.053926" lon="-91.370247">
        <ele>412.0</ele>
      </trkpt>
      <trkpt lat="46.053927" lon="-91.370214">
        <ele>412.0</ele>
      </trkpt>
      <trkpt lat="46.05392" lon="-91.3702">
        <ele>413.0</ele>
      </trkpt>
      <trkpt lat="46.053907" lon="-91.370207">
        <ele>412.0</ele>
      </trkpt>
      <trkpt lat="46.053893" lon="-91.370209">
        <ele>412.0</ele>
      </trkpt>
      <trkpt lat="46.053856" lon="-91.370181">
        <ele>412.0</ele>
      </trkpt>
      <trkpt lat="46.053839" lon="-91.370148">
        <ele>412.0</ele>
      </trkpt>
      <trkpt lat="46.053804" lon="-91.370115">
        <ele>412.0</ele>
      </trkpt>
      <trkpt lat="46.053788" lon="-91.370104">
        <ele>412.0</ele>
      </trkpt>
      <trkpt lat="46.05377" lon="-91.3701">
        <ele>412.0</ele>
      </trkpt>
      <trkpt lat="46.053745" lon="-91.370079">
        <ele>412.0</ele>
      </trkpt>
      <trkpt lat="46.053729" lon="-91.370077">
        <ele>412.0</ele>
      </trkpt>
      <trkpt lat="46.053726" lon="-91.37007">
        <ele>412.0</ele>
      </trkpt>
      <trkpt lat="46.053731" lon="-91.370066">
        <ele>412.0</ele>
      </trkpt>
      <trkpt lat="46.053702" lon="-91.37003">
        <ele>412.0</ele>
      </trkpt>
      <trkpt lat="46.05366" lon="-91.370005">
        <ele>411.0</ele>
      </trkpt>
      <trkpt lat="46.053646" lon="-91.370012">
        <ele>411.0</ele>
      </trkpt>
      <trkpt lat="46.053586" lon="-91.369993">
        <ele>410.0</ele>
      </trkpt>
      <trkpt lat="46.053533" lon="-91.369947">
        <ele>410.0</ele>
      </trkpt>
      <trkpt lat="46.053499" lon="-91.369928">
        <ele>410.0</ele>
      </trkpt>
      <trkpt lat="46.053469" lon="-91.369892">
        <ele>409.0</ele>
      </trkpt>
      <trkpt lat="46.053433" lon="-91.36987">
        <ele>409.0</ele>
      </trkpt>
      <trkpt lat="46.053408" lon="-91.369842">
        <ele>409.0</ele>
      </trkpt>
      <trkpt lat="46.053345" lon="-91.369727">
        <ele>407.0</ele>
      </trkpt>
      <trkpt lat="46.053317" lon="-91.369691">
        <ele>407.0</ele>
      </trkpt>
      <trkpt lat="46.053285" lon="-91.369606">
        <ele>408.0</ele>
      </trkpt>
      <trkpt lat="46.053227" lon="-91.369479">
        <ele>408.0</ele>
      </trkpt>
      <trkpt lat="46.053134" lon="-91.369376">
        <ele>407.0</ele>
      </trkpt>
      <trkpt lat="46.053121" lon="-91.369367">
        <ele>407.0</ele>
      </trkpt>
      <trkpt lat="46.053088" lon="-91.369323">
        <ele>407.0</ele>
      </trkpt>
      <trkpt lat="46.053049" lon="-91.369282">
        <ele>406.0</ele>
      </trkpt>
      <trkpt lat="46.053005" lon="-91.369251">
        <ele>406.0</ele>
      </trkpt>
      <trkpt lat="46.052909" lon="-91.369163">
        <ele>405.0</ele>
      </trkpt>
      <trkpt lat="46.052817" lon="-91.369059">
        <ele>406.0</ele>
      </trkpt>
      <trkpt lat="46.052767" lon="-91.369017">
        <ele>406.0</ele>
      </trkpt>
      <trkpt lat="46.052715" lon="-91.368962">
        <ele>406.0</ele>
      </trkpt>
      <trkpt lat="46.052621" lon="-91.368855">
        <ele>407.0</ele>
      </trkpt>
      <trkpt lat="46.052589" lon="-91.368796">
        <ele>407.0</ele>
      </trkpt>
      <trkpt lat="46.052563" lon="-91.368757">
        <ele>407.0</ele>
      </trkpt>
      <trkpt lat="46.052523" lon="-91.36861">
        <ele>407.0</ele>
      </trkpt>
      <trkpt lat="46.052509" lon="-91.368524">
        <ele>408.0</ele>
      </trkpt>
      <trkpt lat="46.052455" lon="-91.368374">
        <ele>408.0</ele>
      </trkpt>
      <trkpt lat="46.052444" lon="-91.368306">
        <ele>409.0</ele>
      </trkpt>
      <trkpt lat="46.052435" lon="-91.368208">
        <ele>409.0</ele>
      </trkpt>
      <trkpt lat="46.052421" lon="-91.368124">
        <ele>410.0</ele>
      </trkpt>
      <trkpt lat="46.052418" lon="-91.368043">
        <ele>410.0</ele>
      </trkpt>
      <trkpt lat="46.052407" lon="-91.367983">
        <ele>410.0</ele>
      </trkpt>
      <trkpt lat="46.052415" lon="-91.367896">
        <ele>410.0</ele>
      </trkpt>
      <trkpt lat="46.05244" lon="-91.367761">
        <ele>410.0</ele>
      </trkpt>
      <trkpt lat="46.052474" lon="-91.367683">
        <ele>410.0</ele>
      </trkpt>
      <trkpt lat="46.052522" lon="-91.367584">
        <ele>411.0</ele>
      </trkpt>
      <trkpt lat="46.052549" lon="-91.367502">
        <ele>411.0</ele>
      </trkpt>
      <trkpt lat="46.052582" lon="-91.367436">
        <ele>411.0</ele>
      </trkpt>
      <trkpt lat="46.052611" lon="-91.367358">
        <ele>411.0</ele>
      </trkpt>
      <trkpt lat="46.05264" lon="-91.367292">
        <ele>412.0</ele>
      </trkpt>
      <trkpt lat="46.052677" lon="-91.367218">
        <ele>412.0</ele>
      </trkpt>
      <trkpt lat="46.052682" lon="-91.367126">
        <ele>412.0</ele>
      </trkpt>
      <trkpt lat="46.052714" lon="-91.367055">
        <ele>412.0</ele>
      </trkpt>
      <trkpt lat="46.052739" lon="-91.366982">
        <ele>412.0</ele>
      </trkpt>
      <trkpt lat="46.052791" lon="-91.366905">
        <ele>413.0</ele>
      </trkpt>
      <trkpt lat="46.052799" lon="-91.366768">
        <ele>412.0</ele>
      </trkpt>
      <trkpt lat="46.052792" lon="-91.36667">
        <ele>411.0</ele>
      </trkpt>
      <trkpt lat="46.052758" lon="-91.366588">
        <ele>412.0</ele>
      </trkpt>
      <trkpt lat="46.052706" lon="-91.366331">
        <ele>414.0</ele>
      </trkpt>
      <trkpt lat="46.052693" lon="-91.366252">
        <ele>414.0</ele>
      </trkpt>
      <trkpt lat="46.052655" lon="-91.366182">
        <ele>414.0</ele>
      </trkpt>
      <trkpt lat="46.052616" lon="-91.366126">
        <ele>415.0</ele>
      </trkpt>
      <trkpt lat="46.052596" lon="-91.366041">
        <ele>414.0</ele>
      </trkpt>
      <trkpt lat="46.05255" lon="-91.365973">
        <ele>414.0</ele>
      </trkpt>
      <trkpt lat="46.052513" lon="-91.3659">
        <ele>413.0</ele>
      </trkpt>
      <trkpt lat="46.052454" lon="-91.365823">
        <ele>412.0</ele>
      </trkpt>
      <trkpt lat="46.052398" lon="-91.36574">
        <ele>412.0</ele>
      </trkpt>
      <trkpt lat="46.052285" lon="-91.365562">
        <ele>412.0</ele>
      </trkpt>
      <trkpt lat="46.052237" lon="-91.365501">
        <ele>412.0</ele>
      </trkpt>
      <trkpt lat="46.052195" lon="-91.365433">
        <ele>413.0</ele>
      </trkpt>
      <trkpt lat="46.052151" lon="-91.365373">
        <ele>413.0</ele>
      </trkpt>
      <trkpt lat="46.052105" lon="-91.365314">
        <ele>414.0</ele>
      </trkpt>
      <trkpt lat="46.052055" lon="-91.365262">
        <ele>416.0</ele>
      </trkpt>
      <trkpt lat="46.051986" lon="-91.365124">
        <ele>417.0</ele>
      </trkpt>
      <trkpt lat="46.051951" lon="-91.365068">
        <ele>417.0</ele>
      </trkpt>
      <trkpt lat="46.051936" lon="-91.364974">
        <ele>417.0</ele>
      </trkpt>
      <trkpt lat="46.05191" lon="-91.364891">
        <ele>416.0</ele>
      </trkpt>
      <trkpt lat="46.051893" lon="-91.364706">
        <ele>415.0</ele>
      </trkpt>
      <trkpt lat="46.051869" lon="-91.364519">
        <ele>416.0</ele>
      </trkpt>
      <trkpt lat="46.051845" lon="-91.364435">
        <ele>416.0</ele>
      </trkpt>
      <trkpt lat="46.051796" lon="-91.364369">
        <ele>416.0</ele>
      </trkpt>
      <trkpt lat="46.05172" lon="-91.364234">
        <ele>415.0</ele>
      </trkpt>
      <trkpt lat="46.051669" lon="-91.364162">
        <ele>414.0</ele>
      </trkpt>
      <trkpt lat="46.05163" lon="-91.364079">
        <ele>413.0</ele>
      </trkpt>
      <trkpt lat="46.051605" lon="-91.363971">
        <ele>412.0</ele>
      </trkpt>
      <trkpt lat="46.051575" lon="-91.363871">
        <ele>412.0</ele>
      </trkpt>
      <trkpt lat="46.051533" lon="-91.363749">
        <ele>412.0</ele>
      </trkpt>
      <trkpt lat="46.051504" lon="-91.36365">
        <ele>412.0</ele>
      </trkpt>
      <trkpt lat="46.051482" lon="-91.363536">
        <ele>412.0</ele>
      </trkpt>
      <trkpt lat="46.051459" lon="-91.363443">
        <ele>412.0</ele>
      </trkpt>
      <trkpt lat="46.051452" lon="-91.363329">
        <ele>412.0</ele>
      </trkpt>
      <trkpt lat="46.05145" lon="-91.363222">
        <ele>412.0</ele>
      </trkpt>
      <trkpt lat="46.051452" lon="-91.363013">
        <ele>411.0</ele>
      </trkpt>
      <trkpt lat="46.051449" lon="-91.362797">
        <ele>411.0</ele>
      </trkpt>
      <trkpt lat="46.051459" lon="-91.362688">
        <ele>411.0</ele>
      </trkpt>
      <trkpt lat="46.051465" lon="-91.362483">
        <ele>410.0</ele>
      </trkpt>
      <trkpt lat="46.051481" lon="-91.362384">
        <ele>410.0</ele>
      </trkpt>
      <trkpt lat="46.051497" lon="-91.362202">
        <ele>410.0</ele>
      </trkpt>
      <trkpt lat="46.05151" lon="-91.362106">
        <ele>409.0</ele>
      </trkpt>
      <trkpt lat="46.05153" lon="-91.362023">
        <ele>409.0</ele>
      </trkpt>
      <trkpt lat="46.051542" lon="-91.361951">
        <ele>408.0</ele>
      </trkpt>
      <trkpt lat="46.05155" lon="-91.361848">
        <ele>408.0</ele>
      </trkpt>
      <trkpt lat="46.051554" lon="-91.361723">
        <ele>407.0</ele>
      </trkpt>
      <trkpt lat="46.051576" lon="-91.361601">
        <ele>407.0</ele>
      </trkpt>
      <trkpt lat="46.051571" lon="-91.361487">
        <ele>407.0</ele>
      </trkpt>
      <trkpt lat="46.051548" lon="-91.361375">
        <ele>407.0</ele>
      </trkpt>
      <trkpt lat="46.051523" lon="-91.361273">
        <ele>407.0</ele>
      </trkpt>
      <trkpt lat="46.051488" lon="-91.361182">
        <ele>408.0</ele>
      </trkpt>
      <trkpt lat="46.051494" lon="-91.360967">
        <ele>408.0</ele>
      </trkpt>
      <trkpt lat="46.051527" lon="-91.360626">
        <ele>408.0</ele>
      </trkpt>
      <trkpt lat="46.05154" lon="-91.360522">
        <ele>408.0</ele>
      </trkpt>
      <trkpt lat="46.051544" lon="-91.36044">
        <ele>408.0</ele>
      </trkpt>
      <trkpt lat="46.05156" lon="-91.360346">
        <ele>408.0</ele>
      </trkpt>
      <trkpt lat="46.051571" lon="-91.36017">
        <ele>408.0</ele>
      </trkpt>
      <trkpt lat="46.051591" lon="-91.360001">
        <ele>407.0</ele>
      </trkpt>
      <trkpt lat="46.051612" lon="-91.359897">
        <ele>407.0</ele>
      </trkpt>
      <trkpt lat="46.051657" lon="-91.359797">
        <ele>407.0</ele>
      </trkpt>
      <trkpt lat="46.051732" lon="-91.35965">
        <ele>408.0</ele>
      </trkpt>
      <trkpt lat="46.051769" lon="-91.35959">
        <ele>408.0</ele>
      </trkpt>
      <trkpt lat="46.051809" lon="-91.359534">
        <ele>409.0</ele>
      </trkpt>
      <trkpt lat="46.051864" lon="-91.359469">
        <ele>409.0</ele>
      </trkpt>
      <trkpt lat="46.051914" lon="-91.359426">
        <ele>410.0</ele>
      </trkpt>
      <trkpt lat="46.051963" lon="-91.359393">
        <ele>410.0</ele>
      </trkpt>
      <trkpt lat="46.052008" lon="-91.359351">
        <ele>411.0</ele>
      </trkpt>
      <trkpt lat="46.052062" lon="-91.359325">
        <ele>411.0</ele>
      </trkpt>
      <trkpt lat="46.052116" lon="-91.35928">
        <ele>411.0</ele>
      </trkpt>
      <trkpt lat="46.052164" lon="-91.359227">
        <ele>412.0</ele>
      </trkpt>
      <trkpt lat="46.052382" lon="-91.359017">
        <ele>411.0</ele>
      </trkpt>
      <trkpt lat="46.052439" lon="-91.358954">
        <ele>411.0</ele>
      </trkpt>
      <trkpt lat="46.052489" lon="-91.358915">
        <ele>410.0</ele>
      </trkpt>
      <trkpt lat="46.052602" lon="-91.358808">
        <ele>410.0</ele>
      </trkpt>
      <trkpt lat="46.052702" lon="-91.358707">
        <ele>409.0</ele>
      </trkpt>
      <trkpt lat="46.052747" lon="-91.358657">
        <ele>409.0</ele>
      </trkpt>
      <trkpt lat="46.052797" lon="-91.35861">
        <ele>409.0</ele>
      </trkpt>
      <trkpt lat="46.052842" lon="-91.35853">
        <ele>408.0</ele>
      </trkpt>
      <trkpt lat="46.052885" lon="-91.358476">
        <ele>408.0</ele>
      </trkpt>
      <trkpt lat="46.052963" lon="-91.358313">
        <ele>407.0</ele>
      </trkpt>
      <trkpt lat="46.052995" lon="-91.358212">
        <ele>406.0</ele>
      </trkpt>
      <trkpt lat="46.053002" lon="-91.358106">
        <ele>405.0</ele>
      </trkpt>
      <trkpt lat="46.053052" lon="-91.357979">
        <ele>405.0</ele>
      </trkpt>
      <trkpt lat="46.053076" lon="-91.357854">
        <ele>404.0</ele>
      </trkpt>
      <trkpt lat="46.053107" lon="-91.357776">
        <ele>404.0</ele>
      </trkpt>
      <trkpt lat="46.053109" lon="-91.357671">
        <ele>405.0</ele>
      </trkpt>
      <trkpt lat="46.053144" lon="-91.357513">
        <ele>407.0</ele>
      </trkpt>
      <trkpt lat="46.053164" lon="-91.357473">
        <ele>407.0</ele>
      </trkpt>
      <trkpt lat="46.053171" lon="-91.357412">
        <ele>408.0</ele>
      </trkpt>
      <trkpt lat="46.05319" lon="-91.357361">
        <ele>409.0</ele>
      </trkpt>
      <trkpt lat="46.053213" lon="-91.357324">
        <ele>410.0</ele>
      </trkpt>
      <trkpt lat="46.053238" lon="-91.357259">
        <ele>411.0</ele>
      </trkpt>
      <trkpt lat="46.053265" lon="-91.357207">
        <ele>412.0</ele>
      </trkpt>
      <trkpt lat="46.0533" lon="-91.357173">
        <ele>412.0</ele>
      </trkpt>
      <trkpt lat="46.053329" lon="-91.357125">
        <ele>413.0</ele>
      </trkpt>
      <trkpt lat="46.053367" lon="-91.357095">
        <ele>413.0</ele>
      </trkpt>
      <trkpt lat="46.053409" lon="-91.357071">
        <ele>413.0</ele>
      </trkpt>
      <trkpt lat="46.053448" lon="-91.357044">
        <ele>414.0</ele>
      </trkpt>
      <trkpt lat="46.053499" lon="-91.356999">
        <ele>414.0</ele>
      </trkpt>
      <trkpt lat="46.053612" lon="-91.356934">
        <ele>414.0</ele>
      </trkpt>
      <trkpt lat="46.053676" lon="-91.35689">
        <ele>414.0</ele>
      </trkpt>
      <trkpt lat="46.053726" lon="-91.356848">
        <ele>413.0</ele>
      </trkpt>
      <trkpt lat="46.053777" lon="-91.356793">
        <ele>413.0</ele>
      </trkpt>
      <trkpt lat="46.053876" lon="-91.356695">
        <ele>413.0</ele>
      </trkpt>
      <trkpt lat="46.053918" lon="-91.356641">
        <ele>413.0</ele>
      </trkpt>
      <trkpt lat="46.054005" lon="-91.356544">
        <ele>412.0</ele>
      </trkpt>
      <trkpt lat="46.054045" lon="-91.356491">
        <ele>412.0</ele>
      </trkpt>
      <trkpt lat="46.054092" lon="-91.356437">
        <ele>411.0</ele>
      </trkpt>
      <trkpt lat="46.054184" lon="-91.356316">
        <ele>411.0</ele>
      </trkpt>
      <trkpt lat="46.054285" lon="-91.356166">
        <ele>411.0</ele>
      </trkpt>
      <trkpt lat="46.054433" lon="-91.355917">
        <ele>411.0</ele>
      </trkpt>
      <trkpt lat="46.054557" lon="-91.35565">
        <ele>412.0</ele>
      </trkpt>
      <trkpt lat="46.054615" lon="-91.355507">
        <ele>413.0</ele>
      </trkpt>
      <trkpt lat="46.054696" lon="-91.355297">
        <ele>414.0</ele>
      </trkpt>
      <trkpt lat="46.054719" lon="-91.355228">
        <ele>414.0</ele>
      </trkpt>
      <trkpt lat="46.054755" lon="-91.355159">
        <ele>414.0</ele>
      </trkpt>
      <trkpt lat="46.054779" lon="-91.355061">
        <ele>414.0</ele>
      </trkpt>
      <trkpt lat="46.054813" lon="-91.354974">
        <ele>414.0</ele>
      </trkpt>
      <trkpt lat="46.054831" lon="-91.354887">
        <ele>413.0</ele>
      </trkpt>
      <trkpt lat="46.054838" lon="-91.354799">
        <ele>413.0</ele>
      </trkpt>
      <trkpt lat="46.054873" lon="-91.354698">
        <ele>413.0</ele>
      </trkpt>
      <trkpt lat="46.054886" lon="-91.354606">
        <ele>413.0</ele>
      </trkpt>
      <trkpt lat="46.054922" lon="-91.354425">
        <ele>412.0</ele>
      </trkpt>
      <trkpt lat="46.054931" lon="-91.35433">
        <ele>412.0</ele>
      </trkpt>
      <trkpt lat="46.054951" lon="-91.354246">
        <ele>411.0</ele>
      </trkpt>
      <trkpt lat="46.054957" lon="-91.354153">
        <ele>411.0</ele>
      </trkpt>
      <trkpt lat="46.05497" lon="-91.354066">
        <ele>411.0</ele>
      </trkpt>
      <trkpt lat="46.054959" lon="-91.353997">
        <ele>411.0</ele>
      </trkpt>
      <trkpt lat="46.054963" lon="-91.353948">
        <ele>412.0</ele>
      </trkpt>
      <trkpt lat="46.054955" lon="-91.353909">
        <ele>412.0</ele>
      </trkpt>
      <trkpt lat="46.054981" lon="-91.353879">
        <ele>412.0</ele>
      </trkpt>
      <trkpt lat="46.054996" lon="-91.353854">
        <ele>412.0</ele>
      </trkpt>
      <trkpt lat="46.055009" lon="-91.353758">
        <ele>413.0</ele>
      </trkpt>
      <trkpt lat="46.054993" lon="-91.353718">
        <ele>413.0</ele>
      </trkpt>
      <trkpt lat="46.054984" lon="-91.353672">
        <ele>413.0</ele>
      </trkpt>
      <trkpt lat="46.055004" lon="-91.353606">
        <ele>413.0</ele>
      </trkpt>
      <trkpt lat="46.055033" lon="-91.353545">
        <ele>413.0</ele>
      </trkpt>
      <trkpt lat="46.055078" lon="-91.353401">
        <ele>414.0</ele>
      </trkpt>
      <trkpt lat="46.05509" lon="-91.353351">
        <ele>415.0</ele>
      </trkpt>
      <trkpt lat="46.055123" lon="-91.353242">
        <ele>415.0</ele>
      </trkpt>
      <trkpt lat="46.055154" lon="-91.353189">
        <ele>415.0</ele>
      </trkpt>
      <trkpt lat="46.055192" lon="-91.353142">
        <ele>416.0</ele>
      </trkpt>
      <trkpt lat="46.055239" lon="-91.353048">
        <ele>417.0</ele>
      </trkpt>
      <trkpt lat="46.055268" lon="-91.353012">
        <ele>417.0</ele>
      </trkpt>
      <trkpt lat="46.055332" lon="-91.352919">
        <ele>418.0</ele>
      </trkpt>
      <trkpt lat="46.055404" lon="-91.352808">
        <ele>418.0</ele>
      </trkpt>
      <trkpt lat="46.055446" lon="-91.352763">
        <ele>418.0</ele>
      </trkpt>
      <trkpt lat="46.055503" lon="-91.352654">
        <ele>418.0</ele>
      </trkpt>
      <trkpt lat="46.055597" lon="-91.352492">
        <ele>417.0</ele>
      </trkpt>
      <trkpt lat="46.055699" lon="-91.352329">
        <ele>416.0</ele>
      </trkpt>
      <trkpt lat="46.055739" lon="-91.35228">
        <ele>416.0</ele>
      </trkpt>
      <trkpt lat="46.055766" lon="-91.352229">
        <ele>415.0</ele>
      </trkpt>
      <trkpt lat="46.055808" lon="-91.352188">
        <ele>415.0</ele>
      </trkpt>
      <trkpt lat="46.055833" lon="-91.352144">
        <ele>415.0</ele>
      </trkpt>
      <trkpt lat="46.055868" lon="-91.35212">
        <ele>415.0</ele>
      </trkpt>
      <trkpt lat="46.055904" lon="-91.352064">
        <ele>415.0</ele>
      </trkpt>
      <trkpt lat="46.055948" lon="-91.352044">
        <ele>414.0</ele>
      </trkpt>
      <trkpt lat="46.056031" lon="-91.351983">
        <ele>414.0</ele>
      </trkpt>
      <trkpt lat="46.056076" lon="-91.351967">
        <ele>413.0</ele>
      </trkpt>
      <trkpt lat="46.056127" lon="-91.351927">
        <ele>413.0</ele>
      </trkpt>
      <trkpt lat="46.056183" lon="-91.351893">
        <ele>413.0</ele>
      </trkpt>
      <trkpt lat="46.056238" lon="-91.351845">
        <ele>414.0</ele>
      </trkpt>
      <trkpt lat="46.056293" lon="-91.351772">
        <ele>414.0</ele>
      </trkpt>
      <trkpt lat="46.056375" lon="-91.351563">
        <ele>414.0</ele>
      </trkpt>
      <trkpt lat="46.056382" lon="-91.35148">
        <ele>414.0</ele>
      </trkpt>
      <trkpt lat="46.056428" lon="-91.351183">
        <ele>415.0</ele>
      </trkpt>
      <trkpt lat="46.056433" lon="-91.351085">
        <ele>415.0</ele>
      </trkpt>
      <trkpt lat="46.056454" lon="-91.350879">
        <ele>417.0</ele>
      </trkpt>
      <trkpt lat="46.056454" lon="-91.350778">
        <ele>417.0</ele>
      </trkpt>
      <trkpt lat="46.05647" lon="-91.350657">
        <ele>416.0</ele>
      </trkpt>
      <trkpt lat="46.056464" lon="-91.350554">
        <ele>416.0</ele>
      </trkpt>
      <trkpt lat="46.056465" lon="-91.350458">
        <ele>415.0</ele>
      </trkpt>
      <trkpt lat="46.056479" lon="-91.350377">
        <ele>415.0</ele>
      </trkpt>
      <trkpt lat="46.056501" lon="-91.350317">
        <ele>415.0</ele>
      </trkpt>
      <trkpt lat="46.056522" lon="-91.350297">
        <ele>415.0</ele>
      </trkpt>
      <trkpt lat="46.056516" lon="-91.350296">
        <ele>415.0</ele>
      </trkpt>
      <trkpt lat="46.056509" lon="-91.350283">
        <ele>414.0</ele>
      </trkpt>
      <trkpt lat="46.056513" lon="-91.350279">
        <ele>414.0</ele>
      </trkpt>
      <trkpt lat="46.056516" lon="-91.350165">
        <ele>414.0</ele>
      </trkpt>
      <trkpt lat="46.056537" lon="-91.350102">
        <ele>415.0</ele>
      </trkpt>
      <trkpt lat="46.056553" lon="-91.350038">
        <ele>415.0</ele>
      </trkpt>
      <trkpt lat="46.056602" lon="-91.349922">
        <ele>415.0</ele>
      </trkpt>
      <trkpt lat="46.056666" lon="-91.349757">
        <ele>416.0</ele>
      </trkpt>
      <trkpt lat="46.056708" lon="-91.349709">
        <ele>416.0</ele>
      </trkpt>
      <trkpt lat="46.056774" lon="-91.349605">
        <ele>417.0</ele>
      </trkpt>
      <trkpt lat="46.056812" lon="-91.349556">
        <ele>418.0</ele>
      </trkpt>
      <trkpt lat="46.056912" lon="-91.349436">
        <ele>420.0</ele>
      </trkpt>
      <trkpt lat="46.056948" lon="-91.3494">
        <ele>420.0</ele>
      </trkpt>
      <trkpt lat="46.056987" lon="-91.349348">
        <ele>420.0</ele>
      </trkpt>
      <trkpt lat="46.057031" lon="-91.349298">
        <ele>420.0</ele>
      </trkpt>
      <trkpt lat="46.057173" lon="-91.349109">
        <ele>420.0</ele>
      </trkpt>
      <trkpt lat="46.057232" lon="-91.349063">
        <ele>421.0</ele>
      </trkpt>
      <trkpt lat="46.057285" lon="-91.349012">
        <ele>422.0</ele>
      </trkpt>
      <trkpt lat="46.057333" lon="-91.34895">
        <ele>423.0</ele>
      </trkpt>
      <trkpt lat="46.057372" lon="-91.348886">
        <ele>424.0</ele>
      </trkpt>
      <trkpt lat="46.057421" lon="-91.348814">
        <ele>425.0</ele>
      </trkpt>
      <trkpt lat="46.057455" lon="-91.348748">
        <ele>425.0</ele>
      </trkpt>
      <trkpt lat="46.057552" lon="-91.348604">
        <ele>428.0</ele>
      </trkpt>
      <trkpt lat="46.057643" lon="-91.348506">
        <ele>428.0</ele>
      </trkpt>
      <trkpt lat="46.057802" lon="-91.348377">
        <ele>429.0</ele>
      </trkpt>
      <trkpt lat="46.057857" lon="-91.348344">
        <ele>429.0</ele>
      </trkpt>
      <trkpt lat="46.057951" lon="-91.348239">
        <ele>430.0</ele>
      </trkpt>
      <trkpt lat="46.057996" lon="-91.348175">
        <ele>429.0</ele>
      </trkpt>
      <trkpt lat="46.058032" lon="-91.348108">
        <ele>429.0</ele>
      </trkpt>
      <trkpt lat="46.058061" lon="-91.348038">
        <ele>429.0</ele>
      </trkpt>
      <trkpt lat="46.058087" lon="-91.347951">
        <ele>428.0</ele>
      </trkpt>
      <trkpt lat="46.058111" lon="-91.347791">
        <ele>427.0</ele>
      </trkpt>
      <trkpt lat="46.058128" lon="-91.347627">
        <ele>425.0</ele>
      </trkpt>
      <trkpt lat="46.058141" lon="-91.347538">
        <ele>424.0</ele>
      </trkpt>
      <trkpt lat="46.058158" lon="-91.347466">
        <ele>423.0</ele>
      </trkpt>
      <trkpt lat="46.058202" lon="-91.347377">
        <ele>421.0</ele>
      </trkpt>
      <trkpt lat="46.058263" lon="-91.347173">
        <ele>419.0</ele>
      </trkpt>
      <trkpt lat="46.058306" lon="-91.34708">
        <ele>418.0</ele>
      </trkpt>
      <trkpt lat="46.058369" lon="-91.346873">
        <ele>417.0</ele>
      </trkpt>
      <trkpt lat="46.058407" lon="-91.3468">
        <ele>417.0</ele>
      </trkpt>
      <trkpt lat="46.058441" lon="-91.346716">
        <ele>417.0</ele>
      </trkpt>
      <trkpt lat="46.058471" lon="-91.34667">
        <ele>417.0</ele>
      </trkpt>
      <trkpt lat="46.058473" lon="-91.346566">
        <ele>416.0</ele>
      </trkpt>
      <trkpt lat="46.058545" lon="-91.346401">
        <ele>416.0</ele>
      </trkpt>
      <trkpt lat="46.058609" lon="-91.346211">
        <ele>416.0</ele>
      </trkpt>
      <trkpt lat="46.058682" lon="-91.346059">
        <ele>416.0</ele>
      </trkpt>
      <trkpt lat="46.058723" lon="-91.346008">
        <ele>416.0</ele>
      </trkpt>
      <trkpt lat="46.058749" lon="-91.345923">
        <ele>416.0</ele>
      </trkpt>
      <trkpt lat="46.058789" lon="-91.345855">
        <ele>415.0</ele>
      </trkpt>
      <trkpt lat="46.058928" lon="-91.345584">
        <ele>414.0</ele>
      </trkpt>
      <trkpt lat="46.058964" lon="-91.345486">
        <ele>414.0</ele>
      </trkpt>
      <trkpt lat="46.059044" lon="-91.345313">
        <ele>412.0</ele>
      </trkpt>
      <trkpt lat="46.059066" lon="-91.34524">
        <ele>411.0</ele>
      </trkpt>
      <trkpt lat="46.059092" lon="-91.345134">
        <ele>410.0</ele>
      </trkpt>
      <trkpt lat="46.05911" lon="-91.345045">
        <ele>409.0</ele>
      </trkpt>
      <trkpt lat="46.059117" lon="-91.344892">
        <ele>408.0</ele>
      </trkpt>
      <trkpt lat="46.059106" lon="-91.344804">
        <ele>407.0</ele>
      </trkpt>
      <trkpt lat="46.059111" lon="-91.344801">
        <ele>407.0</ele>
      </trkpt>
      <trkpt lat="46.059104" lon="-91.344797">
        <ele>407.0</ele>
      </trkpt>
      <trkpt lat="46.059081" lon="-91.344673">
        <ele>407.0</ele>
      </trkpt>
      <trkpt lat="46.05904" lon="-91.344571">
        <ele>407.0</ele>
      </trkpt>
      <trkpt lat="46.059044" lon="-91.344572">
        <ele>407.0</ele>
      </trkpt>
      <trkpt lat="46.059041" lon="-91.344504">
        <ele>407.0</ele>
      </trkpt>
      <trkpt lat="46.059018" lon="-91.344465">
        <ele>407.0</ele>
      </trkpt>
      <trkpt lat="46.058942" lon="-91.344369">
        <ele>408.0</ele>
      </trkpt>
      <trkpt lat="46.058896" lon="-91.344322">
        <ele>408.0</ele>
      </trkpt>
      <trkpt lat="46.05886" lon="-91.344264">
        <ele>408.0</ele>
      </trkpt>
      <trkpt lat="46.058736" lon="-91.344147">
        <ele>409.0</ele>
      </trkpt>
      <trkpt lat="46.058683" lon="-91.344081">
        <ele>409.0</ele>
      </trkpt>
      <trkpt lat="46.058622" lon="-91.343929">
        <ele>411.0</ele>
      </trkpt>
      <trkpt lat="46.05861" lon="-91.343776">
        <ele>412.0</ele>
      </trkpt>
      <trkpt lat="46.058615" lon="-91.343695">
        <ele>412.0</ele>
      </trkpt>
      <trkpt lat="46.058629" lon="-91.343606">
        <ele>413.0</ele>
      </trkpt>
      <trkpt lat="46.058651" lon="-91.343519">
        <ele>413.0</ele>
      </trkpt>
      <trkpt lat="46.058665" lon="-91.343438">
        <ele>413.0</ele>
      </trkpt>
      <trkpt lat="46.058671" lon="-91.34337">
        <ele>413.0</ele>
      </trkpt>
      <trkpt lat="46.058704" lon="-91.343247">
        <ele>413.0</ele>
      </trkpt>
      <trkpt lat="46.05871" lon="-91.343204">
        <ele>412.0</ele>
      </trkpt>
      <trkpt lat="46.058698" lon="-91.343226">
        <ele>413.0</ele>
      </trkpt>
      <trkpt lat="46.058684" lon="-91.343219">
        <ele>412.0</ele>
      </trkpt>
      <trkpt lat="46.058686" lon="-91.3431">
        <ele>411.0</ele>
      </trkpt>
      <trkpt lat="46.058671" lon="-91.343081">
        <ele>411.0</ele>
      </trkpt>
      <trkpt lat="46.058703" lon="-91.342989">
        <ele>411.0</ele>
      </trkpt>
      <trkpt lat="46.058725" lon="-91.342951">
        <ele>411.0</ele>
      </trkpt>
      <trkpt lat="46.058734" lon="-91.342895">
        <ele>411.0</ele>
      </trkpt>
      <trkpt lat="46.058825" lon="-91.342627">
        <ele>412.0</ele>
      </trkpt>
      <trkpt lat="46.058867" lon="-91.342465">
        <ele>413.0</ele>
      </trkpt>
      <trkpt lat="46.058894" lon="-91.342346">
        <ele>414.0</ele>
      </trkpt>
      <trkpt lat="46.058914" lon="-91.34228">
        <ele>414.0</ele>
      </trkpt>
      <trkpt lat="46.058937" lon="-91.342229">
        <ele>414.0</ele>
      </trkpt>
      <trkpt lat="46.058956" lon="-91.342158">
        <ele>413.0</ele>
      </trkpt>
      <trkpt lat="46.058987" lon="-91.342081">
        <ele>413.0</ele>
      </trkpt>
      <trkpt lat="46.059011" lon="-91.342011">
        <ele>412.0</ele>
      </trkpt>
      <trkpt lat="46.059058" lon="-91.341908">
        <ele>412.0</ele>
      </trkpt>
      <trkpt lat="46.059076" lon="-91.341849">
        <ele>412.0</ele>
      </trkpt>
      <trkpt lat="46.059093" lon="-91.341772">
        <ele>411.0</ele>
      </trkpt>
      <trkpt lat="46.059105" lon="-91.341601">
        <ele>411.0</ele>
      </trkpt>
      <trkpt lat="46.059097" lon="-91.341542">
        <ele>411.0</ele>
      </trkpt>
      <trkpt lat="46.059075" lon="-91.341463">
        <ele>411.0</ele>
      </trkpt>
      <trkpt lat="46.059108" lon="-91.341355">
        <ele>411.0</ele>
      </trkpt>
      <trkpt lat="46.059115" lon="-91.341281">
        <ele>411.0</ele>
      </trkpt>
      <trkpt lat="46.059099" lon="-91.341195">
        <ele>411.0</ele>
      </trkpt>
      <trkpt lat="46.05909" lon="-91.341111">
        <ele>411.0</ele>
      </trkpt>
      <trkpt lat="46.059085" lon="-91.341021">
        <ele>411.0</ele>
      </trkpt>
      <trkpt lat="46.059088" lon="-91.340942">
        <ele>411.0</ele>
      </trkpt>
      <trkpt lat="46.059073" lon="-91.340883">
        <ele>411.0</ele>
      </trkpt>
      <trkpt lat="46.059092" lon="-91.340788">
        <ele>411.0</ele>
      </trkpt>
      <trkpt lat="46.059102" lon="-91.34071">
        <ele>411.0</ele>
      </trkpt>
      <trkpt lat="46.059099" lon="-91.340619">
        <ele>411.0</ele>
      </trkpt>
      <trkpt lat="46.059077" lon="-91.340453">
        <ele>412.0</ele>
      </trkpt>
      <trkpt lat="46.059098" lon="-91.340371">
        <ele>412.0</ele>
      </trkpt>
      <trkpt lat="46.0591" lon="-91.34029">
        <ele>412.0</ele>
      </trkpt>
      <trkpt lat="46.059117" lon="-91.340222">
        <ele>413.0</ele>
      </trkpt>
      <trkpt lat="46.059128" lon="-91.340133">
        <ele>413.0</ele>
      </trkpt>
      <trkpt lat="46.0591" lon="-91.34007">
        <ele>413.0</ele>
      </trkpt>
      <trkpt lat="46.059099" lon="-91.340007">
        <ele>413.0</ele>
      </trkpt>
      <trkpt lat="46.059123" lon="-91.339923">
        <ele>414.0</ele>
      </trkpt>
      <trkpt lat="46.059136" lon="-91.339863">
        <ele>414.0</ele>
      </trkpt>
      <trkpt lat="46.059153" lon="-91.339815">
        <ele>415.0</ele>
      </trkpt>
      <trkpt lat="46.059156" lon="-91.33979">
        <ele>415.0</ele>
      </trkpt>
      <trkpt lat="46.059192" lon="-91.339675">
        <ele>415.0</ele>
      </trkpt>
      <trkpt lat="46.059219" lon="-91.339627">
        <ele>415.0</ele>
      </trkpt>
      <trkpt lat="46.059226" lon="-91.339601">
        <ele>414.0</ele>
      </trkpt>
      <trkpt lat="46.059252" lon="-91.339561">
        <ele>414.0</ele>
      </trkpt>
      <trkpt lat="46.059296" lon="-91.339462">
        <ele>414.0</ele>
      </trkpt>
      <trkpt lat="46.059322" lon="-91.339471">
        <ele>414.0</ele>
      </trkpt>
      <trkpt lat="46.059364" lon="-91.33945">
        <ele>413.0</ele>
      </trkpt>
      <trkpt lat="46.059409" lon="-91.339453">
        <ele>413.0</ele>
      </trkpt>
      <trkpt lat="46.059443" lon="-91.339444">
        <ele>413.0</ele>
      </trkpt>
      <trkpt lat="46.059537" lon="-91.339466">
        <ele>413.0</ele>
      </trkpt>
      <trkpt lat="46.059556" lon="-91.339463">
        <ele>414.0</ele>
      </trkpt>
      <trkpt lat="46.059592" lon="-91.339456">
        <ele>414.0</ele>
      </trkpt>
      <trkpt lat="46.059672" lon="-91.339425">
        <ele>413.0</ele>
      </trkpt>
      <trkpt lat="46.059716" lon="-91.339426">
        <ele>414.0</ele>
      </trkpt>
      <trkpt lat="46.059737" lon="-91.339423">
        <ele>414.0</ele>
      </trkpt>
      <trkpt lat="46.059828" lon="-91.339405">
        <ele>413.0</ele>
      </trkpt>
      <trkpt lat="46.05987" lon="-91.339391">
        <ele>413.0</ele>
      </trkpt>
      <trkpt lat="46.060014" lon="-91.339367">
        <ele>413.0</ele>
      </trkpt>
      <trkpt lat="46.060064" lon="-91.339349">
        <ele>413.0</ele>
      </trkpt>
      <trkpt lat="46.060119" lon="-91.339337">
        <ele>413.0</ele>
      </trkpt>
      <trkpt lat="46.060225" lon="-91.339296">
        <ele>413.0</ele>
      </trkpt>
      <trkpt lat="46.060262" lon="-91.339297">
        <ele>413.0</ele>
      </trkpt>
      <trkpt lat="46.060299" lon="-91.339279">
        <ele>413.0</ele>
      </trkpt>
      <trkpt lat="46.060343" lon="-91.339251">
        <ele>413.0</ele>
      </trkpt>
      <trkpt lat="46.06039" lon="-91.339236">
        <ele>414.0</ele>
      </trkpt>
      <trkpt lat="46.06051" lon="-91.33916">
        <ele>416.0</ele>
      </trkpt>
      <trkpt lat="46.060603" lon="-91.339094">
        <ele>416.0</ele>
      </trkpt>
      <trkpt lat="46.060649" lon="-91.339055">
        <ele>417.0</ele>
      </trkpt>
      <trkpt lat="46.060702" lon="-91.339004">
        <ele>417.0</ele>
      </trkpt>
      <trkpt lat="46.06075" lon="-91.338952">
        <ele>417.0</ele>
      </trkpt>
      <trkpt lat="46.060788" lon="-91.338919">
        <ele>418.0</ele>
      </trkpt>
      <trkpt lat="46.060834" lon="-91.338856">
        <ele>418.0</ele>
      </trkpt>
      <trkpt lat="46.060853" lon="-91.338809">
        <ele>418.0</ele>
      </trkpt>
      <trkpt lat="46.060886" lon="-91.338671">
        <ele>417.0</ele>
      </trkpt>
      <trkpt lat="46.060889" lon="-91.338598">
        <ele>417.0</ele>
      </trkpt>
      <trkpt lat="46.060899" lon="-91.338523">
        <ele>417.0</ele>
      </trkpt>
      <trkpt lat="46.060886" lon="-91.33846">
        <ele>417.0</ele>
      </trkpt>
      <trkpt lat="46.060888" lon="-91.338327">
        <ele>416.0</ele>
      </trkpt>
      <trkpt lat="46.060891" lon="-91.338309">
        <ele>416.0</ele>
      </trkpt>
      <trkpt lat="46.060885" lon="-91.338199">
        <ele>416.0</ele>
      </trkpt>
      <trkpt lat="46.060904" lon="-91.338079">
        <ele>417.0</ele>
      </trkpt>
      <trkpt lat="46.060922" lon="-91.338043">
        <ele>417.0</ele>
      </trkpt>
      <trkpt lat="46.060931" lon="-91.337982">
        <ele>417.0</ele>
      </trkpt>
      <trkpt lat="46.060939" lon="-91.337959">
        <ele>417.0</ele>
      </trkpt>
      <trkpt lat="46.060948" lon="-91.337911">
        <ele>417.0</ele>
      </trkpt>
      <trkpt lat="46.060963" lon="-91.337857">
        <ele>417.0</ele>
      </trkpt>
      <trkpt lat="46.060988" lon="-91.337733">
        <ele>416.0</ele>
      </trkpt>
      <trkpt lat="46.061009" lon="-91.337675">
        <ele>416.0</ele>
      </trkpt>
      <trkpt lat="46.061023" lon="-91.337573">
        <ele>416.0</ele>
      </trkpt>
      <trkpt lat="46.061039" lon="-91.337511">
        <ele>416.0</ele>
      </trkpt>
      <trkpt lat="46.061037" lon="-91.337423">
        <ele>415.0</ele>
      </trkpt>
      <trkpt lat="46.061057" lon="-91.337373">
        <ele>415.0</ele>
      </trkpt>
      <trkpt lat="46.061065" lon="-91.337288">
        <ele>415.0</ele>
      </trkpt>
      <trkpt lat="46.061067" lon="-91.337208">
        <ele>415.0</ele>
      </trkpt>
      <trkpt lat="46.061081" lon="-91.337131">
        <ele>415.0</ele>
      </trkpt>
      <trkpt lat="46.061083" lon="-91.337058">
        <ele>415.0</ele>
      </trkpt>
      <trkpt lat="46.061104" lon="-91.336881">
        <ele>415.0</ele>
      </trkpt>
      <trkpt lat="46.061085" lon="-91.336716">
        <ele>415.0</ele>
      </trkpt>
      <trkpt lat="46.061108" lon="-91.336639">
        <ele>415.0</ele>
      </trkpt>
      <trkpt lat="46.061138" lon="-91.336445">
        <ele>414.0</ele>
      </trkpt>
      <trkpt lat="46.061159" lon="-91.336346">
        <ele>414.0</ele>
      </trkpt>
      <trkpt lat="46.061177" lon="-91.336177">
        <ele>415.0</ele>
      </trkpt>
      <trkpt lat="46.061205" lon="-91.336108">
        <ele>415.0</ele>
      </trkpt>
      <trkpt lat="46.061217" lon="-91.33605">
        <ele>415.0</ele>
      </trkpt>
      <trkpt lat="46.061224" lon="-91.336064">
        <ele>415.0</ele>
      </trkpt>
      <trkpt lat="46.061249" lon="-91.336097">
        <ele>415.0</ele>
      </trkpt>
      <trkpt lat="46.061283" lon="-91.336115">
        <ele>414.0</ele>
      </trkpt>
      <trkpt lat="46.061316" lon="-91.336122">
        <ele>414.0</ele>
      </trkpt>
      <trkpt lat="46.061323" lon="-91.336109">
        <ele>414.0</ele>
      </trkpt>
      <trkpt lat="46.061316" lon="-91.3361">
        <ele>414.0</ele>
      </trkpt>
      <trkpt lat="46.061317" lon="-91.336077">
        <ele>415.0</ele>
      </trkpt>
      <trkpt lat="46.061327" lon="-91.336066">
        <ele>415.0</ele>
      </trkpt>
      <trkpt lat="46.061378" lon="-91.336051">
        <ele>414.0</ele>
      </trkpt>
      <trkpt lat="46.061402" lon="-91.336093">
        <ele>414.0</ele>
      </trkpt>
      <trkpt lat="46.061419" lon="-91.336142">
        <ele>414.0</ele>
      </trkpt>
      <trkpt lat="46.06144" lon="-91.336182">
        <ele>414.0</ele>
      </trkpt>
      <trkpt lat="46.061547" lon="-91.336337">
        <ele>414.0</ele>
      </trkpt>
      <trkpt lat="46.061561" lon="-91.336352">
        <ele>413.0</ele>
      </trkpt>
      <trkpt lat="46.06158" lon="-91.336388">
        <ele>413.0</ele>
      </trkpt>
      <trkpt lat="46.061615" lon="-91.336418">
        <ele>413.0</ele>
      </trkpt>
      <trkpt lat="46.061703" lon="-91.336453">
        <ele>413.0</ele>
      </trkpt>
      <trkpt lat="46.061763" lon="-91.33647">
        <ele>413.0</ele>
      </trkpt>
      <trkpt lat="46.061831" lon="-91.336495">
        <ele>413.0</ele>
      </trkpt>
      <trkpt lat="46.061894" lon="-91.336511">
        <ele>413.0</ele>
      </trkpt>
      <trkpt lat="46.061934" lon="-91.336529">
        <ele>413.0</ele>
      </trkpt>
      <trkpt lat="46.061962" lon="-91.336517">
        <ele>413.0</ele>
      </trkpt>
      <trkpt lat="46.062027" lon="-91.336531">
        <ele>412.0</ele>
      </trkpt>
      <trkpt lat="46.062077" lon="-91.336567">
        <ele>412.0</ele>
      </trkpt>
      <trkpt lat="46.062126" lon="-91.336612">
        <ele>412.0</ele>
      </trkpt>
      <trkpt lat="46.062184" lon="-91.336691">
        <ele>412.0</ele>
      </trkpt>
      <trkpt lat="46.062226" lon="-91.336783">
        <ele>413.0</ele>
      </trkpt>
      <trkpt lat="46.062289" lon="-91.336845">
        <ele>414.0</ele>
      </trkpt>
      <trkpt lat="46.062323" lon="-91.33692">
        <ele>415.0</ele>
      </trkpt>
      <trkpt lat="46.062401" lon="-91.33694">
        <ele>415.0</ele>
      </trkpt>
      <trkpt lat="46.062463" lon="-91.336977">
        <ele>415.0</ele>
      </trkpt>
      <trkpt lat="46.062523" lon="-91.337008">
        <ele>416.0</ele>
      </trkpt>
      <trkpt lat="46.06257" lon="-91.337039">
        <ele>416.0</ele>
      </trkpt>
      <trkpt lat="46.062645" lon="-91.337032">
        <ele>417.0</ele>
      </trkpt>
      <trkpt lat="46.062688" lon="-91.337054">
        <ele>417.0</ele>
      </trkpt>
      <trkpt lat="46.062745" lon="-91.337077">
        <ele>417.0</ele>
      </trkpt>
      <trkpt lat="46.062785" lon="-91.337112">
        <ele>418.0</ele>
      </trkpt>
      <trkpt lat="46.062815" lon="-91.337126">
        <ele>418.0</ele>
      </trkpt>
      <trkpt lat="46.062852" lon="-91.337184">
        <ele>418.0</ele>
      </trkpt>
      <trkpt lat="46.062868" lon="-91.337201">
        <ele>418.0</ele>
      </trkpt>
      <trkpt lat="46.062866" lon="-91.3372">
        <ele>418.0</ele>
      </trkpt>
      <trkpt lat="46.062875" lon="-91.337186">
        <ele>418.0</ele>
      </trkpt>
      <trkpt lat="46.06288" lon="-91.337185">
        <ele>417.0</ele>
      </trkpt>
      <trkpt lat="46.062893" lon="-91.337201">
        <ele>418.0</ele>
      </trkpt>
      <trkpt lat="46.062931" lon="-91.337275">
        <ele>417.0</ele>
      </trkpt>
      <trkpt lat="46.062963" lon="-91.337414">
        <ele>417.0</ele>
      </trkpt>
      <trkpt lat="46.062966" lon="-91.337481">
        <ele>417.0</ele>
      </trkpt>
      <trkpt lat="46.06298" lon="-91.337547">
        <ele>417.0</ele>
      </trkpt>
      <trkpt lat="46.063003" lon="-91.337588">
        <ele>417.0</ele>
      </trkpt>
      <trkpt lat="46.06307" lon="-91.337658">
        <ele>416.0</ele>
      </trkpt>
      <trkpt lat="46.063082" lon="-91.337654">
        <ele>416.0</ele>
      </trkpt>
      <trkpt lat="46.063091" lon="-91.337661">
        <ele>416.0</ele>
      </trkpt>
      <trkpt lat="46.063095" lon="-91.33766">
        <ele>416.0</ele>
      </trkpt>
      <trkpt lat="46.063093" lon="-91.337659">
        <ele>416.0</ele>
      </trkpt>
      <trkpt lat="46.063096" lon="-91.337663">
        <ele>416.0</ele>
      </trkpt>
      <trkpt lat="46.063115" lon="-91.337671">
        <ele>416.0</ele>
      </trkpt>
      <trkpt lat="46.063177" lon="-91.337692">
        <ele>416.0</ele>
      </trkpt>
      <trkpt lat="46.06324" lon="-91.337706">
        <ele>415.0</ele>
      </trkpt>
      <trkpt lat="46.063285" lon="-91.337696">
        <ele>415.0</ele>
      </trkpt>
      <trkpt lat="46.063325" lon="-91.337691">
        <ele>415.0</ele>
      </trkpt>
      <trkpt lat="46.063361" lon="-91.33767">
        <ele>415.0</ele>
      </trkpt>
      <trkpt lat="46.063398" lon="-91.337659">
        <ele>415.0</ele>
      </trkpt>
      <trkpt lat="46.063433" lon="-91.337632">
        <ele>415.0</ele>
      </trkpt>
      <trkpt lat="46.063464" lon="-91.337599">
        <ele>415.0</ele>
      </trkpt>
      <trkpt lat="46.0635" lon="-91.337548">
        <ele>415.0</ele>
      </trkpt>
      <trkpt lat="46.063519" lon="-91.337497">
        <ele>415.0</ele>
      </trkpt>
      <trkpt lat="46.063548" lon="-91.33744">
        <ele>415.0</ele>
      </trkpt>
      <trkpt lat="46.063572" lon="-91.337379">
        <ele>415.0</ele>
      </trkpt>
      <trkpt lat="46.063631" lon="-91.33726">
        <ele>415.0</ele>
      </trkpt>
      <trkpt lat="46.063671" lon="-91.337204">
        <ele>416.0</ele>
      </trkpt>
      <trkpt lat="46.063722" lon="-91.337143">
        <ele>416.0</ele>
      </trkpt>
      <trkpt lat="46.063757" lon="-91.337074">
        <ele>416.0</ele>
      </trkpt>
      <trkpt lat="46.063799" lon="-91.337007">
        <ele>416.0</ele>
      </trkpt>
      <trkpt lat="46.063875" lon="-91.336923">
        <ele>417.0</ele>
      </trkpt>
      <trkpt lat="46.063906" lon="-91.336881">
        <ele>417.0</ele>
      </trkpt>
      <trkpt lat="46.063996" lon="-91.336887">
        <ele>417.0</ele>
      </trkpt>
      <trkpt lat="46.064041" lon="-91.336875">
        <ele>417.0</ele>
      </trkpt>
      <trkpt lat="46.064088" lon="-91.33687">
        <ele>416.0</ele>
      </trkpt>
      <trkpt lat="46.064144" lon="-91.336853">
        <ele>416.0</ele>
      </trkpt>
      <trkpt lat="46.064185" lon="-91.336873">
        <ele>417.0</ele>
      </trkpt>
      <trkpt lat="46.064227" lon="-91.336879">
        <ele>417.0</ele>
      </trkpt>
      <trkpt lat="46.064283" lon="-91.336903">
        <ele>417.0</ele>
      </trkpt>
      <trkpt lat="46.064315" lon="-91.336923">
        <ele>417.0</ele>
      </trkpt>
      <trkpt lat="46.064325" lon="-91.336947">
        <ele>418.0</ele>
      </trkpt>
      <trkpt lat="46.064343" lon="-91.336953">
        <ele>418.0</ele>
      </trkpt>
      <trkpt lat="46.064418" lon="-91.337">
        <ele>418.0</ele>
      </trkpt>
      <trkpt lat="46.064412" lon="-91.337012">
        <ele>418.0</ele>
      </trkpt>
      <trkpt lat="46.064406" lon="-91.337047">
        <ele>418.0</ele>
      </trkpt>
      <trkpt lat="46.064408" lon="-91.337065">
        <ele>418.0</ele>
      </trkpt>
      <trkpt lat="46.064425" lon="-91.337074">
        <ele>418.0</ele>
      </trkpt>
      <trkpt lat="46.064469" lon="-91.337133">
        <ele>418.0</ele>
      </trkpt>
      <trkpt lat="46.064475" lon="-91.337149">
        <ele>418.0</ele>
      </trkpt>
      <trkpt lat="46.064483" lon="-91.337193">
        <ele>418.0</ele>
      </trkpt>
      <trkpt lat="46.064499" lon="-91.337224">
        <ele>418.0</ele>
      </trkpt>
      <trkpt lat="46.06451" lon="-91.337266">
        <ele>418.0</ele>
      </trkpt>
      <trkpt lat="46.06453" lon="-91.337298">
        <ele>418.0</ele>
      </trkpt>
      <trkpt lat="46.064529" lon="-91.337306">
        <ele>418.0</ele>
      </trkpt>
      <trkpt lat="46.064545" lon="-91.337316">
        <ele>418.0</ele>
      </trkpt>
      <trkpt lat="46.06461" lon="-91.337227">
        <ele>417.0</ele>
      </trkpt>
      <trkpt lat="46.064627" lon="-91.337216">
        <ele>417.0</ele>
      </trkpt>
      <trkpt lat="46.064614" lon="-91.337225">
        <ele>417.0</ele>
      </trkpt>
      <trkpt lat="46.0646" lon="-91.337222">
        <ele>417.0</ele>
      </trkpt>
      <trkpt lat="46.064591" lon="-91.337216">
        <ele>417.0</ele>
      </trkpt>
      <trkpt lat="46.064637" lon="-91.33717">
        <ele>417.0</ele>
      </trkpt>
      <trkpt lat="46.064667" lon="-91.337122">
        <ele>417.0</ele>
      </trkpt>
      <trkpt lat="46.064691" lon="-91.337061">
        <ele>417.0</ele>
      </trkpt>
      <trkpt lat="46.064717" lon="-91.336978">
        <ele>417.0</ele>
      </trkpt>
      <trkpt lat="46.064783" lon="-91.336808">
        <ele>416.0</ele>
      </trkpt>
      <trkpt lat="46.06485" lon="-91.336613">
        <ele>416.0</ele>
      </trkpt>
      <trkpt lat="46.06489" lon="-91.336518">
        <ele>416.0</ele>
      </trkpt>
      <trkpt lat="46.064963" lon="-91.336299">
        <ele>416.0</ele>
      </trkpt>
      <trkpt lat="46.065007" lon="-91.336203">
        <ele>416.0</ele>
      </trkpt>
      <trkpt lat="46.065043" lon="-91.336096">
        <ele>416.0</ele>
      </trkpt>
      <trkpt lat="46.065315" lon="-91.335695">
        <ele>416.0</ele>
      </trkpt>
      <trkpt lat="46.065381" lon="-91.335604">
        <ele>415.0</ele>
      </trkpt>
      <trkpt lat="46.065448" lon="-91.335517">
        <ele>414.0</ele>
      </trkpt>
      <trkpt lat="46.065587" lon="-91.335348">
        <ele>412.0</ele>
      </trkpt>
      <trkpt lat="46.065726" lon="-91.335191">
        <ele>411.0</ele>
      </trkpt>
      <trkpt lat="46.065869" lon="-91.335052">
        <ele>410.0</ele>
      </trkpt>
      <trkpt lat="46.065943" lon="-91.334987">
        <ele>409.0</ele>
      </trkpt>
      <trkpt lat="46.066017" lon="-91.334925">
        <ele>409.0</ele>
      </trkpt>
      <trkpt lat="46.066171" lon="-91.334808">
        <ele>409.0</ele>
      </trkpt>
      <trkpt lat="46.066401" lon="-91.33464">
        <ele>409.0</ele>
      </trkpt>
      <trkpt lat="46.066474" lon="-91.33458">
        <ele>409.0</ele>
      </trkpt>
      <trkpt lat="46.066703" lon="-91.334416">
        <ele>409.0</ele>
      </trkpt>
      <trkpt lat="46.066786" lon="-91.33437">
        <ele>409.0</ele>
      </trkpt>
      <trkpt lat="46.066869" lon="-91.334338">
        <ele>409.0</ele>
      </trkpt>
      <trkpt lat="46.067035" lon="-91.334301">
        <ele>409.0</ele>
      </trkpt>
      <trkpt lat="46.067199" lon="-91.33429">
        <ele>410.0</ele>
      </trkpt>
      <trkpt lat="46.067276" lon="-91.334276">
        <ele>410.0</ele>
      </trkpt>
      <trkpt lat="46.067408" lon="-91.334266">
        <ele>411.0</ele>
      </trkpt>
      <trkpt lat="46.067461" lon="-91.334254">
        <ele>412.0</ele>
      </trkpt>
      <trkpt lat="46.067646" lon="-91.334233">
        <ele>412.0</ele>
      </trkpt>
      <trkpt lat="46.067674" lon="-91.334232">
        <ele>412.0</ele>
      </trkpt>
      <trkpt lat="46.067764" lon="-91.334255">
        <ele>412.0</ele>
      </trkpt>
      <trkpt lat="46.067796" lon="-91.334267">
        <ele>412.0</ele>
      </trkpt>
      <trkpt lat="46.067824" lon="-91.334273">
        <ele>412.0</ele>
      </trkpt>
      <trkpt lat="46.067857" lon="-91.334274">
        <ele>412.0</ele>
      </trkpt>
      <trkpt lat="46.067865" lon="-91.334271">
        <ele>412.0</ele>
      </trkpt>
      <trkpt lat="46.067865" lon="-91.334263">
        <ele>412.0</ele>
      </trkpt>
      <trkpt lat="46.06787" lon="-91.33426">
        <ele>412.0</ele>
      </trkpt>
      <trkpt lat="46.067957" lon="-91.334214">
        <ele>412.0</ele>
      </trkpt>
      <trkpt lat="46.068125" lon="-91.334141">
        <ele>411.0</ele>
      </trkpt>
      <trkpt lat="46.068194" lon="-91.334106">
        <ele>411.0</ele>
      </trkpt>
      <trkpt lat="46.068271" lon="-91.334072">
        <ele>410.0</ele>
      </trkpt>
      <trkpt lat="46.068353" lon="-91.334028">
        <ele>410.0</ele>
      </trkpt>
      <trkpt lat="46.06853" lon="-91.333946">
        <ele>408.0</ele>
      </trkpt>
      <trkpt lat="46.068624" lon="-91.333906">
        <ele>407.0</ele>
      </trkpt>
      <trkpt lat="46.068726" lon="-91.333879">
        <ele>407.0</ele>
      </trkpt>
      <trkpt lat="46.068826" lon="-91.333872">
        <ele>406.0</ele>
      </trkpt>
      <trkpt lat="46.068924" lon="-91.333875">
        <ele>406.0</ele>
      </trkpt>
      <trkpt lat="46.069023" lon="-91.333882">
        <ele>406.0</ele>
      </trkpt>
      <trkpt lat="46.069124" lon="-91.333894">
        <ele>405.0</ele>
      </trkpt>
      <trkpt lat="46.069317" lon="-91.333887">
        <ele>406.0</ele>
      </trkpt>
      <trkpt lat="46.06941" lon="-91.333868">
        <ele>407.0</ele>
      </trkpt>
      <trkpt lat="46.069672" lon="-91.333796">
        <ele>409.0</ele>
      </trkpt>
      <trkpt lat="46.069756" lon="-91.333776">
        <ele>410.0</ele>
      </trkpt>
      <trkpt lat="46.070079" lon="-91.333714">
        <ele>412.0</ele>
      </trkpt>
      <trkpt lat="46.070235" lon="-91.333681">
        <ele>414.0</ele>
      </trkpt>
      <trkpt lat="46.070352" lon="-91.333633">
        <ele>414.0</ele>
      </trkpt>
      <trkpt lat="46.070492" lon="-91.333557">
        <ele>414.0</ele>
      </trkpt>
      <trkpt lat="46.070662" lon="-91.333447">
        <ele>413.0</ele>
      </trkpt>
      <trkpt lat="46.070755" lon="-91.33338">
        <ele>413.0</ele>
      </trkpt>
      <trkpt lat="46.070949" lon="-91.333261">
        <ele>411.0</ele>
      </trkpt>
      <trkpt lat="46.07105" lon="-91.333215">
        <ele>410.0</ele>
      </trkpt>
      <trkpt lat="46.071153" lon="-91.333174">
        <ele>410.0</ele>
      </trkpt>
      <trkpt lat="46.071465" lon="-91.333093">
        <ele>410.0</ele>
      </trkpt>
      <trkpt lat="46.071668" lon="-91.333051">
        <ele>412.0</ele>
      </trkpt>
      <trkpt lat="46.071873" lon="-91.333014">
        <ele>411.0</ele>
      </trkpt>
      <trkpt lat="46.072074" lon="-91.332983">
        <ele>410.0</ele>
      </trkpt>
      <trkpt lat="46.072174" lon="-91.332983">
        <ele>410.0</ele>
      </trkpt>
      <trkpt lat="46.072274" lon="-91.333002">
        <ele>410.0</ele>
      </trkpt>
      <trkpt lat="46.072373" lon="-91.333041">
        <ele>410.0</ele>
      </trkpt>
      <trkpt lat="46.072466" lon="-91.333092">
        <ele>411.0</ele>
      </trkpt>
      <trkpt lat="46.072827" lon="-91.333358">
        <ele>411.0</ele>
      </trkpt>
      <trkpt lat="46.072922" lon="-91.333417">
        <ele>412.0</ele>
      </trkpt>
      <trkpt lat="46.073017" lon="-91.333462">
        <ele>413.0</ele>
      </trkpt>
      <trkpt lat="46.073116" lon="-91.333487">
        <ele>413.0</ele>
      </trkpt>
      <trkpt lat="46.073214" lon="-91.333487">
        <ele>414.0</ele>
      </trkpt>
      <trkpt lat="46.073298" lon="-91.333475">
        <ele>414.0</ele>
      </trkpt>
      <trkpt lat="46.073376" lon="-91.333454">
        <ele>414.0</ele>
      </trkpt>
      <trkpt lat="46.073457" lon="-91.333421">
        <ele>414.0</ele>
      </trkpt>
      <trkpt lat="46.073537" lon="-91.333379">
        <ele>414.0</ele>
      </trkpt>
      <trkpt lat="46.073616" lon="-91.333329">
        <ele>414.0</ele>
      </trkpt>
      <trkpt lat="46.073694" lon="-91.333262">
        <ele>414.0</ele>
      </trkpt>
      <trkpt lat="46.073767" lon="-91.333184">
        <ele>415.0</ele>
      </trkpt>
      <trkpt lat="46.073838" lon="-91.333093">
        <ele>415.0</ele>
      </trkpt>
      <trkpt lat="46.073905" lon="-91.332995">
        <ele>415.0</ele>
      </trkpt>
      <trkpt lat="46.074012" lon="-91.332789">
        <ele>415.0</ele>
      </trkpt>
      <trkpt lat="46.074069" lon="-91.33266">
        <ele>416.0</ele>
      </trkpt>
      <trkpt lat="46.074084" lon="-91.332637">
        <ele>416.0</ele>
      </trkpt>
      <trkpt lat="46.074152" lon="-91.33259">
        <ele>416.0</ele>
      </trkpt>
      <trkpt lat="46.074167" lon="-91.332544">
        <ele>416.0</ele>
      </trkpt>
      <trkpt lat="46.074176" lon="-91.332526">
        <ele>416.0</ele>
      </trkpt>
      <trkpt lat="46.074282" lon="-91.332345">
        <ele>416.0</ele>
      </trkpt>
      <trkpt lat="46.074322" lon="-91.332283">
        <ele>417.0</ele>
      </trkpt>
      <trkpt lat="46.074396" lon="-91.332178">
        <ele>417.0</ele>
      </trkpt>
      <trkpt lat="46.074439" lon="-91.332124">
        <ele>416.0</ele>
      </trkpt>
      <trkpt lat="46.074492" lon="-91.332073">
        <ele>416.0</ele>
      </trkpt>
      <trkpt lat="46.074553" lon="-91.332031">
        <ele>416.0</ele>
      </trkpt>
      <trkpt lat="46.074687" lon="-91.331955">
        <ele>416.0</ele>
      </trkpt>
      <trkpt lat="46.074829" lon="-91.331861">
        <ele>416.0</ele>
      </trkpt>
      <trkpt lat="46.074983" lon="-91.331769">
        <ele>416.0</ele>
      </trkpt>
      <trkpt lat="46.075066" lon="-91.331726">
        <ele>417.0</ele>
      </trkpt>
      <trkpt lat="46.07539" lon="-91.331522">
        <ele>419.0</ele>
      </trkpt>
      <trkpt lat="46.075551" lon="-91.33143">
        <ele>419.0</ele>
      </trkpt>
      <trkpt lat="46.075724" lon="-91.331343">
        <ele>418.0</ele>
      </trkpt>
      <trkpt lat="46.075996" lon="-91.331277">
        <ele>418.0</ele>
      </trkpt>
      <trkpt lat="46.076092" lon="-91.331264">
        <ele>418.0</ele>
      </trkpt>
      <trkpt lat="46.076187" lon="-91.331256">
        <ele>418.0</ele>
      </trkpt>
      <trkpt lat="46.076281" lon="-91.331258">
        <ele>418.0</ele>
      </trkpt>
      <trkpt lat="46.076375" lon="-91.331271">
        <ele>418.0</ele>
      </trkpt>
      <trkpt lat="46.076468" lon="-91.331289">
        <ele>418.0</ele>
      </trkpt>
      <trkpt lat="46.076558" lon="-91.331318">
        <ele>418.0</ele>
      </trkpt>
      <trkpt lat="46.076648" lon="-91.331363">
        <ele>417.0</ele>
      </trkpt>
      <trkpt lat="46.076734" lon="-91.331414">
        <ele>417.0</ele>
      </trkpt>
      <trkpt lat="46.076821" lon="-91.331483">
        <ele>416.0</ele>
      </trkpt>
      <trkpt lat="46.076896" lon="-91.33157">
        <ele>416.0</ele>
      </trkpt>
      <trkpt lat="46.076968" lon="-91.331664">
        <ele>416.0</ele>
      </trkpt>
      <trkpt lat="46.077026" lon="-91.331762">
        <ele>416.0</ele>
      </trkpt>
      <trkpt lat="46.077074" lon="-91.331868">
        <ele>416.0</ele>
      </trkpt>
      <trkpt lat="46.077142" lon="-91.332094">
        <ele>417.0</ele>
      </trkpt>
      <trkpt lat="46.077224" lon="-91.33242">
        <ele>418.0</ele>
      </trkpt>
      <trkpt lat="46.077255" lon="-91.332521">
        <ele>418.0</ele>
      </trkpt>
      <trkpt lat="46.077293" lon="-91.332609">
        <ele>418.0</ele>
      </trkpt>
      <trkpt lat="46.077337" lon="-91.332681">
        <ele>418.0</ele>
      </trkpt>
      <trkpt lat="46.077443" lon="-91.332802">
        <ele>418.0</ele>
      </trkpt>
      <trkpt lat="46.077505" lon="-91.332859">
        <ele>418.0</ele>
      </trkpt>
      <trkpt lat="46.077569" lon="-91.3329">
        <ele>418.0</ele>
      </trkpt>
      <trkpt lat="46.077637" lon="-91.332937">
        <ele>418.0</ele>
      </trkpt>
      <trkpt lat="46.077709" lon="-91.33296">
        <ele>419.0</ele>
      </trkpt>
      <trkpt lat="46.077935" lon="-91.33302">
        <ele>419.0</ele>
      </trkpt>
      <trkpt lat="46.078188" lon="-91.333059">
        <ele>419.0</ele>
      </trkpt>
      <trkpt lat="46.078274" lon="-91.333067">
        <ele>419.0</ele>
      </trkpt>
      <trkpt lat="46.078361" lon="-91.333072">
        <ele>419.0</ele>
      </trkpt>
      <trkpt lat="46.078536" lon="-91.333071">
        <ele>420.0</ele>
      </trkpt>
      <trkpt lat="46.078706" lon="-91.333049">
        <ele>420.0</ele>
      </trkpt>
      <trkpt lat="46.078786" lon="-91.333029">
        <ele>421.0</ele>
      </trkpt>
      <trkpt lat="46.078859" lon="-91.332998">
        <ele>421.0</ele>
      </trkpt>
      <trkpt lat="46.078954" lon="-91.33294">
        <ele>421.0</ele>
      </trkpt>
      <trkpt lat="46.078988" lon="-91.332913">
        <ele>422.0</ele>
      </trkpt>
      <trkpt lat="46.079017" lon="-91.332897">
        <ele>422.0</ele>
      </trkpt>
      <trkpt lat="46.07905" lon="-91.332866">
        <ele>422.0</ele>
      </trkpt>
      <trkpt lat="46.079046" lon="-91.332862">
        <ele>422.0</ele>
      </trkpt>
      <trkpt lat="46.079044" lon="-91.33287">
        <ele>422.0</ele>
      </trkpt>
      <trkpt lat="46.079047" lon="-91.332871">
        <ele>422.0</ele>
      </trkpt>
      <trkpt lat="46.079128" lon="-91.332762">
        <ele>422.0</ele>
      </trkpt>
      <trkpt lat="46.079182" lon="-91.332654">
        <ele>423.0</ele>
      </trkpt>
      <trkpt lat="46.079277" lon="-91.332406">
        <ele>425.0</ele>
      </trkpt>
      <trkpt lat="46.079383" lon="-91.332092">
        <ele>425.0</ele>
      </trkpt>
      <trkpt lat="46.079421" lon="-91.331988">
        <ele>425.0</ele>
      </trkpt>
      <trkpt lat="46.079499" lon="-91.331792">
        <ele>425.0</ele>
      </trkpt>
      <trkpt lat="46.079601" lon="-91.33161">
        <ele>425.0</ele>
      </trkpt>
      <trkpt lat="46.07969" lon="-91.33143">
        <ele>425.0</ele>
      </trkpt>
      <trkpt lat="46.079739" lon="-91.331339">
        <ele>425.0</ele>
      </trkpt>
      <trkpt lat="46.079823" lon="-91.331164">
        <ele>425.0</ele>
      </trkpt>
      <trkpt lat="46.079859" lon="-91.331076">
        <ele>426.0</ele>
      </trkpt>
      <trkpt lat="46.080057" lon="-91.330456">
        <ele>427.0</ele>
      </trkpt>
      <trkpt lat="46.080124" lon="-91.330227">
        <ele>427.0</ele>
      </trkpt>
      <trkpt lat="46.080196" lon="-91.33001">
        <ele>427.0</ele>
      </trkpt>
      <trkpt lat="46.080241" lon="-91.329911">
        <ele>428.0</ele>
      </trkpt>
      <trkpt lat="46.080386" lon="-91.329624">
        <ele>428.0</ele>
      </trkpt>
      <trkpt lat="46.080528" lon="-91.329316">
        <ele>426.0</ele>
      </trkpt>
      <trkpt lat="46.080639" lon="-91.329104">
        <ele>425.0</ele>
      </trkpt>
      <trkpt lat="46.080852" lon="-91.328807">
        <ele>425.0</ele>
      </trkpt>
      <trkpt lat="46.080919" lon="-91.328696">
        <ele>424.0</ele>
      </trkpt>
      <trkpt lat="46.080995" lon="-91.328595">
        <ele>424.0</ele>
      </trkpt>
      <trkpt lat="46.081206" lon="-91.328299">
        <ele>425.0</ele>
      </trkpt>
      <trkpt lat="46.08134" lon="-91.328122">
        <ele>425.0</ele>
      </trkpt>
      <trkpt lat="46.081493" lon="-91.327881">
        <ele>426.0</ele>
      </trkpt>
      <trkpt lat="46.081541" lon="-91.327796">
        <ele>427.0</ele>
      </trkpt>
      <trkpt lat="46.081712" lon="-91.32755">
        <ele>428.0</ele>
      </trkpt>
      <trkpt lat="46.08179" lon="-91.327419">
        <ele>429.0</ele>
      </trkpt>
      <trkpt lat="46.081829" lon="-91.327347">
        <ele>430.0</ele>
      </trkpt>
      <trkpt lat="46.081866" lon="-91.32727">
        <ele>431.0</ele>
      </trkpt>
      <trkpt lat="46.081933" lon="-91.327109">
        <ele>434.0</ele>
      </trkpt>
      <trkpt lat="46.082025" lon="-91.326845">
        <ele>435.0</ele>
      </trkpt>
      <trkpt lat="46.082082" lon="-91.326649">
        <ele>435.0</ele>
      </trkpt>
      <trkpt lat="46.082106" lon="-91.326539">
        <ele>435.0</ele>
      </trkpt>
      <trkpt lat="46.082202" lon="-91.326211">
        <ele>434.0</ele>
      </trkpt>
      <trkpt lat="46.082294" lon="-91.325865">
        <ele>431.0</ele>
      </trkpt>
      <trkpt lat="46.082433" lon="-91.325382">
        <ele>429.0</ele>
      </trkpt>
      <trkpt lat="46.082531" lon="-91.325052">
        <ele>429.0</ele>
      </trkpt>
      <trkpt lat="46.082577" lon="-91.324959">
        <ele>429.0</ele>
      </trkpt>
      <trkpt lat="46.082629" lon="-91.324869">
        <ele>429.0</ele>
      </trkpt>
      <trkpt lat="46.082684" lon="-91.324785">
        <ele>429.0</ele>
      </trkpt>
      <trkpt lat="46.082748" lon="-91.324706">
        <ele>429.0</ele>
      </trkpt>
      <trkpt lat="46.082891" lon="-91.324566">
        <ele>429.0</ele>
      </trkpt>
      <trkpt lat="46.083036" lon="-91.324427">
        <ele>429.0</ele>
      </trkpt>
      <trkpt lat="46.083184" lon="-91.324292">
        <ele>430.0</ele>
      </trkpt>
      <trkpt lat="46.083602" lon="-91.323938">
        <ele>431.0</ele>
      </trkpt>
      <trkpt lat="46.083678" lon="-91.323872">
        <ele>431.0</ele>
      </trkpt>
      <trkpt lat="46.083755" lon="-91.323799">
        <ele>430.0</ele>
      </trkpt>
      <trkpt lat="46.083837" lon="-91.323732">
        <ele>430.0</ele>
      </trkpt>
      <trkpt lat="46.083922" lon="-91.323667">
        <ele>429.0</ele>
      </trkpt>
      <trkpt lat="46.084011" lon="-91.323613">
        <ele>429.0</ele>
      </trkpt>
      <trkpt lat="46.084106" lon="-91.323581">
        <ele>428.0</ele>
      </trkpt>
      <trkpt lat="46.084203" lon="-91.323564">
        <ele>428.0</ele>
      </trkpt>
      <trkpt lat="46.084303" lon="-91.32356">
        <ele>428.0</ele>
      </trkpt>
      <trkpt lat="46.084402" lon="-91.323576">
        <ele>427.0</ele>
      </trkpt>
      <trkpt lat="46.084609" lon="-91.323599">
        <ele>428.0</ele>
      </trkpt>
      <trkpt lat="46.084812" lon="-91.323642">
        <ele>428.0</ele>
      </trkpt>
      <trkpt lat="46.085009" lon="-91.32369">
        <ele>428.0</ele>
      </trkpt>
      <trkpt lat="46.085105" lon="-91.323706">
        <ele>428.0</ele>
      </trkpt>
      <trkpt lat="46.085378" lon="-91.323728">
        <ele>429.0</ele>
      </trkpt>
      <trkpt lat="46.085467" lon="-91.323738">
        <ele>430.0</ele>
      </trkpt>
      <trkpt lat="46.086082" lon="-91.323775">
        <ele>431.0</ele>
      </trkpt>
      <trkpt lat="46.086176" lon="-91.323784">
        <ele>431.0</ele>
      </trkpt>
      <trkpt lat="46.086373" lon="-91.323794">
        <ele>429.0</ele>
      </trkpt>
      <trkpt lat="46.086598" lon="-91.32381">
        <ele>428.0</ele>
      </trkpt>
      <trkpt lat="46.087213" lon="-91.323839">
        <ele>426.0</ele>
      </trkpt>
      <trkpt lat="46.087337" lon="-91.323839">
        <ele>426.0</ele>
      </trkpt>
      <trkpt lat="46.08746" lon="-91.323832">
        <ele>427.0</ele>
      </trkpt>
      <trkpt lat="46.087584" lon="-91.323831">
        <ele>428.0</ele>
      </trkpt>
      <trkpt lat="46.0877" lon="-91.323839">
        <ele>429.0</ele>
      </trkpt>
      <trkpt lat="46.088103" lon="-91.323839">
        <ele>430.0</ele>
      </trkpt>
      <trkpt lat="46.088299" lon="-91.323832">
        <ele>430.0</ele>
      </trkpt>
      <trkpt lat="46.088406" lon="-91.323807">
        <ele>429.0</ele>
      </trkpt>
      <trkpt lat="46.088515" lon="-91.323774">
        <ele>429.0</ele>
      </trkpt>
      <trkpt lat="46.088624" lon="-91.323725">
        <ele>428.0</ele>
      </trkpt>
      <trkpt lat="46.088734" lon="-91.323662">
        <ele>427.0</ele>
      </trkpt>
      <trkpt lat="46.088947" lon="-91.323512">
        <ele>424.0</ele>
      </trkpt>
      <trkpt lat="46.089054" lon="-91.323425">
        <ele>424.0</ele>
      </trkpt>
      <trkpt lat="46.089259" lon="-91.323245">
        <ele>426.0</ele>
      </trkpt>
      <trkpt lat="46.089352" lon="-91.323168">
        <ele>427.0</ele>
      </trkpt>
      <trkpt lat="46.089535" lon="-91.323036">
        <ele>429.0</ele>
      </trkpt>
      <trkpt lat="46.089633" lon="-91.323003">
        <ele>430.0</ele>
      </trkpt>
      <trkpt lat="46.089843" lon="-91.322949">
        <ele>430.0</ele>
      </trkpt>
      <trkpt lat="46.089948" lon="-91.322934">
        <ele>430.0</ele>
      </trkpt>
      <trkpt lat="46.090366" lon="-91.32291">
        <ele>431.0</ele>
      </trkpt>
      <trkpt lat="46.090598" lon="-91.322907">
        <ele>431.0</ele>
      </trkpt>
      <trkpt lat="46.090714" lon="-91.32291">
        <ele>431.0</ele>
      </trkpt>
      <trkpt lat="46.090834" lon="-91.322904">
        <ele>431.0</ele>
      </trkpt>
      <trkpt lat="46.090946" lon="-91.322882">
        <ele>431.0</ele>
      </trkpt>
      <trkpt lat="46.091051" lon="-91.322843">
        <ele>431.0</ele>
      </trkpt>
      <trkpt lat="46.091143" lon="-91.322782">
        <ele>431.0</ele>
      </trkpt>
      <trkpt lat="46.091228" lon="-91.322719">
        <ele>431.0</ele>
      </trkpt>
      <trkpt lat="46.091394" lon="-91.322571">
        <ele>431.0</ele>
      </trkpt>
      <trkpt lat="46.091731" lon="-91.322251">
        <ele>431.0</ele>
      </trkpt>
      <trkpt lat="46.091821" lon="-91.322153">
        <ele>431.0</ele>
      </trkpt>
      <trkpt lat="46.091919" lon="-91.322093">
        <ele>431.0</ele>
      </trkpt>
      <trkpt lat="46.092012" lon="-91.322043">
        <ele>431.0</ele>
      </trkpt>
      <trkpt lat="46.092231" lon="-91.321934">
        <ele>431.0</ele>
      </trkpt>
      <trkpt lat="46.092289" lon="-91.321911">
        <ele>431.0</ele>
      </trkpt>
      <trkpt lat="46.0924" lon="-91.321855">
        <ele>432.0</ele>
      </trkpt>
      <trkpt lat="46.092491" lon="-91.321801">
        <ele>432.0</ele>
      </trkpt>
      <trkpt lat="46.092597" lon="-91.321747">
        <ele>431.0</ele>
      </trkpt>
      <trkpt lat="46.092637" lon="-91.321715">
        <ele>431.0</ele>
      </trkpt>
      <trkpt lat="46.092661" lon="-91.321704">
        <ele>431.0</ele>
      </trkpt>
      <trkpt lat="46.092664" lon="-91.3217">
        <ele>431.0</ele>
      </trkpt>
      <trkpt lat="46.092746" lon="-91.321674">
        <ele>431.0</ele>
      </trkpt>
      <trkpt lat="46.092789" lon="-91.321664">
        <ele>431.0</ele>
      </trkpt>
      <trkpt lat="46.092815" lon="-91.321649">
        <ele>431.0</ele>
      </trkpt>
      <trkpt lat="46.092836" lon="-91.32162">
        <ele>431.0</ele>
      </trkpt>
      <trkpt lat="46.092844" lon="-91.321576">
        <ele>431.0</ele>
      </trkpt>
      <trkpt lat="46.092842" lon="-91.321529">
        <ele>432.0</ele>
      </trkpt>
      <trkpt lat="46.092833" lon="-91.321472">
        <ele>432.0</ele>
      </trkpt>
      <trkpt lat="46.092838" lon="-91.321469">
        <ele>432.0</ele>
      </trkpt>
      <trkpt lat="46.092879" lon="-91.321371">
        <ele>432.0</ele>
      </trkpt>
      <trkpt lat="46.092878" lon="-91.321326">
        <ele>433.0</ele>
      </trkpt>
      <trkpt lat="46.092886" lon="-91.321177">
        <ele>433.0</ele>
      </trkpt>
      <trkpt lat="46.092881" lon="-91.320941">
        <ele>434.0</ele>
      </trkpt>
      <trkpt lat="46.092881" lon="-91.320769">
        <ele>435.0</ele>
      </trkpt>
      <trkpt lat="46.092887" lon="-91.320592">
        <ele>436.0</ele>
      </trkpt>
      <trkpt lat="46.092902" lon="-91.320554">
        <ele>437.0</ele>
      </trkpt>
      <trkpt lat="46.092964" lon="-91.320473">
        <ele>437.0</ele>
      </trkpt>
      <trkpt lat="46.092985" lon="-91.3204">
        <ele>438.0</ele>
      </trkpt>
      <trkpt lat="46.093004" lon="-91.320321">
        <ele>439.0</ele>
      </trkpt>
      <trkpt lat="46.093029" lon="-91.320099">
        <ele>440.0</ele>
      </trkpt>
      <trkpt lat="46.093046" lon="-91.32">
        <ele>441.0</ele>
      </trkpt>
      <trkpt lat="46.093028" lon="-91.31996">
        <ele>441.0</ele>
      </trkpt>
      <trkpt lat="46.093023" lon="-91.319924">
        <ele>441.0</ele>
      </trkpt>
      <trkpt lat="46.093032" lon="-91.319732">
        <ele>442.0</ele>
      </trkpt>
      <trkpt lat="46.093042" lon="-91.319612">
        <ele>442.0</ele>
      </trkpt>
      <trkpt lat="46.093041" lon="-91.319545">
        <ele>442.0</ele>
      </trkpt>
      <trkpt lat="46.093034" lon="-91.319558">
        <ele>442.0</ele>
      </trkpt>
      <trkpt lat="46.093031" lon="-91.319552">
        <ele>442.0</ele>
      </trkpt>
      <trkpt lat="46.093043" lon="-91.319533">
        <ele>442.0</ele>
      </trkpt>
      <trkpt lat="46.093038" lon="-91.319385">
        <ele>442.0</ele>
      </trkpt>
      <trkpt lat="46.093018" lon="-91.319335">
        <ele>442.0</ele>
      </trkpt>
      <trkpt lat="46.092992" lon="-91.319289">
        <ele>442.0</ele>
      </trkpt>
      <trkpt lat="46.092908" lon="-91.319191">
        <ele>442.0</ele>
      </trkpt>
      <trkpt lat="46.092869" lon="-91.319139">
        <ele>442.0</ele>
      </trkpt>
      <trkpt lat="46.092749" lon="-91.318945">
        <ele>441.0</ele>
      </trkpt>
      <trkpt lat="46.092709" lon="-91.318887">
        <ele>441.0</ele>
      </trkpt>
      <trkpt lat="46.092627" lon="-91.318786">
        <ele>442.0</ele>
      </trkpt>
      <trkpt lat="46.09259" lon="-91.318729">
        <ele>442.0</ele>
      </trkpt>
      <trkpt lat="46.092564" lon="-91.318663">
        <ele>442.0</ele>
      </trkpt>
      <trkpt lat="46.092535" lon="-91.318606">
        <ele>442.0</ele>
      </trkpt>
      <trkpt lat="46.0925" lon="-91.318556">
        <ele>442.0</ele>
      </trkpt>
      <trkpt lat="46.09247" lon="-91.318487">
        <ele>442.0</ele>
      </trkpt>
      <trkpt lat="46.092457" lon="-91.318409">
        <ele>441.0</ele>
      </trkpt>
      <trkpt lat="46.092454" lon="-91.318329">
        <ele>441.0</ele>
      </trkpt>
      <trkpt lat="46.092464" lon="-91.318128">
        <ele>441.0</ele>
      </trkpt>
      <trkpt lat="46.092464" lon="-91.318018">
        <ele>442.0</ele>
      </trkpt>
      <trkpt lat="46.092443" lon="-91.317916">
        <ele>442.0</ele>
      </trkpt>
      <trkpt lat="46.092412" lon="-91.31784">
        <ele>442.0</ele>
      </trkpt>
      <trkpt lat="46.092371" lon="-91.317778">
        <ele>443.0</ele>
      </trkpt>
      <trkpt lat="46.092319" lon="-91.317723">
        <ele>443.0</ele>
      </trkpt>
      <trkpt lat="46.092254" lon="-91.31768">
        <ele>443.0</ele>
      </trkpt>
      <trkpt lat="46.092195" lon="-91.317634">
        <ele>443.0</ele>
      </trkpt>
      <trkpt lat="46.092138" lon="-91.317583">
        <ele>443.0</ele>
      </trkpt>
      <trkpt lat="46.092092" lon="-91.317504">
        <ele>442.0</ele>
      </trkpt>
      <trkpt lat="46.092041" lon="-91.317318">
        <ele>442.0</ele>
      </trkpt>
      <trkpt lat="46.092011" lon="-91.31723">
        <ele>442.0</ele>
      </trkpt>
      <trkpt lat="46.091991" lon="-91.317131">
        <ele>442.0</ele>
      </trkpt>
      <trkpt lat="46.091985" lon="-91.317036">
        <ele>442.0</ele>
      </trkpt>
      <trkpt lat="46.091991" lon="-91.316937">
        <ele>442.0</ele>
      </trkpt>
      <trkpt lat="46.092004" lon="-91.316836">
        <ele>441.0</ele>
      </trkpt>
      <trkpt lat="46.092042" lon="-91.316691">
        <ele>441.0</ele>
      </trkpt>
      <trkpt lat="46.092058" lon="-91.316613">
        <ele>441.0</ele>
      </trkpt>
      <trkpt lat="46.092066" lon="-91.316531">
        <ele>441.0</ele>
      </trkpt>
      <trkpt lat="46.092081" lon="-91.316451">
        <ele>441.0</ele>
      </trkpt>
      <trkpt lat="46.092083" lon="-91.31636">
        <ele>441.0</ele>
      </trkpt>
      <trkpt lat="46.092102" lon="-91.316168">
        <ele>441.0</ele>
      </trkpt>
      <trkpt lat="46.092105" lon="-91.316075">
        <ele>441.0</ele>
      </trkpt>
      <trkpt lat="46.092101" lon="-91.315979">
        <ele>442.0</ele>
      </trkpt>
      <trkpt lat="46.092092" lon="-91.315892">
        <ele>442.0</ele>
      </trkpt>
      <trkpt lat="46.092062" lon="-91.315714">
        <ele>442.0</ele>
      </trkpt>
      <trkpt lat="46.092013" lon="-91.315523">
        <ele>443.0</ele>
      </trkpt>
      <trkpt lat="46.091952" lon="-91.315257">
        <ele>442.0</ele>
      </trkpt>
      <trkpt lat="46.091949" lon="-91.315198">
        <ele>443.0</ele>
      </trkpt>
      <trkpt lat="46.091958" lon="-91.315159">
        <ele>443.0</ele>
      </trkpt>
      <trkpt lat="46.09197" lon="-91.315143">
        <ele>443.0</ele>
      </trkpt>
      <trkpt lat="46.091979" lon="-91.315124">
        <ele>443.0</ele>
      </trkpt>
      <trkpt lat="46.091987" lon="-91.315117">
        <ele>443.0</ele>
      </trkpt>
      <trkpt lat="46.092003" lon="-91.315071">
        <ele>443.0</ele>
      </trkpt>
      <trkpt lat="46.09207" lon="-91.315043">
        <ele>443.0</ele>
      </trkpt>
      <trkpt lat="46.092287" lon="-91.315042">
        <ele>443.0</ele>
      </trkpt>
      <trkpt lat="46.092373" lon="-91.315051">
        <ele>443.0</ele>
      </trkpt>
      <trkpt lat="46.09247" lon="-91.315048">
        <ele>444.0</ele>
      </trkpt>
      <trkpt lat="46.092527" lon="-91.315006">
        <ele>445.0</ele>
      </trkpt>
      <trkpt lat="46.092628" lon="-91.315041">
        <ele>444.0</ele>
      </trkpt>
      <trkpt lat="46.092675" lon="-91.315054">
        <ele>444.0</ele>
      </trkpt>
      <trkpt lat="46.092735" lon="-91.315066">
        <ele>444.0</ele>
      </trkpt>
      <trkpt lat="46.092794" lon="-91.315047">
        <ele>444.0</ele>
      </trkpt>
      <trkpt lat="46.092904" lon="-91.314991">
        <ele>445.0</ele>
      </trkpt>
      <trkpt lat="46.092958" lon="-91.31496">
        <ele>445.0</ele>
      </trkpt>
      <trkpt lat="46.093015" lon="-91.314917">
        <ele>446.0</ele>
      </trkpt>
      <trkpt lat="46.093074" lon="-91.31488">
        <ele>446.0</ele>
      </trkpt>
      <trkpt lat="46.093178" lon="-91.314799">
        <ele>446.0</ele>
      </trkpt>
      <trkpt lat="46.093224" lon="-91.314755">
        <ele>446.0</ele>
      </trkpt>
      <trkpt lat="46.09327" lon="-91.314702">
        <ele>447.0</ele>
      </trkpt>
      <trkpt lat="46.093305" lon="-91.314649">
        <ele>447.0</ele>
      </trkpt>
      <trkpt lat="46.093325" lon="-91.314579">
        <ele>448.0</ele>
      </trkpt>
      <trkpt lat="46.093371" lon="-91.314522">
        <ele>449.0</ele>
      </trkpt>
      <trkpt lat="46.093642" lon="-91.314213">
        <ele>450.0</ele>
      </trkpt>
      <trkpt lat="46.093699" lon="-91.31417">
        <ele>450.0</ele>
      </trkpt>
      <trkpt lat="46.093764" lon="-91.314162">
        <ele>449.0</ele>
      </trkpt>
      <trkpt lat="46.093814" lon="-91.314148">
        <ele>449.0</ele>
      </trkpt>
      <trkpt lat="46.093868" lon="-91.314126">
        <ele>449.0</ele>
      </trkpt>
      <trkpt lat="46.093929" lon="-91.314112">
        <ele>449.0</ele>
      </trkpt>
      <trkpt lat="46.094058" lon="-91.314103">
        <ele>450.0</ele>
      </trkpt>
      <trkpt lat="46.0942" lon="-91.314106">
        <ele>451.0</ele>
      </trkpt>
      <trkpt lat="46.09427" lon="-91.314113">
        <ele>451.0</ele>
      </trkpt>
      <trkpt lat="46.094339" lon="-91.314111">
        <ele>451.0</ele>
      </trkpt>
      <trkpt lat="46.094406" lon="-91.314088">
        <ele>451.0</ele>
      </trkpt>
      <trkpt lat="46.094472" lon="-91.314042">
        <ele>451.0</ele>
      </trkpt>
      <trkpt lat="46.094592" lon="-91.313939">
        <ele>451.0</ele>
      </trkpt>
      <trkpt lat="46.094694" lon="-91.313802">
        <ele>451.0</ele>
      </trkpt>
      <trkpt lat="46.094737" lon="-91.313731">
        <ele>452.0</ele>
      </trkpt>
      <trkpt lat="46.094773" lon="-91.313658">
        <ele>452.0</ele>
      </trkpt>
      <trkpt lat="46.094826" lon="-91.313488">
        <ele>452.0</ele>
      </trkpt>
      <trkpt lat="46.094893" lon="-91.313318">
        <ele>453.0</ele>
      </trkpt>
      <trkpt lat="46.094943" lon="-91.313252">
        <ele>453.0</ele>
      </trkpt>
      <trkpt lat="46.095035" lon="-91.313108">
        <ele>453.0</ele>
      </trkpt>
      <trkpt lat="46.095072" lon="-91.313022">
        <ele>453.0</ele>
      </trkpt>
      <trkpt lat="46.095129" lon="-91.312849">
        <ele>453.0</ele>
      </trkpt>
      <trkpt lat="46.095158" lon="-91.312774">
        <ele>453.0</ele>
      </trkpt>
      <trkpt lat="46.095197" lon="-91.312699">
        <ele>453.0</ele>
      </trkpt>
      <trkpt lat="46.095247" lon="-91.312633">
        <ele>453.0</ele>
      </trkpt>
      <trkpt lat="46.09529" lon="-91.312562">
        <ele>453.0</ele>
      </trkpt>
      <trkpt lat="46.095287" lon="-91.312572">
        <ele>453.0</ele>
      </trkpt>
      <trkpt lat="46.095302" lon="-91.312558">
        <ele>453.0</ele>
      </trkpt>
      <trkpt lat="46.095343" lon="-91.312476">
        <ele>453.0</ele>
      </trkpt>
      <trkpt lat="46.095427" lon="-91.312346">
        <ele>453.0</ele>
      </trkpt>
      <trkpt lat="46.095498" lon="-91.31226">
        <ele>453.0</ele>
      </trkpt>
      <trkpt lat="46.09558" lon="-91.31215">
        <ele>453.0</ele>
      </trkpt>
      <trkpt lat="46.095627" lon="-91.312103">
        <ele>453.0</ele>
      </trkpt>
      <trkpt lat="46.095691" lon="-91.312079">
        <ele>452.0</ele>
      </trkpt>
      <trkpt lat="46.095752" lon="-91.312046">
        <ele>452.0</ele>
      </trkpt>
      <trkpt lat="46.095928" lon="-91.311925">
        <ele>451.0</ele>
      </trkpt>
      <trkpt lat="46.096032" lon="-91.311845">
        <ele>451.0</ele>
      </trkpt>
      <trkpt lat="46.096203" lon="-91.311734">
        <ele>452.0</ele>
      </trkpt>
      <trkpt lat="46.096254" lon="-91.311664">
        <ele>452.0</ele>
      </trkpt>
      <trkpt lat="46.096368" lon="-91.311595">
        <ele>452.0</ele>
      </trkpt>
      <trkpt lat="46.096416" lon="-91.311538">
        <ele>452.0</ele>
      </trkpt>
      <trkpt lat="46.096458" lon="-91.31146">
        <ele>452.0</ele>
      </trkpt>
      <trkpt lat="46.096483" lon="-91.31138">
        <ele>453.0</ele>
      </trkpt>
      <trkpt lat="46.096501" lon="-91.311297">
        <ele>453.0</ele>
      </trkpt>
      <trkpt lat="46.096523" lon="-91.311143">
        <ele>454.0</ele>
      </trkpt>
      <trkpt lat="46.096527" lon="-91.311084">
        <ele>455.0</ele>
      </trkpt>
      <trkpt lat="46.096522" lon="-91.311028">
        <ele>455.0</ele>
      </trkpt>
      <trkpt lat="46.096526" lon="-91.310963">
        <ele>456.0</ele>
      </trkpt>
      <trkpt lat="46.096618" lon="-91.310643">
        <ele>455.0</ele>
      </trkpt>
      <trkpt lat="46.096652" lon="-91.310563">
        <ele>455.0</ele>
      </trkpt>
      <trkpt lat="46.0967" lon="-91.310492">
        <ele>455.0</ele>
      </trkpt>
      <trkpt lat="46.0968" lon="-91.310359">
        <ele>455.0</ele>
      </trkpt>
      <trkpt lat="46.096932" lon="-91.31013">
        <ele>457.0</ele>
      </trkpt>
      <trkpt lat="46.096966" lon="-91.310046">
        <ele>458.0</ele>
      </trkpt>
      <trkpt lat="46.096991" lon="-91.309954">
        <ele>458.0</ele>
      </trkpt>
      <trkpt lat="46.097002" lon="-91.309862">
        <ele>459.0</ele>
      </trkpt>
      <trkpt lat="46.096994" lon="-91.309781">
        <ele>459.0</ele>
      </trkpt>
      <trkpt lat="46.096925" lon="-91.309403">
        <ele>459.0</ele>
      </trkpt>
      <trkpt lat="46.096934" lon="-91.309378">
        <ele>459.0</ele>
      </trkpt>
      <trkpt lat="46.096938" lon="-91.309308">
        <ele>460.0</ele>
      </trkpt>
      <trkpt lat="46.096954" lon="-91.309214">
        <ele>460.0</ele>
      </trkpt>
      <trkpt lat="46.096961" lon="-91.30919">
        <ele>460.0</ele>
      </trkpt>
      <trkpt lat="46.096965" lon="-91.3091">
        <ele>460.0</ele>
      </trkpt>
      <trkpt lat="46.096961" lon="-91.30898">
        <ele>460.0</ele>
      </trkpt>
      <trkpt lat="46.096947" lon="-91.308912">
        <ele>460.0</ele>
      </trkpt>
      <trkpt lat="46.096921" lon="-91.30884">
        <ele>460.0</ele>
      </trkpt>
      <trkpt lat="46.096889" lon="-91.30876">
        <ele>460.0</ele>
      </trkpt>
      <trkpt lat="46.096856" lon="-91.308688">
        <ele>460.0</ele>
      </trkpt>
      <trkpt lat="46.096763" lon="-91.308457">
        <ele>459.0</ele>
      </trkpt>
      <trkpt lat="46.096728" lon="-91.308385">
        <ele>460.0</ele>
      </trkpt>
      <trkpt lat="46.096641" lon="-91.30826">
        <ele>460.0</ele>
      </trkpt>
      <trkpt lat="46.096594" lon="-91.308204">
        <ele>460.0</ele>
      </trkpt>
      <trkpt lat="46.096545" lon="-91.308166">
        <ele>460.0</ele>
      </trkpt>
      <trkpt lat="46.096497" lon="-91.308134">
        <ele>461.0</ele>
      </trkpt>
      <trkpt lat="46.096446" lon="-91.308109">
        <ele>461.0</ele>
      </trkpt>
      <trkpt lat="46.096398" lon="-91.308074">
        <ele>461.0</ele>
      </trkpt>
      <trkpt lat="46.096285" lon="-91.307871">
        <ele>461.0</ele>
      </trkpt>
      <trkpt lat="46.096248" lon="-91.307795">
        <ele>461.0</ele>
      </trkpt>
      <trkpt lat="46.096218" lon="-91.30772">
        <ele>461.0</ele>
      </trkpt>
      <trkpt lat="46.09619" lon="-91.307589">
        <ele>460.0</ele>
      </trkpt>
      <trkpt lat="46.096134" lon="-91.307415">
        <ele>460.0</ele>
      </trkpt>
      <trkpt lat="46.096104" lon="-91.30737">
        <ele>460.0</ele>
      </trkpt>
      <trkpt lat="46.096084" lon="-91.307301">
        <ele>460.0</ele>
      </trkpt>
      <trkpt lat="46.096082" lon="-91.307213">
        <ele>460.0</ele>
      </trkpt>
      <trkpt lat="46.096054" lon="-91.307132">
        <ele>460.0</ele>
      </trkpt>
      <trkpt lat="46.096019" lon="-91.307054">
        <ele>461.0</ele>
      </trkpt>
      <trkpt lat="46.095983" lon="-91.306936">
        <ele>461.0</ele>
      </trkpt>
      <trkpt lat="46.095971" lon="-91.306909">
        <ele>461.0</ele>
      </trkpt>
      <trkpt lat="46.095904" lon="-91.306812">
        <ele>461.0</ele>
      </trkpt>
      <trkpt lat="46.095884" lon="-91.306768">
        <ele>461.0</ele>
      </trkpt>
      <trkpt lat="46.09583" lon="-91.306673">
        <ele>461.0</ele>
      </trkpt>
      <trkpt lat="46.095768" lon="-91.306594">
        <ele>461.0</ele>
      </trkpt>
      <trkpt lat="46.095736" lon="-91.306537">
        <ele>461.0</ele>
      </trkpt>
      <trkpt lat="46.095638" lon="-91.306321">
        <ele>460.0</ele>
      </trkpt>
      <trkpt lat="46.095536" lon="-91.306067">
        <ele>460.0</ele>
      </trkpt>
      <trkpt lat="46.095457" lon="-91.305856">
        <ele>459.0</ele>
      </trkpt>
      <trkpt lat="46.095434" lon="-91.30581">
        <ele>459.0</ele>
      </trkpt>
      <trkpt lat="46.095406" lon="-91.305773">
        <ele>459.0</ele>
      </trkpt>
      <trkpt lat="46.095385" lon="-91.305733">
        <ele>459.0</ele>
      </trkpt>
      <trkpt lat="46.095321" lon="-91.305663">
        <ele>459.0</ele>
      </trkpt>
      <trkpt lat="46.09527" lon="-91.305645">
        <ele>459.0</ele>
      </trkpt>
      <trkpt lat="46.095102" lon="-91.305619">
        <ele>458.0</ele>
      </trkpt>
      <trkpt lat="46.095041" lon="-91.305602">
        <ele>458.0</ele>
      </trkpt>
      <trkpt lat="46.094906" lon="-91.305552">
        <ele>458.0</ele>
      </trkpt>
      <trkpt lat="46.094846" lon="-91.305523">
        <ele>457.0</ele>
      </trkpt>
      <trkpt lat="46.094791" lon="-91.305487">
        <ele>457.0</ele>
      </trkpt>
      <trkpt lat="46.094729" lon="-91.305459">
        <ele>457.0</ele>
      </trkpt>
      <trkpt lat="46.094659" lon="-91.305436">
        <ele>456.0</ele>
      </trkpt>
      <trkpt lat="46.094585" lon="-91.305431">
        <ele>456.0</ele>
      </trkpt>
      <trkpt lat="46.094367" lon="-91.305439">
        <ele>456.0</ele>
      </trkpt>
      <trkpt lat="46.09432" lon="-91.305435">
        <ele>456.0</ele>
      </trkpt>
      <trkpt lat="46.094325" lon="-91.305405">
        <ele>456.0</ele>
      </trkpt>
      <trkpt lat="46.094469" lon="-91.305091">
        <ele>455.0</ele>
      </trkpt>
      <trkpt lat="46.094532" lon="-91.30493">
        <ele>455.0</ele>
      </trkpt>
      <trkpt lat="46.094569" lon="-91.304856">
        <ele>455.0</ele>
      </trkpt>
      <trkpt lat="46.094604" lon="-91.304769">
        <ele>455.0</ele>
      </trkpt>
      <trkpt lat="46.094672" lon="-91.304618">
        <ele>455.0</ele>
      </trkpt>
      <trkpt lat="46.094705" lon="-91.304554">
        <ele>455.0</ele>
      </trkpt>
      <trkpt lat="46.094731" lon="-91.304512">
        <ele>455.0</ele>
      </trkpt>
      <trkpt lat="46.09476" lon="-91.304471">
        <ele>455.0</ele>
      </trkpt>
      <trkpt lat="46.094823" lon="-91.304395">
        <ele>455.0</ele>
      </trkpt>
      <trkpt lat="46.095077" lon="-91.304159">
        <ele>454.0</ele>
      </trkpt>
      <trkpt lat="46.095158" lon="-91.304102">
        <ele>454.0</ele>
      </trkpt>
      <trkpt lat="46.095244" lon="-91.304063">
        <ele>454.0</ele>
      </trkpt>
      <trkpt lat="46.095403" lon="-91.304013">
        <ele>454.0</ele>
      </trkpt>
      <trkpt lat="46.095559" lon="-91.303992">
        <ele>454.0</ele>
      </trkpt>
      <trkpt lat="46.095632" lon="-91.303989">
        <ele>454.0</ele>
      </trkpt>
      <trkpt lat="46.095716" lon="-91.30398">
        <ele>453.0</ele>
      </trkpt>
      <trkpt lat="46.095961" lon="-91.303944">
        <ele>452.0</ele>
      </trkpt>
      <trkpt lat="46.096041" lon="-91.303943">
        <ele>452.0</ele>
      </trkpt>
      <trkpt lat="46.096195" lon="-91.303951">
        <ele>451.0</ele>
      </trkpt>
      <trkpt lat="46.096257" lon="-91.303964">
        <ele>451.0</ele>
      </trkpt>
      <trkpt lat="46.096323" lon="-91.303966">
        <ele>451.0</ele>
      </trkpt>
      <trkpt lat="46.096416" lon="-91.30398">
        <ele>451.0</ele>
      </trkpt>
      <trkpt lat="46.096497" lon="-91.30397">
        <ele>451.0</ele>
      </trkpt>
      <trkpt lat="46.096655" lon="-91.303927">
        <ele>451.0</ele>
      </trkpt>
      <trkpt lat="46.096792" lon="-91.303843">
        <ele>451.0</ele>
      </trkpt>
      <trkpt lat="46.096877" lon="-91.303807">
        <ele>451.0</ele>
      </trkpt>
      <trkpt lat="46.096933" lon="-91.303772">
        <ele>451.0</ele>
      </trkpt>
      <trkpt lat="46.097067" lon="-91.303706">
        <ele>451.0</ele>
      </trkpt>
      <trkpt lat="46.097135" lon="-91.303666">
        <ele>451.0</ele>
      </trkpt>
      <trkpt lat="46.097214" lon="-91.30364">
        <ele>451.0</ele>
      </trkpt>
      <trkpt lat="46.097293" lon="-91.303598">
        <ele>451.0</ele>
      </trkpt>
      <trkpt lat="46.097366" lon="-91.303541">
        <ele>451.0</ele>
      </trkpt>
      <trkpt lat="46.097442" lon="-91.303472">
        <ele>450.0</ele>
      </trkpt>
      <trkpt lat="46.097512" lon="-91.303426">
        <ele>450.0</ele>
      </trkpt>
      <trkpt lat="46.097581" lon="-91.303366">
        <ele>450.0</ele>
      </trkpt>
      <trkpt lat="46.097641" lon="-91.303334">
        <ele>451.0</ele>
      </trkpt>
      <trkpt lat="46.097711" lon="-91.303276">
        <ele>451.0</ele>
      </trkpt>
      <trkpt lat="46.097841" lon="-91.303176">
        <ele>451.0</ele>
      </trkpt>
      <trkpt lat="46.09799" lon="-91.303078">
        <ele>451.0</ele>
      </trkpt>
      <trkpt lat="46.098072" lon="-91.303034">
        <ele>451.0</ele>
      </trkpt>
      <trkpt lat="46.098242" lon="-91.302951">
        <ele>451.0</ele>
      </trkpt>
      <trkpt lat="46.098503" lon="-91.302844">
        <ele>452.0</ele>
      </trkpt>
      <trkpt lat="46.098762" lon="-91.302756">
        <ele>454.0</ele>
      </trkpt>
      <trkpt lat="46.098853" lon="-91.302716">
        <ele>454.0</ele>
      </trkpt>
      <trkpt lat="46.098937" lon="-91.30269">
        <ele>455.0</ele>
      </trkpt>
      <trkpt lat="46.099" lon="-91.302676">
        <ele>455.0</ele>
      </trkpt>
      <trkpt lat="46.099037" lon="-91.302673">
        <ele>456.0</ele>
      </trkpt>
      <trkpt lat="46.099103" lon="-91.302649">
        <ele>457.0</ele>
      </trkpt>
      <trkpt lat="46.099148" lon="-91.302625">
        <ele>458.0</ele>
      </trkpt>
      <trkpt lat="46.099194" lon="-91.302613">
        <ele>459.0</ele>
      </trkpt>
      <trkpt lat="46.099304" lon="-91.302561">
        <ele>461.0</ele>
      </trkpt>
      <trkpt lat="46.099359" lon="-91.302524">
        <ele>462.0</ele>
      </trkpt>
      <trkpt lat="46.09941" lon="-91.3025">
        <ele>463.0</ele>
      </trkpt>
      <trkpt lat="46.099459" lon="-91.302425">
        <ele>464.0</ele>
      </trkpt>
      <trkpt lat="46.099568" lon="-91.302206">
        <ele>466.0</ele>
      </trkpt>
      <trkpt lat="46.099638" lon="-91.302129">
        <ele>467.0</ele>
      </trkpt>
      <trkpt lat="46.099685" lon="-91.302058">
        <ele>467.0</ele>
      </trkpt>
      <trkpt lat="46.099747" lon="-91.301999">
        <ele>467.0</ele>
      </trkpt>
      <trkpt lat="46.099887" lon="-91.301855">
        <ele>467.0</ele>
      </trkpt>
      <trkpt lat="46.099943" lon="-91.301787">
        <ele>467.0</ele>
      </trkpt>
      <trkpt lat="46.099973" lon="-91.301756">
        <ele>467.0</ele>
      </trkpt>
      <trkpt lat="46.100058" lon="-91.301638">
        <ele>466.0</ele>
      </trkpt>
      <trkpt lat="46.100102" lon="-91.301599">
        <ele>465.0</ele>
      </trkpt>
      <trkpt lat="46.100173" lon="-91.301527">
        <ele>465.0</ele>
      </trkpt>
      <trkpt lat="46.100263" lon="-91.301425">
        <ele>464.0</ele>
      </trkpt>
      <trkpt lat="46.100383" lon="-91.301329">
        <ele>464.0</ele>
      </trkpt>
      <trkpt lat="46.100448" lon="-91.301285">
        <ele>464.0</ele>
      </trkpt>
      <trkpt lat="46.100514" lon="-91.30125">
        <ele>464.0</ele>
      </trkpt>
      <trkpt lat="46.100575" lon="-91.301228">
        <ele>464.0</ele>
      </trkpt>
      <trkpt lat="46.100644" lon="-91.301215">
        <ele>464.0</ele>
      </trkpt>
      <trkpt lat="46.10079" lon="-91.301204">
        <ele>463.0</ele>
      </trkpt>
      <trkpt lat="46.100942" lon="-91.301176">
        <ele>463.0</ele>
      </trkpt>
      <trkpt lat="46.101085" lon="-91.30117">
        <ele>463.0</ele>
      </trkpt>
      <trkpt lat="46.101221" lon="-91.301149">
        <ele>464.0</ele>
      </trkpt>
      <trkpt lat="46.101283" lon="-91.301158">
        <ele>465.0</ele>
      </trkpt>
      <trkpt lat="46.101342" lon="-91.301183">
        <ele>466.0</ele>
      </trkpt>
      <trkpt lat="46.101481" lon="-91.301227">
        <ele>465.0</ele>
      </trkpt>
      <trkpt lat="46.101632" lon="-91.301261">
        <ele>464.0</ele>
      </trkpt>
      <trkpt lat="46.101716" lon="-91.301286">
        <ele>464.0</ele>
      </trkpt>
      <trkpt lat="46.101792" lon="-91.301319">
        <ele>465.0</ele>
      </trkpt>
      <trkpt lat="46.101856" lon="-91.301337">
        <ele>465.0</ele>
      </trkpt>
      <trkpt lat="46.101968" lon="-91.301344">
        <ele>466.0</ele>
      </trkpt>
      <trkpt lat="46.10208" lon="-91.30134">
        <ele>468.0</ele>
      </trkpt>
      <trkpt lat="46.102203" lon="-91.301295">
        <ele>469.0</ele>
      </trkpt>
      <trkpt lat="46.102327" lon="-91.301199">
        <ele>469.0</ele>
      </trkpt>
      <trkpt lat="46.102389" lon="-91.30114">
        <ele>469.0</ele>
      </trkpt>
      <trkpt lat="46.102441" lon="-91.301077">
        <ele>468.0</ele>
      </trkpt>
      <trkpt lat="46.102542" lon="-91.300937">
        <ele>467.0</ele>
      </trkpt>
      <trkpt lat="46.102747" lon="-91.300668">
        <ele>464.0</ele>
      </trkpt>
      <trkpt lat="46.102935" lon="-91.300362">
        <ele>463.0</ele>
      </trkpt>
      <trkpt lat="46.102959" lon="-91.300311">
        <ele>463.0</ele>
      </trkpt>
      <trkpt lat="46.102984" lon="-91.300272">
        <ele>463.0</ele>
      </trkpt>
      <trkpt lat="46.103024" lon="-91.300198">
        <ele>463.0</ele>
      </trkpt>
      <trkpt lat="46.103142" lon="-91.299964">
        <ele>463.0</ele>
      </trkpt>
      <trkpt lat="46.103233" lon="-91.299804">
        <ele>461.0</ele>
      </trkpt>
      <trkpt lat="46.103256" lon="-91.299758">
        <ele>461.0</ele>
      </trkpt>
      <trkpt lat="46.103301" lon="-91.299682">
        <ele>460.0</ele>
      </trkpt>
      <trkpt lat="46.103448" lon="-91.299455">
        <ele>460.0</ele>
      </trkpt>
      <trkpt lat="46.103471" lon="-91.29941">
        <ele>460.0</ele>
      </trkpt>
      <trkpt lat="46.103483" lon="-91.299374">
        <ele>460.0</ele>
      </trkpt>
      <trkpt lat="46.103534" lon="-91.299287">
        <ele>460.0</ele>
      </trkpt>
      <trkpt lat="46.103632" lon="-91.299027">
        <ele>460.0</ele>
      </trkpt>
      <trkpt lat="46.103709" lon="-91.298861">
        <ele>459.0</ele>
      </trkpt>
      <trkpt lat="46.103881" lon="-91.298503">
        <ele>460.0</ele>
      </trkpt>
      <trkpt lat="46.104057" lon="-91.298159">
        <ele>460.0</ele>
      </trkpt>
      <trkpt lat="46.10423" lon="-91.297802">
        <ele>459.0</ele>
      </trkpt>
      <trkpt lat="46.104379" lon="-91.297537">
        <ele>459.0</ele>
      </trkpt>
      <trkpt lat="46.104564" lon="-91.29717">
        <ele>459.0</ele>
      </trkpt>
      <trkpt lat="46.104666" lon="-91.296999">
        <ele>459.0</ele>
      </trkpt>
      <trkpt lat="46.104803" lon="-91.29675">
        <ele>459.0</ele>
      </trkpt>
      <trkpt lat="46.104994" lon="-91.296423">
        <ele>458.0</ele>
      </trkpt>
      <trkpt lat="46.105089" lon="-91.296246">
        <ele>457.0</ele>
      </trkpt>
      <trkpt lat="46.105185" lon="-91.296077">
        <ele>457.0</ele>
      </trkpt>
      <trkpt lat="46.105347" lon="-91.295817">
        <ele>457.0</ele>
      </trkpt>
      <trkpt lat="46.105451" lon="-91.295694">
        <ele>457.0</ele>
      </trkpt>
      <trkpt lat="46.105501" lon="-91.295627">
        <ele>457.0</ele>
      </trkpt>
      <trkpt lat="46.105551" lon="-91.295577">
        <ele>457.0</ele>
      </trkpt>
      <trkpt lat="46.105593" lon="-91.295529">
        <ele>457.0</ele>
      </trkpt>
      <trkpt lat="46.105633" lon="-91.295492">
        <ele>457.0</ele>
      </trkpt>
      <trkpt lat="46.105736" lon="-91.295428">
        <ele>457.0</ele>
      </trkpt>
      <trkpt lat="46.105875" lon="-91.295364">
        <ele>457.0</ele>
      </trkpt>
      <trkpt lat="46.105948" lon="-91.29536">
        <ele>457.0</ele>
      </trkpt>
      <trkpt lat="46.106014" lon="-91.295336">
        <ele>457.0</ele>
      </trkpt>
      <trkpt lat="46.106088" lon="-91.295316">
        <ele>457.0</ele>
      </trkpt>
      <trkpt lat="46.10617" lon="-91.295301">
        <ele>457.0</ele>
      </trkpt>
      <trkpt lat="46.106315" lon="-91.295251">
        <ele>457.0</ele>
      </trkpt>
      <trkpt lat="46.106446" lon="-91.295213">
        <ele>457.0</ele>
      </trkpt>
      <trkpt lat="46.106503" lon="-91.295199">
        <ele>457.0</ele>
      </trkpt>
      <trkpt lat="46.106559" lon="-91.29519">
        <ele>457.0</ele>
      </trkpt>
      <trkpt lat="46.106653" lon="-91.295163">
        <ele>458.0</ele>
      </trkpt>
      <trkpt lat="46.10669" lon="-91.295159">
        <ele>458.0</ele>
      </trkpt>
      <trkpt lat="46.106837" lon="-91.295124">
        <ele>459.0</ele>
      </trkpt>
      <trkpt lat="46.106932" lon="-91.295119">
        <ele>459.0</ele>
      </trkpt>
      <trkpt lat="46.106962" lon="-91.295113">
        <ele>460.0</ele>
      </trkpt>
      <trkpt lat="46.107" lon="-91.295115">
        <ele>460.0</ele>
      </trkpt>
      <trkpt lat="46.10711" lon="-91.295106">
        <ele>461.0</ele>
      </trkpt>
      <trkpt lat="46.107149" lon="-91.295105">
        <ele>461.0</ele>
      </trkpt>
      <trkpt lat="46.107191" lon="-91.295109">
        <ele>461.0</ele>
      </trkpt>
      <trkpt lat="46.107266" lon="-91.295098">
        <ele>462.0</ele>
      </trkpt>
      <trkpt lat="46.107271" lon="-91.295092">
        <ele>462.0</ele>
      </trkpt>
      <trkpt lat="46.107285" lon="-91.295094">
        <ele>462.0</ele>
      </trkpt>
      <trkpt lat="46.107288" lon="-91.295098">
        <ele>462.0</ele>
      </trkpt>
      <trkpt lat="46.107308" lon="-91.295095">
        <ele>462.0</ele>
      </trkpt>
      <trkpt lat="46.107423" lon="-91.295124">
        <ele>462.0</ele>
      </trkpt>
      <trkpt lat="46.107454" lon="-91.295125">
        <ele>462.0</ele>
      </trkpt>
      <trkpt lat="46.107503" lon="-91.295133">
        <ele>463.0</ele>
      </trkpt>
      <trkpt lat="46.107631" lon="-91.295166">
        <ele>462.0</ele>
      </trkpt>
      <trkpt lat="46.107665" lon="-91.295179">
        <ele>462.0</ele>
      </trkpt>
      <trkpt lat="46.107696" lon="-91.2952">
        <ele>462.0</ele>
      </trkpt>
      <trkpt lat="46.107729" lon="-91.295213">
        <ele>462.0</ele>
      </trkpt>
      <trkpt lat="46.10776" lon="-91.29523">
        <ele>462.0</ele>
      </trkpt>
      <trkpt lat="46.107783" lon="-91.295237">
        <ele>462.0</ele>
      </trkpt>
      <trkpt lat="46.107818" lon="-91.295236">
        <ele>462.0</ele>
      </trkpt>
      <trkpt lat="46.107851" lon="-91.295244">
        <ele>462.0</ele>
      </trkpt>
      <trkpt lat="46.10789" lon="-91.295239">
        <ele>461.0</ele>
      </trkpt>
      <trkpt lat="46.107925" lon="-91.295221">
        <ele>461.0</ele>
      </trkpt>
      <trkpt lat="46.107953" lon="-91.295198">
        <ele>461.0</ele>
      </trkpt>
      <trkpt lat="46.107977" lon="-91.295166">
        <ele>460.0</ele>
      </trkpt>
      <trkpt lat="46.108027" lon="-91.295091">
        <ele>460.0</ele>
      </trkpt>
      <trkpt lat="46.108082" lon="-91.294997">
        <ele>459.0</ele>
      </trkpt>
      <trkpt lat="46.108213" lon="-91.294807">
        <ele>458.0</ele>
      </trkpt>
      <trkpt lat="46.108257" lon="-91.294761">
        <ele>457.0</ele>
      </trkpt>
      <trkpt lat="46.10831" lon="-91.294721">
        <ele>457.0</ele>
      </trkpt>
      <trkpt lat="46.108367" lon="-91.294694">
        <ele>457.0</ele>
      </trkpt>
      <trkpt lat="46.108429" lon="-91.294672">
        <ele>457.0</ele>
      </trkpt>
      <trkpt lat="46.108497" lon="-91.29466">
        <ele>456.0</ele>
      </trkpt>
      <trkpt lat="46.10877" lon="-91.294601">
        <ele>457.0</ele>
      </trkpt>
      <trkpt lat="46.108839" lon="-91.294581">
        <ele>457.0</ele>
      </trkpt>
      <trkpt lat="46.108913" lon="-91.294579">
        <ele>457.0</ele>
      </trkpt>
      <trkpt lat="46.109042" lon="-91.29458">
        <ele>457.0</ele>
      </trkpt>
      <trkpt lat="46.109103" lon="-91.29459">
        <ele>457.0</ele>
      </trkpt>
      <trkpt lat="46.109164" lon="-91.294608">
        <ele>457.0</ele>
      </trkpt>
      <trkpt lat="46.109221" lon="-91.294641">
        <ele>457.0</ele>
      </trkpt>
      <trkpt lat="46.109267" lon="-91.294677">
        <ele>457.0</ele>
      </trkpt>
      <trkpt lat="46.109318" lon="-91.294738">
        <ele>457.0</ele>
      </trkpt>
      <trkpt lat="46.109363" lon="-91.294805">
        <ele>457.0</ele>
      </trkpt>
      <trkpt lat="46.109404" lon="-91.294878">
        <ele>457.0</ele>
      </trkpt>
      <trkpt lat="46.109521" lon="-91.295104">
        <ele>458.0</ele>
      </trkpt>
      <trkpt lat="46.109553" lon="-91.295173">
        <ele>458.0</ele>
      </trkpt>
      <trkpt lat="46.109581" lon="-91.295244">
        <ele>458.0</ele>
      </trkpt>
      <trkpt lat="46.109623" lon="-91.295405">
        <ele>458.0</ele>
      </trkpt>
      <trkpt lat="46.109637" lon="-91.295478">
        <ele>458.0</ele>
      </trkpt>
      <trkpt lat="46.109693" lon="-91.295892">
        <ele>459.0</ele>
      </trkpt>
      <trkpt lat="46.109713" lon="-91.295991">
        <ele>459.0</ele>
      </trkpt>
      <trkpt lat="46.109725" lon="-91.296028">
        <ele>459.0</ele>
      </trkpt>
      <trkpt lat="46.109747" lon="-91.29607">
        <ele>459.0</ele>
      </trkpt>
      <trkpt lat="46.109844" lon="-91.296226">
        <ele>459.0</ele>
      </trkpt>
      <trkpt lat="46.109879" lon="-91.296271">
        <ele>459.0</ele>
      </trkpt>
      <trkpt lat="46.109922" lon="-91.296315">
        <ele>460.0</ele>
      </trkpt>
      <trkpt lat="46.109964" lon="-91.296345">
        <ele>460.0</ele>
      </trkpt>
      <trkpt lat="46.110008" lon="-91.296369">
        <ele>460.0</ele>
      </trkpt>
      <trkpt lat="46.110044" lon="-91.296385">
        <ele>460.0</ele>
      </trkpt>
      <trkpt lat="46.110141" lon="-91.296416">
        <ele>460.0</ele>
      </trkpt>
      <trkpt lat="46.110247" lon="-91.296458">
        <ele>460.0</ele>
      </trkpt>
      <trkpt lat="46.110301" lon="-91.296475">
        <ele>460.0</ele>
      </trkpt>
      <trkpt lat="46.110347" lon="-91.296498">
        <ele>460.0</ele>
      </trkpt>
      <trkpt lat="46.110401" lon="-91.296518">
        <ele>460.0</ele>
      </trkpt>
      <trkpt lat="46.110444" lon="-91.296539">
        <ele>459.0</ele>
      </trkpt>
      <trkpt lat="46.110478" lon="-91.296565">
        <ele>459.0</ele>
      </trkpt>
      <trkpt lat="46.11052" lon="-91.29659">
        <ele>459.0</ele>
      </trkpt>
      <trkpt lat="46.110562" lon="-91.296624">
        <ele>459.0</ele>
      </trkpt>
      <trkpt lat="46.11067" lon="-91.296682">
        <ele>458.0</ele>
      </trkpt>
      <trkpt lat="46.110716" lon="-91.296722">
        <ele>458.0</ele>
      </trkpt>
      <trkpt lat="46.110826" lon="-91.296766">
        <ele>457.0</ele>
      </trkpt>
      <trkpt lat="46.110878" lon="-91.29677">
        <ele>457.0</ele>
      </trkpt>
      <trkpt lat="46.110927" lon="-91.296804">
        <ele>457.0</ele>
      </trkpt>
      <trkpt lat="46.110958" lon="-91.296833">
        <ele>457.0</ele>
      </trkpt>
      <trkpt lat="46.110995" lon="-91.296849">
        <ele>457.0</ele>
      </trkpt>
      <trkpt lat="46.111045" lon="-91.296886">
        <ele>457.0</ele>
      </trkpt>
      <trkpt lat="46.111067" lon="-91.296912">
        <ele>457.0</ele>
      </trkpt>
      <trkpt lat="46.111125" lon="-91.296958">
        <ele>457.0</ele>
      </trkpt>
      <trkpt lat="46.111181" lon="-91.297012">
        <ele>457.0</ele>
      </trkpt>
      <trkpt lat="46.111295" lon="-91.297097">
        <ele>457.0</ele>
      </trkpt>
      <trkpt lat="46.111339" lon="-91.297149">
        <ele>456.0</ele>
      </trkpt>
      <trkpt lat="46.111368" lon="-91.297177">
        <ele>456.0</ele>
      </trkpt>
      <trkpt lat="46.111377" lon="-91.297195">
        <ele>456.0</ele>
      </trkpt>
      <trkpt lat="46.111509" lon="-91.297388">
        <ele>457.0</ele>
      </trkpt>
      <trkpt lat="46.111527" lon="-91.297432">
        <ele>457.0</ele>
      </trkpt>
      <trkpt lat="46.111558" lon="-91.297474">
        <ele>458.0</ele>
      </trkpt>
      <trkpt lat="46.111635" lon="-91.297646">
        <ele>458.0</ele>
      </trkpt>
      <trkpt lat="46.11166" lon="-91.297719">
        <ele>458.0</ele>
      </trkpt>
      <trkpt lat="46.111679" lon="-91.297794">
        <ele>458.0</ele>
      </trkpt>
      <trkpt lat="46.111691" lon="-91.297862">
        <ele>457.0</ele>
      </trkpt>
      <trkpt lat="46.111708" lon="-91.297934">
        <ele>457.0</ele>
      </trkpt>
      <trkpt lat="46.111716" lon="-91.298023">
        <ele>456.0</ele>
      </trkpt>
      <trkpt lat="46.111732" lon="-91.29811">
        <ele>455.0</ele>
      </trkpt>
      <trkpt lat="46.111737" lon="-91.298209">
        <ele>455.0</ele>
      </trkpt>
      <trkpt lat="46.11175" lon="-91.298301">
        <ele>454.0</ele>
      </trkpt>
      <trkpt lat="46.111757" lon="-91.298391">
        <ele>454.0</ele>
      </trkpt>
      <trkpt lat="46.111763" lon="-91.298554">
        <ele>454.0</ele>
      </trkpt>
      <trkpt lat="46.111814" lon="-91.299059">
        <ele>453.0</ele>
      </trkpt>
      <trkpt lat="46.111807" lon="-91.29914">
        <ele>453.0</ele>
      </trkpt>
      <trkpt lat="46.11178" lon="-91.299229">
        <ele>452.0</ele>
      </trkpt>
      <trkpt lat="46.111748" lon="-91.299312">
        <ele>452.0</ele>
      </trkpt>
      <trkpt lat="46.111713" lon="-91.299395">
        <ele>453.0</ele>
      </trkpt>
      <trkpt lat="46.111675" lon="-91.299469">
        <ele>453.0</ele>
      </trkpt>
      <trkpt lat="46.111636" lon="-91.299533">
        <ele>453.0</ele>
      </trkpt>
      <trkpt lat="46.111564" lon="-91.299667">
        <ele>453.0</ele>
      </trkpt>
      <trkpt lat="46.111507" lon="-91.299788">
        <ele>453.0</ele>
      </trkpt>
      <trkpt lat="46.111492" lon="-91.299854">
        <ele>452.0</ele>
      </trkpt>
      <trkpt lat="46.111485" lon="-91.299928">
        <ele>451.0</ele>
      </trkpt>
      <trkpt lat="46.111486" lon="-91.299991">
        <ele>451.0</ele>
      </trkpt>
      <trkpt lat="46.111631" lon="-91.300678">
        <ele>441.0</ele>
      </trkpt>
      <trkpt lat="46.1117" lon="-91.300957">
        <ele>438.0</ele>
      </trkpt>
      <trkpt lat="46.111729" lon="-91.301045">
        <ele>437.0</ele>
      </trkpt>
      <trkpt lat="46.111751" lon="-91.301132">
        <ele>436.0</ele>
      </trkpt>
      <trkpt lat="46.11187" lon="-91.301371">
        <ele>435.0</ele>
      </trkpt>
      <trkpt lat="46.111919" lon="-91.301451">
        <ele>435.0</ele>
      </trkpt>
      <trkpt lat="46.111975" lon="-91.301526">
        <ele>435.0</ele>
      </trkpt>
      <trkpt lat="46.112036" lon="-91.301598">
        <ele>434.0</ele>
      </trkpt>
      <trkpt lat="46.112175" lon="-91.30171">
        <ele>434.0</ele>
      </trkpt>
      <trkpt lat="46.112247" lon="-91.301739">
        <ele>435.0</ele>
      </trkpt>
      <trkpt lat="46.112338" lon="-91.30174">
        <ele>434.0</ele>
      </trkpt>
      <trkpt lat="46.112416" lon="-91.301732">
        <ele>433.0</ele>
      </trkpt>
      <trkpt lat="46.112505" lon="-91.301736">
        <ele>432.0</ele>
      </trkpt>
      <trkpt lat="46.112588" lon="-91.301714">
        <ele>431.0</ele>
      </trkpt>
      <trkpt lat="46.112661" lon="-91.301689">
        <ele>430.0</ele>
      </trkpt>
      <trkpt lat="46.112737" lon="-91.301628">
        <ele>429.0</ele>
      </trkpt>
      <trkpt lat="46.112867" lon="-91.301511">
        <ele>429.0</ele>
      </trkpt>
      <trkpt lat="46.112925" lon="-91.301446">
        <ele>428.0</ele>
      </trkpt>
      <trkpt lat="46.112977" lon="-91.30136">
        <ele>427.0</ele>
      </trkpt>
      <trkpt lat="46.113064" lon="-91.301178">
        <ele>427.0</ele>
      </trkpt>
      <trkpt lat="46.113096" lon="-91.301091">
        <ele>427.0</ele>
      </trkpt>
      <trkpt lat="46.113177" lon="-91.30092">
        <ele>427.0</ele>
      </trkpt>
      <trkpt lat="46.113381" lon="-91.300603">
        <ele>425.0</ele>
      </trkpt>
      <trkpt lat="46.113434" lon="-91.300524">
        <ele>425.0</ele>
      </trkpt>
      <trkpt lat="46.113489" lon="-91.300456">
        <ele>424.0</ele>
      </trkpt>
      <trkpt lat="46.113623" lon="-91.300354">
        <ele>422.0</ele>
      </trkpt>
      <trkpt lat="46.113696" lon="-91.300327">
        <ele>423.0</ele>
      </trkpt>
      <trkpt lat="46.113778" lon="-91.300308">
        <ele>423.0</ele>
      </trkpt>
      <trkpt lat="46.113851" lon="-91.300325">
        <ele>423.0</ele>
      </trkpt>
      <trkpt lat="46.113916" lon="-91.300357">
        <ele>423.0</ele>
      </trkpt>
      <trkpt lat="46.113984" lon="-91.300401">
        <ele>423.0</ele>
      </trkpt>
      <trkpt lat="46.114042" lon="-91.300445">
        <ele>424.0</ele>
      </trkpt>
      <trkpt lat="46.114172" lon="-91.300505">
        <ele>424.0</ele>
      </trkpt>
      <trkpt lat="46.114239" lon="-91.300526">
        <ele>424.0</ele>
      </trkpt>
      <trkpt lat="46.114306" lon="-91.300539">
        <ele>424.0</ele>
      </trkpt>
      <trkpt lat="46.11438" lon="-91.300549">
        <ele>423.0</ele>
      </trkpt>
      <trkpt lat="46.114455" lon="-91.300545">
        <ele>423.0</ele>
      </trkpt>
      <trkpt lat="46.114541" lon="-91.300519">
        <ele>423.0</ele>
      </trkpt>
      <trkpt lat="46.114631" lon="-91.300476">
        <ele>423.0</ele>
      </trkpt>
      <trkpt lat="46.114724" lon="-91.300449">
        <ele>422.0</ele>
      </trkpt>
      <trkpt lat="46.114911" lon="-91.300377">
        <ele>424.0</ele>
      </trkpt>
      <trkpt lat="46.114956" lon="-91.300356">
        <ele>425.0</ele>
      </trkpt>
      <trkpt lat="46.115029" lon="-91.300307">
        <ele>425.0</ele>
      </trkpt>
      <trkpt lat="46.11513" lon="-91.300261">
        <ele>426.0</ele>
      </trkpt>
      <trkpt lat="46.115224" lon="-91.300225">
        <ele>427.0</ele>
      </trkpt>
      <trkpt lat="46.115296" lon="-91.300204">
        <ele>427.0</ele>
      </trkpt>
      <trkpt lat="46.115328" lon="-91.300204">
        <ele>428.0</ele>
      </trkpt>
      <trkpt lat="46.115366" lon="-91.300228">
        <ele>428.0</ele>
      </trkpt>
      <trkpt lat="46.115403" lon="-91.300284">
        <ele>428.0</ele>
      </trkpt>
      <trkpt lat="46.115435" lon="-91.300362">
        <ele>430.0</ele>
      </trkpt>
      <trkpt lat="46.115454" lon="-91.300436">
        <ele>431.0</ele>
      </trkpt>
      <trkpt lat="46.115474" lon="-91.300574">
        <ele>433.0</ele>
      </trkpt>
      <trkpt lat="46.115504" lon="-91.300825">
        <ele>436.0</ele>
      </trkpt>
      <trkpt lat="46.115516" lon="-91.300886">
        <ele>436.0</ele>
      </trkpt>
      <trkpt lat="46.115507" lon="-91.300957">
        <ele>436.0</ele>
      </trkpt>
      <trkpt lat="46.115489" lon="-91.301001">
        <ele>436.0</ele>
      </trkpt>
      <trkpt lat="46.11544" lon="-91.301098">
        <ele>436.0</ele>
      </trkpt>
      <trkpt lat="46.115376" lon="-91.301206">
        <ele>434.0</ele>
      </trkpt>
      <trkpt lat="46.115309" lon="-91.301303">
        <ele>433.0</ele>
      </trkpt>
      <trkpt lat="46.11527" lon="-91.30135">
        <ele>432.0</ele>
      </trkpt>
      <trkpt lat="46.115221" lon="-91.301402">
        <ele>432.0</ele>
      </trkpt>
      <trkpt lat="46.115164" lon="-91.301444">
        <ele>432.0</ele>
      </trkpt>
      <trkpt lat="46.114937" lon="-91.301556">
        <ele>432.0</ele>
      </trkpt>
      <trkpt lat="46.11489" lon="-91.301591">
        <ele>432.0</ele>
      </trkpt>
      <trkpt lat="46.114842" lon="-91.301632">
        <ele>432.0</ele>
      </trkpt>
      <trkpt lat="46.114654" lon="-91.301812">
        <ele>433.0</ele>
      </trkpt>
      <trkpt lat="46.114601" lon="-91.301852">
        <ele>433.0</ele>
      </trkpt>
      <trkpt lat="46.114544" lon="-91.301886">
        <ele>433.0</ele>
      </trkpt>
      <trkpt lat="46.114428" lon="-91.301936">
        <ele>434.0</ele>
      </trkpt>
      <trkpt lat="46.114372" lon="-91.30197">
        <ele>435.0</ele>
      </trkpt>
      <trkpt lat="46.114314" lon="-91.302014">
        <ele>435.0</ele>
      </trkpt>
      <trkpt lat="46.114265" lon="-91.302071">
        <ele>435.0</ele>
      </trkpt>
      <trkpt lat="46.114175" lon="-91.302197">
        <ele>435.0</ele>
      </trkpt>
      <trkpt lat="46.114131" lon="-91.302277">
        <ele>435.0</ele>
      </trkpt>
      <trkpt lat="46.114093" lon="-91.302358">
        <ele>435.0</ele>
      </trkpt>
      <trkpt lat="46.11403" lon="-91.30254">
        <ele>435.0</ele>
      </trkpt>
      <trkpt lat="46.114008" lon="-91.30264">
        <ele>435.0</ele>
      </trkpt>
      <trkpt lat="46.113994" lon="-91.302748">
        <ele>434.0</ele>
      </trkpt>
      <trkpt lat="46.113991" lon="-91.302848">
        <ele>434.0</ele>
      </trkpt>
      <trkpt lat="46.113999" lon="-91.302943">
        <ele>435.0</ele>
      </trkpt>
      <trkpt lat="46.113994" lon="-91.303035">
        <ele>435.0</ele>
      </trkpt>
      <trkpt lat="46.113981" lon="-91.303119">
        <ele>435.0</ele>
      </trkpt>
      <trkpt lat="46.113945" lon="-91.303279">
        <ele>435.0</ele>
      </trkpt>
      <trkpt lat="46.113927" lon="-91.303462">
        <ele>434.0</ele>
      </trkpt>
      <trkpt lat="46.113898" lon="-91.303557">
        <ele>433.0</ele>
      </trkpt>
      <trkpt lat="46.113857" lon="-91.303637">
        <ele>433.0</ele>
      </trkpt>
      <trkpt lat="46.113805" lon="-91.303709">
        <ele>433.0</ele>
      </trkpt>
      <trkpt lat="46.113697" lon="-91.303838">
        <ele>433.0</ele>
      </trkpt>
      <trkpt lat="46.113643" lon="-91.303887">
        <ele>433.0</ele>
      </trkpt>
      <trkpt lat="46.113581" lon="-91.303916">
        <ele>433.0</ele>
      </trkpt>
      <trkpt lat="46.113466" lon="-91.303952">
        <ele>434.0</ele>
      </trkpt>
      <trkpt lat="46.113362" lon="-91.303977">
        <ele>434.0</ele>
      </trkpt>
      <trkpt lat="46.113312" lon="-91.304011">
        <ele>434.0</ele>
      </trkpt>
      <trkpt lat="46.113271" lon="-91.304059">
        <ele>434.0</ele>
      </trkpt>
      <trkpt lat="46.113225" lon="-91.304119">
        <ele>433.0</ele>
      </trkpt>
      <trkpt lat="46.11318" lon="-91.304186">
        <ele>432.0</ele>
      </trkpt>
      <trkpt lat="46.113141" lon="-91.30426">
        <ele>432.0</ele>
      </trkpt>
      <trkpt lat="46.113011" lon="-91.304485">
        <ele>433.0</ele>
      </trkpt>
      <trkpt lat="46.112971" lon="-91.304561">
        <ele>434.0</ele>
      </trkpt>
      <trkpt lat="46.112886" lon="-91.304769">
        <ele>435.0</ele>
      </trkpt>
      <trkpt lat="46.112867" lon="-91.304852">
        <ele>435.0</ele>
      </trkpt>
      <trkpt lat="46.112864" lon="-91.304941">
        <ele>434.0</ele>
      </trkpt>
      <trkpt lat="46.11288" lon="-91.305026">
        <ele>434.0</ele>
      </trkpt>
      <trkpt lat="46.112908" lon="-91.305106">
        <ele>434.0</ele>
      </trkpt>
      <trkpt lat="46.112948" lon="-91.305176">
        <ele>433.0</ele>
      </trkpt>
      <trkpt lat="46.113058" lon="-91.305392">
        <ele>433.0</ele>
      </trkpt>
      <trkpt lat="46.11313" lon="-91.305542">
        <ele>433.0</ele>
      </trkpt>
      <trkpt lat="46.113185" lon="-91.305597">
        <ele>432.0</ele>
      </trkpt>
      <trkpt lat="46.113237" lon="-91.305639">
        <ele>432.0</ele>
      </trkpt>
      <trkpt lat="46.113293" lon="-91.305664">
        <ele>432.0</ele>
      </trkpt>
      <trkpt lat="46.113404" lon="-91.305691">
        <ele>432.0</ele>
      </trkpt>
      <trkpt lat="46.113456" lon="-91.305712">
        <ele>432.0</ele>
      </trkpt>
      <trkpt lat="46.113505" lon="-91.305763">
        <ele>431.0</ele>
      </trkpt>
      <trkpt lat="46.11354" lon="-91.305829">
        <ele>431.0</ele>
      </trkpt>
      <trkpt lat="46.113568" lon="-91.305903">
        <ele>431.0</ele>
      </trkpt>
      <trkpt lat="46.113583" lon="-91.30599">
        <ele>430.0</ele>
      </trkpt>
      <trkpt lat="46.113587" lon="-91.306078">
        <ele>430.0</ele>
      </trkpt>
      <trkpt lat="46.113582" lon="-91.306165">
        <ele>430.0</ele>
      </trkpt>
      <trkpt lat="46.113568" lon="-91.306253">
        <ele>430.0</ele>
      </trkpt>
      <trkpt lat="46.113541" lon="-91.30634">
        <ele>430.0</ele>
      </trkpt>
      <trkpt lat="46.113412" lon="-91.306615">
        <ele>430.0</ele>
      </trkpt>
      <trkpt lat="46.113406" lon="-91.306788">
        <ele>431.0</ele>
      </trkpt>
      <trkpt lat="46.113435" lon="-91.306816">
        <ele>431.0</ele>
      </trkpt>
      <trkpt lat="46.113476" lon="-91.306833">
        <ele>431.0</ele>
      </trkpt>
      <trkpt lat="46.113577" lon="-91.306843">
        <ele>430.0</ele>
      </trkpt>
      <trkpt lat="46.113753" lon="-91.306843">
        <ele>430.0</ele>
      </trkpt>
      <trkpt lat="46.1139" lon="-91.306855">
        <ele>431.0</ele>
      </trkpt>
      <trkpt lat="46.114148" lon="-91.306888">
        <ele>431.0</ele>
      </trkpt>
      <trkpt lat="46.114313" lon="-91.306917">
        <ele>431.0</ele>
      </trkpt>
      <trkpt lat="46.114599" lon="-91.306942">
        <ele>433.0</ele>
      </trkpt>
      <trkpt lat="46.114814" lon="-91.306971">
        <ele>434.0</ele>
      </trkpt>
      <trkpt lat="46.115101" lon="-91.307001">
        <ele>433.0</ele>
      </trkpt>
      <trkpt lat="46.115209" lon="-91.307015">
        <ele>432.0</ele>
      </trkpt>
      <trkpt lat="46.115426" lon="-91.307052">
        <ele>431.0</ele>
      </trkpt>
      <trkpt lat="46.115529" lon="-91.307066">
        <ele>431.0</ele>
      </trkpt>
      <trkpt lat="46.11563" lon="-91.30707">
        <ele>431.0</ele>
      </trkpt>
      <trkpt lat="46.11573" lon="-91.307063">
        <ele>431.0</ele>
      </trkpt>
      <trkpt lat="46.115824" lon="-91.307031">
        <ele>431.0</ele>
      </trkpt>
      <trkpt lat="46.115914" lon="-91.306988">
        <ele>431.0</ele>
      </trkpt>
      <trkpt lat="46.11599" lon="-91.306918">
        <ele>431.0</ele>
      </trkpt>
      <trkpt lat="46.116125" lon="-91.306744">
        <ele>430.0</ele>
      </trkpt>
      <trkpt lat="46.116321" lon="-91.306464">
        <ele>429.0</ele>
      </trkpt>
      <trkpt lat="46.116455" lon="-91.306266">
        <ele>428.0</ele>
      </trkpt>
      <trkpt lat="46.116608" lon="-91.30607">
        <ele>428.0</ele>
      </trkpt>
      <trkpt lat="46.116683" lon="-91.305966">
        <ele>428.0</ele>
      </trkpt>
      <trkpt lat="46.116763" lon="-91.305874">
        <ele>429.0</ele>
      </trkpt>
      <trkpt lat="46.116844" lon="-91.305793">
        <ele>429.0</ele>
      </trkpt>
      <trkpt lat="46.116927" lon="-91.30572">
        <ele>429.0</ele>
      </trkpt>
      <trkpt lat="46.117013" lon="-91.305664">
        <ele>430.0</ele>
      </trkpt>
      <trkpt lat="46.117104" lon="-91.305627">
        <ele>430.0</ele>
      </trkpt>
      <trkpt lat="46.117202" lon="-91.305614">
        <ele>430.0</ele>
      </trkpt>
      <trkpt lat="46.1173" lon="-91.305618">
        <ele>430.0</ele>
      </trkpt>
      <trkpt lat="46.117399" lon="-91.305614">
        <ele>430.0</ele>
      </trkpt>
      <trkpt lat="46.118006" lon="-91.305638">
        <ele>430.0</ele>
      </trkpt>
      <trkpt lat="46.118266" lon="-91.305641">
        <ele>430.0</ele>
      </trkpt>
      <trkpt lat="46.118555" lon="-91.305649">
        <ele>431.0</ele>
      </trkpt>
      <trkpt lat="46.118954" lon="-91.305653">
        <ele>432.0</ele>
      </trkpt>
      <trkpt lat="46.119243" lon="-91.305663">
        <ele>435.0</ele>
      </trkpt>
      <trkpt lat="46.119534" lon="-91.305666">
        <ele>437.0</ele>
      </trkpt>
      <trkpt lat="46.119988" lon="-91.305686">
        <ele>437.0</ele>
      </trkpt>
      <trkpt lat="46.120186" lon="-91.305688">
        <ele>436.0</ele>
      </trkpt>
      <trkpt lat="46.120397" lon="-91.305678">
        <ele>435.0</ele>
      </trkpt>
      <trkpt lat="46.120499" lon="-91.305651">
        <ele>435.0</ele>
      </trkpt>
      <trkpt lat="46.120594" lon="-91.305616">
        <ele>435.0</ele>
      </trkpt>
      <trkpt lat="46.120684" lon="-91.305573">
        <ele>436.0</ele>
      </trkpt>
      <trkpt lat="46.120768" lon="-91.305521">
        <ele>437.0</ele>
      </trkpt>
      <trkpt lat="46.120843" lon="-91.305459">
        <ele>437.0</ele>
      </trkpt>
      <trkpt lat="46.120913" lon="-91.305388">
        <ele>438.0</ele>
      </trkpt>
      <trkpt lat="46.120971" lon="-91.305316">
        <ele>438.0</ele>
      </trkpt>
      <trkpt lat="46.121012" lon="-91.305254">
        <ele>439.0</ele>
      </trkpt>
      <trkpt lat="46.121067" lon="-91.305154">
        <ele>439.0</ele>
      </trkpt>
      <trkpt lat="46.121128" lon="-91.30507">
        <ele>440.0</ele>
      </trkpt>
      <trkpt lat="46.12118" lon="-91.304952">
        <ele>440.0</ele>
      </trkpt>
      <trkpt lat="46.121205" lon="-91.304884">
        <ele>441.0</ele>
      </trkpt>
      <trkpt lat="46.121509" lon="-91.303991">
        <ele>444.0</ele>
      </trkpt>
      <trkpt lat="46.121666" lon="-91.30356">
        <ele>445.0</ele>
      </trkpt>
      <trkpt lat="46.1217" lon="-91.303453">
        <ele>445.0</ele>
      </trkpt>
      <trkpt lat="46.121739" lon="-91.303349">
        <ele>446.0</ele>
      </trkpt>
      <trkpt lat="46.12199" lon="-91.302621">
        <ele>449.0</ele>
      </trkpt>
      <trkpt lat="46.12214" lon="-91.302222">
        <ele>450.0</ele>
      </trkpt>
      <trkpt lat="46.122172" lon="-91.302116">
        <ele>451.0</ele>
      </trkpt>
      <trkpt lat="46.122206" lon="-91.302021">
        <ele>451.0</ele>
      </trkpt>
      <trkpt lat="46.122263" lon="-91.301937">
        <ele>451.0</ele>
      </trkpt>
      <trkpt lat="46.122326" lon="-91.301854">
        <ele>451.0</ele>
      </trkpt>
      <trkpt lat="46.122396" lon="-91.301779">
        <ele>450.0</ele>
      </trkpt>
      <trkpt lat="46.122471" lon="-91.301717">
        <ele>450.0</ele>
      </trkpt>
      <trkpt lat="46.122554" lon="-91.301672">
        <ele>450.0</ele>
      </trkpt>
      <trkpt lat="46.122642" lon="-91.301644">
        <ele>451.0</ele>
      </trkpt>
      <trkpt lat="46.122895" lon="-91.301593">
        <ele>453.0</ele>
      </trkpt>
      <trkpt lat="46.123049" lon="-91.301582">
        <ele>455.0</ele>
      </trkpt>
      <trkpt lat="46.123429" lon="-91.301591">
        <ele>458.0</ele>
      </trkpt>
      <trkpt lat="46.123923" lon="-91.301572">
        <ele>459.0</ele>
      </trkpt>
      <trkpt lat="46.124094" lon="-91.301574">
        <ele>460.0</ele>
      </trkpt>
      <trkpt lat="46.124182" lon="-91.301566">
        <ele>460.0</ele>
      </trkpt>
      <trkpt lat="46.124268" lon="-91.30157">
        <ele>460.0</ele>
      </trkpt>
      <trkpt lat="46.124444" lon="-91.301571">
        <ele>460.0</ele>
      </trkpt>
      <trkpt lat="46.124631" lon="-91.30157">
        <ele>460.0</ele>
      </trkpt>
      <trkpt lat="46.12473" lon="-91.301564">
        <ele>460.0</ele>
      </trkpt>
      <trkpt lat="46.124831" lon="-91.301569">
        <ele>460.0</ele>
      </trkpt>
      <trkpt lat="46.125133" lon="-91.301568">
        <ele>460.0</ele>
      </trkpt>
      <trkpt lat="46.125308" lon="-91.301562">
        <ele>460.0</ele>
      </trkpt>
      <trkpt lat="46.125682" lon="-91.301574">
        <ele>460.0</ele>
      </trkpt>
      <trkpt lat="46.125789" lon="-91.301572">
        <ele>460.0</ele>
      </trkpt>
      <trkpt lat="46.125892" lon="-91.30158">
        <ele>461.0</ele>
      </trkpt>
      <trkpt lat="46.125996" lon="-91.301573">
        <ele>461.0</ele>
      </trkpt>
      <trkpt lat="46.126099" lon="-91.301574">
        <ele>461.0</ele>
      </trkpt>
      <trkpt lat="46.126197" lon="-91.301587">
        <ele>462.0</ele>
      </trkpt>
      <trkpt lat="46.126303" lon="-91.301585">
        <ele>462.0</ele>
      </trkpt>
      <trkpt lat="46.126508" lon="-91.301592">
        <ele>462.0</ele>
      </trkpt>
      <trkpt lat="46.126791" lon="-91.301589">
        <ele>461.0</ele>
      </trkpt>
      <trkpt lat="46.126979" lon="-91.301593">
        <ele>461.0</ele>
      </trkpt>
      <trkpt lat="46.126969" lon="-91.301601">
        <ele>461.0</ele>
      </trkpt>
      <trkpt lat="46.127042" lon="-91.301666">
        <ele>461.0</ele>
      </trkpt>
      <trkpt lat="46.127062" lon="-91.301699">
        <ele>460.0</ele>
      </trkpt>
      <trkpt lat="46.127076" lon="-91.301757">
        <ele>460.0</ele>
      </trkpt>
      <trkpt lat="46.127085" lon="-91.301881">
        <ele>460.0</ele>
      </trkpt>
      <trkpt lat="46.127093" lon="-91.301925">
        <ele>460.0</ele>
      </trkpt>
      <trkpt lat="46.127104" lon="-91.301965">
        <ele>459.0</ele>
      </trkpt>
      <trkpt lat="46.12712" lon="-91.301997">
        <ele>459.0</ele>
      </trkpt>
      <trkpt lat="46.127212" lon="-91.302124">
        <ele>458.0</ele>
      </trkpt>
      <trkpt lat="46.127299" lon="-91.302264">
        <ele>457.0</ele>
      </trkpt>
      <trkpt lat="46.127423" lon="-91.302434">
        <ele>456.0</ele>
      </trkpt>
      <trkpt lat="46.127453" lon="-91.302482">
        <ele>456.0</ele>
      </trkpt>
      <trkpt lat="46.12749" lon="-91.302617">
        <ele>456.0</ele>
      </trkpt>
      <trkpt lat="46.127501" lon="-91.302692">
        <ele>456.0</ele>
      </trkpt>
      <trkpt lat="46.127518" lon="-91.302924">
        <ele>456.0</ele>
      </trkpt>
      <trkpt lat="46.127532" lon="-91.302996">
        <ele>456.0</ele>
      </trkpt>
      <trkpt lat="46.127575" lon="-91.303124">
        <ele>456.0</ele>
      </trkpt>
      <trkpt lat="46.127594" lon="-91.303191">
        <ele>456.0</ele>
      </trkpt>
      <trkpt lat="46.127603" lon="-91.30326">
        <ele>456.0</ele>
      </trkpt>
      <trkpt lat="46.127592" lon="-91.303424">
        <ele>456.0</ele>
      </trkpt>
      <trkpt lat="46.127543" lon="-91.303767">
        <ele>456.0</ele>
      </trkpt>
      <trkpt lat="46.127505" lon="-91.303928">
        <ele>456.0</ele>
      </trkpt>
      <trkpt lat="46.127458" lon="-91.304086">
        <ele>456.0</ele>
      </trkpt>
      <trkpt lat="46.127438" lon="-91.304171">
        <ele>456.0</ele>
      </trkpt>
      <trkpt lat="46.127429" lon="-91.304252">
        <ele>456.0</ele>
      </trkpt>
      <trkpt lat="46.127428" lon="-91.304332">
        <ele>456.0</ele>
      </trkpt>
      <trkpt lat="46.127453" lon="-91.304498">
        <ele>456.0</ele>
      </trkpt>
      <trkpt lat="46.127455" lon="-91.304578">
        <ele>455.0</ele>
      </trkpt>
      <trkpt lat="46.127436" lon="-91.304639">
        <ele>455.0</ele>
      </trkpt>
      <trkpt lat="46.127398" lon="-91.304686">
        <ele>455.0</ele>
      </trkpt>
      <trkpt lat="46.127343" lon="-91.304729">
        <ele>455.0</ele>
      </trkpt>
      <trkpt lat="46.127222" lon="-91.304798">
        <ele>455.0</ele>
      </trkpt>
      <trkpt lat="46.127164" lon="-91.304835">
        <ele>454.0</ele>
      </trkpt>
      <trkpt lat="46.127105" lon="-91.304878">
        <ele>454.0</ele>
      </trkpt>
      <trkpt lat="46.126987" lon="-91.304988">
        <ele>454.0</ele>
      </trkpt>
      <trkpt lat="46.126812" lon="-91.305142">
        <ele>453.0</ele>
      </trkpt>
      <trkpt lat="46.126762" lon="-91.305192">
        <ele>453.0</ele>
      </trkpt>
      <trkpt lat="46.126648" lon="-91.30527">
        <ele>453.0</ele>
      </trkpt>
      <trkpt lat="46.126601" lon="-91.305318">
        <ele>453.0</ele>
      </trkpt>
      <trkpt lat="46.126564" lon="-91.305391">
        <ele>453.0</ele>
      </trkpt>
      <trkpt lat="46.126541" lon="-91.305469">
        <ele>453.0</ele>
      </trkpt>
      <trkpt lat="46.126524" lon="-91.305655">
        <ele>453.0</ele>
      </trkpt>
      <trkpt lat="46.126509" lon="-91.305927">
        <ele>453.0</ele>
      </trkpt>
      <trkpt lat="46.126512" lon="-91.30602">
        <ele>453.0</ele>
      </trkpt>
      <trkpt lat="46.126537" lon="-91.306215">
        <ele>453.0</ele>
      </trkpt>
      <trkpt lat="46.126546" lon="-91.306314">
        <ele>453.0</ele>
      </trkpt>
      <trkpt lat="46.126547" lon="-91.306424">
        <ele>453.0</ele>
      </trkpt>
      <trkpt lat="46.126522" lon="-91.306529">
        <ele>453.0</ele>
      </trkpt>
      <trkpt lat="46.126473" lon="-91.30671">
        <ele>453.0</ele>
      </trkpt>
      <trkpt lat="46.126441" lon="-91.306802">
        <ele>453.0</ele>
      </trkpt>
      <trkpt lat="46.12636" lon="-91.306968">
        <ele>453.0</ele>
      </trkpt>
      <trkpt lat="46.126296" lon="-91.307136">
        <ele>452.0</ele>
      </trkpt>
      <trkpt lat="46.126315" lon="-91.307261">
        <ele>452.0</ele>
      </trkpt>
      <trkpt lat="46.126404" lon="-91.307331">
        <ele>453.0</ele>
      </trkpt>
      <trkpt lat="46.126429" lon="-91.307333">
        <ele>453.0</ele>
      </trkpt>
      <trkpt lat="46.12645" lon="-91.307346">
        <ele>453.0</ele>
      </trkpt>
      <trkpt lat="46.126485" lon="-91.307352">
        <ele>453.0</ele>
      </trkpt>
      <trkpt lat="46.126538" lon="-91.307373">
        <ele>453.0</ele>
      </trkpt>
      <trkpt lat="46.126571" lon="-91.307413">
        <ele>453.0</ele>
      </trkpt>
      <trkpt lat="46.126605" lon="-91.307437">
        <ele>454.0</ele>
      </trkpt>
      <trkpt lat="46.126631" lon="-91.307462">
        <ele>454.0</ele>
      </trkpt>
      <trkpt lat="46.126656" lon="-91.307503">
        <ele>454.0</ele>
      </trkpt>
      <trkpt lat="46.126685" lon="-91.307538">
        <ele>454.0</ele>
      </trkpt>
      <trkpt lat="46.12672" lon="-91.307633">
        <ele>454.0</ele>
      </trkpt>
      <trkpt lat="46.126751" lon="-91.307752">
        <ele>453.0</ele>
      </trkpt>
      <trkpt lat="46.126772" lon="-91.307802">
        <ele>453.0</ele>
      </trkpt>
      <trkpt lat="46.126781" lon="-91.307869">
        <ele>453.0</ele>
      </trkpt>
      <trkpt lat="46.126782" lon="-91.307906">
        <ele>453.0</ele>
      </trkpt>
      <trkpt lat="46.126785" lon="-91.30789">
        <ele>453.0</ele>
      </trkpt>
      <trkpt lat="46.126819" lon="-91.307979">
        <ele>453.0</ele>
      </trkpt>
      <trkpt lat="46.126832" lon="-91.308035">
        <ele>453.0</ele>
      </trkpt>
      <trkpt lat="46.126862" lon="-91.30813">
        <ele>453.0</ele>
      </trkpt>
      <trkpt lat="46.126932" lon="-91.308274">
        <ele>455.0</ele>
      </trkpt>
      <trkpt lat="46.12699" lon="-91.308477">
        <ele>455.0</ele>
      </trkpt>
      <trkpt lat="46.127007" lon="-91.308567">
        <ele>455.0</ele>
      </trkpt>
      <trkpt lat="46.127043" lon="-91.308683">
        <ele>455.0</ele>
      </trkpt>
      <trkpt lat="46.127064" lon="-91.308728">
        <ele>456.0</ele>
      </trkpt>
      <trkpt lat="46.127155" lon="-91.308819">
        <ele>456.0</ele>
      </trkpt>
      <trkpt lat="46.127187" lon="-91.308844">
        <ele>457.0</ele>
      </trkpt>
      <trkpt lat="46.127248" lon="-91.308907">
        <ele>457.0</ele>
      </trkpt>
      <trkpt lat="46.127279" lon="-91.308945">
        <ele>457.0</ele>
      </trkpt>
      <trkpt lat="46.127334" lon="-91.308994">
        <ele>457.0</ele>
      </trkpt>
      <trkpt lat="46.127358" lon="-91.309008">
        <ele>457.0</ele>
      </trkpt>
      <trkpt lat="46.127364" lon="-91.30899">
        <ele>456.0</ele>
      </trkpt>
      <trkpt lat="46.127372" lon="-91.309005">
        <ele>456.0</ele>
      </trkpt>
      <trkpt lat="46.127387" lon="-91.309009">
        <ele>456.0</ele>
      </trkpt>
      <trkpt lat="46.127384" lon="-91.309013">
        <ele>456.0</ele>
      </trkpt>
      <trkpt lat="46.127386" lon="-91.309017">
        <ele>456.0</ele>
      </trkpt>
      <trkpt lat="46.127407" lon="-91.30903">
        <ele>456.0</ele>
      </trkpt>
      <trkpt lat="46.127612" lon="-91.309129">
        <ele>455.0</ele>
      </trkpt>
      <trkpt lat="46.127656" lon="-91.309158">
        <ele>454.0</ele>
      </trkpt>
      <trkpt lat="46.127656" lon="-91.309166">
        <ele>454.0</ele>
      </trkpt>
      <trkpt lat="46.127668" lon="-91.30917">
        <ele>454.0</ele>
      </trkpt>
      <trkpt lat="46.127683" lon="-91.309182">
        <ele>454.0</ele>
      </trkpt>
      <trkpt lat="46.127691" lon="-91.309196">
        <ele>453.0</ele>
      </trkpt>
      <trkpt lat="46.12772" lon="-91.309227">
        <ele>453.0</ele>
      </trkpt>
      <trkpt lat="46.127741" lon="-91.309262">
        <ele>452.0</ele>
      </trkpt>
      <trkpt lat="46.127804" lon="-91.30941">
        <ele>449.0</ele>
      </trkpt>
      <trkpt lat="46.127831" lon="-91.309589">
        <ele>445.0</ele>
      </trkpt>
      <trkpt lat="46.127825" lon="-91.309729">
        <ele>442.0</ele>
      </trkpt>
      <trkpt lat="46.127829" lon="-91.309871">
        <ele>442.0</ele>
      </trkpt>
      <trkpt lat="46.127827" lon="-91.30992">
        <ele>441.0</ele>
      </trkpt>
      <trkpt lat="46.127829" lon="-91.309977">
        <ele>441.0</ele>
      </trkpt>
      <trkpt lat="46.127838" lon="-91.309997">
        <ele>441.0</ele>
      </trkpt>
      <trkpt lat="46.127836" lon="-91.309995">
        <ele>441.0</ele>
      </trkpt>
      <trkpt lat="46.127841" lon="-91.310016">
        <ele>441.0</ele>
      </trkpt>
      <trkpt lat="46.127838" lon="-91.310022">
        <ele>441.0</ele>
      </trkpt>
      <trkpt lat="46.127868" lon="-91.310128">
        <ele>441.0</ele>
      </trkpt>
      <trkpt lat="46.127914" lon="-91.310248">
        <ele>440.0</ele>
      </trkpt>
      <trkpt lat="46.127933" lon="-91.310287">
        <ele>439.0</ele>
      </trkpt>
      <trkpt lat="46.127963" lon="-91.31033">
        <ele>439.0</ele>
      </trkpt>
      <trkpt lat="46.127996" lon="-91.310395">
        <ele>438.0</ele>
      </trkpt>
      <trkpt lat="46.128011" lon="-91.310401">
        <ele>438.0</ele>
      </trkpt>
      <trkpt lat="46.128041" lon="-91.310435">
        <ele>437.0</ele>
      </trkpt>
      <trkpt lat="46.128054" lon="-91.31046">
        <ele>437.0</ele>
      </trkpt>
      <trkpt lat="46.128067" lon="-91.310471">
        <ele>437.0</ele>
      </trkpt>
      <trkpt lat="46.128086" lon="-91.310499">
        <ele>437.0</ele>
      </trkpt>
      <trkpt lat="46.128151" lon="-91.310608">
        <ele>436.0</ele>
      </trkpt>
      <trkpt lat="46.128184" lon="-91.31064">
        <ele>435.0</ele>
      </trkpt>
      <trkpt lat="46.128206" lon="-91.310679">
        <ele>434.0</ele>
      </trkpt>
      <trkpt lat="46.128278" lon="-91.310767">
        <ele>433.0</ele>
      </trkpt>
      <trkpt lat="46.128323" lon="-91.310805">
        <ele>431.0</ele>
      </trkpt>
      <trkpt lat="46.128414" lon="-91.310897">
        <ele>431.0</ele>
      </trkpt>
      <trkpt lat="46.128454" lon="-91.31093">
        <ele>431.0</ele>
      </trkpt>
      <trkpt lat="46.128494" lon="-91.310956">
        <ele>430.0</ele>
      </trkpt>
      <trkpt lat="46.128522" lon="-91.310986">
        <ele>430.0</ele>
      </trkpt>
      <trkpt lat="46.128633" lon="-91.311021">
        <ele>430.0</ele>
      </trkpt>
      <trkpt lat="46.128678" lon="-91.311031">
        <ele>429.0</ele>
      </trkpt>
      <trkpt lat="46.128721" lon="-91.311032">
        <ele>429.0</ele>
      </trkpt>
      <trkpt lat="46.128893" lon="-91.311062">
        <ele>428.0</ele>
      </trkpt>
      <trkpt lat="46.128962" lon="-91.311101">
        <ele>427.0</ele>
      </trkpt>
      <trkpt lat="46.128989" lon="-91.311127">
        <ele>426.0</ele>
      </trkpt>
      <trkpt lat="46.129022" lon="-91.31115">
        <ele>426.0</ele>
      </trkpt>
      <trkpt lat="46.129073" lon="-91.311235">
        <ele>425.0</ele>
      </trkpt>
      <trkpt lat="46.12908" lon="-91.311347">
        <ele>424.0</ele>
      </trkpt>
      <trkpt lat="46.129095" lon="-91.311504">
        <ele>424.0</ele>
      </trkpt>
      <trkpt lat="46.129098" lon="-91.311584">
        <ele>424.0</ele>
      </trkpt>
      <trkpt lat="46.129097" lon="-91.311665">
        <ele>424.0</ele>
      </trkpt>
      <trkpt lat="46.129079" lon="-91.311812">
        <ele>425.0</ele>
      </trkpt>
      <trkpt lat="46.129078" lon="-91.311884">
        <ele>425.0</ele>
      </trkpt>
      <trkpt lat="46.129083" lon="-91.312011">
        <ele>425.0</ele>
      </trkpt>
      <trkpt lat="46.129064" lon="-91.312202">
        <ele>425.0</ele>
      </trkpt>
      <trkpt lat="46.129036" lon="-91.312356">
        <ele>425.0</ele>
      </trkpt>
      <trkpt lat="46.129018" lon="-91.312432">
        <ele>425.0</ele>
      </trkpt>
      <trkpt lat="46.128975" lon="-91.31267">
        <ele>425.0</ele>
      </trkpt>
      <trkpt lat="46.128954" lon="-91.31274">
        <ele>425.0</ele>
      </trkpt>
      <trkpt lat="46.128918" lon="-91.312894">
        <ele>425.0</ele>
      </trkpt>
      <trkpt lat="46.128889" lon="-91.312972">
        <ele>426.0</ele>
      </trkpt>
      <trkpt lat="46.128864" lon="-91.313056">
        <ele>426.0</ele>
      </trkpt>
      <trkpt lat="46.128851" lon="-91.313133">
        <ele>425.0</ele>
      </trkpt>
      <trkpt lat="46.128843" lon="-91.313212">
        <ele>424.0</ele>
      </trkpt>
      <trkpt lat="46.128828" lon="-91.313287">
        <ele>424.0</ele>
      </trkpt>
      <trkpt lat="46.128807" lon="-91.313363">
        <ele>423.0</ele>
      </trkpt>
      <trkpt lat="46.128778" lon="-91.31343">
        <ele>423.0</ele>
      </trkpt>
      <trkpt lat="46.128742" lon="-91.313498">
        <ele>422.0</ele>
      </trkpt>
      <trkpt lat="46.128704" lon="-91.313557">
        <ele>422.0</ele>
      </trkpt>
      <trkpt lat="46.128659" lon="-91.313607">
        <ele>422.0</ele>
      </trkpt>
      <trkpt lat="46.128606" lon="-91.313659">
        <ele>422.0</ele>
      </trkpt>
      <trkpt lat="46.128549" lon="-91.313696">
        <ele>422.0</ele>
      </trkpt>
      <trkpt lat="46.128439" lon="-91.313795">
        <ele>422.0</ele>
      </trkpt>
      <trkpt lat="46.12833" lon="-91.313904">
        <ele>424.0</ele>
      </trkpt>
      <trkpt lat="46.128297" lon="-91.313945">
        <ele>423.0</ele>
      </trkpt>
      <trkpt lat="46.128282" lon="-91.313972">
        <ele>423.0</ele>
      </trkpt>
      <trkpt lat="46.128262" lon="-91.313981">
        <ele>423.0</ele>
      </trkpt>
      <trkpt lat="46.12822" lon="-91.314019">
        <ele>423.0</ele>
      </trkpt>
      <trkpt lat="46.128123" lon="-91.314116">
        <ele>423.0</ele>
      </trkpt>
      <trkpt lat="46.128106" lon="-91.314165">
        <ele>423.0</ele>
      </trkpt>
      <trkpt lat="46.128092" lon="-91.314229">
        <ele>423.0</ele>
      </trkpt>
      <trkpt lat="46.128084" lon="-91.314336">
        <ele>423.0</ele>
      </trkpt>
      <trkpt lat="46.128086" lon="-91.314397">
        <ele>424.0</ele>
      </trkpt>
      <trkpt lat="46.128083" lon="-91.314473">
        <ele>424.0</ele>
      </trkpt>
      <trkpt lat="46.128065" lon="-91.314637">
        <ele>424.0</ele>
      </trkpt>
      <trkpt lat="46.128064" lon="-91.314719">
        <ele>425.0</ele>
      </trkpt>
      <trkpt lat="46.12804" lon="-91.314872">
        <ele>424.0</ele>
      </trkpt>
      <trkpt lat="46.128023" lon="-91.314953">
        <ele>424.0</ele>
      </trkpt>
      <trkpt lat="46.127999" lon="-91.315112">
        <ele>423.0</ele>
      </trkpt>
      <trkpt lat="46.128" lon="-91.315183">
        <ele>423.0</ele>
      </trkpt>
      <trkpt lat="46.128009" lon="-91.315339">
        <ele>424.0</ele>
      </trkpt>
      <trkpt lat="46.128031" lon="-91.315486">
        <ele>425.0</ele>
      </trkpt>
      <trkpt lat="46.128049" lon="-91.315654">
        <ele>426.0</ele>
      </trkpt>
      <trkpt lat="46.128054" lon="-91.315735">
        <ele>426.0</ele>
      </trkpt>
      <trkpt lat="46.12806" lon="-91.315871">
        <ele>426.0</ele>
      </trkpt>
      <trkpt lat="46.128053" lon="-91.316003">
        <ele>425.0</ele>
      </trkpt>
      <trkpt lat="46.128053" lon="-91.316078">
        <ele>425.0</ele>
      </trkpt>
      <trkpt lat="46.128045" lon="-91.316148">
        <ele>424.0</ele>
      </trkpt>
      <trkpt lat="46.128011" lon="-91.316298">
        <ele>423.0</ele>
      </trkpt>
      <trkpt lat="46.127937" lon="-91.316535">
        <ele>420.0</ele>
      </trkpt>
      <trkpt lat="46.127858" lon="-91.316669">
        <ele>419.0</ele>
      </trkpt>
      <trkpt lat="46.127824" lon="-91.316739">
        <ele>419.0</ele>
      </trkpt>
      <trkpt lat="46.127757" lon="-91.316846">
        <ele>420.0</ele>
      </trkpt>
      <trkpt lat="46.127677" lon="-91.316985">
        <ele>419.0</ele>
      </trkpt>
      <trkpt lat="46.127644" lon="-91.317051">
        <ele>419.0</ele>
      </trkpt>
      <trkpt lat="46.127613" lon="-91.317182">
        <ele>419.0</ele>
      </trkpt>
      <trkpt lat="46.127609" lon="-91.317252">
        <ele>419.0</ele>
      </trkpt>
      <trkpt lat="46.12761" lon="-91.317325">
        <ele>419.0</ele>
      </trkpt>
      <trkpt lat="46.127598" lon="-91.317803">
        <ele>417.0</ele>
      </trkpt>
      <trkpt lat="46.127584" lon="-91.317972">
        <ele>417.0</ele>
      </trkpt>
      <trkpt lat="46.127561" lon="-91.318045">
        <ele>417.0</ele>
      </trkpt>
      <trkpt lat="46.127491" lon="-91.318209">
        <ele>416.0</ele>
      </trkpt>
      <trkpt lat="46.127459" lon="-91.318298">
        <ele>414.0</ele>
      </trkpt>
      <trkpt lat="46.127423" lon="-91.31838">
        <ele>413.0</ele>
      </trkpt>
      <trkpt lat="46.127393" lon="-91.318469">
        <ele>412.0</ele>
      </trkpt>
      <trkpt lat="46.127369" lon="-91.318561">
        <ele>412.0</ele>
      </trkpt>
      <trkpt lat="46.127348" lon="-91.318649">
        <ele>412.0</ele>
      </trkpt>
      <trkpt lat="46.127333" lon="-91.318832">
        <ele>413.0</ele>
      </trkpt>
      <trkpt lat="46.127309" lon="-91.318971">
        <ele>413.0</ele>
      </trkpt>
      <trkpt lat="46.127291" lon="-91.319059">
        <ele>414.0</ele>
      </trkpt>
      <trkpt lat="46.127269" lon="-91.319137">
        <ele>414.0</ele>
      </trkpt>
      <trkpt lat="46.127251" lon="-91.319222">
        <ele>414.0</ele>
      </trkpt>
      <trkpt lat="46.127228" lon="-91.319299">
        <ele>415.0</ele>
      </trkpt>
      <trkpt lat="46.127217" lon="-91.319394">
        <ele>415.0</ele>
      </trkpt>
      <trkpt lat="46.1272" lon="-91.319467">
        <ele>415.0</ele>
      </trkpt>
      <trkpt lat="46.12716" lon="-91.319603">
        <ele>416.0</ele>
      </trkpt>
      <trkpt lat="46.127143" lon="-91.319679">
        <ele>416.0</ele>
      </trkpt>
      <trkpt lat="46.127135" lon="-91.319762">
        <ele>416.0</ele>
      </trkpt>
      <trkpt lat="46.127132" lon="-91.319843">
        <ele>417.0</ele>
      </trkpt>
      <trkpt lat="46.127164" lon="-91.320009">
        <ele>417.0</ele>
      </trkpt>
      <trkpt lat="46.127183" lon="-91.320089">
        <ele>416.0</ele>
      </trkpt>
      <trkpt lat="46.127212" lon="-91.320259">
        <ele>415.0</ele>
      </trkpt>
      <trkpt lat="46.127229" lon="-91.320336">
        <ele>415.0</ele>
      </trkpt>
      <trkpt lat="46.127244" lon="-91.320429">
        <ele>415.0</ele>
      </trkpt>
      <trkpt lat="46.127261" lon="-91.320633">
        <ele>415.0</ele>
      </trkpt>
      <trkpt lat="46.127275" lon="-91.320936">
        <ele>417.0</ele>
      </trkpt>
      <trkpt lat="46.127265" lon="-91.321064">
        <ele>418.0</ele>
      </trkpt>
      <trkpt lat="46.127266" lon="-91.321123">
        <ele>419.0</ele>
      </trkpt>
      <trkpt lat="46.127271" lon="-91.321177">
        <ele>420.0</ele>
      </trkpt>
      <trkpt lat="46.127269" lon="-91.321229">
        <ele>420.0</ele>
      </trkpt>
      <trkpt lat="46.127274" lon="-91.321286">
        <ele>421.0</ele>
      </trkpt>
      <trkpt lat="46.127274" lon="-91.321341">
        <ele>422.0</ele>
      </trkpt>
      <trkpt lat="46.127281" lon="-91.321391">
        <ele>422.0</ele>
      </trkpt>
      <trkpt lat="46.127306" lon="-91.321498">
        <ele>424.0</ele>
      </trkpt>
      <trkpt lat="46.127338" lon="-91.321549">
        <ele>425.0</ele>
      </trkpt>
      <trkpt lat="46.127345" lon="-91.321597">
        <ele>425.0</ele>
      </trkpt>
      <trkpt lat="46.127368" lon="-91.321641">
        <ele>426.0</ele>
      </trkpt>
      <trkpt lat="46.127401" lon="-91.321681">
        <ele>426.0</ele>
      </trkpt>
      <trkpt lat="46.127421" lon="-91.321738">
        <ele>427.0</ele>
      </trkpt>
      <trkpt lat="46.127464" lon="-91.321735">
        <ele>428.0</ele>
      </trkpt>
      <trkpt lat="46.127512" lon="-91.321756">
        <ele>428.0</ele>
      </trkpt>
      <trkpt lat="46.12754" lon="-91.321773">
        <ele>429.0</ele>
      </trkpt>
      <trkpt lat="46.127578" lon="-91.321779">
        <ele>429.0</ele>
      </trkpt>
      <trkpt lat="46.127617" lon="-91.321751">
        <ele>429.0</ele>
      </trkpt>
      <trkpt lat="46.127689" lon="-91.321725">
        <ele>430.0</ele>
      </trkpt>
      <trkpt lat="46.127747" lon="-91.321691">
        <ele>430.0</ele>
      </trkpt>
      <trkpt lat="46.127767" lon="-91.321658">
        <ele>430.0</ele>
      </trkpt>
      <trkpt lat="46.127823" lon="-91.321605">
        <ele>430.0</ele>
      </trkpt>
      <trkpt lat="46.127868" lon="-91.321554">
        <ele>430.0</ele>
      </trkpt>
      <trkpt lat="46.127896" lon="-91.321496">
        <ele>430.0</ele>
      </trkpt>
      <trkpt lat="46.127925" lon="-91.321455">
        <ele>430.0</ele>
      </trkpt>
      <trkpt lat="46.127953" lon="-91.321433">
        <ele>430.0</ele>
      </trkpt>
      <trkpt lat="46.127994" lon="-91.321388">
        <ele>430.0</ele>
      </trkpt>
      <trkpt lat="46.128032" lon="-91.321332">
        <ele>430.0</ele>
      </trkpt>
      <trkpt lat="46.128052" lon="-91.321296">
        <ele>430.0</ele>
      </trkpt>
      <trkpt lat="46.128094" lon="-91.321248">
        <ele>430.0</ele>
      </trkpt>
      <trkpt lat="46.12819" lon="-91.321219">
        <ele>431.0</ele>
      </trkpt>
      <trkpt lat="46.128247" lon="-91.321234">
        <ele>431.0</ele>
      </trkpt>
      <trkpt lat="46.128313" lon="-91.321257">
        <ele>432.0</ele>
      </trkpt>
      <trkpt lat="46.128362" lon="-91.321288">
        <ele>432.0</ele>
      </trkpt>
      <trkpt lat="46.128395" lon="-91.321319">
        <ele>433.0</ele>
      </trkpt>
      <trkpt lat="46.128443" lon="-91.321342">
        <ele>433.0</ele>
      </trkpt>
      <trkpt lat="46.128535" lon="-91.321432">
        <ele>433.0</ele>
      </trkpt>
      <trkpt lat="46.128621" lon="-91.321497">
        <ele>434.0</ele>
      </trkpt>
      <trkpt lat="46.128666" lon="-91.321538">
        <ele>435.0</ele>
      </trkpt>
      <trkpt lat="46.128719" lon="-91.321617">
        <ele>435.0</ele>
      </trkpt>
      <trkpt lat="46.128854" lon="-91.321771">
        <ele>436.0</ele>
      </trkpt>
      <trkpt lat="46.128893" lon="-91.321809">
        <ele>436.0</ele>
      </trkpt>
      <trkpt lat="46.128922" lon="-91.321868">
        <ele>437.0</ele>
      </trkpt>
      <trkpt lat="46.128944" lon="-91.321941">
        <ele>437.0</ele>
      </trkpt>
      <trkpt lat="46.128993" lon="-91.322002">
        <ele>437.0</ele>
      </trkpt>
      <trkpt lat="46.129033" lon="-91.322062">
        <ele>437.0</ele>
      </trkpt>
      <trkpt lat="46.129069" lon="-91.322124">
        <ele>437.0</ele>
      </trkpt>
      <trkpt lat="46.129171" lon="-91.322344">
        <ele>437.0</ele>
      </trkpt>
      <trkpt lat="46.129243" lon="-91.322476">
        <ele>438.0</ele>
      </trkpt>
      <trkpt lat="46.129286" lon="-91.322542">
        <ele>439.0</ele>
      </trkpt>
      <trkpt lat="46.129304" lon="-91.322613">
        <ele>439.0</ele>
      </trkpt>
      <trkpt lat="46.129325" lon="-91.322669">
        <ele>439.0</ele>
      </trkpt>
      <trkpt lat="46.129352" lon="-91.322728">
        <ele>440.0</ele>
      </trkpt>
      <trkpt lat="46.129378" lon="-91.322754">
        <ele>440.0</ele>
      </trkpt>
      <trkpt lat="46.12941" lon="-91.322803">
        <ele>440.0</ele>
      </trkpt>
      <trkpt lat="46.129426" lon="-91.322876">
        <ele>440.0</ele>
      </trkpt>
      <trkpt lat="46.129452" lon="-91.322921">
        <ele>441.0</ele>
      </trkpt>
      <trkpt lat="46.129471" lon="-91.323002">
        <ele>440.0</ele>
      </trkpt>
      <trkpt lat="46.1295" lon="-91.323083">
        <ele>440.0</ele>
      </trkpt>
      <trkpt lat="46.129518" lon="-91.323155">
        <ele>440.0</ele>
      </trkpt>
      <trkpt lat="46.129543" lon="-91.323231">
        <ele>439.0</ele>
      </trkpt>
      <trkpt lat="46.129565" lon="-91.323263">
        <ele>439.0</ele>
      </trkpt>
      <trkpt lat="46.12959" lon="-91.32328">
        <ele>439.0</ele>
      </trkpt>
      <trkpt lat="46.129588" lon="-91.323295">
        <ele>439.0</ele>
      </trkpt>
      <trkpt lat="46.129578" lon="-91.323308">
        <ele>439.0</ele>
      </trkpt>
      <trkpt lat="46.129576" lon="-91.323322">
        <ele>439.0</ele>
      </trkpt>
      <trkpt lat="46.129565" lon="-91.323284">
        <ele>439.0</ele>
      </trkpt>
      <trkpt lat="46.129558" lon="-91.323279">
        <ele>439.0</ele>
      </trkpt>
      <trkpt lat="46.129561" lon="-91.323287">
        <ele>439.0</ele>
      </trkpt>
      <trkpt lat="46.129574" lon="-91.323301">
        <ele>439.0</ele>
      </trkpt>
      <trkpt lat="46.129604" lon="-91.323327">
        <ele>439.0</ele>
      </trkpt>
      <trkpt lat="46.129741" lon="-91.32336">
        <ele>440.0</ele>
      </trkpt>
      <trkpt lat="46.129903" lon="-91.323409">
        <ele>440.0</ele>
      </trkpt>
      <trkpt lat="46.129938" lon="-91.323417">
        <ele>439.0</ele>
      </trkpt>
      <trkpt lat="46.129967" lon="-91.323377">
        <ele>439.0</ele>
      </trkpt>
      <trkpt lat="46.130002" lon="-91.323338">
        <ele>439.0</ele>
      </trkpt>
      <trkpt lat="46.130186" lon="-91.323154">
        <ele>437.0</ele>
      </trkpt>
      <trkpt lat="46.130246" lon="-91.323101">
        <ele>437.0</ele>
      </trkpt>
      <trkpt lat="46.130306" lon="-91.323062">
        <ele>437.0</ele>
      </trkpt>
      <trkpt lat="46.130486" lon="-91.322923">
        <ele>437.0</ele>
      </trkpt>
      <trkpt lat="46.130679" lon="-91.322803">
        <ele>439.0</ele>
      </trkpt>
      <trkpt lat="46.130871" lon="-91.322677">
        <ele>441.0</ele>
      </trkpt>
      <trkpt lat="46.130927" lon="-91.322649">
        <ele>441.0</ele>
      </trkpt>
      <trkpt lat="46.131025" lon="-91.322586">
        <ele>442.0</ele>
      </trkpt>
      <trkpt lat="46.131088" lon="-91.322551">
        <ele>442.0</ele>
      </trkpt>
      <trkpt lat="46.131141" lon="-91.322512">
        <ele>443.0</ele>
      </trkpt>
      <trkpt lat="46.131188" lon="-91.322464">
        <ele>443.0</ele>
      </trkpt>
      <trkpt lat="46.131232" lon="-91.322408">
        <ele>444.0</ele>
      </trkpt>
      <trkpt lat="46.131319" lon="-91.322318">
        <ele>444.0</ele>
      </trkpt>
      <trkpt lat="46.131372" lon="-91.322274">
        <ele>444.0</ele>
      </trkpt>
      <trkpt lat="46.131836" lon="-91.321925">
        <ele>442.0</ele>
      </trkpt>
      <trkpt lat="46.131893" lon="-91.321877">
        <ele>441.0</ele>
      </trkpt>
      <trkpt lat="46.131942" lon="-91.321819">
        <ele>441.0</ele>
      </trkpt>
      <trkpt lat="46.131981" lon="-91.32174">
        <ele>441.0</ele>
      </trkpt>
      <trkpt lat="46.132048" lon="-91.321557">
        <ele>440.0</ele>
      </trkpt>
      <trkpt lat="46.132076" lon="-91.321458">
        <ele>440.0</ele>
      </trkpt>
      <trkpt lat="46.132113" lon="-91.321349">
        <ele>439.0</ele>
      </trkpt>
      <trkpt lat="46.13213" lon="-91.321235">
        <ele>440.0</ele>
      </trkpt>
      <trkpt lat="46.132173" lon="-91.321125">
        <ele>441.0</ele>
      </trkpt>
      <trkpt lat="46.132207" lon="-91.321022">
        <ele>442.0</ele>
      </trkpt>
      <trkpt lat="46.132249" lon="-91.320955">
        <ele>443.0</ele>
      </trkpt>
      <trkpt lat="46.1323" lon="-91.320885">
        <ele>444.0</ele>
      </trkpt>
      <trkpt lat="46.132504" lon="-91.320663">
        <ele>445.0</ele>
      </trkpt>
      <trkpt lat="46.132576" lon="-91.320548">
        <ele>446.0</ele>
      </trkpt>
      <trkpt lat="46.132596" lon="-91.320507">
        <ele>446.0</ele>
      </trkpt>
      <trkpt lat="46.13262" lon="-91.320452">
        <ele>446.0</ele>
      </trkpt>
      <trkpt lat="46.132654" lon="-91.320352">
        <ele>446.0</ele>
      </trkpt>
      <trkpt lat="46.132707" lon="-91.320229">
        <ele>446.0</ele>
      </trkpt>
      <trkpt lat="46.132747" lon="-91.320047">
        <ele>447.0</ele>
      </trkpt>
      <trkpt lat="46.13278" lon="-91.319841">
        <ele>446.0</ele>
      </trkpt>
      <trkpt lat="46.132808" lon="-91.319743">
        <ele>446.0</ele>
      </trkpt>
      <trkpt lat="46.132842" lon="-91.319641">
        <ele>446.0</ele>
      </trkpt>
      <trkpt lat="46.132888" lon="-91.319543">
        <ele>446.0</ele>
      </trkpt>
      <trkpt lat="46.132989" lon="-91.319348">
        <ele>446.0</ele>
      </trkpt>
      <trkpt lat="46.133026" lon="-91.319246">
        <ele>446.0</ele>
      </trkpt>
      <trkpt lat="46.133186" lon="-91.318988">
        <ele>446.0</ele>
      </trkpt>
      <trkpt lat="46.133236" lon="-91.318916">
        <ele>446.0</ele>
      </trkpt>
      <trkpt lat="46.133295" lon="-91.318857">
        <ele>446.0</ele>
      </trkpt>
      <trkpt lat="46.133356" lon="-91.31881">
        <ele>446.0</ele>
      </trkpt>
      <trkpt lat="46.133425" lon="-91.318771">
        <ele>445.0</ele>
      </trkpt>
      <trkpt lat="46.133597" lon="-91.318708">
        <ele>444.0</ele>
      </trkpt>
      <trkpt lat="46.133691" lon="-91.318691">
        <ele>444.0</ele>
      </trkpt>
      <trkpt lat="46.133785" lon="-91.318684">
        <ele>444.0</ele>
      </trkpt>
      <trkpt lat="46.133876" lon="-91.318668">
        <ele>444.0</ele>
      </trkpt>
      <trkpt lat="46.133963" lon="-91.318644">
        <ele>444.0</ele>
      </trkpt>
      <trkpt lat="46.13403" lon="-91.318598">
        <ele>444.0</ele>
      </trkpt>
      <trkpt lat="46.134087" lon="-91.318542">
        <ele>444.0</ele>
      </trkpt>
      <trkpt lat="46.134175" lon="-91.318428">
        <ele>443.0</ele>
      </trkpt>
      <trkpt lat="46.134219" lon="-91.318376">
        <ele>443.0</ele>
      </trkpt>
      <trkpt lat="46.13426" lon="-91.318336">
        <ele>443.0</ele>
      </trkpt>
      <trkpt lat="46.13431" lon="-91.318303">
        <ele>443.0</ele>
      </trkpt>
      <trkpt lat="46.134358" lon="-91.31825">
        <ele>443.0</ele>
      </trkpt>
      <trkpt lat="46.134395" lon="-91.318174">
        <ele>443.0</ele>
      </trkpt>
      <trkpt lat="46.134416" lon="-91.318105">
        <ele>443.0</ele>
      </trkpt>
      <trkpt lat="46.134419" lon="-91.318024">
        <ele>443.0</ele>
      </trkpt>
      <trkpt lat="46.134417" lon="-91.317944">
        <ele>442.0</ele>
      </trkpt>
      <trkpt lat="46.13441" lon="-91.317876">
        <ele>442.0</ele>
      </trkpt>
      <trkpt lat="46.134377" lon="-91.317737">
        <ele>441.0</ele>
      </trkpt>
      <trkpt lat="46.134388" lon="-91.317655">
        <ele>442.0</ele>
      </trkpt>
      <trkpt lat="46.134379" lon="-91.317569">
        <ele>441.0</ele>
      </trkpt>
      <trkpt lat="46.134373" lon="-91.317389">
        <ele>441.0</ele>
      </trkpt>
      <trkpt lat="46.134368" lon="-91.317083">
        <ele>440.0</ele>
      </trkpt>
      <trkpt lat="46.134371" lon="-91.31698">
        <ele>440.0</ele>
      </trkpt>
      <trkpt lat="46.134379" lon="-91.316891">
        <ele>439.0</ele>
      </trkpt>
      <trkpt lat="46.134397" lon="-91.316796">
        <ele>440.0</ele>
      </trkpt>
      <trkpt lat="46.134406" lon="-91.316701">
        <ele>439.0</ele>
      </trkpt>
      <trkpt lat="46.13442" lon="-91.316598">
        <ele>439.0</ele>
      </trkpt>
      <trkpt lat="46.134415" lon="-91.31649">
        <ele>439.0</ele>
      </trkpt>
      <trkpt lat="46.134443" lon="-91.316297">
        <ele>439.0</ele>
      </trkpt>
      <trkpt lat="46.134516" lon="-91.315666">
        <ele>441.0</ele>
      </trkpt>
      <trkpt lat="46.134539" lon="-91.315584">
        <ele>442.0</ele>
      </trkpt>
      <trkpt lat="46.134576" lon="-91.315493">
        <ele>442.0</ele>
      </trkpt>
      <trkpt lat="46.134678" lon="-91.31532">
        <ele>444.0</ele>
      </trkpt>
      <trkpt lat="46.134735" lon="-91.315239">
        <ele>445.0</ele>
      </trkpt>
      <trkpt lat="46.134794" lon="-91.315171">
        <ele>446.0</ele>
      </trkpt>
      <trkpt lat="46.134852" lon="-91.315115">
        <ele>447.0</ele>
      </trkpt>
      <trkpt lat="46.134915" lon="-91.315064">
        <ele>447.0</ele>
      </trkpt>
      <trkpt lat="46.135036" lon="-91.314951">
        <ele>449.0</ele>
      </trkpt>
      <trkpt lat="46.135102" lon="-91.314896">
        <ele>449.0</ele>
      </trkpt>
      <trkpt lat="46.13524" lon="-91.314768">
        <ele>451.0</ele>
      </trkpt>
      <trkpt lat="46.135309" lon="-91.314715">
        <ele>452.0</ele>
      </trkpt>
      <trkpt lat="46.135392" lon="-91.314662">
        <ele>452.0</ele>
      </trkpt>
      <trkpt lat="46.135534" lon="-91.314537">
        <ele>452.0</ele>
      </trkpt>
      <trkpt lat="46.135602" lon="-91.314485">
        <ele>452.0</ele>
      </trkpt>
      <trkpt lat="46.135816" lon="-91.314301">
        <ele>453.0</ele>
      </trkpt>
      <trkpt lat="46.135898" lon="-91.314245">
        <ele>453.0</ele>
      </trkpt>
      <trkpt lat="46.135986" lon="-91.314196">
        <ele>453.0</ele>
      </trkpt>
      <trkpt lat="46.136065" lon="-91.31416">
        <ele>453.0</ele>
      </trkpt>
      <trkpt lat="46.136153" lon="-91.314125">
        <ele>453.0</ele>
      </trkpt>
      <trkpt lat="46.136233" lon="-91.314106">
        <ele>453.0</ele>
      </trkpt>
      <trkpt lat="46.136319" lon="-91.314078">
        <ele>452.0</ele>
      </trkpt>
      <trkpt lat="46.13641" lon="-91.314041">
        <ele>452.0</ele>
      </trkpt>
      <trkpt lat="46.136597" lon="-91.313983">
        <ele>451.0</ele>
      </trkpt>
      <trkpt lat="46.136688" lon="-91.313944">
        <ele>451.0</ele>
      </trkpt>
      <trkpt lat="46.136769" lon="-91.31387">
        <ele>451.0</ele>
      </trkpt>
      <trkpt lat="46.136845" lon="-91.313795">
        <ele>451.0</ele>
      </trkpt>
      <trkpt lat="46.136911" lon="-91.313698">
        <ele>451.0</ele>
      </trkpt>
      <trkpt lat="46.136966" lon="-91.3136">
        <ele>452.0</ele>
      </trkpt>
      <trkpt lat="46.137008" lon="-91.313499">
        <ele>452.0</ele>
      </trkpt>
      <trkpt lat="46.137063" lon="-91.313314">
        <ele>453.0</ele>
      </trkpt>
      <trkpt lat="46.137087" lon="-91.313254">
        <ele>453.0</ele>
      </trkpt>
      <trkpt lat="46.137107" lon="-91.313215">
        <ele>454.0</ele>
      </trkpt>
      <trkpt lat="46.137121" lon="-91.313176">
        <ele>454.0</ele>
      </trkpt>
      <trkpt lat="46.137124" lon="-91.313152">
        <ele>454.0</ele>
      </trkpt>
      <trkpt lat="46.137113" lon="-91.313024">
        <ele>454.0</ele>
      </trkpt>
      <trkpt lat="46.137084" lon="-91.312957">
        <ele>455.0</ele>
      </trkpt>
      <trkpt lat="46.137053" lon="-91.312897">
        <ele>455.0</ele>
      </trkpt>
      <trkpt lat="46.137022" lon="-91.312814">
        <ele>455.0</ele>
      </trkpt>
      <trkpt lat="46.136984" lon="-91.312731">
        <ele>455.0</ele>
      </trkpt>
      <trkpt lat="46.136909" lon="-91.312549">
        <ele>453.0</ele>
      </trkpt>
      <trkpt lat="46.136849" lon="-91.312324">
        <ele>451.0</ele>
      </trkpt>
      <trkpt lat="46.136795" lon="-91.312072">
        <ele>449.0</ele>
      </trkpt>
      <trkpt lat="46.136661" lon="-91.311508">
        <ele>448.0</ele>
      </trkpt>
      <trkpt lat="46.136571" lon="-91.311232">
        <ele>448.0</ele>
      </trkpt>
      <trkpt lat="46.136466" lon="-91.310966">
        <ele>448.0</ele>
      </trkpt>
      <trkpt lat="46.136346" lon="-91.310716">
        <ele>449.0</ele>
      </trkpt>
      <trkpt lat="46.136205" lon="-91.310483">
        <ele>449.0</ele>
      </trkpt>
      <trkpt lat="46.136123" lon="-91.310379">
        <ele>449.0</ele>
      </trkpt>
      <trkpt lat="46.135905" lon="-91.310046">
        <ele>448.0</ele>
      </trkpt>
      <trkpt lat="46.13576" lon="-91.309835">
        <ele>448.0</ele>
      </trkpt>
      <trkpt lat="46.135696" lon="-91.309733">
        <ele>449.0</ele>
      </trkpt>
      <trkpt lat="46.135627" lon="-91.309635">
        <ele>450.0</ele>
      </trkpt>
      <trkpt lat="46.135568" lon="-91.309539">
        <ele>452.0</ele>
      </trkpt>
      <trkpt lat="46.135339" lon="-91.309188">
        <ele>457.0</ele>
      </trkpt>
      <trkpt lat="46.135276" lon="-91.309106">
        <ele>458.0</ele>
      </trkpt>
      <trkpt lat="46.135039" lon="-91.308754">
        <ele>460.0</ele>
      </trkpt>
      <trkpt lat="46.134753" lon="-91.308342">
        <ele>458.0</ele>
      </trkpt>
      <trkpt lat="46.134676" lon="-91.30822">
        <ele>457.0</ele>
      </trkpt>
      <trkpt lat="46.134588" lon="-91.308096">
        <ele>457.0</ele>
      </trkpt>
      <trkpt lat="46.134505" lon="-91.307972">
        <ele>457.0</ele>
      </trkpt>
      <trkpt lat="46.134425" lon="-91.307843">
        <ele>456.0</ele>
      </trkpt>
      <trkpt lat="46.134333" lon="-91.307717">
        <ele>456.0</ele>
      </trkpt>
      <trkpt lat="46.134174" lon="-91.307446">
        <ele>455.0</ele>
      </trkpt>
      <trkpt lat="46.134097" lon="-91.307304">
        <ele>455.0</ele>
      </trkpt>
      <trkpt lat="46.133883" lon="-91.306884">
        <ele>455.0</ele>
      </trkpt>
      <trkpt lat="46.133708" lon="-91.306454">
        <ele>456.0</ele>
      </trkpt>
      <trkpt lat="46.133662" lon="-91.306308">
        <ele>456.0</ele>
      </trkpt>
      <trkpt lat="46.133619" lon="-91.306154">
        <ele>455.0</ele>
      </trkpt>
      <trkpt lat="46.133583" lon="-91.305989">
        <ele>455.0</ele>
      </trkpt>
      <trkpt lat="46.133471" lon="-91.305303">
        <ele>453.0</ele>
      </trkpt>
      <trkpt lat="46.133407" lon="-91.304953">
        <ele>453.0</ele>
      </trkpt>
      <trkpt lat="46.133327" lon="-91.304553">
        <ele>452.0</ele>
      </trkpt>
      <trkpt lat="46.133254" lon="-91.30425">
        <ele>452.0</ele>
      </trkpt>
      <trkpt lat="46.133199" lon="-91.304097">
        <ele>451.0</ele>
      </trkpt>
      <trkpt lat="46.133148" lon="-91.303935">
        <ele>452.0</ele>
      </trkpt>
      <trkpt lat="46.132815" lon="-91.302946">
        <ele>454.0</ele>
      </trkpt>
      <trkpt lat="46.132712" lon="-91.302615">
        <ele>456.0</ele>
      </trkpt>
      <trkpt lat="46.132664" lon="-91.302449">
        <ele>456.0</ele>
      </trkpt>
      <trkpt lat="46.132619" lon="-91.302281">
        <ele>457.0</ele>
      </trkpt>
      <trkpt lat="46.132578" lon="-91.302105">
        <ele>456.0</ele>
      </trkpt>
      <trkpt lat="46.132506" lon="-91.301771">
        <ele>455.0</ele>
      </trkpt>
      <trkpt lat="46.132453" lon="-91.301478">
        <ele>455.0</ele>
      </trkpt>
      <trkpt lat="46.132356" lon="-91.301012">
        <ele>457.0</ele>
      </trkpt>
      <trkpt lat="46.13233" lon="-91.300862">
        <ele>458.0</ele>
      </trkpt>
      <trkpt lat="46.132318" lon="-91.300816">
        <ele>458.0</ele>
      </trkpt>
      <trkpt lat="46.132324" lon="-91.300826">
        <ele>458.0</ele>
      </trkpt>
      <trkpt lat="46.13233" lon="-91.300828">
        <ele>458.0</ele>
      </trkpt>
      <trkpt lat="46.132335" lon="-91.300821">
        <ele>458.0</ele>
      </trkpt>
      <trkpt lat="46.132343" lon="-91.30082">
        <ele>458.0</ele>
      </trkpt>
      <trkpt lat="46.132346" lon="-91.300824">
        <ele>458.0</ele>
      </trkpt>
      <trkpt lat="46.13235" lon="-91.300823">
        <ele>458.0</ele>
      </trkpt>
      <trkpt lat="46.132327" lon="-91.300723">
        <ele>458.0</ele>
      </trkpt>
      <trkpt lat="46.132294" lon="-91.300517">
        <ele>458.0</ele>
      </trkpt>
      <trkpt lat="46.132272" lon="-91.300404">
        <ele>458.0</ele>
      </trkpt>
      <trkpt lat="46.132179" lon="-91.299965">
        <ele>460.0</ele>
      </trkpt>
      <trkpt lat="46.132037" lon="-91.299358">
        <ele>462.0</ele>
      </trkpt>
      <trkpt lat="46.132034" lon="-91.299329">
        <ele>462.0</ele>
      </trkpt>
      <trkpt lat="46.132036" lon="-91.299145">
        <ele>462.0</ele>
      </trkpt>
      <trkpt lat="46.132015" lon="-91.299058">
        <ele>462.0</ele>
      </trkpt>
      <trkpt lat="46.131988" lon="-91.298974">
        <ele>462.0</ele>
      </trkpt>
      <trkpt lat="46.13196" lon="-91.298865">
        <ele>461.0</ele>
      </trkpt>
      <trkpt lat="46.131829" lon="-91.29825">
        <ele>464.0</ele>
      </trkpt>
      <trkpt lat="46.13181" lon="-91.29812">
        <ele>464.0</ele>
      </trkpt>
      <trkpt lat="46.131779" lon="-91.29785">
        <ele>466.0</ele>
      </trkpt>
      <trkpt lat="46.131764" lon="-91.297708">
        <ele>466.0</ele>
      </trkpt>
      <trkpt lat="46.131754" lon="-91.297566">
        <ele>466.0</ele>
      </trkpt>
      <trkpt lat="46.131761" lon="-91.297279">
        <ele>467.0</ele>
      </trkpt>
      <trkpt lat="46.131775" lon="-91.297135">
        <ele>467.0</ele>
      </trkpt>
      <trkpt lat="46.131795" lon="-91.296989">
        <ele>468.0</ele>
      </trkpt>
      <trkpt lat="46.13185" lon="-91.296699">
        <ele>468.0</ele>
      </trkpt>
      <trkpt lat="46.131917" lon="-91.296411">
        <ele>468.0</ele>
      </trkpt>
      <trkpt lat="46.131994" lon="-91.296119">
        <ele>469.0</ele>
      </trkpt>
      <trkpt lat="46.132117" lon="-91.29569">
        <ele>469.0</ele>
      </trkpt>
      <trkpt lat="46.132187" lon="-91.295393">
        <ele>470.0</ele>
      </trkpt>
      <trkpt lat="46.132209" lon="-91.29525">
        <ele>470.0</ele>
      </trkpt>
      <trkpt lat="46.13224" lon="-91.294953">
        <ele>470.0</ele>
      </trkpt>
      <trkpt lat="46.132262" lon="-91.294655">
        <ele>469.0</ele>
      </trkpt>
      <trkpt lat="46.132298" lon="-91.294367">
        <ele>469.0</ele>
      </trkpt>
      <trkpt lat="46.132324" lon="-91.294229">
        <ele>469.0</ele>
      </trkpt>
      <trkpt lat="46.132355" lon="-91.294094">
        <ele>469.0</ele>
      </trkpt>
      <trkpt lat="46.132585" lon="-91.293475">
        <ele>470.0</ele>
      </trkpt>
      <trkpt lat="46.132675" lon="-91.293202">
        <ele>469.0</ele>
      </trkpt>
      <trkpt lat="46.132757" lon="-91.292922">
        <ele>468.0</ele>
      </trkpt>
      <trkpt lat="46.132832" lon="-91.292635">
        <ele>467.0</ele>
      </trkpt>
      <trkpt lat="46.132887" lon="-91.292354">
        <ele>469.0</ele>
      </trkpt>
      <trkpt lat="46.132926" lon="-91.292083">
        <ele>471.0</ele>
      </trkpt>
      <trkpt lat="46.132985" lon="-91.291711">
        <ele>472.0</ele>
      </trkpt>
      <trkpt lat="46.132996" lon="-91.291597">
        <ele>472.0</ele>
      </trkpt>
      <trkpt lat="46.132997" lon="-91.291377">
        <ele>472.0</ele>
      </trkpt>
      <trkpt lat="46.132991" lon="-91.291276">
        <ele>472.0</ele>
      </trkpt>
      <trkpt lat="46.132974" lon="-91.2908">
        <ele>473.0</ele>
      </trkpt>
      <trkpt lat="46.132957" lon="-91.290532">
        <ele>472.0</ele>
      </trkpt>
      <trkpt lat="46.132943" lon="-91.290376">
        <ele>471.0</ele>
      </trkpt>
      <trkpt lat="46.132897" lon="-91.290127">
        <ele>471.0</ele>
      </trkpt>
      <trkpt lat="46.132872" lon="-91.290046">
        <ele>470.0</ele>
      </trkpt>
      <trkpt lat="46.132834" lon="-91.289963">
        <ele>470.0</ele>
      </trkpt>
      <trkpt lat="46.132784" lon="-91.289881">
        <ele>470.0</ele>
      </trkpt>
      <trkpt lat="46.13274" lon="-91.2898">
        <ele>470.0</ele>
      </trkpt>
      <trkpt lat="46.132632" lon="-91.289642">
        <ele>470.0</ele>
      </trkpt>
      <trkpt lat="46.13237" lon="-91.289326">
        <ele>470.0</ele>
      </trkpt>
      <trkpt lat="46.132187" lon="-91.289061">
        <ele>471.0</ele>
      </trkpt>
      <trkpt lat="46.132129" lon="-91.288971">
        <ele>470.0</ele>
      </trkpt>
      <trkpt lat="46.132058" lon="-91.288888">
        <ele>470.0</ele>
      </trkpt>
      <trkpt lat="46.132001" lon="-91.288801">
        <ele>470.0</ele>
      </trkpt>
      <trkpt lat="46.131959" lon="-91.288716">
        <ele>470.0</ele>
      </trkpt>
      <trkpt lat="46.131921" lon="-91.288627">
        <ele>470.0</ele>
      </trkpt>
      <trkpt lat="46.131879" lon="-91.288492">
        <ele>470.0</ele>
      </trkpt>
      <trkpt lat="46.13187" lon="-91.288453">
        <ele>470.0</ele>
      </trkpt>
      <trkpt lat="46.131866" lon="-91.288423">
        <ele>470.0</ele>
      </trkpt>
      <trkpt lat="46.131866" lon="-91.288389">
        <ele>470.0</ele>
      </trkpt>
      <trkpt lat="46.131875" lon="-91.288307">
        <ele>470.0</ele>
      </trkpt>
      <trkpt lat="46.131874" lon="-91.288295">
        <ele>470.0</ele>
      </trkpt>
      <trkpt lat="46.131869" lon="-91.288307">
        <ele>470.0</ele>
      </trkpt>
      <trkpt lat="46.131854" lon="-91.288284">
        <ele>469.0</ele>
      </trkpt>
      <trkpt lat="46.131848" lon="-91.288209">
        <ele>469.0</ele>
      </trkpt>
      <trkpt lat="46.131835" lon="-91.288132">
        <ele>469.0</ele>
      </trkpt>
      <trkpt lat="46.131818" lon="-91.287907">
        <ele>468.0</ele>
      </trkpt>
      <trkpt lat="46.131802" lon="-91.287602">
        <ele>467.0</ele>
      </trkpt>
      <trkpt lat="46.131747" lon="-91.287243">
        <ele>467.0</ele>
      </trkpt>
      <trkpt lat="46.131628" lon="-91.286561">
        <ele>466.0</ele>
      </trkpt>
      <trkpt lat="46.131588" lon="-91.286272">
        <ele>465.0</ele>
      </trkpt>
      <trkpt lat="46.131579" lon="-91.286126">
        <ele>465.0</ele>
      </trkpt>
      <trkpt lat="46.131568" lon="-91.285833">
        <ele>464.0</ele>
      </trkpt>
      <trkpt lat="46.131574" lon="-91.285691">
        <ele>464.0</ele>
      </trkpt>
      <trkpt lat="46.131604" lon="-91.285412">
        <ele>464.0</ele>
      </trkpt>
      <trkpt lat="46.131626" lon="-91.285277">
        <ele>465.0</ele>
      </trkpt>
      <trkpt lat="46.131658" lon="-91.285144">
        <ele>465.0</ele>
      </trkpt>
      <trkpt lat="46.131742" lon="-91.284884">
        <ele>465.0</ele>
      </trkpt>
      <trkpt lat="46.131782" lon="-91.28475">
        <ele>465.0</ele>
      </trkpt>
      <trkpt lat="46.131813" lon="-91.284616">
        <ele>464.0</ele>
      </trkpt>
      <trkpt lat="46.131824" lon="-91.284477">
        <ele>464.0</ele>
      </trkpt>
      <trkpt lat="46.131823" lon="-91.284449">
        <ele>464.3</ele>
      </trkpt>
      <trkpt lat="46.13177" lon="-91.28444">
        <ele>464.3</ele>
      </trkpt>
      <trkpt lat="46.13181" lon="-91.28402">
        <ele>463.5</ele>
      </trkpt>
      <trkpt lat="46.13181" lon="-91.28402">
        <ele>463.5</ele>
      </trkpt>
      <trkpt lat="46.13211" lon="-91.28412">
        <ele>461.4</ele>
      </trkpt>
      <trkpt lat="46.13237" lon="-91.28458">
        <ele>461.8</ele>
      </trkpt>
      <trkpt lat="46.1326" lon="-91.28498">
        <ele>462.1</ele>
      </trkpt>
      <trkpt lat="46.133" lon="-91.28569">
        <ele>461.1</ele>
      </trkpt>
      <trkpt lat="46.13308" lon="-91.28574">
        <ele>461.0</ele>
      </trkpt>
      <trkpt lat="46.13341" lon="-91.28594">
        <ele>461.4</ele>
      </trkpt>
      <trkpt lat="46.13364" lon="-91.28608">
        <ele>462.2</ele>
      </trkpt>
      <trkpt lat="46.13385" lon="-91.28631">
        <ele>463.6</ele>
      </trkpt>
      <trkpt lat="46.13414" lon="-91.28702">
        <ele>462.8</ele>
      </trkpt>
      <trkpt lat="46.13417" lon="-91.2871">
        <ele>462.7</ele>
      </trkpt>
      <trkpt lat="46.13444" lon="-91.28727">
        <ele>463.2</ele>
      </trkpt>
      <trkpt lat="46.13454" lon="-91.28733">
        <ele>463.5</ele>
      </trkpt>
      <trkpt lat="46.13479" lon="-91.28734">
        <ele>463.1</ele>
      </trkpt>
      <trkpt lat="46.13518" lon="-91.28736">
        <ele>462.9</ele>
      </trkpt>
      <trkpt lat="46.13533" lon="-91.28733">
        <ele>462.8</ele>
      </trkpt>
      <trkpt lat="46.13569" lon="-91.28728">
        <ele>459.0</ele>
      </trkpt>
      <trkpt lat="46.13605" lon="-91.28722">
        <ele>458.0</ele>
      </trkpt>
      <trkpt lat="46.13604" lon="-91.28724">
        <ele>457.7</ele>
      </trkpt>
      <trkpt lat="46.13636" lon="-91.28753">
        <ele>456.8</ele>
      </trkpt>
      <trkpt lat="46.13665" lon="-91.28811">
        <ele>454.2</ele>
      </trkpt>
      <trkpt lat="46.13694" lon="-91.28868">
        <ele>450.7</ele>
      </trkpt>
      <trkpt lat="46.13739" lon="-91.28936">
        <ele>449.2</ele>
      </trkpt>
      <trkpt lat="46.13785" lon="-91.29003">
        <ele>450.3</ele>
      </trkpt>
      <trkpt lat="46.1384" lon="-91.29038">
        <ele>446.7</ele>
      </trkpt>
      <trkpt lat="46.13861" lon="-91.29054">
        <ele>446.3</ele>
      </trkpt>
      <trkpt lat="46.13873" lon="-91.29056">
        <ele>447.7</ele>
      </trkpt>
      <trkpt lat="46.13884" lon="-91.29052">
        <ele>448.4</ele>
      </trkpt>
      <trkpt lat="46.1389" lon="-91.29047">
        <ele>448.4</ele>
      </trkpt>
      <trkpt lat="46.13913" lon="-91.2902">
        <ele>446.3</ele>
      </trkpt>
      <trkpt lat="46.13913" lon="-91.2902">
        <ele>446.3</ele>
      </trkpt>
      <trkpt lat="46.13941" lon="-91.28978">
        <ele>446.3</ele>
      </trkpt>
      <trkpt lat="46.1395" lon="-91.28969">
        <ele>446.9</ele>
      </trkpt>
      <trkpt lat="46.13978" lon="-91.28957">
        <ele>447.9</ele>
      </trkpt>
      <trkpt lat="46.14027" lon="-91.28949">
        <ele>449.6</ele>
      </trkpt>
      <trkpt lat="46.14071" lon="-91.28935">
        <ele>451.8</ele>
      </trkpt>
      <trkpt lat="46.14085" lon="-91.28927">
        <ele>451.7</ele>
      </trkpt>
      <trkpt lat="46.14105" lon="-91.28903">
        <ele>448.5</ele>
      </trkpt>
      <trkpt lat="46.141032" lon="-91.289001">
        <ele>447.7</ele>
      </trkpt>
      <trkpt lat="46.14105" lon="-91.28903">
        <ele>448.5</ele>
      </trkpt>
      <trkpt lat="46.14122" lon="-91.28884">
        <ele>452.2</ele>
      </trkpt>
      <trkpt lat="46.141" lon="-91.28819">
        <ele>455.2</ele>
      </trkpt>
      <trkpt lat="46.14084" lon="-91.28784">
        <ele>452.9</ele>
      </trkpt>
      <trkpt lat="46.14092" lon="-91.28732">
        <ele>453.0</ele>
      </trkpt>
      <trkpt lat="46.1412" lon="-91.2869">
        <ele>453.6</ele>
      </trkpt>
      <trkpt lat="46.14152" lon="-91.28653">
        <ele>455.7</ele>
      </trkpt>
      <trkpt lat="46.14185" lon="-91.28586">
        <ele>457.5</ele>
      </trkpt>
      <trkpt lat="46.14209" lon="-91.2847">
        <ele>461.9</ele>
      </trkpt>
      <trkpt lat="46.14209" lon="-91.2847">
        <ele>461.9</ele>
      </trkpt>
      <trkpt lat="46.14231" lon="-91.2839">
        <ele>461.0</ele>
      </trkpt>
      <trkpt lat="46.14252" lon="-91.28311">
        <ele>462.3</ele>
      </trkpt>
      <trkpt lat="46.14256" lon="-91.28237">
        <ele>465.6</ele>
      </trkpt>
      <trkpt lat="46.1426" lon="-91.28163">
        <ele>464.5</ele>
      </trkpt>
      <trkpt lat="46.1429" lon="-91.28044">
        <ele>465.8</ele>
      </trkpt>
      <trkpt lat="46.142902" lon="-91.280443">
        <ele>465.8</ele>
      </trkpt>
      <trkpt lat="46.143267" lon="-91.280673">
        <ele>471.6</ele>
      </trkpt>
      <trkpt lat="46.143282" lon="-91.280682">
        <ele>471.0</ele>
      </trkpt>
      <trkpt lat="46.143384" lon="-91.280762">
        <ele>473.0</ele>
      </trkpt>
      <trkpt lat="46.143496" lon="-91.280835">
        <ele>475.0</ele>
      </trkpt>
      <trkpt lat="46.14352" lon="-91.280854">
        <ele>476.0</ele>
      </trkpt>
      <trkpt lat="46.143582" lon="-91.28089">
        <ele>477.0</ele>
      </trkpt>
      <trkpt lat="46.143596" lon="-91.280897">
        <ele>477.0</ele>
      </trkpt>
      <trkpt lat="46.143598" lon="-91.280895">
        <ele>477.0</ele>
      </trkpt>
      <trkpt lat="46.143683" lon="-91.280951">
        <ele>479.0</ele>
      </trkpt>
      <trkpt lat="46.143696" lon="-91.280968">
        <ele>479.0</ele>
      </trkpt>
      <trkpt lat="46.143769" lon="-91.281038">
        <ele>481.0</ele>
      </trkpt>
      <trkpt lat="46.143852" lon="-91.281075">
        <ele>482.0</ele>
      </trkpt>
      <trkpt lat="46.143881" lon="-91.281082">
        <ele>483.0</ele>
      </trkpt>
      <trkpt lat="46.143891" lon="-91.281081">
        <ele>483.0</ele>
      </trkpt>
      <trkpt lat="46.143926" lon="-91.281091">
        <ele>483.0</ele>
      </trkpt>
      <trkpt lat="46.144001" lon="-91.281128">
        <ele>484.0</ele>
      </trkpt>
      <trkpt lat="46.144144" lon="-91.281249">
        <ele>487.0</ele>
      </trkpt>
      <trkpt lat="46.144185" lon="-91.281273">
        <ele>488.0</ele>
      </trkpt>
      <trkpt lat="46.144241" lon="-91.281299">
        <ele>488.0</ele>
      </trkpt>
      <trkpt lat="46.144307" lon="-91.281337">
        <ele>489.0</ele>
      </trkpt>
      <trkpt lat="46.144371" lon="-91.28138">
        <ele>490.0</ele>
      </trkpt>
      <trkpt lat="46.14448" lon="-91.281472">
        <ele>491.0</ele>
      </trkpt>
      <trkpt lat="46.144525" lon="-91.281503">
        <ele>491.0</ele>
      </trkpt>
      <trkpt lat="46.14458" lon="-91.281553">
        <ele>491.0</ele>
      </trkpt>
      <trkpt lat="46.144644" lon="-91.281594">
        <ele>491.0</ele>
      </trkpt>
      <trkpt lat="46.144714" lon="-91.281645">
        <ele>492.0</ele>
      </trkpt>
      <trkpt lat="46.14474" lon="-91.281671">
        <ele>492.0</ele>
      </trkpt>
      <trkpt lat="46.144826" lon="-91.281731">
        <ele>493.0</ele>
      </trkpt>
      <trkpt lat="46.144856" lon="-91.28174">
        <ele>493.0</ele>
      </trkpt>
      <trkpt lat="46.144866" lon="-91.281738">
        <ele>493.0</ele>
      </trkpt>
      <trkpt lat="46.144898" lon="-91.281752">
        <ele>493.0</ele>
      </trkpt>
      <trkpt lat="46.144936" lon="-91.281779">
        <ele>494.0</ele>
      </trkpt>
      <trkpt lat="46.144965" lon="-91.281787">
        <ele>494.0</ele>
      </trkpt>
      <trkpt lat="46.145012" lon="-91.281822">
        <ele>494.0</ele>
      </trkpt>
      <trkpt lat="46.145066" lon="-91.281874">
        <ele>495.0</ele>
      </trkpt>
      <trkpt lat="46.145094" lon="-91.281891">
        <ele>495.0</ele>
      </trkpt>
      <trkpt lat="46.145121" lon="-91.281902">
        <ele>495.0</ele>
      </trkpt>
      <trkpt lat="46.145146" lon="-91.281921">
        <ele>496.0</ele>
      </trkpt>
      <trkpt lat="46.145171" lon="-91.281948">
        <ele>496.0</ele>
      </trkpt>
      <trkpt lat="46.145262" lon="-91.282003">
        <ele>497.0</ele>
      </trkpt>
      <trkpt lat="46.145294" lon="-91.282019">
        <ele>497.0</ele>
      </trkpt>
      <trkpt lat="46.145321" lon="-91.28204">
        <ele>498.0</ele>
      </trkpt>
      <trkpt lat="46.145354" lon="-91.282059">
        <ele>498.0</ele>
      </trkpt>
      <trkpt lat="46.14538" lon="-91.282083">
        <ele>498.0</ele>
      </trkpt>
      <trkpt lat="46.145412" lon="-91.282093">
        <ele>499.0</ele>
      </trkpt>
      <trkpt lat="46.145439" lon="-91.282111">
        <ele>499.0</ele>
      </trkpt>
      <trkpt lat="46.145473" lon="-91.282127">
        <ele>499.0</ele>
      </trkpt>
      <trkpt lat="46.145504" lon="-91.282154">
        <ele>500.0</ele>
      </trkpt>
      <trkpt lat="46.145534" lon="-91.28217">
        <ele>500.0</ele>
      </trkpt>
      <trkpt lat="46.145568" lon="-91.282199">
        <ele>500.0</ele>
      </trkpt>
      <trkpt lat="46.145602" lon="-91.282216">
        <ele>501.0</ele>
      </trkpt>
      <trkpt lat="46.145639" lon="-91.282243">
        <ele>501.0</ele>
      </trkpt>
      <trkpt lat="46.145668" lon="-91.282254">
        <ele>501.0</ele>
      </trkpt>
      <trkpt lat="46.145714" lon="-91.282286">
        <ele>502.0</ele>
      </trkpt>
      <trkpt lat="46.145741" lon="-91.282295">
        <ele>502.0</ele>
      </trkpt>
      <trkpt lat="46.145822" lon="-91.28235">
        <ele>503.0</ele>
      </trkpt>
      <trkpt lat="46.145877" lon="-91.282392">
        <ele>504.0</ele>
      </trkpt>
      <trkpt lat="46.145959" lon="-91.282473">
        <ele>506.0</ele>
      </trkpt>
      <trkpt lat="46.146014" lon="-91.282506">
        <ele>507.0</ele>
      </trkpt>
      <trkpt lat="46.146065" lon="-91.282546">
        <ele>507.0</ele>
      </trkpt>
      <trkpt lat="46.146113" lon="-91.282564">
        <ele>508.0</ele>
      </trkpt>
      <trkpt lat="46.146136" lon="-91.282585">
        <ele>509.0</ele>
      </trkpt>
      <trkpt lat="46.146165" lon="-91.282597">
        <ele>509.0</ele>
      </trkpt>
      <trkpt lat="46.146173" lon="-91.282605">
        <ele>510.0</ele>
      </trkpt>
      <trkpt lat="46.146186" lon="-91.282604">
        <ele>510.0</ele>
      </trkpt>
      <trkpt lat="46.146234" lon="-91.282642">
        <ele>511.0</ele>
      </trkpt>
      <trkpt lat="46.146308" lon="-91.282694">
        <ele>513.0</ele>
      </trkpt>
      <trkpt lat="46.146362" lon="-91.282748">
        <ele>514.0</ele>
      </trkpt>
      <trkpt lat="46.146404" lon="-91.282762">
        <ele>515.0</ele>
      </trkpt>
      <trkpt lat="46.14644" lon="-91.282786">
        <ele>516.0</ele>
      </trkpt>
      <trkpt lat="46.146451" lon="-91.282795">
        <ele>516.0</ele>
      </trkpt>
      <trkpt lat="46.146471" lon="-91.282823">
        <ele>516.0</ele>
      </trkpt>
      <trkpt lat="46.14651" lon="-91.282856">
        <ele>517.0</ele>
      </trkpt>
      <trkpt lat="46.146533" lon="-91.282871">
        <ele>517.0</ele>
      </trkpt>
      <trkpt lat="46.146555" lon="-91.28287">
        <ele>517.0</ele>
      </trkpt>
      <trkpt lat="46.146566" lon="-91.282877">
        <ele>518.0</ele>
      </trkpt>
      <trkpt lat="46.146714" lon="-91.283001">
        <ele>519.0</ele>
      </trkpt>
      <trkpt lat="46.146775" lon="-91.283037">
        <ele>519.0</ele>
      </trkpt>
      <trkpt lat="46.146808" lon="-91.283063">
        <ele>519.0</ele>
      </trkpt>
      <trkpt lat="46.146838" lon="-91.28308">
        <ele>519.0</ele>
      </trkpt>
      <trkpt lat="46.146879" lon="-91.283109">
        <ele>519.0</ele>
      </trkpt>
      <trkpt lat="46.146888" lon="-91.283124">
        <ele>519.0</ele>
      </trkpt>
      <trkpt lat="46.146927" lon="-91.283164">
        <ele>519.0</ele>
      </trkpt>
      <trkpt lat="46.147005" lon="-91.28321">
        <ele>519.0</ele>
      </trkpt>
      <trkpt lat="46.147061" lon="-91.283263">
        <ele>520.0</ele>
      </trkpt>
      <trkpt lat="46.147103" lon="-91.283294">
        <ele>520.0</ele>
      </trkpt>
      <trkpt lat="46.147196" lon="-91.283377">
        <ele>521.0</ele>
      </trkpt>
      <trkpt lat="46.147274" lon="-91.283453">
        <ele>522.0</ele>
      </trkpt>
      <trkpt lat="46.147318" lon="-91.283489">
        <ele>522.0</ele>
      </trkpt>
      <trkpt lat="46.147394" lon="-91.283543">
        <ele>524.0</ele>
      </trkpt>
      <trkpt lat="46.14743" lon="-91.283576">
        <ele>525.0</ele>
      </trkpt>
      <trkpt lat="46.147458" lon="-91.283597">
        <ele>525.0</ele>
      </trkpt>
      <trkpt lat="46.14749" lon="-91.283613">
        <ele>526.0</ele>
      </trkpt>
      <trkpt lat="46.147539" lon="-91.283644">
        <ele>527.0</ele>
      </trkpt>
      <trkpt lat="46.147567" lon="-91.28365">
        <ele>527.0</ele>
      </trkpt>
      <trkpt lat="46.147578" lon="-91.283656">
        <ele>528.0</ele>
      </trkpt>
      <trkpt lat="46.147609" lon="-91.283684">
        <ele>528.0</ele>
      </trkpt>
      <trkpt lat="46.147663" lon="-91.283713">
        <ele>530.0</ele>
      </trkpt>
      <trkpt lat="46.147757" lon="-91.283786">
        <ele>532.0</ele>
      </trkpt>
      <trkpt lat="46.147798" lon="-91.283804">
        <ele>532.0</ele>
      </trkpt>
      <trkpt lat="46.147949" lon="-91.283889">
        <ele>531.0</ele>
      </trkpt>
      <trkpt lat="46.14803" lon="-91.283931">
        <ele>530.0</ele>
      </trkpt>
      <trkpt lat="46.148045" lon="-91.283944">
        <ele>530.0</ele>
      </trkpt>
      <trkpt lat="46.148098" lon="-91.283976">
        <ele>529.0</ele>
      </trkpt>
      <trkpt lat="46.148141" lon="-91.283994">
        <ele>529.0</ele>
      </trkpt>
      <trkpt lat="46.148239" lon="-91.28402">
        <ele>529.0</ele>
      </trkpt>
      <trkpt lat="46.148313" lon="-91.284059">
        <ele>528.0</ele>
      </trkpt>
      <trkpt lat="46.148409" lon="-91.284134">
        <ele>527.0</ele>
      </trkpt>
      <trkpt lat="46.148489" lon="-91.28421">
        <ele>527.0</ele>
      </trkpt>
      <trkpt lat="46.148538" lon="-91.284247">
        <ele>526.0</ele>
      </trkpt>
      <trkpt lat="46.148579" lon="-91.284286">
        <ele>525.0</ele>
      </trkpt>
      <trkpt lat="46.148621" lon="-91.284318">
        <ele>525.0</ele>
      </trkpt>
      <trkpt lat="46.148691" lon="-91.284382">
        <ele>525.0</ele>
      </trkpt>
      <trkpt lat="46.148765" lon="-91.28446">
        <ele>524.0</ele>
      </trkpt>
      <trkpt lat="46.148772" lon="-91.28446">
        <ele>524.0</ele>
      </trkpt>
      <trkpt lat="46.148772" lon="-91.284464">
        <ele>524.0</ele>
      </trkpt>
      <trkpt lat="46.148949" lon="-91.284629">
        <ele>522.0</ele>
      </trkpt>
      <trkpt lat="46.148981" lon="-91.284668">
        <ele>522.0</ele>
      </trkpt>
      <trkpt lat="46.149053" lon="-91.284731">
        <ele>522.0</ele>
      </trkpt>
      <trkpt lat="46.149133" lon="-91.284821">
        <ele>521.0</ele>
      </trkpt>
      <trkpt lat="46.149165" lon="-91.28485">
        <ele>522.0</ele>
      </trkpt>
      <trkpt lat="46.149191" lon="-91.284885">
        <ele>521.0</ele>
      </trkpt>
      <trkpt lat="46.149211" lon="-91.284925">
        <ele>521.0</ele>
      </trkpt>
      <trkpt lat="46.149232" lon="-91.284957">
        <ele>520.0</ele>
      </trkpt>
      <trkpt lat="46.149252" lon="-91.285003">
        <ele>520.0</ele>
      </trkpt>
      <trkpt lat="46.149269" lon="-91.285053">
        <ele>520.0</ele>
      </trkpt>
      <trkpt lat="46.149291" lon="-91.285191">
        <ele>519.0</ele>
      </trkpt>
      <trkpt lat="46.149288" lon="-91.285265">
        <ele>519.0</ele>
      </trkpt>
      <trkpt lat="46.149293" lon="-91.28534">
        <ele>519.0</ele>
      </trkpt>
      <trkpt lat="46.149283" lon="-91.285416">
        <ele>519.0</ele>
      </trkpt>
      <trkpt lat="46.149283" lon="-91.285501">
        <ele>518.0</ele>
      </trkpt>
      <trkpt lat="46.149291" lon="-91.285677">
        <ele>518.0</ele>
      </trkpt>
      <trkpt lat="46.149288" lon="-91.285752">
        <ele>518.0</ele>
      </trkpt>
      <trkpt lat="46.149292" lon="-91.285959">
        <ele>518.0</ele>
      </trkpt>
      <trkpt lat="46.149299" lon="-91.286147">
        <ele>518.0</ele>
      </trkpt>
      <trkpt lat="46.149318" lon="-91.28634">
        <ele>519.0</ele>
      </trkpt>
      <trkpt lat="46.149317" lon="-91.286546">
        <ele>520.0</ele>
      </trkpt>
      <trkpt lat="46.149336" lon="-91.286682">
        <ele>521.0</ele>
      </trkpt>
      <trkpt lat="46.149316" lon="-91.286881">
        <ele>521.0</ele>
      </trkpt>
      <trkpt lat="46.149308" lon="-91.287128">
        <ele>520.0</ele>
      </trkpt>
      <trkpt lat="46.149315" lon="-91.287268">
        <ele>520.0</ele>
      </trkpt>
      <trkpt lat="46.149314" lon="-91.287342">
        <ele>519.0</ele>
      </trkpt>
      <trkpt lat="46.149318" lon="-91.287499">
        <ele>519.0</ele>
      </trkpt>
      <trkpt lat="46.14931" lon="-91.28764">
        <ele>518.0</ele>
      </trkpt>
      <trkpt lat="46.149315" lon="-91.287696">
        <ele>518.0</ele>
      </trkpt>
      <trkpt lat="46.149313" lon="-91.287813">
        <ele>518.0</ele>
      </trkpt>
      <trkpt lat="46.149328" lon="-91.287951">
        <ele>518.0</ele>
      </trkpt>
      <trkpt lat="46.14934" lon="-91.288027">
        <ele>517.0</ele>
      </trkpt>
      <trkpt lat="46.149359" lon="-91.288095">
        <ele>517.0</ele>
      </trkpt>
      <trkpt lat="46.149371" lon="-91.288165">
        <ele>517.0</ele>
      </trkpt>
      <trkpt lat="46.149394" lon="-91.28824">
        <ele>518.0</ele>
      </trkpt>
      <trkpt lat="46.149418" lon="-91.288302">
        <ele>518.0</ele>
      </trkpt>
      <trkpt lat="46.14947" lon="-91.288385">
        <ele>518.0</ele>
      </trkpt>
      <trkpt lat="46.149488" lon="-91.288429">
        <ele>518.0</ele>
      </trkpt>
      <trkpt lat="46.149495" lon="-91.288481">
        <ele>518.0</ele>
      </trkpt>
      <trkpt lat="46.149515" lon="-91.288579">
        <ele>518.0</ele>
      </trkpt>
      <trkpt lat="46.149543" lon="-91.288693">
        <ele>517.0</ele>
      </trkpt>
      <trkpt lat="46.14961" lon="-91.288869">
        <ele>516.0</ele>
      </trkpt>
      <trkpt lat="46.149627" lon="-91.288923">
        <ele>516.0</ele>
      </trkpt>
      <trkpt lat="46.14965" lon="-91.289035">
        <ele>516.0</ele>
      </trkpt>
      <trkpt lat="46.149673" lon="-91.289104">
        <ele>516.0</ele>
      </trkpt>
      <trkpt lat="46.149701" lon="-91.289164">
        <ele>516.0</ele>
      </trkpt>
      <trkpt lat="46.149725" lon="-91.289248">
        <ele>516.0</ele>
      </trkpt>
      <trkpt lat="46.149755" lon="-91.289335">
        <ele>515.0</ele>
      </trkpt>
      <trkpt lat="46.149781" lon="-91.289427">
        <ele>515.0</ele>
      </trkpt>
      <trkpt lat="46.149814" lon="-91.289525">
        <ele>514.0</ele>
      </trkpt>
      <trkpt lat="46.149833" lon="-91.289607">
        <ele>514.0</ele>
      </trkpt>
      <trkpt lat="46.149871" lon="-91.28969">
        <ele>514.0</ele>
      </trkpt>
      <trkpt lat="46.149925" lon="-91.289837">
        <ele>514.0</ele>
      </trkpt>
      <trkpt lat="46.149946" lon="-91.28994">
        <ele>513.0</ele>
      </trkpt>
      <trkpt lat="46.149974" lon="-91.290027">
        <ele>513.0</ele>
      </trkpt>
      <trkpt lat="46.150004" lon="-91.290105">
        <ele>513.0</ele>
      </trkpt>
      <trkpt lat="46.150057" lon="-91.29026">
        <ele>512.0</ele>
      </trkpt>
      <trkpt lat="46.15009" lon="-91.290407">
        <ele>512.0</ele>
      </trkpt>
      <trkpt lat="46.150119" lon="-91.290484">
        <ele>512.0</ele>
      </trkpt>
      <trkpt lat="46.150161" lon="-91.290624">
        <ele>512.0</ele>
      </trkpt>
      <trkpt lat="46.150192" lon="-91.290701">
        <ele>512.0</ele>
      </trkpt>
      <trkpt lat="46.15025" lon="-91.290864">
        <ele>512.0</ele>
      </trkpt>
      <trkpt lat="46.150271" lon="-91.290939">
        <ele>512.0</ele>
      </trkpt>
      <trkpt lat="46.150331" lon="-91.291108">
        <ele>511.0</ele>
      </trkpt>
      <trkpt lat="46.15046" lon="-91.291492">
        <ele>510.0</ele>
      </trkpt>
      <trkpt lat="46.150491" lon="-91.291537">
        <ele>510.0</ele>
      </trkpt>
      <trkpt lat="46.150521" lon="-91.291639">
        <ele>510.0</ele>
      </trkpt>
      <trkpt lat="46.150579" lon="-91.291816">
        <ele>510.0</ele>
      </trkpt>
      <trkpt lat="46.15061" lon="-91.29197">
        <ele>510.0</ele>
      </trkpt>
      <trkpt lat="46.150669" lon="-91.2921">
        <ele>509.0</ele>
      </trkpt>
      <trkpt lat="46.150748" lon="-91.292341">
        <ele>509.0</ele>
      </trkpt>
      <trkpt lat="46.150781" lon="-91.292414">
        <ele>508.0</ele>
      </trkpt>
      <trkpt lat="46.150804" lon="-91.292498">
        <ele>508.0</ele>
      </trkpt>
      <trkpt lat="46.150829" lon="-91.29257">
        <ele>508.0</ele>
      </trkpt>
      <trkpt lat="46.150857" lon="-91.292646">
        <ele>508.0</ele>
      </trkpt>
      <trkpt lat="46.150888" lon="-91.292714">
        <ele>508.0</ele>
      </trkpt>
      <trkpt lat="46.15094" lon="-91.292876">
        <ele>508.0</ele>
      </trkpt>
      <trkpt lat="46.150973" lon="-91.292964">
        <ele>508.0</ele>
      </trkpt>
      <trkpt lat="46.151021" lon="-91.29311">
        <ele>508.0</ele>
      </trkpt>
      <trkpt lat="46.151073" lon="-91.293236">
        <ele>507.0</ele>
      </trkpt>
      <trkpt lat="46.151083" lon="-91.293307">
        <ele>507.0</ele>
      </trkpt>
      <trkpt lat="46.151138" lon="-91.293437">
        <ele>506.0</ele>
      </trkpt>
      <trkpt lat="46.15118" lon="-91.293589">
        <ele>505.0</ele>
      </trkpt>
      <trkpt lat="46.151199" lon="-91.293629">
        <ele>505.0</ele>
      </trkpt>
      <trkpt lat="46.151225" lon="-91.293672">
        <ele>505.0</ele>
      </trkpt>
      <trkpt lat="46.151247" lon="-91.293726">
        <ele>505.0</ele>
      </trkpt>
      <trkpt lat="46.151251" lon="-91.293746">
        <ele>505.0</ele>
      </trkpt>
      <trkpt lat="46.151243" lon="-91.293772">
        <ele>505.0</ele>
      </trkpt>
      <trkpt lat="46.151248" lon="-91.293792">
        <ele>505.0</ele>
      </trkpt>
      <trkpt lat="46.151246" lon="-91.293809">
        <ele>504.0</ele>
      </trkpt>
      <trkpt lat="46.15125" lon="-91.293806">
        <ele>504.0</ele>
      </trkpt>
      <trkpt lat="46.151247" lon="-91.293809">
        <ele>504.0</ele>
      </trkpt>
      <trkpt lat="46.151246" lon="-91.293806">
        <ele>504.0</ele>
      </trkpt>
      <trkpt lat="46.151241" lon="-91.293808">
        <ele>504.0</ele>
      </trkpt>
      <trkpt lat="46.151245" lon="-91.293837">
        <ele>504.0</ele>
      </trkpt>
      <trkpt lat="46.151245" lon="-91.29392">
        <ele>504.0</ele>
      </trkpt>
      <trkpt lat="46.15122" lon="-91.293943">
        <ele>504.0</ele>
      </trkpt>
      <trkpt lat="46.151167" lon="-91.293943">
        <ele>503.0</ele>
      </trkpt>
      <trkpt lat="46.151102" lon="-91.293969">
        <ele>503.0</ele>
      </trkpt>
      <trkpt lat="46.151033" lon="-91.294003">
        <ele>503.0</ele>
      </trkpt>
      <trkpt lat="46.1507" lon="-91.294204">
        <ele>499.0</ele>
      </trkpt>
      <trkpt lat="46.150682" lon="-91.294208">
        <ele>499.0</ele>
      </trkpt>
      <trkpt lat="46.150596" lon="-91.294214">
        <ele>498.0</ele>
      </trkpt>
      <trkpt lat="46.15055" lon="-91.294206">
        <ele>498.0</ele>
      </trkpt>
      <trkpt lat="46.15045" lon="-91.2942">
        <ele>497.0</ele>
      </trkpt>
      <trkpt lat="46.150373" lon="-91.294189">
        <ele>497.0</ele>
      </trkpt>
      <trkpt lat="46.15024" lon="-91.294151">
        <ele>496.0</ele>
      </trkpt>
      <trkpt lat="46.150127" lon="-91.29411">
        <ele>495.0</ele>
      </trkpt>
      <trkpt lat="46.150065" lon="-91.294081">
        <ele>495.0</ele>
      </trkpt>
      <trkpt lat="46.149941" lon="-91.293991">
        <ele>493.0</ele>
      </trkpt>
      <trkpt lat="46.149873" lon="-91.293929">
        <ele>493.0</ele>
      </trkpt>
      <trkpt lat="46.149804" lon="-91.293877">
        <ele>493.0</ele>
      </trkpt>
      <trkpt lat="46.149563" lon="-91.293719">
        <ele>492.0</ele>
      </trkpt>
      <trkpt lat="46.149483" lon="-91.293683">
        <ele>491.0</ele>
      </trkpt>
      <trkpt lat="46.149392" lon="-91.293656">
        <ele>491.0</ele>
      </trkpt>
      <trkpt lat="46.149299" lon="-91.293635">
        <ele>492.0</ele>
      </trkpt>
      <trkpt lat="46.149239" lon="-91.293642">
        <ele>492.0</ele>
      </trkpt>
      <trkpt lat="46.149144" lon="-91.293646">
        <ele>492.0</ele>
      </trkpt>
      <trkpt lat="46.149051" lon="-91.293641">
        <ele>492.0</ele>
      </trkpt>
      <trkpt lat="46.148803" lon="-91.293638">
        <ele>492.0</ele>
      </trkpt>
      <trkpt lat="46.148723" lon="-91.293646">
        <ele>492.0</ele>
      </trkpt>
      <trkpt lat="46.148639" lon="-91.293687">
        <ele>492.0</ele>
      </trkpt>
      <trkpt lat="46.148568" lon="-91.293727">
        <ele>491.0</ele>
      </trkpt>
      <trkpt lat="46.148487" lon="-91.293778">
        <ele>491.0</ele>
      </trkpt>
      <trkpt lat="46.148413" lon="-91.293838">
        <ele>491.0</ele>
      </trkpt>
      <trkpt lat="46.148348" lon="-91.293902">
        <ele>491.0</ele>
      </trkpt>
      <trkpt lat="46.148278" lon="-91.293963">
        <ele>491.0</ele>
      </trkpt>
      <trkpt lat="46.148216" lon="-91.294032">
        <ele>491.0</ele>
      </trkpt>
      <trkpt lat="46.148157" lon="-91.294118">
        <ele>492.0</ele>
      </trkpt>
      <trkpt lat="46.14808" lon="-91.294201">
        <ele>491.0</ele>
      </trkpt>
      <trkpt lat="46.148018" lon="-91.29428">
        <ele>491.0</ele>
      </trkpt>
      <trkpt lat="46.147946" lon="-91.294363">
        <ele>490.0</ele>
      </trkpt>
      <trkpt lat="46.147879" lon="-91.29443">
        <ele>489.0</ele>
      </trkpt>
      <trkpt lat="46.147813" lon="-91.294464">
        <ele>488.0</ele>
      </trkpt>
      <trkpt lat="46.147728" lon="-91.294484">
        <ele>488.0</ele>
      </trkpt>
      <trkpt lat="46.147648" lon="-91.29448">
        <ele>487.0</ele>
      </trkpt>
      <trkpt lat="46.147569" lon="-91.294447">
        <ele>486.0</ele>
      </trkpt>
      <trkpt lat="46.147497" lon="-91.294392">
        <ele>486.0</ele>
      </trkpt>
      <trkpt lat="46.147435" lon="-91.294319">
        <ele>485.0</ele>
      </trkpt>
      <trkpt lat="46.147285" lon="-91.294163">
        <ele>484.0</ele>
      </trkpt>
      <trkpt lat="46.147199" lon="-91.294105">
        <ele>484.0</ele>
      </trkpt>
      <trkpt lat="46.147106" lon="-91.294059">
        <ele>483.0</ele>
      </trkpt>
      <trkpt lat="46.147008" lon="-91.294039">
        <ele>483.0</ele>
      </trkpt>
      <trkpt lat="46.146914" lon="-91.294033">
        <ele>483.0</ele>
      </trkpt>
      <trkpt lat="46.146819" lon="-91.29404">
        <ele>483.0</ele>
      </trkpt>
      <trkpt lat="46.146721" lon="-91.294069">
        <ele>483.0</ele>
      </trkpt>
      <trkpt lat="46.146625" lon="-91.294117">
        <ele>482.0</ele>
      </trkpt>
      <trkpt lat="46.146534" lon="-91.294176">
        <ele>482.0</ele>
      </trkpt>
      <trkpt lat="46.146443" lon="-91.294251">
        <ele>481.0</ele>
      </trkpt>
      <trkpt lat="46.146113" lon="-91.294573">
        <ele>483.0</ele>
      </trkpt>
      <trkpt lat="46.146033" lon="-91.294663">
        <ele>484.0</ele>
      </trkpt>
      <trkpt lat="46.145961" lon="-91.294732">
        <ele>484.0</ele>
      </trkpt>
      <trkpt lat="46.145898" lon="-91.294782">
        <ele>484.0</ele>
      </trkpt>
      <trkpt lat="46.145781" lon="-91.294833">
        <ele>484.0</ele>
      </trkpt>
      <trkpt lat="46.145647" lon="-91.294868">
        <ele>483.0</ele>
      </trkpt>
      <trkpt lat="46.14558" lon="-91.294871">
        <ele>483.0</ele>
      </trkpt>
      <trkpt lat="46.145509" lon="-91.294843">
        <ele>483.0</ele>
      </trkpt>
      <trkpt lat="46.145451" lon="-91.294804">
        <ele>483.0</ele>
      </trkpt>
      <trkpt lat="46.145397" lon="-91.294737">
        <ele>482.0</ele>
      </trkpt>
      <trkpt lat="46.145353" lon="-91.29466">
        <ele>482.0</ele>
      </trkpt>
      <trkpt lat="46.14527" lon="-91.29446">
        <ele>483.0</ele>
      </trkpt>
      <trkpt lat="46.145204" lon="-91.29424">
        <ele>482.0</ele>
      </trkpt>
      <trkpt lat="46.145141" lon="-91.294008">
        <ele>482.0</ele>
      </trkpt>
      <trkpt lat="46.145095" lon="-91.293905">
        <ele>481.0</ele>
      </trkpt>
      <trkpt lat="46.145026" lon="-91.293824">
        <ele>481.0</ele>
      </trkpt>
      <trkpt lat="46.144951" lon="-91.293772">
        <ele>480.0</ele>
      </trkpt>
      <trkpt lat="46.144795" lon="-91.29375">
        <ele>479.0</ele>
      </trkpt>
      <trkpt lat="46.144713" lon="-91.293733">
        <ele>479.0</ele>
      </trkpt>
      <trkpt lat="46.144638" lon="-91.29371">
        <ele>478.0</ele>
      </trkpt>
      <trkpt lat="46.14449" lon="-91.293616">
        <ele>477.0</ele>
      </trkpt>
      <trkpt lat="46.144421" lon="-91.293545">
        <ele>477.0</ele>
      </trkpt>
      <trkpt lat="46.14437" lon="-91.293457">
        <ele>476.0</ele>
      </trkpt>
      <trkpt lat="46.144323" lon="-91.29336">
        <ele>475.0</ele>
      </trkpt>
      <trkpt lat="46.144243" lon="-91.293144">
        <ele>474.0</ele>
      </trkpt>
      <trkpt lat="46.144155" lon="-91.292931">
        <ele>473.0</ele>
      </trkpt>
      <trkpt lat="46.144107" lon="-91.292838">
        <ele>473.0</ele>
      </trkpt>
      <trkpt lat="46.144" lon="-91.292678">
        <ele>473.0</ele>
      </trkpt>
      <trkpt lat="46.143938" lon="-91.292606">
        <ele>473.0</ele>
      </trkpt>
      <trkpt lat="46.143877" lon="-91.292549">
        <ele>472.0</ele>
      </trkpt>
      <trkpt lat="46.143811" lon="-91.292497">
        <ele>471.0</ele>
      </trkpt>
      <trkpt lat="46.143735" lon="-91.292457">
        <ele>470.0</ele>
      </trkpt>
      <trkpt lat="46.143647" lon="-91.292425">
        <ele>469.0</ele>
      </trkpt>
      <trkpt lat="46.143477" lon="-91.292378">
        <ele>469.0</ele>
      </trkpt>
      <trkpt lat="46.143397" lon="-91.292352">
        <ele>468.0</ele>
      </trkpt>
      <trkpt lat="46.143323" lon="-91.292317">
        <ele>468.0</ele>
      </trkpt>
      <trkpt lat="46.143255" lon="-91.29227">
        <ele>468.0</ele>
      </trkpt>
      <trkpt lat="46.143201" lon="-91.292203">
        <ele>468.0</ele>
      </trkpt>
      <trkpt lat="46.143156" lon="-91.292132">
        <ele>467.0</ele>
      </trkpt>
      <trkpt lat="46.143118" lon="-91.292049">
        <ele>467.0</ele>
      </trkpt>
      <trkpt lat="46.143056" lon="-91.291865">
        <ele>467.0</ele>
      </trkpt>
      <trkpt lat="46.143036" lon="-91.29176">
        <ele>468.0</ele>
      </trkpt>
      <trkpt lat="46.142986" lon="-91.291536">
        <ele>468.0</ele>
      </trkpt>
      <trkpt lat="46.1429" lon="-91.291068">
        <ele>468.0</ele>
      </trkpt>
      <trkpt lat="46.142875" lon="-91.290951">
        <ele>468.0</ele>
      </trkpt>
      <trkpt lat="46.142837" lon="-91.290721">
        <ele>467.0</ele>
      </trkpt>
      <trkpt lat="46.14273" lon="-91.290145">
        <ele>465.0</ele>
      </trkpt>
      <trkpt lat="46.142686" lon="-91.289953">
        <ele>464.0</ele>
      </trkpt>
      <trkpt lat="46.142634" lon="-91.289855">
        <ele>464.0</ele>
      </trkpt>
      <trkpt lat="46.14262" lon="-91.289842">
        <ele>464.0</ele>
      </trkpt>
      <trkpt lat="46.142616" lon="-91.289849">
        <ele>464.0</ele>
      </trkpt>
      <trkpt lat="46.142608" lon="-91.28985">
        <ele>463.0</ele>
      </trkpt>
      <trkpt lat="46.142556" lon="-91.289776">
        <ele>463.0</ele>
      </trkpt>
      <trkpt lat="46.142523" lon="-91.289746">
        <ele>462.0</ele>
      </trkpt>
      <trkpt lat="46.142481" lon="-91.289716">
        <ele>462.0</ele>
      </trkpt>
      <trkpt lat="46.142239" lon="-91.289574">
        <ele>462.0</ele>
      </trkpt>
      <trkpt lat="46.142058" lon="-91.289474">
        <ele>460.0</ele>
      </trkpt>
      <trkpt lat="46.141998" lon="-91.289451">
        <ele>460.0</ele>
      </trkpt>
      <trkpt lat="46.141943" lon="-91.28942">
        <ele>459.0</ele>
      </trkpt>
      <trkpt lat="46.141826" lon="-91.28937">
        <ele>459.0</ele>
      </trkpt>
      <trkpt lat="46.141771" lon="-91.289343">
        <ele>458.0</ele>
      </trkpt>
      <trkpt lat="46.141707" lon="-91.289322">
        <ele>458.0</ele>
      </trkpt>
      <trkpt lat="46.141402" lon="-91.289284">
        <ele>455.0</ele>
      </trkpt>
      <trkpt lat="46.141242" lon="-91.289286">
        <ele>454.0</ele>
      </trkpt>
      <trkpt lat="46.141033" lon="-91.289279">
        <ele>452.0</ele>
      </trkpt>
      <trkpt lat="46.140902" lon="-91.289282">
        <ele>452.0</ele>
      </trkpt>
      <trkpt lat="46.140777" lon="-91.289293">
        <ele>451.0</ele>
      </trkpt>
      <trkpt lat="46.140693" lon="-91.289309">
        <ele>450.0</ele>
      </trkpt>
      <trkpt lat="46.140671" lon="-91.289319">
        <ele>450.0</ele>
      </trkpt>
      <trkpt lat="46.140597" lon="-91.289338">
        <ele>449.0</ele>
      </trkpt>
      <trkpt lat="46.140536" lon="-91.289358">
        <ele>449.0</ele>
      </trkpt>
      <trkpt lat="46.140475" lon="-91.289412">
        <ele>449.0</ele>
      </trkpt>
      <trkpt lat="46.140451" lon="-91.289453">
        <ele>450.0</ele>
      </trkpt>
      <trkpt lat="46.140439" lon="-91.289452">
        <ele>450.0</ele>
      </trkpt>
      <trkpt lat="46.140433" lon="-91.289455">
        <ele>450.0</ele>
      </trkpt>
      <trkpt lat="46.140425" lon="-91.289473">
        <ele>449.0</ele>
      </trkpt>
      <trkpt lat="46.14042" lon="-91.28952">
        <ele>449.0</ele>
      </trkpt>
      <trkpt lat="46.140419" lon="-91.28955">
        <ele>449.0</ele>
      </trkpt>
      <trkpt lat="46.140427" lon="-91.289664">
        <ele>449.0</ele>
      </trkpt>
      <trkpt lat="46.140454" lon="-91.289827">
        <ele>449.0</ele>
      </trkpt>
      <trkpt lat="46.140455" lon="-91.289916">
        <ele>449.0</ele>
      </trkpt>
      <trkpt lat="46.140437" lon="-91.290009">
        <ele>448.0</ele>
      </trkpt>
      <trkpt lat="46.140406" lon="-91.290078">
        <ele>448.0</ele>
      </trkpt>
      <trkpt lat="46.140364" lon="-91.290129">
        <ele>447.0</ele>
      </trkpt>
      <trkpt lat="46.140313" lon="-91.290164">
        <ele>447.0</ele>
      </trkpt>
      <trkpt lat="46.140201" lon="-91.29022">
        <ele>445.0</ele>
      </trkpt>
      <trkpt lat="46.140155" lon="-91.29026">
        <ele>445.0</ele>
      </trkpt>
      <trkpt lat="46.140091" lon="-91.290398">
        <ele>445.0</ele>
      </trkpt>
      <trkpt lat="46.140052" lon="-91.290557">
        <ele>446.0</ele>
      </trkpt>
      <trkpt lat="46.140026" lon="-91.29062">
        <ele>446.0</ele>
      </trkpt>
      <trkpt lat="46.139997" lon="-91.290676">
        <ele>446.0</ele>
      </trkpt>
      <trkpt lat="46.139955" lon="-91.290731">
        <ele>446.0</ele>
      </trkpt>
      <trkpt lat="46.139923" lon="-91.290788">
        <ele>446.0</ele>
      </trkpt>
      <trkpt lat="46.139796" lon="-91.290977">
        <ele>446.0</ele>
      </trkpt>
      <trkpt lat="46.139669" lon="-91.291186">
        <ele>447.0</ele>
      </trkpt>
      <trkpt lat="46.139625" lon="-91.291245">
        <ele>447.0</ele>
      </trkpt>
      <trkpt lat="46.139588" lon="-91.291304">
        <ele>448.0</ele>
      </trkpt>
      <trkpt lat="46.139562" lon="-91.291396">
        <ele>448.0</ele>
      </trkpt>
      <trkpt lat="46.139546" lon="-91.291496">
        <ele>448.0</ele>
      </trkpt>
      <trkpt lat="46.139545" lon="-91.29183">
        <ele>448.0</ele>
      </trkpt>
      <trkpt lat="46.139556" lon="-91.291964">
        <ele>448.0</ele>
      </trkpt>
      <trkpt lat="46.139585" lon="-91.292208">
        <ele>447.0</ele>
      </trkpt>
      <trkpt lat="46.139581" lon="-91.292325">
        <ele>447.0</ele>
      </trkpt>
      <trkpt lat="46.139566" lon="-91.29258">
        <ele>446.0</ele>
      </trkpt>
      <trkpt lat="46.139565" lon="-91.292706">
        <ele>445.0</ele>
      </trkpt>
      <trkpt lat="46.139587" lon="-91.292939">
        <ele>444.0</ele>
      </trkpt>
      <trkpt lat="46.139602" lon="-91.293053">
        <ele>444.0</ele>
      </trkpt>
      <trkpt lat="46.139633" lon="-91.293162">
        <ele>444.0</ele>
      </trkpt>
      <trkpt lat="46.139668" lon="-91.293265">
        <ele>444.0</ele>
      </trkpt>
      <trkpt lat="46.13973" lon="-91.293348">
        <ele>444.0</ele>
      </trkpt>
      <trkpt lat="46.139797" lon="-91.293406">
        <ele>443.0</ele>
      </trkpt>
      <trkpt lat="46.139868" lon="-91.293448">
        <ele>443.0</ele>
      </trkpt>
      <trkpt lat="46.139946" lon="-91.293472">
        <ele>443.0</ele>
      </trkpt>
      <trkpt lat="46.140015" lon="-91.293474">
        <ele>443.0</ele>
      </trkpt>
      <trkpt lat="46.140291" lon="-91.293504">
        <ele>443.0</ele>
      </trkpt>
      <trkpt lat="46.140468" lon="-91.293507">
        <ele>444.0</ele>
      </trkpt>
      <trkpt lat="46.140558" lon="-91.293503">
        <ele>444.0</ele>
      </trkpt>
      <trkpt lat="46.140641" lon="-91.293491">
        <ele>444.0</ele>
      </trkpt>
      <trkpt lat="46.140712" lon="-91.293472">
        <ele>445.0</ele>
      </trkpt>
      <trkpt lat="46.140784" lon="-91.293471">
        <ele>445.0</ele>
      </trkpt>
      <trkpt lat="46.140848" lon="-91.293498">
        <ele>444.0</ele>
      </trkpt>
      <trkpt lat="46.140893" lon="-91.293563">
        <ele>444.0</ele>
      </trkpt>
      <trkpt lat="46.140938" lon="-91.293649">
        <ele>444.0</ele>
      </trkpt>
      <trkpt lat="46.140965" lon="-91.293749">
        <ele>444.0</ele>
      </trkpt>
      <trkpt lat="46.140991" lon="-91.293964">
        <ele>444.0</ele>
      </trkpt>
      <trkpt lat="46.140987" lon="-91.294094">
        <ele>444.0</ele>
      </trkpt>
      <trkpt lat="46.140941" lon="-91.294327">
        <ele>443.0</ele>
      </trkpt>
      <trkpt lat="46.140864" lon="-91.294534">
        <ele>442.0</ele>
      </trkpt>
      <trkpt lat="46.140833" lon="-91.294652">
        <ele>442.0</ele>
      </trkpt>
      <trkpt lat="46.140746" lon="-91.294861">
        <ele>443.0</ele>
      </trkpt>
      <trkpt lat="46.140694" lon="-91.294972">
        <ele>443.0</ele>
      </trkpt>
      <trkpt lat="46.140661" lon="-91.295087">
        <ele>443.0</ele>
      </trkpt>
      <trkpt lat="46.140647" lon="-91.295209">
        <ele>444.0</ele>
      </trkpt>
      <trkpt lat="46.140654" lon="-91.295469">
        <ele>446.0</ele>
      </trkpt>
      <trkpt lat="46.140616" lon="-91.295712">
        <ele>446.0</ele>
      </trkpt>
      <trkpt lat="46.140586" lon="-91.295843">
        <ele>445.0</ele>
      </trkpt>
      <trkpt lat="46.140543" lon="-91.295959">
        <ele>445.0</ele>
      </trkpt>
      <trkpt lat="46.140431" lon="-91.296351">
        <ele>446.0</ele>
      </trkpt>
      <trkpt lat="46.140333" lon="-91.296627">
        <ele>446.0</ele>
      </trkpt>
      <trkpt lat="46.140241" lon="-91.296868">
        <ele>446.0</ele>
      </trkpt>
      <trkpt lat="46.140233" lon="-91.296976">
        <ele>446.0</ele>
      </trkpt>
      <trkpt lat="46.140211" lon="-91.297028">
        <ele>446.0</ele>
      </trkpt>
      <trkpt lat="46.140165" lon="-91.297122">
        <ele>446.0</ele>
      </trkpt>
      <trkpt lat="46.140126" lon="-91.297229">
        <ele>446.0</ele>
      </trkpt>
      <trkpt lat="46.140091" lon="-91.29736">
        <ele>446.0</ele>
      </trkpt>
      <trkpt lat="46.140079" lon="-91.297476">
        <ele>446.0</ele>
      </trkpt>
      <trkpt lat="46.140087" lon="-91.29755">
        <ele>446.0</ele>
      </trkpt>
      <trkpt lat="46.140107" lon="-91.297614">
        <ele>446.0</ele>
      </trkpt>
      <trkpt lat="46.140131" lon="-91.297673">
        <ele>446.0</ele>
      </trkpt>
      <trkpt lat="46.14016" lon="-91.29773">
        <ele>447.0</ele>
      </trkpt>
      <trkpt lat="46.140248" lon="-91.297837">
        <ele>447.0</ele>
      </trkpt>
      <trkpt lat="46.140303" lon="-91.297886">
        <ele>447.0</ele>
      </trkpt>
      <trkpt lat="46.140367" lon="-91.297931">
        <ele>448.0</ele>
      </trkpt>
      <trkpt lat="46.14047" lon="-91.298027">
        <ele>447.0</ele>
      </trkpt>
      <trkpt lat="46.140511" lon="-91.29809">
        <ele>447.0</ele>
      </trkpt>
      <trkpt lat="46.140537" lon="-91.298162">
        <ele>447.0</ele>
      </trkpt>
      <trkpt lat="46.140541" lon="-91.298231">
        <ele>446.0</ele>
      </trkpt>
      <trkpt lat="46.14055" lon="-91.298308">
        <ele>446.0</ele>
      </trkpt>
      <trkpt lat="46.140537" lon="-91.298494">
        <ele>445.0</ele>
      </trkpt>
      <trkpt lat="46.140515" lon="-91.298602">
        <ele>445.0</ele>
      </trkpt>
      <trkpt lat="46.140486" lon="-91.298695">
        <ele>444.0</ele>
      </trkpt>
      <trkpt lat="46.140452" lon="-91.298792">
        <ele>444.0</ele>
      </trkpt>
      <trkpt lat="46.140405" lon="-91.298884">
        <ele>443.0</ele>
      </trkpt>
      <trkpt lat="46.140347" lon="-91.298973">
        <ele>443.0</ele>
      </trkpt>
      <trkpt lat="46.140225" lon="-91.299147">
        <ele>445.0</ele>
      </trkpt>
      <trkpt lat="46.140115" lon="-91.299282">
        <ele>445.0</ele>
      </trkpt>
      <trkpt lat="46.140074" lon="-91.29936">
        <ele>446.0</ele>
      </trkpt>
      <trkpt lat="46.140043" lon="-91.299452">
        <ele>446.0</ele>
      </trkpt>
      <trkpt lat="46.140022" lon="-91.299549">
        <ele>447.0</ele>
      </trkpt>
      <trkpt lat="46.14002" lon="-91.299652">
        <ele>447.0</ele>
      </trkpt>
      <trkpt lat="46.140038" lon="-91.29975">
        <ele>447.0</ele>
      </trkpt>
      <trkpt lat="46.140051" lon="-91.299852">
        <ele>447.0</ele>
      </trkpt>
      <trkpt lat="46.140059" lon="-91.299955">
        <ele>447.0</ele>
      </trkpt>
      <trkpt lat="46.140098" lon="-91.30015">
        <ele>448.0</ele>
      </trkpt>
      <trkpt lat="46.140106" lon="-91.300234">
        <ele>448.0</ele>
      </trkpt>
      <trkpt lat="46.140107" lon="-91.300305">
        <ele>448.0</ele>
      </trkpt>
      <trkpt lat="46.140088" lon="-91.300383">
        <ele>448.0</ele>
      </trkpt>
      <trkpt lat="46.140059" lon="-91.300465">
        <ele>448.0</ele>
      </trkpt>
      <trkpt lat="46.140022" lon="-91.300542">
        <ele>447.0</ele>
      </trkpt>
      <trkpt lat="46.139975" lon="-91.300622">
        <ele>447.0</ele>
      </trkpt>
      <trkpt lat="46.139932" lon="-91.300708">
        <ele>447.0</ele>
      </trkpt>
      <trkpt lat="46.139897" lon="-91.300791">
        <ele>447.0</ele>
      </trkpt>
      <trkpt lat="46.139854" lon="-91.300874">
        <ele>447.0</ele>
      </trkpt>
      <trkpt lat="46.139832" lon="-91.300973">
        <ele>447.0</ele>
      </trkpt>
      <trkpt lat="46.139783" lon="-91.301056">
        <ele>446.0</ele>
      </trkpt>
      <trkpt lat="46.13975" lon="-91.301143">
        <ele>446.0</ele>
      </trkpt>
      <trkpt lat="46.139735" lon="-91.301218">
        <ele>446.0</ele>
      </trkpt>
      <trkpt lat="46.139729" lon="-91.301233">
        <ele>446.0</ele>
      </trkpt>
      <trkpt lat="46.139728" lon="-91.301228">
        <ele>446.0</ele>
      </trkpt>
      <trkpt lat="46.13971" lon="-91.301261">
        <ele>446.0</ele>
      </trkpt>
      <trkpt lat="46.139696" lon="-91.301296">
        <ele>446.0</ele>
      </trkpt>
      <trkpt lat="46.139688" lon="-91.301353">
        <ele>446.0</ele>
      </trkpt>
      <trkpt lat="46.139711" lon="-91.301528">
        <ele>447.0</ele>
      </trkpt>
      <trkpt lat="46.13973" lon="-91.301569">
        <ele>447.0</ele>
      </trkpt>
      <trkpt lat="46.139844" lon="-91.301755">
        <ele>447.0</ele>
      </trkpt>
      <trkpt lat="46.139924" lon="-91.301865">
        <ele>447.0</ele>
      </trkpt>
      <trkpt lat="46.140023" lon="-91.301984">
        <ele>447.0</ele>
      </trkpt>
      <trkpt lat="46.140154" lon="-91.302173">
        <ele>447.0</ele>
      </trkpt>
      <trkpt lat="46.140191" lon="-91.302238">
        <ele>447.0</ele>
      </trkpt>
      <trkpt lat="46.14022" lon="-91.30231">
        <ele>448.0</ele>
      </trkpt>
      <trkpt lat="46.140243" lon="-91.302381">
        <ele>448.0</ele>
      </trkpt>
      <trkpt lat="46.140256" lon="-91.30246">
        <ele>448.0</ele>
      </trkpt>
      <trkpt lat="46.140265" lon="-91.302544">
        <ele>448.0</ele>
      </trkpt>
      <trkpt lat="46.140279" lon="-91.302632">
        <ele>448.0</ele>
      </trkpt>
      <trkpt lat="46.140285" lon="-91.302718">
        <ele>449.0</ele>
      </trkpt>
      <trkpt lat="46.140288" lon="-91.302883">
        <ele>450.0</ele>
      </trkpt>
      <trkpt lat="46.140294" lon="-91.302981">
        <ele>450.0</ele>
      </trkpt>
      <trkpt lat="46.140324" lon="-91.303065">
        <ele>451.0</ele>
      </trkpt>
      <trkpt lat="46.140369" lon="-91.303149">
        <ele>452.0</ele>
      </trkpt>
      <trkpt lat="46.140419" lon="-91.303228">
        <ele>453.0</ele>
      </trkpt>
      <trkpt lat="46.140538" lon="-91.303384">
        <ele>454.0</ele>
      </trkpt>
      <trkpt lat="46.14067" lon="-91.303548">
        <ele>454.0</ele>
      </trkpt>
      <trkpt lat="46.140732" lon="-91.303633">
        <ele>454.0</ele>
      </trkpt>
      <trkpt lat="46.140779" lon="-91.303724">
        <ele>454.0</ele>
      </trkpt>
      <trkpt lat="46.140824" lon="-91.303824">
        <ele>454.0</ele>
      </trkpt>
      <trkpt lat="46.140852" lon="-91.303929">
        <ele>454.0</ele>
      </trkpt>
      <trkpt lat="46.140916" lon="-91.304246">
        <ele>455.0</ele>
      </trkpt>
      <trkpt lat="46.140956" lon="-91.304339">
        <ele>455.0</ele>
      </trkpt>
      <trkpt lat="46.141005" lon="-91.304413">
        <ele>455.0</ele>
      </trkpt>
      <trkpt lat="46.141119" lon="-91.304555">
        <ele>456.0</ele>
      </trkpt>
      <trkpt lat="46.141169" lon="-91.304627">
        <ele>456.0</ele>
      </trkpt>
      <trkpt lat="46.141209" lon="-91.304714">
        <ele>457.0</ele>
      </trkpt>
      <trkpt lat="46.141239" lon="-91.304812">
        <ele>457.0</ele>
      </trkpt>
      <trkpt lat="46.141254" lon="-91.304917">
        <ele>457.0</ele>
      </trkpt>
      <trkpt lat="46.141254" lon="-91.305023">
        <ele>457.0</ele>
      </trkpt>
      <trkpt lat="46.141247" lon="-91.305137">
        <ele>456.0</ele>
      </trkpt>
      <trkpt lat="46.141222" lon="-91.305244">
        <ele>456.0</ele>
      </trkpt>
      <trkpt lat="46.14115" lon="-91.305462">
        <ele>455.0</ele>
      </trkpt>
      <trkpt lat="46.141119" lon="-91.305579">
        <ele>454.0</ele>
      </trkpt>
      <trkpt lat="46.141095" lon="-91.305693">
        <ele>454.0</ele>
      </trkpt>
      <trkpt lat="46.141067" lon="-91.305915">
        <ele>453.0</ele>
      </trkpt>
      <trkpt lat="46.14106" lon="-91.306022">
        <ele>453.0</ele>
      </trkpt>
      <trkpt lat="46.141062" lon="-91.30613">
        <ele>452.0</ele>
      </trkpt>
      <trkpt lat="46.141067" lon="-91.306145">
        <ele>452.0</ele>
      </trkpt>
      <trkpt lat="46.141068" lon="-91.306142">
        <ele>452.0</ele>
      </trkpt>
      <trkpt lat="46.141085" lon="-91.306233">
        <ele>451.0</ele>
      </trkpt>
      <trkpt lat="46.141105" lon="-91.306297">
        <ele>451.0</ele>
      </trkpt>
      <trkpt lat="46.141149" lon="-91.306376">
        <ele>450.0</ele>
      </trkpt>
      <trkpt lat="46.141202" lon="-91.30644">
        <ele>449.0</ele>
      </trkpt>
      <trkpt lat="46.141327" lon="-91.306559">
        <ele>446.0</ele>
      </trkpt>
      <trkpt lat="46.141564" lon="-91.306824">
        <ele>442.0</ele>
      </trkpt>
      <trkpt lat="46.141629" lon="-91.306914">
        <ele>443.0</ele>
      </trkpt>
      <trkpt lat="46.141811" lon="-91.307181">
        <ele>444.0</ele>
      </trkpt>
      <trkpt lat="46.141858" lon="-91.307262">
        <ele>444.0</ele>
      </trkpt>
      <trkpt lat="46.141954" lon="-91.307446">
        <ele>444.0</ele>
      </trkpt>
      <trkpt lat="46.142002" lon="-91.307523">
        <ele>443.0</ele>
      </trkpt>
      <trkpt lat="46.142045" lon="-91.307627">
        <ele>442.0</ele>
      </trkpt>
      <trkpt lat="46.142185" lon="-91.307813">
        <ele>440.0</ele>
      </trkpt>
      <trkpt lat="46.142255" lon="-91.307862">
        <ele>440.0</ele>
      </trkpt>
      <trkpt lat="46.142331" lon="-91.307908">
        <ele>440.0</ele>
      </trkpt>
      <trkpt lat="46.142493" lon="-91.307957">
        <ele>439.0</ele>
      </trkpt>
      <trkpt lat="46.142588" lon="-91.307967">
        <ele>440.0</ele>
      </trkpt>
      <trkpt lat="46.142687" lon="-91.308001">
        <ele>441.0</ele>
      </trkpt>
      <trkpt lat="46.142772" lon="-91.308052">
        <ele>442.0</ele>
      </trkpt>
      <trkpt lat="46.142851" lon="-91.308082">
        <ele>444.0</ele>
      </trkpt>
      <trkpt lat="46.142926" lon="-91.308104">
        <ele>445.0</ele>
      </trkpt>
      <trkpt lat="46.142979" lon="-91.308153">
        <ele>447.0</ele>
      </trkpt>
      <trkpt lat="46.143043" lon="-91.308191">
        <ele>448.0</ele>
      </trkpt>
      <trkpt lat="46.143111" lon="-91.308221">
        <ele>450.0</ele>
      </trkpt>
      <trkpt lat="46.143169" lon="-91.308265">
        <ele>451.0</ele>
      </trkpt>
      <trkpt lat="46.14321" lon="-91.308303">
        <ele>452.0</ele>
      </trkpt>
      <trkpt lat="46.143238" lon="-91.308392">
        <ele>452.0</ele>
      </trkpt>
      <trkpt lat="46.143224" lon="-91.308468">
        <ele>452.0</ele>
      </trkpt>
      <trkpt lat="46.14323" lon="-91.308567">
        <ele>453.0</ele>
      </trkpt>
      <trkpt lat="46.143225" lon="-91.308766">
        <ele>453.0</ele>
      </trkpt>
      <trkpt lat="46.143256" lon="-91.30899">
        <ele>453.0</ele>
      </trkpt>
      <trkpt lat="46.143314" lon="-91.30919">
        <ele>454.0</ele>
      </trkpt>
      <trkpt lat="46.143375" lon="-91.309276">
        <ele>454.0</ele>
      </trkpt>
      <trkpt lat="46.143435" lon="-91.309345">
        <ele>454.0</ele>
      </trkpt>
      <trkpt lat="46.143496" lon="-91.309376">
        <ele>454.0</ele>
      </trkpt>
      <trkpt lat="46.143576" lon="-91.309377">
        <ele>454.0</ele>
      </trkpt>
      <trkpt lat="46.143648" lon="-91.309355">
        <ele>453.0</ele>
      </trkpt>
      <trkpt lat="46.143713" lon="-91.309323">
        <ele>453.0</ele>
      </trkpt>
      <trkpt lat="46.143788" lon="-91.309261">
        <ele>453.0</ele>
      </trkpt>
      <trkpt lat="46.143855" lon="-91.309186">
        <ele>453.0</ele>
      </trkpt>
      <trkpt lat="46.143921" lon="-91.309121">
        <ele>453.0</ele>
      </trkpt>
      <trkpt lat="46.143983" lon="-91.309036">
        <ele>452.0</ele>
      </trkpt>
      <trkpt lat="46.144028" lon="-91.308937">
        <ele>452.0</ele>
      </trkpt>
      <trkpt lat="46.144133" lon="-91.308772">
        <ele>452.0</ele>
      </trkpt>
      <trkpt lat="46.144184" lon="-91.30871">
        <ele>452.0</ele>
      </trkpt>
      <trkpt lat="46.144249" lon="-91.308653">
        <ele>451.0</ele>
      </trkpt>
      <trkpt lat="46.14433" lon="-91.308628">
        <ele>450.0</ele>
      </trkpt>
      <trkpt lat="46.144492" lon="-91.308569">
        <ele>450.0</ele>
      </trkpt>
      <trkpt lat="46.144565" lon="-91.308539">
        <ele>450.0</ele>
      </trkpt>
      <trkpt lat="46.144627" lon="-91.308532">
        <ele>449.0</ele>
      </trkpt>
      <trkpt lat="46.144696" lon="-91.308556">
        <ele>449.0</ele>
      </trkpt>
      <trkpt lat="46.144779" lon="-91.308593">
        <ele>449.0</ele>
      </trkpt>
      <trkpt lat="46.144836" lon="-91.308641">
        <ele>449.0</ele>
      </trkpt>
      <trkpt lat="46.144884" lon="-91.3087">
        <ele>448.0</ele>
      </trkpt>
      <trkpt lat="46.144952" lon="-91.308804">
        <ele>448.0</ele>
      </trkpt>
      <trkpt lat="46.145016" lon="-91.308889">
        <ele>447.0</ele>
      </trkpt>
      <trkpt lat="46.145099" lon="-91.308962">
        <ele>445.0</ele>
      </trkpt>
      <trkpt lat="46.145199" lon="-91.309042">
        <ele>443.0</ele>
      </trkpt>
      <trkpt lat="46.145298" lon="-91.309095">
        <ele>442.0</ele>
      </trkpt>
      <trkpt lat="46.145475" lon="-91.309212">
        <ele>439.0</ele>
      </trkpt>
      <trkpt lat="46.145549" lon="-91.309256">
        <ele>437.0</ele>
      </trkpt>
      <trkpt lat="46.145605" lon="-91.309266">
        <ele>437.0</ele>
      </trkpt>
      <trkpt lat="46.14567" lon="-91.309305">
        <ele>437.0</ele>
      </trkpt>
      <trkpt lat="46.145741" lon="-91.309334">
        <ele>436.0</ele>
      </trkpt>
      <trkpt lat="46.145836" lon="-91.309344">
        <ele>435.0</ele>
      </trkpt>
      <trkpt lat="46.145923" lon="-91.30937">
        <ele>435.0</ele>
      </trkpt>
      <trkpt lat="46.146124" lon="-91.309371">
        <ele>434.0</ele>
      </trkpt>
      <trkpt lat="46.14622" lon="-91.309363">
        <ele>434.0</ele>
      </trkpt>
      <trkpt lat="46.146314" lon="-91.309329">
        <ele>433.0</ele>
      </trkpt>
      <trkpt lat="46.146395" lon="-91.309288">
        <ele>433.0</ele>
      </trkpt>
      <trkpt lat="46.146467" lon="-91.309217">
        <ele>434.0</ele>
      </trkpt>
      <trkpt lat="46.146533" lon="-91.309128">
        <ele>435.0</ele>
      </trkpt>
      <trkpt lat="46.146571" lon="-91.309027">
        <ele>435.0</ele>
      </trkpt>
      <trkpt lat="46.146601" lon="-91.30893">
        <ele>436.0</ele>
      </trkpt>
      <trkpt lat="46.146618" lon="-91.308845">
        <ele>437.0</ele>
      </trkpt>
      <trkpt lat="46.146684" lon="-91.308646">
        <ele>440.0</ele>
      </trkpt>
      <trkpt lat="46.146727" lon="-91.308563">
        <ele>441.0</ele>
      </trkpt>
      <trkpt lat="46.146782" lon="-91.308491">
        <ele>441.0</ele>
      </trkpt>
      <trkpt lat="46.146847" lon="-91.308434">
        <ele>442.0</ele>
      </trkpt>
      <trkpt lat="46.147151" lon="-91.308255">
        <ele>441.0</ele>
      </trkpt>
      <trkpt lat="46.147309" lon="-91.308182">
        <ele>442.0</ele>
      </trkpt>
      <trkpt lat="46.147364" lon="-91.308149">
        <ele>442.0</ele>
      </trkpt>
      <trkpt lat="46.147443" lon="-91.308185">
        <ele>442.0</ele>
      </trkpt>
      <trkpt lat="46.147517" lon="-91.308231">
        <ele>442.0</ele>
      </trkpt>
      <trkpt lat="46.147586" lon="-91.308284">
        <ele>442.0</ele>
      </trkpt>
      <trkpt lat="46.14765" lon="-91.308315">
        <ele>442.0</ele>
      </trkpt>
      <trkpt lat="46.147721" lon="-91.308365">
        <ele>442.0</ele>
      </trkpt>
      <trkpt lat="46.147798" lon="-91.308383">
        <ele>442.0</ele>
      </trkpt>
      <trkpt lat="46.147879" lon="-91.308394">
        <ele>441.0</ele>
      </trkpt>
      <trkpt lat="46.147967" lon="-91.308387">
        <ele>441.0</ele>
      </trkpt>
      <trkpt lat="46.148151" lon="-91.308398">
        <ele>440.0</ele>
      </trkpt>
      <trkpt lat="46.148328" lon="-91.308425">
        <ele>440.0</ele>
      </trkpt>
      <trkpt lat="46.14841" lon="-91.308408">
        <ele>440.0</ele>
      </trkpt>
      <trkpt lat="46.14851" lon="-91.308382">
        <ele>441.0</ele>
      </trkpt>
      <trkpt lat="46.148583" lon="-91.308348">
        <ele>441.0</ele>
      </trkpt>
      <trkpt lat="46.148663" lon="-91.30829">
        <ele>442.0</ele>
      </trkpt>
      <trkpt lat="46.148737" lon="-91.308214">
        <ele>444.0</ele>
      </trkpt>
      <trkpt lat="46.148787" lon="-91.308121">
        <ele>444.0</ele>
      </trkpt>
      <trkpt lat="46.148823" lon="-91.308006">
        <ele>445.0</ele>
      </trkpt>
      <trkpt lat="46.148838" lon="-91.307894">
        <ele>446.0</ele>
      </trkpt>
      <trkpt lat="46.148897" lon="-91.307594">
        <ele>448.0</ele>
      </trkpt>
      <trkpt lat="46.148917" lon="-91.307462">
        <ele>449.0</ele>
      </trkpt>
      <trkpt lat="46.148969" lon="-91.307302">
        <ele>450.0</ele>
      </trkpt>
      <trkpt lat="46.149028" lon="-91.307186">
        <ele>451.0</ele>
      </trkpt>
      <trkpt lat="46.149074" lon="-91.307081">
        <ele>451.0</ele>
      </trkpt>
      <trkpt lat="46.149138" lon="-91.307">
        <ele>452.0</ele>
      </trkpt>
      <trkpt lat="46.149207" lon="-91.306963">
        <ele>453.0</ele>
      </trkpt>
      <trkpt lat="46.149373" lon="-91.306933">
        <ele>455.0</ele>
      </trkpt>
      <trkpt lat="46.149456" lon="-91.306909">
        <ele>455.0</ele>
      </trkpt>
      <trkpt lat="46.149546" lon="-91.306892">
        <ele>456.0</ele>
      </trkpt>
      <trkpt lat="46.149739" lon="-91.306866">
        <ele>457.0</ele>
      </trkpt>
      <trkpt lat="46.149829" lon="-91.306814">
        <ele>459.0</ele>
      </trkpt>
      <trkpt lat="46.149911" lon="-91.306783">
        <ele>460.0</ele>
      </trkpt>
      <trkpt lat="46.149987" lon="-91.306757">
        <ele>461.0</ele>
      </trkpt>
      <trkpt lat="46.15007" lon="-91.306739">
        <ele>462.0</ele>
      </trkpt>
      <trkpt lat="46.150246" lon="-91.306685">
        <ele>463.0</ele>
      </trkpt>
      <trkpt lat="46.150335" lon="-91.306683">
        <ele>463.0</ele>
      </trkpt>
      <trkpt lat="46.15042" lon="-91.306702">
        <ele>463.0</ele>
      </trkpt>
      <trkpt lat="46.150512" lon="-91.306685">
        <ele>463.0</ele>
      </trkpt>
      <trkpt lat="46.150672" lon="-91.306618">
        <ele>464.0</ele>
      </trkpt>
      <trkpt lat="46.150733" lon="-91.306568">
        <ele>464.0</ele>
      </trkpt>
      <trkpt lat="46.150797" lon="-91.306488">
        <ele>466.0</ele>
      </trkpt>
      <trkpt lat="46.150857" lon="-91.306421">
        <ele>467.0</ele>
      </trkpt>
      <trkpt lat="46.150909" lon="-91.306374">
        <ele>468.0</ele>
      </trkpt>
      <trkpt lat="46.150971" lon="-91.306332">
        <ele>469.0</ele>
      </trkpt>
      <trkpt lat="46.151034" lon="-91.306315">
        <ele>470.0</ele>
      </trkpt>
      <trkpt lat="46.151096" lon="-91.306306">
        <ele>471.0</ele>
      </trkpt>
      <trkpt lat="46.151162" lon="-91.306303">
        <ele>472.0</ele>
      </trkpt>
      <trkpt lat="46.151219" lon="-91.306345">
        <ele>473.0</ele>
      </trkpt>
      <trkpt lat="46.15129" lon="-91.30639">
        <ele>474.0</ele>
      </trkpt>
      <trkpt lat="46.151347" lon="-91.306434">
        <ele>474.0</ele>
      </trkpt>
      <trkpt lat="46.151407" lon="-91.306488">
        <ele>474.0</ele>
      </trkpt>
      <trkpt lat="46.151463" lon="-91.30657">
        <ele>473.0</ele>
      </trkpt>
      <trkpt lat="46.151528" lon="-91.306636">
        <ele>473.0</ele>
      </trkpt>
      <trkpt lat="46.151585" lon="-91.306721">
        <ele>473.0</ele>
      </trkpt>
      <trkpt lat="46.151652" lon="-91.306793">
        <ele>473.0</ele>
      </trkpt>
      <trkpt lat="46.151799" lon="-91.30693">
        <ele>472.0</ele>
      </trkpt>
      <trkpt lat="46.151878" lon="-91.306975">
        <ele>472.0</ele>
      </trkpt>
      <trkpt lat="46.151964" lon="-91.307012">
        <ele>473.0</ele>
      </trkpt>
      <trkpt lat="46.15204" lon="-91.307019">
        <ele>473.0</ele>
      </trkpt>
      <trkpt lat="46.152069" lon="-91.30701">
        <ele>474.0</ele>
      </trkpt>
      <trkpt lat="46.152066" lon="-91.307009">
        <ele>474.0</ele>
      </trkpt>
      <trkpt lat="46.152163" lon="-91.307018">
        <ele>475.0</ele>
      </trkpt>
      <trkpt lat="46.15221" lon="-91.307008">
        <ele>475.0</ele>
      </trkpt>
      <trkpt lat="46.152252" lon="-91.307004">
        <ele>476.0</ele>
      </trkpt>
      <trkpt lat="46.152319" lon="-91.306968">
        <ele>477.0</ele>
      </trkpt>
      <trkpt lat="46.152441" lon="-91.306913">
        <ele>478.0</ele>
      </trkpt>
      <trkpt lat="46.152505" lon="-91.306878">
        <ele>479.0</ele>
      </trkpt>
      <trkpt lat="46.15259" lon="-91.306811">
        <ele>480.0</ele>
      </trkpt>
      <trkpt lat="46.15267" lon="-91.306703">
        <ele>481.0</ele>
      </trkpt>
      <trkpt lat="46.152711" lon="-91.306642">
        <ele>481.0</ele>
      </trkpt>
      <trkpt lat="46.152798" lon="-91.306476">
        <ele>482.0</ele>
      </trkpt>
      <trkpt lat="46.15283" lon="-91.306399">
        <ele>482.0</ele>
      </trkpt>
      <trkpt lat="46.152944" lon="-91.306162">
        <ele>484.0</ele>
      </trkpt>
      <trkpt lat="46.15298" lon="-91.306095">
        <ele>484.0</ele>
      </trkpt>
      <trkpt lat="46.153074" lon="-91.305934">
        <ele>485.0</ele>
      </trkpt>
      <trkpt lat="46.153161" lon="-91.305816">
        <ele>485.0</ele>
      </trkpt>
      <trkpt lat="46.153204" lon="-91.305747">
        <ele>486.0</ele>
      </trkpt>
      <trkpt lat="46.153235" lon="-91.305674">
        <ele>486.0</ele>
      </trkpt>
      <trkpt lat="46.153339" lon="-91.305489">
        <ele>487.0</ele>
      </trkpt>
      <trkpt lat="46.15339" lon="-91.305366">
        <ele>487.0</ele>
      </trkpt>
      <trkpt lat="46.153423" lon="-91.305317">
        <ele>486.0</ele>
      </trkpt>
      <trkpt lat="46.153454" lon="-91.305199">
        <ele>486.0</ele>
      </trkpt>
      <trkpt lat="46.153479" lon="-91.305131">
        <ele>485.0</ele>
      </trkpt>
      <trkpt lat="46.153517" lon="-91.304991">
        <ele>484.0</ele>
      </trkpt>
      <trkpt lat="46.153521" lon="-91.30491">
        <ele>483.0</ele>
      </trkpt>
      <trkpt lat="46.153534" lon="-91.304841">
        <ele>482.0</ele>
      </trkpt>
      <trkpt lat="46.153554" lon="-91.304764">
        <ele>481.0</ele>
      </trkpt>
      <trkpt lat="46.153552" lon="-91.30467">
        <ele>481.0</ele>
      </trkpt>
      <trkpt lat="46.153539" lon="-91.304579">
        <ele>480.0</ele>
      </trkpt>
      <trkpt lat="46.153542" lon="-91.30449">
        <ele>480.0</ele>
      </trkpt>
      <trkpt lat="46.153533" lon="-91.304388">
        <ele>479.0</ele>
      </trkpt>
      <trkpt lat="46.153513" lon="-91.304271">
        <ele>479.0</ele>
      </trkpt>
      <trkpt lat="46.153517" lon="-91.304157">
        <ele>478.0</ele>
      </trkpt>
      <trkpt lat="46.153493" lon="-91.30406">
        <ele>478.0</ele>
      </trkpt>
      <trkpt lat="46.153475" lon="-91.303968">
        <ele>479.0</ele>
      </trkpt>
      <trkpt lat="46.153434" lon="-91.303864">
        <ele>479.0</ele>
      </trkpt>
      <trkpt lat="46.153416" lon="-91.303786">
        <ele>479.0</ele>
      </trkpt>
      <trkpt lat="46.153386" lon="-91.303708">
        <ele>480.0</ele>
      </trkpt>
      <trkpt lat="46.1533" lon="-91.303531">
        <ele>480.0</ele>
      </trkpt>
      <trkpt lat="46.153278" lon="-91.30347">
        <ele>479.0</ele>
      </trkpt>
      <trkpt lat="46.153275" lon="-91.303343">
        <ele>478.0</ele>
      </trkpt>
      <trkpt lat="46.15324" lon="-91.303149">
        <ele>477.0</ele>
      </trkpt>
      <trkpt lat="46.153233" lon="-91.303053">
        <ele>477.0</ele>
      </trkpt>
      <trkpt lat="46.153233" lon="-91.302962">
        <ele>477.0</ele>
      </trkpt>
      <trkpt lat="46.153219" lon="-91.302872">
        <ele>476.0</ele>
      </trkpt>
      <trkpt lat="46.153235" lon="-91.302773">
        <ele>476.0</ele>
      </trkpt>
      <trkpt lat="46.153221" lon="-91.30268">
        <ele>476.0</ele>
      </trkpt>
      <trkpt lat="46.153239" lon="-91.302596">
        <ele>476.0</ele>
      </trkpt>
      <trkpt lat="46.153247" lon="-91.302497">
        <ele>476.0</ele>
      </trkpt>
      <trkpt lat="46.153252" lon="-91.302394">
        <ele>476.0</ele>
      </trkpt>
      <trkpt lat="46.153253" lon="-91.302168">
        <ele>476.0</ele>
      </trkpt>
      <trkpt lat="46.153236" lon="-91.302069">
        <ele>476.0</ele>
      </trkpt>
      <trkpt lat="46.153233" lon="-91.301987">
        <ele>477.0</ele>
      </trkpt>
      <trkpt lat="46.153199" lon="-91.301909">
        <ele>478.0</ele>
      </trkpt>
      <trkpt lat="46.153187" lon="-91.301758">
        <ele>478.0</ele>
      </trkpt>
      <trkpt lat="46.153188" lon="-91.301678">
        <ele>478.0</ele>
      </trkpt>
      <trkpt lat="46.153219" lon="-91.30158">
        <ele>479.0</ele>
      </trkpt>
      <trkpt lat="46.153241" lon="-91.301487">
        <ele>480.0</ele>
      </trkpt>
      <trkpt lat="46.153262" lon="-91.301416">
        <ele>481.0</ele>
      </trkpt>
      <trkpt lat="46.153319" lon="-91.301286">
        <ele>482.0</ele>
      </trkpt>
      <trkpt lat="46.153342" lon="-91.301219">
        <ele>482.0</ele>
      </trkpt>
      <trkpt lat="46.153368" lon="-91.301161">
        <ele>483.0</ele>
      </trkpt>
      <trkpt lat="46.153413" lon="-91.301088">
        <ele>483.0</ele>
      </trkpt>
      <trkpt lat="46.153492" lon="-91.300901">
        <ele>482.0</ele>
      </trkpt>
      <trkpt lat="46.153506" lon="-91.300794">
        <ele>482.0</ele>
      </trkpt>
      <trkpt lat="46.153532" lon="-91.300707">
        <ele>481.0</ele>
      </trkpt>
      <trkpt lat="46.153545" lon="-91.300624">
        <ele>481.0</ele>
      </trkpt>
      <trkpt lat="46.153541" lon="-91.300543">
        <ele>481.0</ele>
      </trkpt>
      <trkpt lat="46.153543" lon="-91.300472">
        <ele>481.0</ele>
      </trkpt>
      <trkpt lat="46.153533" lon="-91.300331">
        <ele>482.0</ele>
      </trkpt>
      <trkpt lat="46.153523" lon="-91.30023">
        <ele>482.0</ele>
      </trkpt>
      <trkpt lat="46.153502" lon="-91.300144">
        <ele>483.0</ele>
      </trkpt>
      <trkpt lat="46.153505" lon="-91.30007">
        <ele>482.0</ele>
      </trkpt>
      <trkpt lat="46.153493" lon="-91.299997">
        <ele>482.0</ele>
      </trkpt>
      <trkpt lat="46.153474" lon="-91.299922">
        <ele>482.0</ele>
      </trkpt>
      <trkpt lat="46.15345" lon="-91.299849">
        <ele>482.0</ele>
      </trkpt>
      <trkpt lat="46.153399" lon="-91.299775">
        <ele>482.0</ele>
      </trkpt>
      <trkpt lat="46.153377" lon="-91.299717">
        <ele>482.0</ele>
      </trkpt>
      <trkpt lat="46.153322" lon="-91.299657">
        <ele>482.0</ele>
      </trkpt>
      <trkpt lat="46.153246" lon="-91.299598">
        <ele>482.0</ele>
      </trkpt>
      <trkpt lat="46.153192" lon="-91.299541">
        <ele>482.0</ele>
      </trkpt>
      <trkpt lat="46.153074" lon="-91.299428">
        <ele>481.0</ele>
      </trkpt>
      <trkpt lat="46.152984" lon="-91.299266">
        <ele>482.0</ele>
      </trkpt>
      <trkpt lat="46.152964" lon="-91.299176">
        <ele>482.0</ele>
      </trkpt>
      <trkpt lat="46.152898" lon="-91.29897">
        <ele>483.0</ele>
      </trkpt>
      <trkpt lat="46.152848" lon="-91.298786">
        <ele>484.0</ele>
      </trkpt>
      <trkpt lat="46.152838" lon="-91.298713">
        <ele>485.0</ele>
      </trkpt>
      <trkpt lat="46.152839" lon="-91.298641">
        <ele>486.0</ele>
      </trkpt>
      <trkpt lat="46.152884" lon="-91.29848">
        <ele>488.0</ele>
      </trkpt>
      <trkpt lat="46.152913" lon="-91.298414">
        <ele>489.0</ele>
      </trkpt>
      <trkpt lat="46.152927" lon="-91.298364">
        <ele>489.0</ele>
      </trkpt>
      <trkpt lat="46.152968" lon="-91.298298">
        <ele>489.0</ele>
      </trkpt>
      <trkpt lat="46.153002" lon="-91.298279">
        <ele>490.0</ele>
      </trkpt>
      <trkpt lat="46.153028" lon="-91.298257">
        <ele>490.0</ele>
      </trkpt>
      <trkpt lat="46.153078" lon="-91.298194">
        <ele>489.0</ele>
      </trkpt>
      <trkpt lat="46.15311" lon="-91.298143">
        <ele>489.0</ele>
      </trkpt>
      <trkpt lat="46.153181" lon="-91.298013">
        <ele>489.0</ele>
      </trkpt>
      <trkpt lat="46.153231" lon="-91.297963">
        <ele>488.0</ele>
      </trkpt>
      <trkpt lat="46.153285" lon="-91.297916">
        <ele>487.0</ele>
      </trkpt>
      <trkpt lat="46.153351" lon="-91.297872">
        <ele>486.0</ele>
      </trkpt>
      <trkpt lat="46.153478" lon="-91.297724">
        <ele>485.0</ele>
      </trkpt>
      <trkpt lat="46.153543" lon="-91.297637">
        <ele>484.0</ele>
      </trkpt>
      <trkpt lat="46.153618" lon="-91.297552">
        <ele>482.0</ele>
      </trkpt>
      <trkpt lat="46.153761" lon="-91.297417">
        <ele>481.0</ele>
      </trkpt>
      <trkpt lat="46.153823" lon="-91.297367">
        <ele>482.0</ele>
      </trkpt>
      <trkpt lat="46.153884" lon="-91.297328">
        <ele>482.0</ele>
      </trkpt>
      <trkpt lat="46.153975" lon="-91.297213">
        <ele>484.0</ele>
      </trkpt>
      <trkpt lat="46.154014" lon="-91.297154">
        <ele>485.0</ele>
      </trkpt>
      <trkpt lat="46.15405" lon="-91.297078">
        <ele>486.0</ele>
      </trkpt>
      <trkpt lat="46.154106" lon="-91.296911">
        <ele>489.0</ele>
      </trkpt>
      <trkpt lat="46.154149" lon="-91.296778">
        <ele>489.0</ele>
      </trkpt>
      <trkpt lat="46.154185" lon="-91.296622">
        <ele>489.0</ele>
      </trkpt>
      <trkpt lat="46.154222" lon="-91.29654">
        <ele>489.0</ele>
      </trkpt>
      <trkpt lat="46.154261" lon="-91.296394">
        <ele>490.0</ele>
      </trkpt>
      <trkpt lat="46.154297" lon="-91.296319">
        <ele>490.0</ele>
      </trkpt>
      <trkpt lat="46.154329" lon="-91.296234">
        <ele>490.0</ele>
      </trkpt>
      <trkpt lat="46.154378" lon="-91.296158">
        <ele>490.0</ele>
      </trkpt>
      <trkpt lat="46.1544" lon="-91.296093">
        <ele>490.0</ele>
      </trkpt>
      <trkpt lat="46.154419" lon="-91.296018">
        <ele>491.0</ele>
      </trkpt>
      <trkpt lat="46.15447" lon="-91.295844">
        <ele>491.0</ele>
      </trkpt>
      <trkpt lat="46.154461" lon="-91.295761">
        <ele>491.0</ele>
      </trkpt>
      <trkpt lat="46.154432" lon="-91.295619">
        <ele>491.0</ele>
      </trkpt>
      <trkpt lat="46.154397" lon="-91.295413">
        <ele>491.0</ele>
      </trkpt>
      <trkpt lat="46.154401" lon="-91.295337">
        <ele>490.0</ele>
      </trkpt>
      <trkpt lat="46.15437" lon="-91.295174">
        <ele>489.0</ele>
      </trkpt>
      <trkpt lat="46.154304" lon="-91.294964">
        <ele>488.0</ele>
      </trkpt>
      <trkpt lat="46.154266" lon="-91.294857">
        <ele>488.0</ele>
      </trkpt>
      <trkpt lat="46.154227" lon="-91.294774">
        <ele>488.0</ele>
      </trkpt>
      <trkpt lat="46.154174" lon="-91.294593">
        <ele>489.0</ele>
      </trkpt>
      <trkpt lat="46.154139" lon="-91.294506">
        <ele>490.0</ele>
      </trkpt>
      <trkpt lat="46.154115" lon="-91.294416">
        <ele>491.0</ele>
      </trkpt>
      <trkpt lat="46.154083" lon="-91.294348">
        <ele>491.0</ele>
      </trkpt>
      <trkpt lat="46.154037" lon="-91.294283">
        <ele>491.0</ele>
      </trkpt>
      <trkpt lat="46.15397" lon="-91.294243">
        <ele>491.0</ele>
      </trkpt>
      <trkpt lat="46.153885" lon="-91.294222">
        <ele>490.0</ele>
      </trkpt>
      <trkpt lat="46.153722" lon="-91.294232">
        <ele>491.0</ele>
      </trkpt>
      <trkpt lat="46.15341" lon="-91.294228">
        <ele>494.0</ele>
      </trkpt>
      <trkpt lat="46.153319" lon="-91.29422">
        <ele>495.0</ele>
      </trkpt>
      <trkpt lat="46.153146" lon="-91.294176">
        <ele>498.0</ele>
      </trkpt>
      <trkpt lat="46.153082" lon="-91.294139">
        <ele>499.0</ele>
      </trkpt>
      <trkpt lat="46.153011" lon="-91.29411">
        <ele>500.0</ele>
      </trkpt>
      <trkpt lat="46.152947" lon="-91.294079">
        <ele>501.0</ele>
      </trkpt>
      <trkpt lat="46.152899" lon="-91.294033">
        <ele>502.0</ele>
      </trkpt>
      <trkpt lat="46.15284" lon="-91.293997">
        <ele>503.0</ele>
      </trkpt>
      <trkpt lat="46.152793" lon="-91.293949">
        <ele>504.0</ele>
      </trkpt>
      <trkpt lat="46.152703" lon="-91.293921">
        <ele>505.0</ele>
      </trkpt>
      <trkpt lat="46.152682" lon="-91.29391">
        <ele>505.0</ele>
      </trkpt>
      <trkpt lat="46.15265" lon="-91.29387">
        <ele>505.0</ele>
      </trkpt>
      <trkpt lat="46.152584" lon="-91.293824">
        <ele>506.0</ele>
      </trkpt>
      <trkpt lat="46.152566" lon="-91.293818">
        <ele>506.0</ele>
      </trkpt>
      <trkpt lat="46.152484" lon="-91.29381">
        <ele>506.0</ele>
      </trkpt>
      <trkpt lat="46.15245" lon="-91.293812">
        <ele>506.0</ele>
      </trkpt>
      <trkpt lat="46.152379" lon="-91.293806">
        <ele>507.0</ele>
      </trkpt>
      <trkpt lat="46.152258" lon="-91.293788">
        <ele>507.0</ele>
      </trkpt>
      <trkpt lat="46.152189" lon="-91.293772">
        <ele>507.0</ele>
      </trkpt>
      <trkpt lat="46.152085" lon="-91.293756">
        <ele>507.0</ele>
      </trkpt>
      <trkpt lat="46.152052" lon="-91.293748">
        <ele>506.0</ele>
      </trkpt>
      <trkpt lat="46.151986" lon="-91.293715">
        <ele>506.0</ele>
      </trkpt>
      <trkpt lat="46.151968" lon="-91.293705">
        <ele>506.0</ele>
      </trkpt>
      <trkpt lat="46.151921" lon="-91.293647">
        <ele>505.0</ele>
      </trkpt>
      <trkpt lat="46.151906" lon="-91.293605">
        <ele>505.0</ele>
      </trkpt>
      <trkpt lat="46.151906" lon="-91.293556">
        <ele>505.0</ele>
      </trkpt>
      <trkpt lat="46.151898" lon="-91.293495">
        <ele>505.0</ele>
      </trkpt>
      <trkpt lat="46.151924" lon="-91.2934">
        <ele>504.0</ele>
      </trkpt>
      <trkpt lat="46.151967" lon="-91.293335">
        <ele>504.0</ele>
      </trkpt>
      <trkpt lat="46.152007" lon="-91.293263">
        <ele>505.0</ele>
      </trkpt>
      <trkpt lat="46.152035" lon="-91.293187">
        <ele>505.0</ele>
      </trkpt>
      <trkpt lat="46.152074" lon="-91.293111">
        <ele>505.0</ele>
      </trkpt>
      <trkpt lat="46.152117" lon="-91.293016">
        <ele>505.0</ele>
      </trkpt>
      <trkpt lat="46.152136" lon="-91.292916">
        <ele>505.0</ele>
      </trkpt>
      <trkpt lat="46.152233" lon="-91.292625">
        <ele>507.0</ele>
      </trkpt>
      <trkpt lat="46.152265" lon="-91.292455">
        <ele>507.0</ele>
      </trkpt>
      <trkpt lat="46.152276" lon="-91.292437">
        <ele>508.0</ele>
      </trkpt>
      <trkpt lat="46.152277" lon="-91.292426">
        <ele>508.0</ele>
      </trkpt>
      <trkpt lat="46.152288" lon="-91.292403">
        <ele>508.0</ele>
      </trkpt>
      <trkpt lat="46.152314" lon="-91.292329">
        <ele>508.0</ele>
      </trkpt>
      <trkpt lat="46.152336" lon="-91.29229">
        <ele>508.0</ele>
      </trkpt>
      <trkpt lat="46.152346" lon="-91.292287">
        <ele>508.0</ele>
      </trkpt>
      <trkpt lat="46.152351" lon="-91.29229">
        <ele>508.0</ele>
      </trkpt>
      <trkpt lat="46.152356" lon="-91.292274">
        <ele>508.0</ele>
      </trkpt>
      <trkpt lat="46.152353" lon="-91.292257">
        <ele>508.0</ele>
      </trkpt>
      <trkpt lat="46.152406" lon="-91.292178">
        <ele>509.0</ele>
      </trkpt>
      <trkpt lat="46.152442" lon="-91.292148">
        <ele>508.0</ele>
      </trkpt>
      <trkpt lat="46.152483" lon="-91.292106">
        <ele>508.0</ele>
      </trkpt>
      <trkpt lat="46.152537" lon="-91.292061">
        <ele>508.0</ele>
      </trkpt>
      <trkpt lat="46.152595" lon="-91.292022">
        <ele>508.0</ele>
      </trkpt>
      <trkpt lat="46.152658" lon="-91.29199">
        <ele>508.0</ele>
      </trkpt>
      <trkpt lat="46.15288" lon="-91.291929">
        <ele>508.0</ele>
      </trkpt>
      <trkpt lat="46.153129" lon="-91.29187">
        <ele>508.0</ele>
      </trkpt>
      <trkpt lat="46.153222" lon="-91.291851">
        <ele>507.0</ele>
      </trkpt>
      <trkpt lat="46.1533" lon="-91.291808">
        <ele>507.0</ele>
      </trkpt>
      <trkpt lat="46.153435" lon="-91.291672">
        <ele>507.0</ele>
      </trkpt>
      <trkpt lat="46.153507" lon="-91.291586">
        <ele>507.0</ele>
      </trkpt>
      <trkpt lat="46.153636" lon="-91.29142">
        <ele>508.0</ele>
      </trkpt>
      <trkpt lat="46.153696" lon="-91.29134">
        <ele>507.0</ele>
      </trkpt>
      <trkpt lat="46.153811" lon="-91.291167">
        <ele>507.0</ele>
      </trkpt>
      <trkpt lat="46.153864" lon="-91.291068">
        <ele>506.0</ele>
      </trkpt>
      <trkpt lat="46.153906" lon="-91.290965">
        <ele>505.0</ele>
      </trkpt>
      <trkpt lat="46.153937" lon="-91.290842">
        <ele>505.0</ele>
      </trkpt>
      <trkpt lat="46.153962" lon="-91.290704">
        <ele>505.0</ele>
      </trkpt>
      <trkpt lat="46.153973" lon="-91.29057">
        <ele>504.0</ele>
      </trkpt>
      <trkpt lat="46.153978" lon="-91.290436">
        <ele>504.0</ele>
      </trkpt>
      <trkpt lat="46.153972" lon="-91.290317">
        <ele>504.0</ele>
      </trkpt>
      <trkpt lat="46.15396" lon="-91.290203">
        <ele>504.0</ele>
      </trkpt>
      <trkpt lat="46.153958" lon="-91.290091">
        <ele>504.0</ele>
      </trkpt>
      <trkpt lat="46.153965" lon="-91.28999">
        <ele>504.0</ele>
      </trkpt>
      <trkpt lat="46.153981" lon="-91.289864">
        <ele>504.0</ele>
      </trkpt>
      <trkpt lat="46.154002" lon="-91.289742">
        <ele>504.0</ele>
      </trkpt>
      <trkpt lat="46.154038" lon="-91.289635">
        <ele>505.0</ele>
      </trkpt>
      <trkpt lat="46.154078" lon="-91.289531">
        <ele>505.0</ele>
      </trkpt>
      <trkpt lat="46.154122" lon="-91.289431">
        <ele>504.0</ele>
      </trkpt>
      <trkpt lat="46.154156" lon="-91.289337">
        <ele>504.0</ele>
      </trkpt>
      <trkpt lat="46.154262" lon="-91.289177">
        <ele>503.0</ele>
      </trkpt>
      <trkpt lat="46.154322" lon="-91.289098">
        <ele>502.0</ele>
      </trkpt>
      <trkpt lat="46.154383" lon="-91.28904">
        <ele>502.0</ele>
      </trkpt>
      <trkpt lat="46.154436" lon="-91.288976">
        <ele>501.0</ele>
      </trkpt>
      <trkpt lat="46.154635" lon="-91.288796">
        <ele>498.0</ele>
      </trkpt>
      <trkpt lat="46.154709" lon="-91.288736">
        <ele>497.0</ele>
      </trkpt>
      <trkpt lat="46.154845" lon="-91.2886">
        <ele>495.0</ele>
      </trkpt>
      <trkpt lat="46.154908" lon="-91.288522">
        <ele>495.0</ele>
      </trkpt>
      <trkpt lat="46.155019" lon="-91.288346">
        <ele>493.0</ele>
      </trkpt>
      <trkpt lat="46.155066" lon="-91.288241">
        <ele>494.0</ele>
      </trkpt>
      <trkpt lat="46.155114" lon="-91.288146">
        <ele>494.0</ele>
      </trkpt>
      <trkpt lat="46.155296" lon="-91.287739">
        <ele>492.0</ele>
      </trkpt>
      <trkpt lat="46.155336" lon="-91.287637">
        <ele>493.0</ele>
      </trkpt>
      <trkpt lat="46.155383" lon="-91.287409">
        <ele>494.0</ele>
      </trkpt>
      <trkpt lat="46.155406" lon="-91.287079">
        <ele>496.0</ele>
      </trkpt>
      <trkpt lat="46.155408" lon="-91.286982">
        <ele>497.0</ele>
      </trkpt>
      <trkpt lat="46.155442" lon="-91.2867">
        <ele>498.0</ele>
      </trkpt>
      <trkpt lat="46.155468" lon="-91.286603">
        <ele>498.0</ele>
      </trkpt>
      <trkpt lat="46.155533" lon="-91.286405">
        <ele>498.0</ele>
      </trkpt>
      <trkpt lat="46.155593" lon="-91.286332">
        <ele>498.0</ele>
      </trkpt>
      <trkpt lat="46.155669" lon="-91.286285">
        <ele>498.0</ele>
      </trkpt>
      <trkpt lat="46.155742" lon="-91.286254">
        <ele>498.0</ele>
      </trkpt>
      <trkpt lat="46.15591" lon="-91.286215">
        <ele>497.0</ele>
      </trkpt>
      <trkpt lat="46.15608" lon="-91.286158">
        <ele>496.0</ele>
      </trkpt>
      <trkpt lat="46.156163" lon="-91.286122">
        <ele>496.0</ele>
      </trkpt>
      <trkpt lat="46.156257" lon="-91.286087">
        <ele>496.0</ele>
      </trkpt>
      <trkpt lat="46.156348" lon="-91.286045">
        <ele>496.0</ele>
      </trkpt>
      <trkpt lat="46.156434" lon="-91.285997">
        <ele>495.0</ele>
      </trkpt>
      <trkpt lat="46.156595" lon="-91.285879">
        <ele>494.0</ele>
      </trkpt>
      <trkpt lat="46.15669" lon="-91.285781">
        <ele>493.0</ele>
      </trkpt>
      <trkpt lat="46.15668" lon="-91.285732">
        <ele>493.0</ele>
      </trkpt>
      <trkpt lat="46.1564" lon="-91.285437">
        <ele>494.0</ele>
      </trkpt>
      <trkpt lat="46.156356" lon="-91.285415">
        <ele>494.0</ele>
      </trkpt>
      <trkpt lat="46.156311" lon="-91.285387">
        <ele>494.0</ele>
      </trkpt>
      <trkpt lat="46.156263" lon="-91.285352">
        <ele>494.0</ele>
      </trkpt>
      <trkpt lat="46.156216" lon="-91.285303">
        <ele>494.0</ele>
      </trkpt>
      <trkpt lat="46.156174" lon="-91.28525">
        <ele>494.0</ele>
      </trkpt>
      <trkpt lat="46.156123" lon="-91.285198">
        <ele>495.0</ele>
      </trkpt>
      <trkpt lat="46.156039" lon="-91.285094">
        <ele>495.0</ele>
      </trkpt>
      <trkpt lat="46.155999" lon="-91.285037">
        <ele>496.0</ele>
      </trkpt>
      <trkpt lat="46.155965" lon="-91.284961">
        <ele>496.0</ele>
      </trkpt>
      <trkpt lat="46.155934" lon="-91.284875">
        <ele>496.0</ele>
      </trkpt>
      <trkpt lat="46.155919" lon="-91.284788">
        <ele>497.0</ele>
      </trkpt>
      <trkpt lat="46.155828" lon="-91.284424">
        <ele>498.0</ele>
      </trkpt>
      <trkpt lat="46.155815" lon="-91.284345">
        <ele>498.0</ele>
      </trkpt>
      <trkpt lat="46.155786" lon="-91.284207">
        <ele>498.0</ele>
      </trkpt>
      <trkpt lat="46.155753" lon="-91.284132">
        <ele>499.0</ele>
      </trkpt>
      <trkpt lat="46.155709" lon="-91.284083">
        <ele>499.0</ele>
      </trkpt>
      <trkpt lat="46.155661" lon="-91.284016">
        <ele>500.0</ele>
      </trkpt>
      <trkpt lat="46.155609" lon="-91.283959">
        <ele>500.0</ele>
      </trkpt>
      <trkpt lat="46.155558" lon="-91.283914">
        <ele>501.0</ele>
      </trkpt>
      <trkpt lat="46.155504" lon="-91.283879">
        <ele>501.0</ele>
      </trkpt>
      <trkpt lat="46.155389" lon="-91.283839">
        <ele>500.0</ele>
      </trkpt>
      <trkpt lat="46.155281" lon="-91.283788">
        <ele>500.0</ele>
      </trkpt>
      <trkpt lat="46.155228" lon="-91.28374">
        <ele>499.0</ele>
      </trkpt>
      <trkpt lat="46.155123" lon="-91.283622">
        <ele>499.0</ele>
      </trkpt>
      <trkpt lat="46.155092" lon="-91.283558">
        <ele>499.0</ele>
      </trkpt>
      <trkpt lat="46.155051" lon="-91.283495">
        <ele>499.0</ele>
      </trkpt>
      <trkpt lat="46.154992" lon="-91.283449">
        <ele>498.0</ele>
      </trkpt>
      <trkpt lat="46.15493" lon="-91.283418">
        <ele>498.0</ele>
      </trkpt>
      <trkpt lat="46.154865" lon="-91.283395">
        <ele>498.0</ele>
      </trkpt>
      <trkpt lat="46.154747" lon="-91.283371">
        <ele>498.0</ele>
      </trkpt>
      <trkpt lat="46.154691" lon="-91.283355">
        <ele>497.0</ele>
      </trkpt>
      <trkpt lat="46.154629" lon="-91.28333">
        <ele>497.0</ele>
      </trkpt>
      <trkpt lat="46.154567" lon="-91.283288">
        <ele>497.0</ele>
      </trkpt>
      <trkpt lat="46.15451" lon="-91.283232">
        <ele>497.0</ele>
      </trkpt>
      <trkpt lat="46.154462" lon="-91.28316">
        <ele>496.0</ele>
      </trkpt>
      <trkpt lat="46.15442" lon="-91.28308">
        <ele>496.0</ele>
      </trkpt>
      <trkpt lat="46.154394" lon="-91.282998">
        <ele>496.0</ele>
      </trkpt>
      <trkpt lat="46.154356" lon="-91.28281">
        <ele>496.0</ele>
      </trkpt>
      <trkpt lat="46.154342" lon="-91.28271">
        <ele>496.0</ele>
      </trkpt>
      <trkpt lat="46.154319" lon="-91.28261">
        <ele>496.0</ele>
      </trkpt>
      <trkpt lat="46.154303" lon="-91.28252">
        <ele>495.0</ele>
      </trkpt>
      <trkpt lat="46.154283" lon="-91.282352">
        <ele>496.0</ele>
      </trkpt>
      <trkpt lat="46.154267" lon="-91.282093">
        <ele>496.0</ele>
      </trkpt>
      <trkpt lat="46.154259" lon="-91.282007">
        <ele>496.0</ele>
      </trkpt>
      <trkpt lat="46.154251" lon="-91.281773">
        <ele>496.0</ele>
      </trkpt>
      <trkpt lat="46.154239" lon="-91.281633">
        <ele>495.0</ele>
      </trkpt>
      <trkpt lat="46.154241" lon="-91.281486">
        <ele>495.0</ele>
      </trkpt>
      <trkpt lat="46.154255" lon="-91.281354">
        <ele>495.0</ele>
      </trkpt>
      <trkpt lat="46.154312" lon="-91.281173">
        <ele>495.0</ele>
      </trkpt>
      <trkpt lat="46.154313" lon="-91.281111">
        <ele>495.0</ele>
      </trkpt>
      <trkpt lat="46.154309" lon="-91.281041">
        <ele>495.0</ele>
      </trkpt>
      <trkpt lat="46.154331" lon="-91.280978">
        <ele>495.0</ele>
      </trkpt>
      <trkpt lat="46.154332" lon="-91.280901">
        <ele>496.0</ele>
      </trkpt>
      <trkpt lat="46.154325" lon="-91.280828">
        <ele>496.0</ele>
      </trkpt>
      <trkpt lat="46.15431" lon="-91.280754">
        <ele>496.0</ele>
      </trkpt>
      <trkpt lat="46.154308" lon="-91.280686">
        <ele>496.0</ele>
      </trkpt>
      <trkpt lat="46.154223" lon="-91.280455">
        <ele>495.0</ele>
      </trkpt>
      <trkpt lat="46.1542" lon="-91.280382">
        <ele>495.0</ele>
      </trkpt>
      <trkpt lat="46.15417" lon="-91.280323">
        <ele>495.0</ele>
      </trkpt>
      <trkpt lat="46.154144" lon="-91.280237">
        <ele>495.0</ele>
      </trkpt>
      <trkpt lat="46.154103" lon="-91.28008">
        <ele>495.0</ele>
      </trkpt>
      <trkpt lat="46.154095" lon="-91.279981">
        <ele>496.0</ele>
      </trkpt>
      <trkpt lat="46.154079" lon="-91.279893">
        <ele>496.0</ele>
      </trkpt>
      <trkpt lat="46.154051" lon="-91.279797">
        <ele>496.0</ele>
      </trkpt>
      <trkpt lat="46.154032" lon="-91.279709">
        <ele>497.0</ele>
      </trkpt>
      <trkpt lat="46.154012" lon="-91.279556">
        <ele>497.0</ele>
      </trkpt>
      <trkpt lat="46.154005" lon="-91.279477">
        <ele>497.0</ele>
      </trkpt>
      <trkpt lat="46.153984" lon="-91.279334">
        <ele>497.0</ele>
      </trkpt>
      <trkpt lat="46.153969" lon="-91.27918">
        <ele>497.0</ele>
      </trkpt>
      <trkpt lat="46.153952" lon="-91.279122">
        <ele>497.0</ele>
      </trkpt>
      <trkpt lat="46.153955" lon="-91.279038">
        <ele>496.0</ele>
      </trkpt>
      <trkpt lat="46.153944" lon="-91.278957">
        <ele>496.0</ele>
      </trkpt>
      <trkpt lat="46.15394" lon="-91.278865">
        <ele>495.0</ele>
      </trkpt>
      <trkpt lat="46.153923" lon="-91.278772">
        <ele>495.0</ele>
      </trkpt>
      <trkpt lat="46.153922" lon="-91.278609">
        <ele>494.0</ele>
      </trkpt>
      <trkpt lat="46.153925" lon="-91.278546">
        <ele>494.0</ele>
      </trkpt>
      <trkpt lat="46.153919" lon="-91.278487">
        <ele>493.0</ele>
      </trkpt>
      <trkpt lat="46.153907" lon="-91.278431">
        <ele>493.0</ele>
      </trkpt>
      <trkpt lat="46.153907" lon="-91.278295">
        <ele>492.0</ele>
      </trkpt>
      <trkpt lat="46.153901" lon="-91.278158">
        <ele>491.0</ele>
      </trkpt>
      <trkpt lat="46.153905" lon="-91.278099">
        <ele>491.0</ele>
      </trkpt>
      <trkpt lat="46.153891" lon="-91.278018">
        <ele>491.0</ele>
      </trkpt>
      <trkpt lat="46.153899" lon="-91.277949">
        <ele>490.0</ele>
      </trkpt>
      <trkpt lat="46.153889" lon="-91.277802">
        <ele>489.0</ele>
      </trkpt>
      <trkpt lat="46.153879" lon="-91.277735">
        <ele>489.0</ele>
      </trkpt>
      <trkpt lat="46.153887" lon="-91.277665">
        <ele>488.0</ele>
      </trkpt>
      <trkpt lat="46.153904" lon="-91.277591">
        <ele>488.0</ele>
      </trkpt>
      <trkpt lat="46.153907" lon="-91.277527">
        <ele>487.0</ele>
      </trkpt>
      <trkpt lat="46.153932" lon="-91.277458">
        <ele>487.0</ele>
      </trkpt>
      <trkpt lat="46.153943" lon="-91.277402">
        <ele>487.0</ele>
      </trkpt>
      <trkpt lat="46.153941" lon="-91.277345">
        <ele>487.0</ele>
      </trkpt>
      <trkpt lat="46.153973" lon="-91.27731">
        <ele>487.0</ele>
      </trkpt>
      <trkpt lat="46.154001" lon="-91.277236">
        <ele>486.0</ele>
      </trkpt>
      <trkpt lat="46.154015" lon="-91.277171">
        <ele>486.0</ele>
      </trkpt>
      <trkpt lat="46.154045" lon="-91.277107">
        <ele>486.0</ele>
      </trkpt>
      <trkpt lat="46.154065" lon="-91.277028">
        <ele>485.0</ele>
      </trkpt>
      <trkpt lat="46.154109" lon="-91.276971">
        <ele>485.0</ele>
      </trkpt>
      <trkpt lat="46.154119" lon="-91.276896">
        <ele>484.0</ele>
      </trkpt>
      <trkpt lat="46.154168" lon="-91.27677">
        <ele>484.0</ele>
      </trkpt>
      <trkpt lat="46.154204" lon="-91.276711">
        <ele>484.0</ele>
      </trkpt>
      <trkpt lat="46.154221" lon="-91.276643">
        <ele>484.0</ele>
      </trkpt>
      <trkpt lat="46.154258" lon="-91.276522">
        <ele>483.0</ele>
      </trkpt>
      <trkpt lat="46.154281" lon="-91.276464">
        <ele>483.0</ele>
      </trkpt>
      <trkpt lat="46.154301" lon="-91.276401">
        <ele>483.0</ele>
      </trkpt>
      <trkpt lat="46.154324" lon="-91.276346">
        <ele>483.0</ele>
      </trkpt>
      <trkpt lat="46.154341" lon="-91.276289">
        <ele>483.0</ele>
      </trkpt>
      <trkpt lat="46.154354" lon="-91.27623">
        <ele>483.0</ele>
      </trkpt>
      <trkpt lat="46.154374" lon="-91.276181">
        <ele>484.0</ele>
      </trkpt>
      <trkpt lat="46.154387" lon="-91.276122">
        <ele>484.0</ele>
      </trkpt>
      <trkpt lat="46.154407" lon="-91.276064">
        <ele>484.0</ele>
      </trkpt>
      <trkpt lat="46.154437" lon="-91.276025">
        <ele>484.0</ele>
      </trkpt>
      <trkpt lat="46.154462" lon="-91.275984">
        <ele>484.0</ele>
      </trkpt>
      <trkpt lat="46.154522" lon="-91.275909">
        <ele>483.0</ele>
      </trkpt>
      <trkpt lat="46.154589" lon="-91.275832">
        <ele>482.0</ele>
      </trkpt>
      <trkpt lat="46.154618" lon="-91.275793">
        <ele>482.0</ele>
      </trkpt>
      <trkpt lat="46.154657" lon="-91.275763">
        <ele>482.0</ele>
      </trkpt>
      <trkpt lat="46.154701" lon="-91.27567">
        <ele>482.0</ele>
      </trkpt>
      <trkpt lat="46.154764" lon="-91.275577">
        <ele>482.0</ele>
      </trkpt>
      <trkpt lat="46.154795" lon="-91.275525">
        <ele>481.0</ele>
      </trkpt>
      <trkpt lat="46.154816" lon="-91.275482">
        <ele>481.0</ele>
      </trkpt>
      <trkpt lat="46.154861" lon="-91.275446">
        <ele>480.0</ele>
      </trkpt>
      <trkpt lat="46.154892" lon="-91.275394">
        <ele>480.0</ele>
      </trkpt>
      <trkpt lat="46.154989" lon="-91.275248">
        <ele>480.0</ele>
      </trkpt>
      <trkpt lat="46.155067" lon="-91.275143">
        <ele>481.0</ele>
      </trkpt>
      <trkpt lat="46.155098" lon="-91.275083">
        <ele>481.0</ele>
      </trkpt>
      <trkpt lat="46.15516" lon="-91.274993">
        <ele>482.0</ele>
      </trkpt>
      <trkpt lat="46.155183" lon="-91.274942">
        <ele>482.0</ele>
      </trkpt>
      <trkpt lat="46.155208" lon="-91.274902">
        <ele>482.0</ele>
      </trkpt>
      <trkpt lat="46.155249" lon="-91.274865">
        <ele>483.0</ele>
      </trkpt>
      <trkpt lat="46.155305" lon="-91.274773">
        <ele>483.0</ele>
      </trkpt>
      <trkpt lat="46.155376" lon="-91.27463">
        <ele>484.0</ele>
      </trkpt>
      <trkpt lat="46.155416" lon="-91.274502">
        <ele>484.0</ele>
      </trkpt>
      <trkpt lat="46.155434" lon="-91.274364">
        <ele>484.0</ele>
      </trkpt>
      <trkpt lat="46.155458" lon="-91.274252">
        <ele>484.0</ele>
      </trkpt>
      <trkpt lat="46.155497" lon="-91.274203">
        <ele>484.0</ele>
      </trkpt>
      <trkpt lat="46.155487" lon="-91.274048">
        <ele>483.0</ele>
      </trkpt>
      <trkpt lat="46.155489" lon="-91.273957">
        <ele>482.0</ele>
      </trkpt>
      <trkpt lat="46.155515" lon="-91.273739">
        <ele>481.0</ele>
      </trkpt>
      <trkpt lat="46.155505" lon="-91.273649">
        <ele>480.0</ele>
      </trkpt>
      <trkpt lat="46.15551" lon="-91.273583">
        <ele>480.0</ele>
      </trkpt>
      <trkpt lat="46.155506" lon="-91.27352">
        <ele>480.0</ele>
      </trkpt>
      <trkpt lat="46.155492" lon="-91.273472">
        <ele>480.0</ele>
      </trkpt>
      <trkpt lat="46.155481" lon="-91.273405">
        <ele>480.0</ele>
      </trkpt>
      <trkpt lat="46.155481" lon="-91.273337">
        <ele>480.0</ele>
      </trkpt>
      <trkpt lat="46.155467" lon="-91.273263">
        <ele>481.0</ele>
      </trkpt>
      <trkpt lat="46.155467" lon="-91.273215">
        <ele>481.0</ele>
      </trkpt>
      <trkpt lat="46.155444" lon="-91.273099">
        <ele>481.0</ele>
      </trkpt>
      <trkpt lat="46.155438" lon="-91.272986">
        <ele>483.0</ele>
      </trkpt>
      <trkpt lat="46.155422" lon="-91.272895">
        <ele>484.0</ele>
      </trkpt>
      <trkpt lat="46.155422" lon="-91.272873">
        <ele>484.0</ele>
      </trkpt>
      <trkpt lat="46.155397" lon="-91.272676">
        <ele>485.0</ele>
      </trkpt>
      <trkpt lat="46.155387" lon="-91.272624">
        <ele>485.0</ele>
      </trkpt>
      <trkpt lat="46.15537" lon="-91.272565">
        <ele>485.0</ele>
      </trkpt>
      <trkpt lat="46.155364" lon="-91.272506">
        <ele>486.0</ele>
      </trkpt>
      <trkpt lat="46.155344" lon="-91.272431">
        <ele>485.0</ele>
      </trkpt>
      <trkpt lat="46.155344" lon="-91.272339">
        <ele>485.0</ele>
      </trkpt>
      <trkpt lat="46.155328" lon="-91.272277">
        <ele>485.0</ele>
      </trkpt>
      <trkpt lat="46.155268" lon="-91.272111">
        <ele>485.0</ele>
      </trkpt>
      <trkpt lat="46.155233" lon="-91.272029">
        <ele>485.0</ele>
      </trkpt>
      <trkpt lat="46.155204" lon="-91.271949">
        <ele>485.0</ele>
      </trkpt>
      <trkpt lat="46.155107" lon="-91.271743">
        <ele>485.0</ele>
      </trkpt>
      <trkpt lat="46.155073" lon="-91.271659">
        <ele>485.0</ele>
      </trkpt>
      <trkpt lat="46.155037" lon="-91.27159">
        <ele>485.0</ele>
      </trkpt>
      <trkpt lat="46.154993" lon="-91.271485">
        <ele>486.0</ele>
      </trkpt>
      <trkpt lat="46.154976" lon="-91.271425">
        <ele>487.0</ele>
      </trkpt>
      <trkpt lat="46.154953" lon="-91.271384">
        <ele>487.0</ele>
      </trkpt>
      <trkpt lat="46.154933" lon="-91.271321">
        <ele>487.0</ele>
      </trkpt>
      <trkpt lat="46.154906" lon="-91.271251">
        <ele>487.0</ele>
      </trkpt>
      <trkpt lat="46.154876" lon="-91.271186">
        <ele>487.0</ele>
      </trkpt>
      <trkpt lat="46.154824" lon="-91.271048">
        <ele>487.0</ele>
      </trkpt>
      <trkpt lat="46.154781" lon="-91.270955">
        <ele>487.0</ele>
      </trkpt>
      <trkpt lat="46.154757" lon="-91.270921">
        <ele>486.0</ele>
      </trkpt>
      <trkpt lat="46.154629" lon="-91.270645">
        <ele>484.0</ele>
      </trkpt>
      <trkpt lat="46.154603" lon="-91.27058">
        <ele>484.0</ele>
      </trkpt>
      <trkpt lat="46.15457" lon="-91.270524">
        <ele>484.0</ele>
      </trkpt>
      <trkpt lat="46.154516" lon="-91.270404">
        <ele>485.0</ele>
      </trkpt>
      <trkpt lat="46.154333" lon="-91.269897">
        <ele>485.0</ele>
      </trkpt>
      <trkpt lat="46.154301" lon="-91.269788">
        <ele>484.0</ele>
      </trkpt>
      <trkpt lat="46.154246" lon="-91.269547">
        <ele>486.0</ele>
      </trkpt>
      <trkpt lat="46.154233" lon="-91.269439">
        <ele>487.0</ele>
      </trkpt>
      <trkpt lat="46.1542" lon="-91.269223">
        <ele>488.0</ele>
      </trkpt>
      <trkpt lat="46.15413" lon="-91.268872">
        <ele>489.0</ele>
      </trkpt>
      <trkpt lat="46.154079" lon="-91.268648">
        <ele>489.0</ele>
      </trkpt>
      <trkpt lat="46.154041" lon="-91.268537">
        <ele>490.0</ele>
      </trkpt>
      <trkpt lat="46.154014" lon="-91.268425">
        <ele>491.0</ele>
      </trkpt>
      <trkpt lat="46.15393" lon="-91.268191">
        <ele>492.0</ele>
      </trkpt>
      <trkpt lat="46.153783" lon="-91.267856">
        <ele>493.0</ele>
      </trkpt>
      <trkpt lat="46.153618" lon="-91.267431">
        <ele>493.0</ele>
      </trkpt>
      <trkpt lat="46.153511" lon="-91.267145">
        <ele>493.0</ele>
      </trkpt>
      <trkpt lat="46.153484" lon="-91.267049">
        <ele>492.0</ele>
      </trkpt>
      <trkpt lat="46.153385" lon="-91.266577">
        <ele>489.0</ele>
      </trkpt>
      <trkpt lat="46.153256" lon="-91.266063">
        <ele>485.0</ele>
      </trkpt>
      <trkpt lat="46.153213" lon="-91.265944">
        <ele>485.0</ele>
      </trkpt>
      <trkpt lat="46.153159" lon="-91.265833">
        <ele>483.0</ele>
      </trkpt>
      <trkpt lat="46.153065" lon="-91.265611">
        <ele>483.0</ele>
      </trkpt>
      <trkpt lat="46.153018" lon="-91.265508">
        <ele>483.0</ele>
      </trkpt>
      <trkpt lat="46.152962" lon="-91.265432">
        <ele>482.0</ele>
      </trkpt>
      <trkpt lat="46.152899" lon="-91.265373">
        <ele>482.0</ele>
      </trkpt>
      <trkpt lat="46.152837" lon="-91.265347">
        <ele>481.0</ele>
      </trkpt>
      <trkpt lat="46.15277" lon="-91.265327">
        <ele>481.0</ele>
      </trkpt>
      <trkpt lat="46.152702" lon="-91.265288">
        <ele>480.0</ele>
      </trkpt>
      <trkpt lat="46.15264" lon="-91.265248">
        <ele>479.0</ele>
      </trkpt>
      <trkpt lat="46.152577" lon="-91.265176">
        <ele>479.0</ele>
      </trkpt>
      <trkpt lat="46.152522" lon="-91.265097">
        <ele>479.0</ele>
      </trkpt>
      <trkpt lat="46.152475" lon="-91.265012">
        <ele>478.0</ele>
      </trkpt>
      <trkpt lat="46.152417" lon="-91.26494">
        <ele>478.0</ele>
      </trkpt>
      <trkpt lat="46.152366" lon="-91.264859">
        <ele>477.0</ele>
      </trkpt>
      <trkpt lat="46.152323" lon="-91.264763">
        <ele>476.0</ele>
      </trkpt>
      <trkpt lat="46.15229" lon="-91.264654">
        <ele>476.0</ele>
      </trkpt>
      <trkpt lat="46.152203" lon="-91.264148">
        <ele>474.0</ele>
      </trkpt>
      <trkpt lat="46.152129" lon="-91.263538">
        <ele>475.0</ele>
      </trkpt>
      <trkpt lat="46.15212" lon="-91.263436">
        <ele>475.0</ele>
      </trkpt>
      <trkpt lat="46.152101" lon="-91.263322">
        <ele>475.0</ele>
      </trkpt>
      <trkpt lat="46.152083" lon="-91.263107">
        <ele>476.0</ele>
      </trkpt>
      <trkpt lat="46.152068" lon="-91.262763">
        <ele>477.0</ele>
      </trkpt>
      <trkpt lat="46.152048" lon="-91.262499">
        <ele>475.0</ele>
      </trkpt>
      <trkpt lat="46.15203" lon="-91.262104">
        <ele>473.0</ele>
      </trkpt>
      <trkpt lat="46.152014" lon="-91.261981">
        <ele>473.0</ele>
      </trkpt>
      <trkpt lat="46.151963" lon="-91.261753">
        <ele>472.0</ele>
      </trkpt>
      <trkpt lat="46.151891" lon="-91.261537">
        <ele>471.0</ele>
      </trkpt>
      <trkpt lat="46.151809" lon="-91.261278">
        <ele>470.0</ele>
      </trkpt>
      <trkpt lat="46.151772" lon="-91.261144">
        <ele>470.0</ele>
      </trkpt>
      <trkpt lat="46.151731" lon="-91.261023">
        <ele>470.0</ele>
      </trkpt>
      <trkpt lat="46.1517" lon="-91.260908">
        <ele>471.0</ele>
      </trkpt>
      <trkpt lat="46.151692" lon="-91.260796">
        <ele>471.0</ele>
      </trkpt>
      <trkpt lat="46.151686" lon="-91.260684">
        <ele>471.0</ele>
      </trkpt>
      <trkpt lat="46.151693" lon="-91.260583">
        <ele>472.0</ele>
      </trkpt>
      <trkpt lat="46.151699" lon="-91.260371">
        <ele>472.0</ele>
      </trkpt>
      <trkpt lat="46.151723" lon="-91.259827">
        <ele>471.0</ele>
      </trkpt>
      <trkpt lat="46.151723" lon="-91.259678">
        <ele>471.0</ele>
      </trkpt>
      <trkpt lat="46.151731" lon="-91.259397">
        <ele>471.0</ele>
      </trkpt>
      <trkpt lat="46.15173" lon="-91.25926">
        <ele>472.0</ele>
      </trkpt>
      <trkpt lat="46.151741" lon="-91.259005">
        <ele>473.0</ele>
      </trkpt>
      <trkpt lat="46.151735" lon="-91.258892">
        <ele>474.0</ele>
      </trkpt>
      <trkpt lat="46.151737" lon="-91.258779">
        <ele>474.0</ele>
      </trkpt>
      <trkpt lat="46.151742" lon="-91.258666">
        <ele>474.0</ele>
      </trkpt>
      <trkpt lat="46.151745" lon="-91.258422">
        <ele>474.0</ele>
      </trkpt>
      <trkpt lat="46.151754" lon="-91.258298">
        <ele>474.0</ele>
      </trkpt>
      <trkpt lat="46.151757" lon="-91.258175">
        <ele>474.0</ele>
      </trkpt>
      <trkpt lat="46.151762" lon="-91.257913">
        <ele>475.0</ele>
      </trkpt>
      <trkpt lat="46.151759" lon="-91.257784">
        <ele>475.0</ele>
      </trkpt>
      <trkpt lat="46.151781" lon="-91.257185">
        <ele>473.0</ele>
      </trkpt>
      <trkpt lat="46.151781" lon="-91.256983">
        <ele>475.0</ele>
      </trkpt>
      <trkpt lat="46.151785" lon="-91.256958">
        <ele>475.0</ele>
      </trkpt>
      <trkpt lat="46.151794" lon="-91.256935">
        <ele>475.0</ele>
      </trkpt>
      <trkpt lat="46.151837" lon="-91.256889">
        <ele>475.0</ele>
      </trkpt>
      <trkpt lat="46.151869" lon="-91.256878">
        <ele>475.0</ele>
      </trkpt>
      <trkpt lat="46.151876" lon="-91.256879">
        <ele>475.0</ele>
      </trkpt>
      <trkpt lat="46.151903" lon="-91.256896">
        <ele>474.0</ele>
      </trkpt>
      <trkpt lat="46.15202" lon="-91.256944">
        <ele>473.0</ele>
      </trkpt>
      <trkpt lat="46.152083" lon="-91.256956">
        <ele>472.0</ele>
      </trkpt>
      <trkpt lat="46.152149" lon="-91.25696">
        <ele>471.0</ele>
      </trkpt>
      <trkpt lat="46.152224" lon="-91.256956">
        <ele>470.0</ele>
      </trkpt>
      <trkpt lat="46.152301" lon="-91.256944">
        <ele>469.0</ele>
      </trkpt>
      <trkpt lat="46.152359" lon="-91.256927">
        <ele>468.0</ele>
      </trkpt>
      <trkpt lat="46.152402" lon="-91.256903">
        <ele>468.0</ele>
      </trkpt>
      <trkpt lat="46.152464" lon="-91.256897">
        <ele>467.0</ele>
      </trkpt>
      <trkpt lat="46.152518" lon="-91.256877">
        <ele>467.0</ele>
      </trkpt>
      <trkpt lat="46.15265" lon="-91.256821">
        <ele>466.0</ele>
      </trkpt>
      <trkpt lat="46.152894" lon="-91.256691">
        <ele>465.0</ele>
      </trkpt>
      <trkpt lat="46.153087" lon="-91.256604">
        <ele>465.0</ele>
      </trkpt>
      <trkpt lat="46.153182" lon="-91.256556">
        <ele>466.0</ele>
      </trkpt>
      <trkpt lat="46.15328" lon="-91.256502">
        <ele>467.0</ele>
      </trkpt>
      <trkpt lat="46.153478" lon="-91.25638">
        <ele>468.0</ele>
      </trkpt>
      <trkpt lat="46.153569" lon="-91.256303">
        <ele>468.0</ele>
      </trkpt>
      <trkpt lat="46.153649" lon="-91.256213">
        <ele>467.0</ele>
      </trkpt>
      <trkpt lat="46.153711" lon="-91.256098">
        <ele>466.0</ele>
      </trkpt>
      <trkpt lat="46.153755" lon="-91.255967">
        <ele>465.0</ele>
      </trkpt>
      <trkpt lat="46.153772" lon="-91.255817">
        <ele>464.0</ele>
      </trkpt>
      <trkpt lat="46.153757" lon="-91.255659">
        <ele>464.0</ele>
      </trkpt>
      <trkpt lat="46.153726" lon="-91.255507">
        <ele>463.0</ele>
      </trkpt>
      <trkpt lat="46.15369" lon="-91.25535">
        <ele>464.0</ele>
      </trkpt>
      <trkpt lat="46.153607" lon="-91.255054">
        <ele>465.0</ele>
      </trkpt>
      <trkpt lat="46.153581" lon="-91.254905">
        <ele>465.0</ele>
      </trkpt>
      <trkpt lat="46.153574" lon="-91.25476">
        <ele>466.0</ele>
      </trkpt>
      <trkpt lat="46.153594" lon="-91.254618">
        <ele>467.0</ele>
      </trkpt>
      <trkpt lat="46.153639" lon="-91.25449">
        <ele>467.0</ele>
      </trkpt>
      <trkpt lat="46.153699" lon="-91.254372">
        <ele>468.0</ele>
      </trkpt>
      <trkpt lat="46.153769" lon="-91.254277">
        <ele>468.0</ele>
      </trkpt>
      <trkpt lat="46.15385" lon="-91.254207">
        <ele>468.0</ele>
      </trkpt>
      <trkpt lat="46.153941" lon="-91.254171">
        <ele>469.0</ele>
      </trkpt>
      <trkpt lat="46.154036" lon="-91.254138">
        <ele>469.0</ele>
      </trkpt>
      <trkpt lat="46.154359" lon="-91.253978">
        <ele>468.0</ele>
      </trkpt>
      <trkpt lat="46.154469" lon="-91.253891">
        <ele>468.0</ele>
      </trkpt>
      <trkpt lat="46.154583" lon="-91.253809">
        <ele>468.0</ele>
      </trkpt>
      <trkpt lat="46.154928" lon="-91.253532">
        <ele>466.0</ele>
      </trkpt>
      <trkpt lat="46.155041" lon="-91.253438">
        <ele>466.0</ele>
      </trkpt>
      <trkpt lat="46.155142" lon="-91.253343">
        <ele>467.0</ele>
      </trkpt>
      <trkpt lat="46.155246" lon="-91.253252">
        <ele>467.0</ele>
      </trkpt>
      <trkpt lat="46.155344" lon="-91.253151">
        <ele>467.0</ele>
      </trkpt>
      <trkpt lat="46.155431" lon="-91.253043">
        <ele>468.0</ele>
      </trkpt>
      <trkpt lat="46.155516" lon="-91.252927">
        <ele>468.0</ele>
      </trkpt>
      <trkpt lat="46.155593" lon="-91.2528">
        <ele>468.0</ele>
      </trkpt>
      <trkpt lat="46.155663" lon="-91.252667">
        <ele>469.0</ele>
      </trkpt>
      <trkpt lat="46.155724" lon="-91.252532">
        <ele>470.0</ele>
      </trkpt>
      <trkpt lat="46.155772" lon="-91.252399">
        <ele>469.0</ele>
      </trkpt>
      <trkpt lat="46.155899" lon="-91.252024">
        <ele>466.0</ele>
      </trkpt>
      <trkpt lat="46.155954" lon="-91.251915">
        <ele>465.0</ele>
      </trkpt>
      <trkpt lat="46.156026" lon="-91.251832">
        <ele>464.0</ele>
      </trkpt>
      <trkpt lat="46.156119" lon="-91.251777">
        <ele>464.0</ele>
      </trkpt>
      <trkpt lat="46.156326" lon="-91.251708">
        <ele>462.0</ele>
      </trkpt>
      <trkpt lat="46.156448" lon="-91.251677">
        <ele>462.0</ele>
      </trkpt>
      <trkpt lat="46.15657" lon="-91.251633">
        <ele>461.0</ele>
      </trkpt>
      <trkpt lat="46.156684" lon="-91.251564">
        <ele>460.0</ele>
      </trkpt>
      <trkpt lat="46.15678" lon="-91.251468">
        <ele>461.0</ele>
      </trkpt>
      <trkpt lat="46.156863" lon="-91.251349">
        <ele>461.0</ele>
      </trkpt>
      <trkpt lat="46.156939" lon="-91.251213">
        <ele>462.0</ele>
      </trkpt>
      <trkpt lat="46.157067" lon="-91.250931">
        <ele>463.0</ele>
      </trkpt>
      <trkpt lat="46.157127" lon="-91.250792">
        <ele>463.0</ele>
      </trkpt>
      <trkpt lat="46.157185" lon="-91.250646">
        <ele>464.0</ele>
      </trkpt>
      <trkpt lat="46.157239" lon="-91.250491">
        <ele>464.0</ele>
      </trkpt>
      <trkpt lat="46.157327" lon="-91.25017">
        <ele>465.0</ele>
      </trkpt>
      <trkpt lat="46.157377" lon="-91.250014">
        <ele>465.0</ele>
      </trkpt>
      <trkpt lat="46.157492" lon="-91.249704">
        <ele>465.0</ele>
      </trkpt>
      <trkpt lat="46.157539" lon="-91.249543">
        <ele>465.0</ele>
      </trkpt>
      <trkpt lat="46.157576" lon="-91.249373">
        <ele>464.0</ele>
      </trkpt>
      <trkpt lat="46.157632" lon="-91.248816">
        <ele>462.0</ele>
      </trkpt>
      <trkpt lat="46.157645" lon="-91.248636">
        <ele>462.0</ele>
      </trkpt>
      <trkpt lat="46.157661" lon="-91.248472">
        <ele>463.0</ele>
      </trkpt>
      <trkpt lat="46.157683" lon="-91.248313">
        <ele>464.0</ele>
      </trkpt>
      <trkpt lat="46.157783" lon="-91.247912">
        <ele>465.0</ele>
      </trkpt>
      <trkpt lat="46.157983" lon="-91.24718">
        <ele>464.0</ele>
      </trkpt>
      <trkpt lat="46.158022" lon="-91.247048">
        <ele>464.0</ele>
      </trkpt>
      <trkpt lat="46.158118" lon="-91.246784">
        <ele>462.0</ele>
      </trkpt>
      <trkpt lat="46.158179" lon="-91.246654">
        <ele>461.0</ele>
      </trkpt>
      <trkpt lat="46.158396" lon="-91.246248">
        <ele>458.0</ele>
      </trkpt>
      <trkpt lat="46.15847" lon="-91.246101">
        <ele>457.0</ele>
      </trkpt>
      <trkpt lat="46.158618" lon="-91.245794">
        <ele>456.0</ele>
      </trkpt>
      <trkpt lat="46.15869" lon="-91.245634">
        <ele>457.0</ele>
      </trkpt>
      <trkpt lat="46.158821" lon="-91.245303">
        <ele>456.0</ele>
      </trkpt>
      <trkpt lat="46.158881" lon="-91.245133">
        <ele>455.0</ele>
      </trkpt>
      <trkpt lat="46.158939" lon="-91.244961">
        <ele>454.0</ele>
      </trkpt>
      <trkpt lat="46.159048" lon="-91.244618">
        <ele>454.0</ele>
      </trkpt>
      <trkpt lat="46.159096" lon="-91.24445">
        <ele>454.0</ele>
      </trkpt>
      <trkpt lat="46.15917" lon="-91.244305">
        <ele>453.0</ele>
      </trkpt>
      <trkpt lat="46.15925" lon="-91.244174">
        <ele>454.0</ele>
      </trkpt>
      <trkpt lat="46.15934" lon="-91.244065">
        <ele>453.0</ele>
      </trkpt>
      <trkpt lat="46.159444" lon="-91.243977">
        <ele>452.0</ele>
      </trkpt>
      <trkpt lat="46.159559" lon="-91.243905">
        <ele>450.0</ele>
      </trkpt>
      <trkpt lat="46.15968" lon="-91.243846">
        <ele>450.0</ele>
      </trkpt>
      <trkpt lat="46.160186" lon="-91.243613">
        <ele>448.0</ele>
      </trkpt>
      <trkpt lat="46.16031" lon="-91.243542">
        <ele>447.0</ele>
      </trkpt>
      <trkpt lat="46.160433" lon="-91.243448">
        <ele>448.0</ele>
      </trkpt>
      <trkpt lat="46.160552" lon="-91.243346">
        <ele>447.0</ele>
      </trkpt>
      <trkpt lat="46.160911" lon="-91.24301">
        <ele>444.0</ele>
      </trkpt>
      <trkpt lat="46.161155" lon="-91.242786">
        <ele>444.0</ele>
      </trkpt>
      <trkpt lat="46.161278" lon="-91.242678">
        <ele>443.0</ele>
      </trkpt>
      <trkpt lat="46.161396" lon="-91.242562">
        <ele>441.0</ele>
      </trkpt>
      <trkpt lat="46.161508" lon="-91.242437">
        <ele>442.0</ele>
      </trkpt>
      <trkpt lat="46.161616" lon="-91.242301">
        <ele>442.0</ele>
      </trkpt>
      <trkpt lat="46.161714" lon="-91.242151">
        <ele>442.0</ele>
      </trkpt>
      <trkpt lat="46.1618" lon="-91.241987">
        <ele>442.0</ele>
      </trkpt>
      <trkpt lat="46.161872" lon="-91.24181">
        <ele>441.0</ele>
      </trkpt>
      <trkpt lat="46.161934" lon="-91.241623">
        <ele>440.0</ele>
      </trkpt>
      <trkpt lat="46.162043" lon="-91.241225">
        <ele>438.0</ele>
      </trkpt>
      <trkpt lat="46.162107" lon="-91.241027">
        <ele>436.0</ele>
      </trkpt>
      <trkpt lat="46.162178" lon="-91.240833">
        <ele>434.0</ele>
      </trkpt>
      <trkpt lat="46.162264" lon="-91.240648">
        <ele>433.0</ele>
      </trkpt>
      <trkpt lat="46.16236" lon="-91.240476">
        <ele>431.0</ele>
      </trkpt>
      <trkpt lat="46.162459" lon="-91.24031">
        <ele>430.0</ele>
      </trkpt>
      <trkpt lat="46.162563" lon="-91.240155">
        <ele>431.0</ele>
      </trkpt>
      <trkpt lat="46.162752" lon="-91.239848">
        <ele>433.0</ele>
      </trkpt>
      <trkpt lat="46.162911" lon="-91.239578">
        <ele>434.0</ele>
      </trkpt>
      <trkpt lat="46.162983" lon="-91.239449">
        <ele>434.0</ele>
      </trkpt>
      <trkpt lat="46.163225" lon="-91.239082">
        <ele>433.0</ele>
      </trkpt>
      <trkpt lat="46.163297" lon="-91.238964">
        <ele>432.0</ele>
      </trkpt>
      <trkpt lat="46.16336" lon="-91.23885">
        <ele>430.0</ele>
      </trkpt>
      <trkpt lat="46.163485" lon="-91.238647">
        <ele>427.0</ele>
      </trkpt>
      <trkpt lat="46.163542" lon="-91.23856">
        <ele>427.0</ele>
      </trkpt>
      <trkpt lat="46.163677" lon="-91.238337">
        <ele>427.0</ele>
      </trkpt>
      <trkpt lat="46.163709" lon="-91.238318">
        <ele>427.0</ele>
      </trkpt>
      <trkpt lat="46.163752" lon="-91.238312">
        <ele>426.0</ele>
      </trkpt>
      <trkpt lat="46.16381" lon="-91.238336">
        <ele>426.0</ele>
      </trkpt>
      <trkpt lat="46.163872" lon="-91.238368">
        <ele>426.0</ele>
      </trkpt>
      <trkpt lat="46.16395" lon="-91.238396">
        <ele>425.0</ele>
      </trkpt>
      <trkpt lat="46.164059" lon="-91.23845">
        <ele>424.0</ele>
      </trkpt>
      <trkpt lat="46.164181" lon="-91.238504">
        <ele>424.0</ele>
      </trkpt>
      <trkpt lat="46.164396" lon="-91.238587">
        <ele>423.0</ele>
      </trkpt>
      <trkpt lat="46.164556" lon="-91.238632">
        <ele>423.0</ele>
      </trkpt>
      <trkpt lat="46.164707" lon="-91.238689">
        <ele>423.0</ele>
      </trkpt>
      <trkpt lat="46.165264" lon="-91.23892">
        <ele>423.0</ele>
      </trkpt>
      <trkpt lat="46.165885" lon="-91.239187">
        <ele>423.0</ele>
      </trkpt>
      <trkpt lat="46.166053" lon="-91.239315">
        <ele>423.0</ele>
      </trkpt>
      <trkpt lat="46.166127" lon="-91.239388">
        <ele>423.0</ele>
      </trkpt>
      <trkpt lat="46.166196" lon="-91.239471">
        <ele>423.0</ele>
      </trkpt>
      <trkpt lat="46.166555" lon="-91.239963">
        <ele>424.0</ele>
      </trkpt>
      <trkpt lat="46.166694" lon="-91.240175">
        <ele>425.0</ele>
      </trkpt>
      <trkpt lat="46.166752" lon="-91.240283">
        <ele>426.0</ele>
      </trkpt>
      <trkpt lat="46.166797" lon="-91.240397">
        <ele>426.0</ele>
      </trkpt>
      <trkpt lat="46.166833" lon="-91.240528">
        <ele>425.0</ele>
      </trkpt>
      <trkpt lat="46.166857" lon="-91.240676">
        <ele>425.0</ele>
      </trkpt>
      <trkpt lat="46.166872" lon="-91.240837">
        <ele>424.0</ele>
      </trkpt>
      <trkpt lat="46.166878" lon="-91.240999">
        <ele>425.0</ele>
      </trkpt>
      <trkpt lat="46.166874" lon="-91.241161">
        <ele>425.0</ele>
      </trkpt>
      <trkpt lat="46.166851" lon="-91.241472">
        <ele>427.0</ele>
      </trkpt>
      <trkpt lat="46.166845" lon="-91.241627">
        <ele>428.0</ele>
      </trkpt>
      <trkpt lat="46.16682" lon="-91.241916">
        <ele>430.0</ele>
      </trkpt>
      <trkpt lat="46.166815" lon="-91.242071">
        <ele>430.0</ele>
      </trkpt>
      <trkpt lat="46.166803" lon="-91.24223">
        <ele>429.0</ele>
      </trkpt>
      <trkpt lat="46.166801" lon="-91.24239">
        <ele>429.0</ele>
      </trkpt>
      <trkpt lat="46.166779" lon="-91.243023">
        <ele>428.0</ele>
      </trkpt>
      <trkpt lat="46.16678" lon="-91.243203">
        <ele>428.0</ele>
      </trkpt>
      <trkpt lat="46.166797" lon="-91.243379">
        <ele>428.0</ele>
      </trkpt>
      <trkpt lat="46.166816" lon="-91.243718">
        <ele>429.0</ele>
      </trkpt>
      <trkpt lat="46.16682" lon="-91.243892">
        <ele>428.0</ele>
      </trkpt>
      <trkpt lat="46.166834" lon="-91.244069">
        <ele>429.0</ele>
      </trkpt>
      <trkpt lat="46.166871" lon="-91.24473">
        <ele>429.0</ele>
      </trkpt>
      <trkpt lat="46.166892" lon="-91.244897">
        <ele>429.0</ele>
      </trkpt>
      <trkpt lat="46.166929" lon="-91.245388">
        <ele>431.0</ele>
      </trkpt>
      <trkpt lat="46.166927" lon="-91.245533">
        <ele>433.0</ele>
      </trkpt>
      <trkpt lat="46.166917" lon="-91.245651">
        <ele>433.0</ele>
      </trkpt>
      <trkpt lat="46.166908" lon="-91.245745">
        <ele>433.0</ele>
      </trkpt>
      <trkpt lat="46.166884" lon="-91.245887">
        <ele>433.0</ele>
      </trkpt>
      <trkpt lat="46.166876" lon="-91.245953">
        <ele>433.0</ele>
      </trkpt>
      <trkpt lat="46.166884" lon="-91.246012">
        <ele>432.0</ele>
      </trkpt>
      <trkpt lat="46.166901" lon="-91.24606">
        <ele>432.0</ele>
      </trkpt>
      <trkpt lat="46.166926" lon="-91.246106">
        <ele>432.0</ele>
      </trkpt>
      <trkpt lat="46.166958" lon="-91.246141">
        <ele>432.0</ele>
      </trkpt>
      <trkpt lat="46.167004" lon="-91.24617">
        <ele>433.0</ele>
      </trkpt>
      <trkpt lat="46.167053" lon="-91.246181">
        <ele>433.0</ele>
      </trkpt>
      <trkpt lat="46.167103" lon="-91.246177">
        <ele>433.0</ele>
      </trkpt>
      <trkpt lat="46.167138" lon="-91.246162">
        <ele>434.0</ele>
      </trkpt>
      <trkpt lat="46.167162" lon="-91.246143">
        <ele>434.0</ele>
      </trkpt>
      <trkpt lat="46.16718" lon="-91.246136">
        <ele>434.0</ele>
      </trkpt>
      <trkpt lat="46.167256" lon="-91.246125">
        <ele>434.0</ele>
      </trkpt>
      <trkpt lat="46.167285" lon="-91.246106">
        <ele>434.0</ele>
      </trkpt>
      <trkpt lat="46.167302" lon="-91.2461">
        <ele>434.0</ele>
      </trkpt>
      <trkpt lat="46.167375" lon="-91.246112">
        <ele>435.0</ele>
      </trkpt>
      <trkpt lat="46.1674" lon="-91.24613">
        <ele>435.0</ele>
      </trkpt>
      <trkpt lat="46.167424" lon="-91.246161">
        <ele>435.0</ele>
      </trkpt>
      <trkpt lat="46.167436" lon="-91.246198">
        <ele>435.0</ele>
      </trkpt>
      <trkpt lat="46.167455" lon="-91.246292">
        <ele>435.0</ele>
      </trkpt>
      <trkpt lat="46.16747" lon="-91.246401">
        <ele>435.0</ele>
      </trkpt>
      <trkpt lat="46.167486" lon="-91.246462">
        <ele>435.0</ele>
      </trkpt>
      <trkpt lat="46.167507" lon="-91.246525">
        <ele>435.0</ele>
      </trkpt>
      <trkpt lat="46.167569" lon="-91.246656">
        <ele>435.0</ele>
      </trkpt>
      <trkpt lat="46.16765" lon="-91.246789">
        <ele>435.0</ele>
      </trkpt>
      <trkpt lat="46.167742" lon="-91.246902">
        <ele>435.0</ele>
      </trkpt>
      <trkpt lat="46.16779" lon="-91.246949">
        <ele>435.0</ele>
      </trkpt>
      <trkpt lat="46.16784" lon="-91.24699">
        <ele>436.0</ele>
      </trkpt>
      <trkpt lat="46.167949" lon="-91.247052">
        <ele>437.0</ele>
      </trkpt>
      <trkpt lat="46.168011" lon="-91.247075">
        <ele>437.0</ele>
      </trkpt>
      <trkpt lat="46.168072" lon="-91.247102">
        <ele>438.0</ele>
      </trkpt>
      <trkpt lat="46.168252" lon="-91.247236">
        <ele>437.0</ele>
      </trkpt>
      <trkpt lat="46.168316" lon="-91.247266">
        <ele>437.0</ele>
      </trkpt>
      <trkpt lat="46.168448" lon="-91.247337">
        <ele>437.0</ele>
      </trkpt>
      <trkpt lat="46.168587" lon="-91.247388">
        <ele>437.0</ele>
      </trkpt>
      <trkpt lat="46.168659" lon="-91.247431">
        <ele>437.0</ele>
      </trkpt>
      <trkpt lat="46.168787" lon="-91.247539">
        <ele>438.0</ele>
      </trkpt>
      <trkpt lat="46.168846" lon="-91.247595">
        <ele>438.0</ele>
      </trkpt>
      <trkpt lat="46.168901" lon="-91.247662">
        <ele>438.0</ele>
      </trkpt>
      <trkpt lat="46.168997" lon="-91.247795">
        <ele>438.0</ele>
      </trkpt>
      <trkpt lat="46.169306" lon="-91.248126">
        <ele>438.0</ele>
      </trkpt>
      <trkpt lat="46.169393" lon="-91.248265">
        <ele>438.0</ele>
      </trkpt>
      <trkpt lat="46.169436" lon="-91.24834">
        <ele>437.0</ele>
      </trkpt>
      <trkpt lat="46.169508" lon="-91.248507">
        <ele>437.0</ele>
      </trkpt>
      <trkpt lat="46.169539" lon="-91.248604">
        <ele>436.0</ele>
      </trkpt>
      <trkpt lat="46.169562" lon="-91.248703">
        <ele>437.0</ele>
      </trkpt>
      <trkpt lat="46.169626" lon="-91.249028">
        <ele>437.0</ele>
      </trkpt>
      <trkpt lat="46.169651" lon="-91.249129">
        <ele>437.0</ele>
      </trkpt>
      <trkpt lat="46.169739" lon="-91.249406">
        <ele>437.0</ele>
      </trkpt>
      <trkpt lat="46.169782" lon="-91.249484">
        <ele>438.0</ele>
      </trkpt>
      <trkpt lat="46.169835" lon="-91.24956">
        <ele>438.0</ele>
      </trkpt>
      <trkpt lat="46.169962" lon="-91.24972">
        <ele>438.0</ele>
      </trkpt>
      <trkpt lat="46.170024" lon="-91.249809">
        <ele>438.0</ele>
      </trkpt>
      <trkpt lat="46.17011" lon="-91.250016">
        <ele>439.0</ele>
      </trkpt>
      <trkpt lat="46.170153" lon="-91.250099">
        <ele>440.0</ele>
      </trkpt>
      <trkpt lat="46.170195" lon="-91.250169">
        <ele>440.0</ele>
      </trkpt>
      <trkpt lat="46.170243" lon="-91.25021">
        <ele>441.0</ele>
      </trkpt>
      <trkpt lat="46.170328" lon="-91.250317">
        <ele>442.0</ele>
      </trkpt>
      <trkpt lat="46.17044" lon="-91.250415">
        <ele>442.0</ele>
      </trkpt>
      <trkpt lat="46.170497" lon="-91.25046">
        <ele>443.0</ele>
      </trkpt>
      <trkpt lat="46.170556" lon="-91.250502">
        <ele>443.0</ele>
      </trkpt>
      <trkpt lat="46.170814" lon="-91.250655">
        <ele>442.0</ele>
      </trkpt>
      <trkpt lat="46.170956" lon="-91.250752">
        <ele>441.0</ele>
      </trkpt>
      <trkpt lat="46.171026" lon="-91.250821">
        <ele>440.0</ele>
      </trkpt>
      <trkpt lat="46.171096" lon="-91.250905">
        <ele>438.0</ele>
      </trkpt>
      <trkpt lat="46.171161" lon="-91.251">
        <ele>438.0</ele>
      </trkpt>
      <trkpt lat="46.171222" lon="-91.251103">
        <ele>438.0</ele>
      </trkpt>
      <trkpt lat="46.171295" lon="-91.251298">
        <ele>439.0</ele>
      </trkpt>
      <trkpt lat="46.171366" lon="-91.251619">
        <ele>441.0</ele>
      </trkpt>
      <trkpt lat="46.171405" lon="-91.251765">
        <ele>441.0</ele>
      </trkpt>
      <trkpt lat="46.171458" lon="-91.251916">
        <ele>440.0</ele>
      </trkpt>
      <trkpt lat="46.171555" lon="-91.252155">
        <ele>441.0</ele>
      </trkpt>
      <trkpt lat="46.171583" lon="-91.252239">
        <ele>440.0</ele>
      </trkpt>
      <trkpt lat="46.1716" lon="-91.252311">
        <ele>440.0</ele>
      </trkpt>
      <trkpt lat="46.171611" lon="-91.25238">
        <ele>440.0</ele>
      </trkpt>
      <trkpt lat="46.171616" lon="-91.252457">
        <ele>439.0</ele>
      </trkpt>
      <trkpt lat="46.171623" lon="-91.252832">
        <ele>439.0</ele>
      </trkpt>
      <trkpt lat="46.171636" lon="-91.252937">
        <ele>439.0</ele>
      </trkpt>
      <trkpt lat="46.171653" lon="-91.253041">
        <ele>439.0</ele>
      </trkpt>
      <trkpt lat="46.171674" lon="-91.253139">
        <ele>439.0</ele>
      </trkpt>
      <trkpt lat="46.171704" lon="-91.253229">
        <ele>439.0</ele>
      </trkpt>
      <trkpt lat="46.171786" lon="-91.253377">
        <ele>439.0</ele>
      </trkpt>
      <trkpt lat="46.171824" lon="-91.253452">
        <ele>438.0</ele>
      </trkpt>
      <trkpt lat="46.171932" lon="-91.253613">
        <ele>436.0</ele>
      </trkpt>
      <trkpt lat="46.171998" lon="-91.253697">
        <ele>436.0</ele>
      </trkpt>
      <trkpt lat="46.172107" lon="-91.253889">
        <ele>436.0</ele>
      </trkpt>
      <trkpt lat="46.172278" lon="-91.254171">
        <ele>437.0</ele>
      </trkpt>
      <trkpt lat="46.172328" lon="-91.254266">
        <ele>436.0</ele>
      </trkpt>
      <trkpt lat="46.172449" lon="-91.254459">
        <ele>437.0</ele>
      </trkpt>
      <trkpt lat="46.17256" lon="-91.254592">
        <ele>438.0</ele>
      </trkpt>
      <trkpt lat="46.172628" lon="-91.254644">
        <ele>439.0</ele>
      </trkpt>
      <trkpt lat="46.17271" lon="-91.254664">
        <ele>440.0</ele>
      </trkpt>
      <trkpt lat="46.172766" lon="-91.254685">
        <ele>441.0</ele>
      </trkpt>
      <trkpt lat="46.172799" lon="-91.254693">
        <ele>441.0</ele>
      </trkpt>
      <trkpt lat="46.17282" lon="-91.254683">
        <ele>442.0</ele>
      </trkpt>
      <trkpt lat="46.172888" lon="-91.254689">
        <ele>442.0</ele>
      </trkpt>
      <trkpt lat="46.172962" lon="-91.254725">
        <ele>443.0</ele>
      </trkpt>
      <trkpt lat="46.173036" lon="-91.25475">
        <ele>444.0</ele>
      </trkpt>
      <trkpt lat="46.173148" lon="-91.254774">
        <ele>444.0</ele>
      </trkpt>
      <trkpt lat="46.173189" lon="-91.254778">
        <ele>444.0</ele>
      </trkpt>
      <trkpt lat="46.173235" lon="-91.254767">
        <ele>444.0</ele>
      </trkpt>
      <trkpt lat="46.173281" lon="-91.254751">
        <ele>443.0</ele>
      </trkpt>
      <trkpt lat="46.173354" lon="-91.254687">
        <ele>442.0</ele>
      </trkpt>
      <trkpt lat="46.173389" lon="-91.254678">
        <ele>442.0</ele>
      </trkpt>
      <trkpt lat="46.173499" lon="-91.254622">
        <ele>442.0</ele>
      </trkpt>
      <trkpt lat="46.173603" lon="-91.254618">
        <ele>442.0</ele>
      </trkpt>
      <trkpt lat="46.173655" lon="-91.254629">
        <ele>442.0</ele>
      </trkpt>
      <trkpt lat="46.173703" lon="-91.254622">
        <ele>442.0</ele>
      </trkpt>
      <trkpt lat="46.173839" lon="-91.254658">
        <ele>442.0</ele>
      </trkpt>
      <trkpt lat="46.173899" lon="-91.254669">
        <ele>442.0</ele>
      </trkpt>
      <trkpt lat="46.173963" lon="-91.254676">
        <ele>442.0</ele>
      </trkpt>
      <trkpt lat="46.174033" lon="-91.254672">
        <ele>441.0</ele>
      </trkpt>
      <trkpt lat="46.174095" lon="-91.254664">
        <ele>441.0</ele>
      </trkpt>
      <trkpt lat="46.174161" lon="-91.254648">
        <ele>440.0</ele>
      </trkpt>
      <trkpt lat="46.174291" lon="-91.254625">
        <ele>441.0</ele>
      </trkpt>
      <trkpt lat="46.174342" lon="-91.254626">
        <ele>442.0</ele>
      </trkpt>
      <trkpt lat="46.174409" lon="-91.254638">
        <ele>442.0</ele>
      </trkpt>
      <trkpt lat="46.174486" lon="-91.254646">
        <ele>443.0</ele>
      </trkpt>
      <trkpt lat="46.174547" lon="-91.25466">
        <ele>442.0</ele>
      </trkpt>
      <trkpt lat="46.174628" lon="-91.254672">
        <ele>442.0</ele>
      </trkpt>
      <trkpt lat="46.174695" lon="-91.254693">
        <ele>442.0</ele>
      </trkpt>
      <trkpt lat="46.174757" lon="-91.254726">
        <ele>442.0</ele>
      </trkpt>
      <trkpt lat="46.174817" lon="-91.254768">
        <ele>443.0</ele>
      </trkpt>
      <trkpt lat="46.174873" lon="-91.254815">
        <ele>443.0</ele>
      </trkpt>
      <trkpt lat="46.17492" lon="-91.254869">
        <ele>443.0</ele>
      </trkpt>
      <trkpt lat="46.174962" lon="-91.254904">
        <ele>443.0</ele>
      </trkpt>
      <trkpt lat="46.175006" lon="-91.25495">
        <ele>442.0</ele>
      </trkpt>
      <trkpt lat="46.175037" lon="-91.254989">
        <ele>443.0</ele>
      </trkpt>
      <trkpt lat="46.175067" lon="-91.255037">
        <ele>443.0</ele>
      </trkpt>
      <trkpt lat="46.175109" lon="-91.255136">
        <ele>443.0</ele>
      </trkpt>
      <trkpt lat="46.175184" lon="-91.255394">
        <ele>444.0</ele>
      </trkpt>
      <trkpt lat="46.175243" lon="-91.255628">
        <ele>445.0</ele>
      </trkpt>
      <trkpt lat="46.175274" lon="-91.255706">
        <ele>446.0</ele>
      </trkpt>
      <trkpt lat="46.175315" lon="-91.255783">
        <ele>446.0</ele>
      </trkpt>
      <trkpt lat="46.175346" lon="-91.25585">
        <ele>446.0</ele>
      </trkpt>
      <trkpt lat="46.175433" lon="-91.255996">
        <ele>447.0</ele>
      </trkpt>
      <trkpt lat="46.175477" lon="-91.25615">
        <ele>447.0</ele>
      </trkpt>
      <trkpt lat="46.175464" lon="-91.256229">
        <ele>447.0</ele>
      </trkpt>
      <trkpt lat="46.175466" lon="-91.256312">
        <ele>447.0</ele>
      </trkpt>
      <trkpt lat="46.175486" lon="-91.256609">
        <ele>448.0</ele>
      </trkpt>
      <trkpt lat="46.175511" lon="-91.256778">
        <ele>448.0</ele>
      </trkpt>
      <trkpt lat="46.175543" lon="-91.256928">
        <ele>448.0</ele>
      </trkpt>
      <trkpt lat="46.175562" lon="-91.257051">
        <ele>448.0</ele>
      </trkpt>
      <trkpt lat="46.175567" lon="-91.257118">
        <ele>449.0</ele>
      </trkpt>
      <trkpt lat="46.17561" lon="-91.257326">
        <ele>449.0</ele>
      </trkpt>
      <trkpt lat="46.17563" lon="-91.257477">
        <ele>450.0</ele>
      </trkpt>
      <trkpt lat="46.175634" lon="-91.257534">
        <ele>449.0</ele>
      </trkpt>
      <trkpt lat="46.175647" lon="-91.257607">
        <ele>449.0</ele>
      </trkpt>
      <trkpt lat="46.175667" lon="-91.257684">
        <ele>449.0</ele>
      </trkpt>
      <trkpt lat="46.175663" lon="-91.257756">
        <ele>449.0</ele>
      </trkpt>
      <trkpt lat="46.175649" lon="-91.257843">
        <ele>449.0</ele>
      </trkpt>
      <trkpt lat="46.17563" lon="-91.257925">
        <ele>449.0</ele>
      </trkpt>
      <trkpt lat="46.175541" lon="-91.258069">
        <ele>450.0</ele>
      </trkpt>
      <trkpt lat="46.175506" lon="-91.258141">
        <ele>451.0</ele>
      </trkpt>
      <trkpt lat="46.175476" lon="-91.258303">
        <ele>453.0</ele>
      </trkpt>
      <trkpt lat="46.175471" lon="-91.25838">
        <ele>454.0</ele>
      </trkpt>
      <trkpt lat="46.175479" lon="-91.258464">
        <ele>455.0</ele>
      </trkpt>
      <trkpt lat="46.175479" lon="-91.258528">
        <ele>455.0</ele>
      </trkpt>
      <trkpt lat="46.175469" lon="-91.258607">
        <ele>456.0</ele>
      </trkpt>
      <trkpt lat="46.175463" lon="-91.258702">
        <ele>456.0</ele>
      </trkpt>
      <trkpt lat="46.175466" lon="-91.258851">
        <ele>456.0</ele>
      </trkpt>
      <trkpt lat="46.175481" lon="-91.258867">
        <ele>456.0</ele>
      </trkpt>
      <trkpt lat="46.175509" lon="-91.258957">
        <ele>456.0</ele>
      </trkpt>
      <trkpt lat="46.175577" lon="-91.259093">
        <ele>456.0</ele>
      </trkpt>
      <trkpt lat="46.175611" lon="-91.259186">
        <ele>456.0</ele>
      </trkpt>
      <trkpt lat="46.175624" lon="-91.259264">
        <ele>457.0</ele>
      </trkpt>
      <trkpt lat="46.175588" lon="-91.259442">
        <ele>458.0</ele>
      </trkpt>
      <trkpt lat="46.175574" lon="-91.259529">
        <ele>458.0</ele>
      </trkpt>
      <trkpt lat="46.175549" lon="-91.259601">
        <ele>459.0</ele>
      </trkpt>
      <trkpt lat="46.175526" lon="-91.259654">
        <ele>459.0</ele>
      </trkpt>
      <trkpt lat="46.175505" lon="-91.259789">
        <ele>459.0</ele>
      </trkpt>
      <trkpt lat="46.175506" lon="-91.259859">
        <ele>459.0</ele>
      </trkpt>
      <trkpt lat="46.175545" lon="-91.259983">
        <ele>460.0</ele>
      </trkpt>
      <trkpt lat="46.175623" lon="-91.260088">
        <ele>458.0</ele>
      </trkpt>
      <trkpt lat="46.175661" lon="-91.260127">
        <ele>457.0</ele>
      </trkpt>
      <trkpt lat="46.175717" lon="-91.260163">
        <ele>457.0</ele>
      </trkpt>
      <trkpt lat="46.175766" lon="-91.260203">
        <ele>457.0</ele>
      </trkpt>
      <trkpt lat="46.175814" lon="-91.260227">
        <ele>457.0</ele>
      </trkpt>
      <trkpt lat="46.175922" lon="-91.260267">
        <ele>457.0</ele>
      </trkpt>
      <trkpt lat="46.175973" lon="-91.260276">
        <ele>457.0</ele>
      </trkpt>
      <trkpt lat="46.176025" lon="-91.260293">
        <ele>457.0</ele>
      </trkpt>
      <trkpt lat="46.17608" lon="-91.260332">
        <ele>457.0</ele>
      </trkpt>
      <trkpt lat="46.176124" lon="-91.260384">
        <ele>457.0</ele>
      </trkpt>
      <trkpt lat="46.176165" lon="-91.260452">
        <ele>457.0</ele>
      </trkpt>
      <trkpt lat="46.17624" lon="-91.260608">
        <ele>456.0</ele>
      </trkpt>
      <trkpt lat="46.176325" lon="-91.260752">
        <ele>456.0</ele>
      </trkpt>
      <trkpt lat="46.176369" lon="-91.260815">
        <ele>456.0</ele>
      </trkpt>
      <trkpt lat="46.176424" lon="-91.261014">
        <ele>456.0</ele>
      </trkpt>
      <trkpt lat="46.176447" lon="-91.261123">
        <ele>456.0</ele>
      </trkpt>
      <trkpt lat="46.176489" lon="-91.261244">
        <ele>456.0</ele>
      </trkpt>
      <trkpt lat="46.176586" lon="-91.26161">
        <ele>458.0</ele>
      </trkpt>
      <trkpt lat="46.176633" lon="-91.261812">
        <ele>457.0</ele>
      </trkpt>
      <trkpt lat="46.176673" lon="-91.261888">
        <ele>457.0</ele>
      </trkpt>
      <trkpt lat="46.176718" lon="-91.261953">
        <ele>457.0</ele>
      </trkpt>
      <trkpt lat="46.17678" lon="-91.262005">
        <ele>458.0</ele>
      </trkpt>
      <trkpt lat="46.176847" lon="-91.262046">
        <ele>458.0</ele>
      </trkpt>
      <trkpt lat="46.17699" lon="-91.262079">
        <ele>459.0</ele>
      </trkpt>
      <trkpt lat="46.177065" lon="-91.262088">
        <ele>459.0</ele>
      </trkpt>
      <trkpt lat="46.17714" lon="-91.262084">
        <ele>460.0</ele>
      </trkpt>
      <trkpt lat="46.17721" lon="-91.262073">
        <ele>460.0</ele>
      </trkpt>
      <trkpt lat="46.177351" lon="-91.262039">
        <ele>460.0</ele>
      </trkpt>
      <trkpt lat="46.177423" lon="-91.262006">
        <ele>460.0</ele>
      </trkpt>
      <trkpt lat="46.17749" lon="-91.261969">
        <ele>460.0</ele>
      </trkpt>
      <trkpt lat="46.177624" lon="-91.261865">
        <ele>460.0</ele>
      </trkpt>
      <trkpt lat="46.177691" lon="-91.261797">
        <ele>460.0</ele>
      </trkpt>
      <trkpt lat="46.177952" lon="-91.261515">
        <ele>458.0</ele>
      </trkpt>
      <trkpt lat="46.178089" lon="-91.261361">
        <ele>457.0</ele>
      </trkpt>
      <trkpt lat="46.178141" lon="-91.261282">
        <ele>456.0</ele>
      </trkpt>
      <trkpt lat="46.178191" lon="-91.261193">
        <ele>456.0</ele>
      </trkpt>
      <trkpt lat="46.178246" lon="-91.261118">
        <ele>455.0</ele>
      </trkpt>
      <trkpt lat="46.178306" lon="-91.261055">
        <ele>455.0</ele>
      </trkpt>
      <trkpt lat="46.178376" lon="-91.261">
        <ele>454.4</ele>
      </trkpt>
      <trkpt lat="46.178376" lon="-91.261">
        <ele>454.4</ele>
      </trkpt>
      <trkpt lat="46.179231" lon="-91.261727">
        <ele>449.9</ele>
      </trkpt>
      <trkpt lat="46.180087" lon="-91.262454">
        <ele>447.2</ele>
      </trkpt>
      <trkpt lat="46.180942" lon="-91.263181">
        <ele>448.6</ele>
      </trkpt>
      <trkpt lat="46.181797" lon="-91.263908">
        <ele>450.8</ele>
      </trkpt>
      <trkpt lat="46.181797" lon="-91.263908">
        <ele>450.8</ele>
      </trkpt>
      <trkpt lat="46.182875" lon="-91.264372">
        <ele>445.0</ele>
      </trkpt>
      <trkpt lat="46.182875" lon="-91.264372">
        <ele>445.0</ele>
      </trkpt>
      <trkpt lat="46.182809" lon="-91.266186">
        <ele>460.6</ele>
      </trkpt>
      <trkpt lat="46.182809" lon="-91.266186">
        <ele>460.6</ele>
      </trkpt>
      <trkpt lat="46.181762" lon="-91.267664">
        <ele>464.7</ele>
      </trkpt>
      <trkpt lat="46.181762" lon="-91.267664">
        <ele>464.7</ele>
      </trkpt>
      <trkpt lat="46.18046" lon="-91.268413">
        <ele>472.5</ele>
      </trkpt>
      <trkpt lat="46.179651" lon="-91.268479">
        <ele>472.6</ele>
      </trkpt>
      <trkpt lat="46.179651" lon="-91.268479">
        <ele>472.6</ele>
      </trkpt>
      <trkpt lat="46.178459" lon="-91.269095">
        <ele>469.8</ele>
      </trkpt>
      <trkpt lat="46.178459" lon="-91.269095">
        <ele>469.8</ele>
      </trkpt>
      <trkpt lat="46.177821" lon="-91.27098">
        <ele>468.8</ele>
      </trkpt>
      <trkpt lat="46.177821" lon="-91.27098">
        <ele>468.8</ele>
      </trkpt>
      <trkpt lat="46.176814" lon="-91.270517">
        <ele>474.1</ele>
      </trkpt>
      <trkpt lat="46.175808" lon="-91.270054">
        <ele>469.8</ele>
      </trkpt>
      <trkpt lat="46.174802" lon="-91.26959">
        <ele>471.8</ele>
      </trkpt>
      <trkpt lat="46.174802" lon="-91.26959">
        <ele>471.8</ele>
      </trkpt>
      <trkpt lat="46.173873" lon="-91.269934">
        <ele>471.8</ele>
      </trkpt>
      <trkpt lat="46.173873" lon="-91.269934">
        <ele>471.8</ele>
      </trkpt>
      <trkpt lat="46.172689" lon="-91.269801">
        <ele>479.0</ele>
      </trkpt>
      <trkpt lat="46.172689" lon="-91.269801">
        <ele>479.0</ele>
      </trkpt>
      <trkpt lat="46.171723" lon="-91.269368">
        <ele>478.5</ele>
      </trkpt>
      <trkpt lat="46.171186" lon="-91.268662">
        <ele>477.3</ele>
      </trkpt>
      <trkpt lat="46.171186" lon="-91.268662">
        <ele>477.3</ele>
      </trkpt>
      <trkpt lat="46.170329" lon="-91.266578">
        <ele>475.7</ele>
      </trkpt>
      <trkpt lat="46.170329" lon="-91.266578">
        <ele>475.7</ele>
      </trkpt>
      <trkpt lat="46.16997" lon="-91.265069">
        <ele>472.9</ele>
      </trkpt>
      <trkpt lat="46.169549" lon="-91.265938">
        <ele>478.0</ele>
      </trkpt>
      <trkpt lat="46.169345" lon="-91.266993">
        <ele>479.7</ele>
      </trkpt>
      <trkpt lat="46.169345" lon="-91.266993">
        <ele>479.7</ele>
      </trkpt>
      <trkpt lat="46.169265" lon="-91.268503">
        <ele>486.4</ele>
      </trkpt>
      <trkpt lat="46.168808" lon="-91.269298">
        <ele>483.3</ele>
      </trkpt>
      <trkpt lat="46.168917" lon="-91.269903">
        <ele>483.0</ele>
      </trkpt>
      <trkpt lat="46.168623" lon="-91.270615">
        <ele>481.3</ele>
      </trkpt>
      <trkpt lat="46.169359" lon="-91.271037">
        <ele>487.1</ele>
      </trkpt>
      <trkpt lat="46.169958" lon="-91.271823">
        <ele>489.4</ele>
      </trkpt>
      <trkpt lat="46.17019" lon="-91.273">
        <ele>483.5</ele>
      </trkpt>
      <trkpt lat="46.169603" lon="-91.273786">
        <ele>472.9</ele>
      </trkpt>
      <trkpt lat="46.169603" lon="-91.273786">
        <ele>472.9</ele>
      </trkpt>
      <trkpt lat="46.168699" lon="-91.273964">
        <ele>476.9</ele>
      </trkpt>
      <trkpt lat="46.168573" lon="-91.274452">
        <ele>477.5</ele>
      </trkpt>
      <trkpt lat="46.169036" lon="-91.274825">
        <ele>479.2</ele>
      </trkpt>
      <trkpt lat="46.169062" lon="-91.275581">
        <ele>478.5</ele>
      </trkpt>
      <trkpt lat="46.169404" lon="-91.27648">
        <ele>479.0</ele>
      </trkpt>
      <trkpt lat="46.169048" lon="-91.277335">
        <ele>484.9</ele>
      </trkpt>
      <trkpt lat="46.169015" lon="-91.277816">
        <ele>482.7</ele>
      </trkpt>
      <trkpt lat="46.169421" lon="-91.278532">
        <ele>484.5</ele>
      </trkpt>
      <trkpt lat="46.170038" lon="-91.278817">
        <ele>491.7</ele>
      </trkpt>
      <trkpt lat="46.170531" lon="-91.278671">
        <ele>499.4</ele>
      </trkpt>
      <trkpt lat="46.17065" lon="-91.278059">
        <ele>498.7</ele>
      </trkpt>
      <trkpt lat="46.171276" lon="-91.277998">
        <ele>500.5</ele>
      </trkpt>
      <trkpt lat="46.171845" lon="-91.277634">
        <ele>494.3</ele>
      </trkpt>
      <trkpt lat="46.171845" lon="-91.277634">
        <ele>494.3</ele>
      </trkpt>
      <trkpt lat="46.172873" lon="-91.277348">
        <ele>491.8</ele>
      </trkpt>
      <trkpt lat="46.172873" lon="-91.277348">
        <ele>491.8</ele>
      </trkpt>
      <trkpt lat="46.172953" lon="-91.275959">
        <ele>483.0</ele>
      </trkpt>
      <trkpt lat="46.173408" lon="-91.275412">
        <ele>481.0</ele>
      </trkpt>
      <trkpt lat="46.173408" lon="-91.275412">
        <ele>481.0</ele>
      </trkpt>
      <trkpt lat="46.174492" lon="-91.275483">
        <ele>486.5</ele>
      </trkpt>
      <trkpt lat="46.175088" lon="-91.275927">
        <ele>482.2</ele>
      </trkpt>
      <trkpt lat="46.175088" lon="-91.275927">
        <ele>482.2</ele>
      </trkpt>
      <trkpt lat="46.176411" lon="-91.274871">
        <ele>474.2</ele>
      </trkpt>
      <trkpt lat="46.176411" lon="-91.274871">
        <ele>474.2</ele>
      </trkpt>
      <trkpt lat="46.177535" lon="-91.274771">
        <ele>476.6</ele>
      </trkpt>
      <trkpt lat="46.178659" lon="-91.274672">
        <ele>479.0</ele>
      </trkpt>
      <trkpt lat="46.178659" lon="-91.274672">
        <ele>479.0</ele>
      </trkpt>
      <trkpt lat="46.179527" lon="-91.275607">
        <ele>476.7</ele>
      </trkpt>
      <trkpt lat="46.180394" lon="-91.276542">
        <ele>469.6</ele>
      </trkpt>
      <trkpt lat="46.180394" lon="-91.276542">
        <ele>469.6</ele>
      </trkpt>
      <trkpt lat="46.181097" lon="-91.27892">
        <ele>472.0</ele>
      </trkpt>
      <trkpt lat="46.181097" lon="-91.27892">
        <ele>472.0</ele>
      </trkpt>
      <trkpt lat="46.180835" lon="-91.28146">
        <ele>472.6</ele>
      </trkpt>
      <trkpt lat="46.180835" lon="-91.28146">
        <ele>472.6</ele>
      </trkpt>
      <trkpt lat="46.181684" lon="-91.283673">
        <ele>458.7</ele>
      </trkpt>
      <trkpt lat="46.181684" lon="-91.283673">
        <ele>458.7</ele>
      </trkpt>
      <trkpt lat="46.182491" lon="-91.28428">
        <ele>455.4</ele>
      </trkpt>
      <trkpt lat="46.183299" lon="-91.284887">
        <ele>457.6</ele>
      </trkpt>
      <trkpt lat="46.184107" lon="-91.285494">
        <ele>454.1</ele>
      </trkpt>
      <trkpt lat="46.184107" lon="-91.285494">
        <ele>454.1</ele>
      </trkpt>
      <trkpt lat="46.183505" lon="-91.286846">
        <ele>457.3</ele>
      </trkpt>
      <trkpt lat="46.182904" lon="-91.288198">
        <ele>452.4</ele>
      </trkpt>
      <trkpt lat="46.182904" lon="-91.288198">
        <ele>452.4</ele>
      </trkpt>
      <trkpt lat="46.182796" lon="-91.289488">
        <ele>449.7</ele>
      </trkpt>
      <trkpt lat="46.183362" lon="-91.289664">
        <ele>445.5</ele>
      </trkpt>
      <trkpt lat="46.184132" lon="-91.289372">
        <ele>442.9</ele>
      </trkpt>
      <trkpt lat="46.183976" lon="-91.289773">
        <ele>442.3</ele>
      </trkpt>
      <trkpt lat="46.183976" lon="-91.289773">
        <ele>442.3</ele>
      </trkpt>
      <trkpt lat="46.182697" lon="-91.290355">
        <ele>437.0</ele>
      </trkpt>
      <trkpt lat="46.1828" lon="-91.291566">
        <ele>428.6</ele>
      </trkpt>
      <trkpt lat="46.18287" lon="-91.29162">
        <ele>427.9</ele>
      </trkpt>
      <trkpt lat="46.18346" lon="-91.29164">
        <ele>426.4</ele>
      </trkpt>
      <trkpt lat="46.18382" lon="-91.29153">
        <ele>425.3</ele>
      </trkpt>
      <trkpt lat="46.184" lon="-91.29169">
        <ele>423.5</ele>
      </trkpt>
      <trkpt lat="46.18476" lon="-91.29203">
        <ele>421.1</ele>
      </trkpt>
      <trkpt lat="46.18492" lon="-91.29182">
        <ele>420.9</ele>
      </trkpt>
      <trkpt lat="46.18465" lon="-91.29139">
        <ele>424.1</ele>
      </trkpt>
      <trkpt lat="46.18421" lon="-91.29113">
        <ele>426.0</ele>
      </trkpt>
      <trkpt lat="46.18435" lon="-91.29087">
        <ele>427.9</ele>
      </trkpt>
      <trkpt lat="46.18468" lon="-91.29078">
        <ele>430.9</ele>
      </trkpt>
      <trkpt lat="46.18531" lon="-91.29011">
        <ele>429.8</ele>
      </trkpt>
      <trkpt lat="46.18571" lon="-91.28954">
        <ele>434.5</ele>
      </trkpt>
      <trkpt lat="46.18584" lon="-91.28897">
        <ele>433.7</ele>
      </trkpt>
      <trkpt lat="46.18596" lon="-91.28882">
        <ele>430.7</ele>
      </trkpt>
      <trkpt lat="46.18653" lon="-91.2889">
        <ele>425.5</ele>
      </trkpt>
      <trkpt lat="46.18683" lon="-91.28848">
        <ele>421.7</ele>
      </trkpt>
      <trkpt lat="46.18703" lon="-91.28843">
        <ele>420.3</ele>
      </trkpt>
      <trkpt lat="46.18751" lon="-91.28848">
        <ele>417.5</ele>
      </trkpt>
      <trkpt lat="46.18795" lon="-91.28871">
        <ele>417.5</ele>
      </trkpt>
      <trkpt lat="46.18817" lon="-91.28871">
        <ele>417.0</ele>
      </trkpt>
      <trkpt lat="46.18838" lon="-91.28786">
        <ele>418.4</ele>
      </trkpt>
      <trkpt lat="46.18857" lon="-91.28735">
        <ele>417.7</ele>
      </trkpt>
      <trkpt lat="46.18857" lon="-91.28735">
        <ele>417.7</ele>
      </trkpt>
      <trkpt lat="46.1886" lon="-91.28729">
        <ele>418.2</ele>
      </trkpt>
      <trkpt lat="46.18901" lon="-91.28696">
        <ele>420.2</ele>
      </trkpt>
      <trkpt lat="46.18939" lon="-91.28631">
        <ele>424.7</ele>
      </trkpt>
      <trkpt lat="46.19007" lon="-91.28589">
        <ele>423.1</ele>
      </trkpt>
      <trkpt lat="46.19035" lon="-91.2859">
        <ele>423.2</ele>
      </trkpt>
      <trkpt lat="46.1909" lon="-91.28572">
        <ele>421.8</ele>
      </trkpt>
      <trkpt lat="46.19119" lon="-91.28519">
        <ele>424.8</ele>
      </trkpt>
      <trkpt lat="46.19101" lon="-91.28393">
        <ele>430.6</ele>
      </trkpt>
      <trkpt lat="46.19124" lon="-91.28315">
        <ele>431.5</ele>
      </trkpt>
      <trkpt lat="46.19111" lon="-91.28238">
        <ele>433.6</ele>
      </trkpt>
      <trkpt lat="46.19128" lon="-91.28159">
        <ele>438.7</ele>
      </trkpt>
      <trkpt lat="46.19098" lon="-91.28076">
        <ele>439.9</ele>
      </trkpt>
      <trkpt lat="46.19088" lon="-91.27995">
        <ele>440.1</ele>
      </trkpt>
      <trkpt lat="46.19099" lon="-91.27916">
        <ele>443.5</ele>
      </trkpt>
      <trkpt lat="46.19128" lon="-91.27872">
        <ele>442.5</ele>
      </trkpt>
      <trkpt lat="46.19158" lon="-91.279">
        <ele>440.3</ele>
      </trkpt>
      <trkpt lat="46.19189" lon="-91.27906">
        <ele>437.6</ele>
      </trkpt>
      <trkpt lat="46.19216" lon="-91.27884">
        <ele>438.0</ele>
      </trkpt>
      <trkpt lat="46.19216" lon="-91.27884">
        <ele>438.0</ele>
      </trkpt>
      <trkpt lat="46.19272" lon="-91.27838">
        <ele>433.3</ele>
      </trkpt>
      <trkpt lat="46.19311" lon="-91.27828">
        <ele>434.1</ele>
      </trkpt>
      <trkpt lat="46.19318" lon="-91.27788">
        <ele>435.2</ele>
      </trkpt>
      <trkpt lat="46.1931" lon="-91.27742">
        <ele>437.2</ele>
      </trkpt>
      <trkpt lat="46.193" lon="-91.27664">
        <ele>435.3</ele>
      </trkpt>
      <trkpt lat="46.19306" lon="-91.27627">
        <ele>432.3</ele>
      </trkpt>
      <trkpt lat="46.19341" lon="-91.27584">
        <ele>425.9</ele>
      </trkpt>
      <trkpt lat="46.19377" lon="-91.2754">
        <ele>429.7</ele>
      </trkpt>
      <trkpt lat="46.19372" lon="-91.27443">
        <ele>431.9</ele>
      </trkpt>
      <trkpt lat="46.19367" lon="-91.27346">
        <ele>429.3</ele>
      </trkpt>
      <trkpt lat="46.19354" lon="-91.27294">
        <ele>426.4</ele>
      </trkpt>
      <trkpt lat="46.19366" lon="-91.27242">
        <ele>427.2</ele>
      </trkpt>
      <trkpt lat="46.19362" lon="-91.27194">
        <ele>428.7</ele>
      </trkpt>
      <trkpt lat="46.19373" lon="-91.27142">
        <ele>430.8</ele>
      </trkpt>
      <trkpt lat="46.19361" lon="-91.2708">
        <ele>432.2</ele>
      </trkpt>
      <trkpt lat="46.19371" lon="-91.27049">
        <ele>431.3</ele>
      </trkpt>
      <trkpt lat="46.1937" lon="-91.26955">
        <ele>424.7</ele>
      </trkpt>
      <trkpt lat="46.1937" lon="-91.26955">
        <ele>424.7</ele>
      </trkpt>
      <trkpt lat="46.1937" lon="-91.26938">
        <ele>424.4</ele>
      </trkpt>
      <trkpt lat="46.19359" lon="-91.2686">
        <ele>425.2</ele>
      </trkpt>
      <trkpt lat="46.19347" lon="-91.26782">
        <ele>426.0</ele>
      </trkpt>
      <trkpt lat="46.19334" lon="-91.26701">
        <ele>424.2</ele>
      </trkpt>
      <trkpt lat="46.19334" lon="-91.266">
        <ele>421.8</ele>
      </trkpt>
      <trkpt lat="46.1933" lon="-91.2652">
        <ele>417.7</ele>
      </trkpt>
      <trkpt lat="46.19326" lon="-91.2644">
        <ele>415.4</ele>
      </trkpt>
      <trkpt lat="46.19326" lon="-91.2644">
        <ele>415.4</ele>
      </trkpt>
      <trkpt lat="46.19326" lon="-91.2644">
        <ele>415.4</ele>
      </trkpt>
      <trkpt lat="46.193199" lon="-91.262159">
        <ele>421.2</ele>
      </trkpt>
      <trkpt lat="46.193199" lon="-91.262159">
        <ele>421.2</ele>
      </trkpt>
      <trkpt lat="46.193199" lon="-91.262159">
        <ele>421.2</ele>
      </trkpt>
      <trkpt lat="46.19306" lon="-91.260475">
        <ele>422.2</ele>
      </trkpt>
      <trkpt lat="46.19306" lon="-91.260475">
        <ele>422.2</ele>
      </trkpt>
      <trkpt lat="46.19306" lon="-91.260475">
        <ele>422.2</ele>
      </trkpt>
      <trkpt lat="46.193211" lon="-91.258866">
        <ele>418.6</ele>
      </trkpt>
      <trkpt lat="46.193211" lon="-91.258866">
        <ele>418.6</ele>
      </trkpt>
      <trkpt lat="46.193391" lon="-91.2576">
        <ele>415.7</ele>
      </trkpt>
      <trkpt lat="46.193391" lon="-91.2576">
        <ele>415.7</ele>
      </trkpt>
      <trkpt lat="46.193414" lon="-91.257429">
        <ele>416.6</ele>
      </trkpt>
    </trkseg>
  </trk>
</gpx>
