<?xml version="1.0" encoding="UTF-8" standalone="yes"?>
<gpx xmlns="http://www.topografix.com/GPX/1/1" xmlns:gpxx="http://www.garmin.com/xmlschemas/GpxExtensions/v3" xmlns:gpxtpx="http://www.garmin.com/xmlschemas/TrackPointExtension/v1" creator="TCX Converter" version="1.1" xmlns:xsi="http://www.w3.org/2001/XMLSchema-instance" xsi:schemaLocation="http://www.topografix.com/GPX/1/1 http://www.topografix.com/GPX/1/1/gpx.xsd http://www.garmin.com/xmlschemas/GpxExtensions/v3 http://www.garmin.com/xmlschemas/GpxExtensions/v3/GpxExtensionsv3.xsd http://www.garmin.com/xmlschemas/TrackPointExtension/v1 http://www.garmin.com/xmlschemas/TrackPointExtension/v1/TrackPointExtensionv1.xsd">
<metadata>
<link href="http://www.teambikeolympo.it">
<text>Team Bike Olympo, The house of TCX Converter</text>
</link>
<time>2009-04-06T19:08:57Z</time>
</metadata>
  <wpt lat="44.1716" lon="10.87071">
    <name>Start of route</name>
    <desc>2026-04-14T15:24:38Z</desc>
  </wpt>
  <wpt lat="44.171170" lon="10.862390">
    <name>KM_10</name>
    <desc>2026-04-14T15:42:57Z</desc>
  </wpt>
  <wpt lat="44.171869" lon="10.854941">
    <name>KM_9</name>
    <desc>2026-04-14T16:01:57Z</desc>
  </wpt>
  <wpt lat="44.171829" lon="10.843424">
    <name>KM_8</name>
    <desc>2026-04-14T16:16:37Z</desc>
  </wpt>
  <wpt lat="44.165799" lon="10.836943">
    <name>KM_7</name>
    <desc>2026-04-14T16:32:07Z</desc>
  </wpt>
  <wpt lat="44.158230" lon="10.838260">
    <name>KM_6</name>
    <desc>2026-04-14T16:49:27Z</desc>
  </wpt>
  <wpt lat="44.154491" lon="10.840179">
    <name>HALF_WAY</name>
    <desc>2026-04-14T17:00:37Z</desc>
  </wpt>
  <wpt lat="44.153328" lon="10.837738">
    <name>KM_5</name>
    <desc>2026-04-14T17:10:37Z</desc>
  </wpt>
  <wpt lat="44.154051" lon="10.831375">
    <name>KM_4</name>
    <desc>2026-04-14T17:30:37Z</desc>
  </wpt>
  <wpt lat="44.150590" lon="10.824627">
    <name>KM_3</name>
    <desc>2026-04-14T17:44:37Z</desc>
  </wpt>
  <wpt lat="44.143642" lon="10.819201">
    <name>KM_2</name>
    <desc>2026-04-14T18:02:27Z</desc>
  </wpt>
  <wpt lat="44.136366" lon="10.820516">
    <name>KM_1</name>
    <desc>2026-04-14T18:16:07Z</desc>
  </wpt>
  <wpt lat="44.13266" lon="10.81408">
    <name>End of route</name>
    <desc>2026-04-14T18:28:38Z</desc>
  </wpt>
  <trk>
    <name>G26_SAL03_Corno</name>
    <trkseg>
      <trkpt lat="44.171600" lon="10.870710">
        <ele>824.70</ele>
        <time>2026-04-14T15:24:38Z</time>
      </trkpt>
      <trkpt lat="44.171590" lon="10.870680">
        <ele>825.30</ele>
        <time>2026-04-14T15:24:48Z</time>
      </trkpt>
      <trkpt lat="44.171510" lon="10.870650">
        <ele>826.50</ele>
        <time>2026-04-14T15:24:58Z</time>
      </trkpt>
      <trkpt lat="44.171490" lon="10.870640">
        <ele>826.90</ele>
        <time>2026-04-14T15:25:08Z</time>
      </trkpt>
      <trkpt lat="44.171380" lon="10.870630">
        <ele>828.00</ele>
        <time>2026-04-14T15:25:18Z</time>
      </trkpt>
      <trkpt lat="44.171310" lon="10.870640">
        <ele>828.40</ele>
        <time>2026-04-14T15:25:28Z</time>
      </trkpt>
      <trkpt lat="44.171309" lon="10.870638">
        <ele>828.40</ele>
        <time>2026-04-14T15:25:38Z</time>
      </trkpt>
      <trkpt lat="44.171120" lon="10.870660">
        <ele>829.40</ele>
        <time>2026-04-14T15:25:48Z</time>
      </trkpt>
      <trkpt lat="44.170910" lon="10.870720">
        <ele>829.20</ele>
        <time>2026-04-14T15:25:58Z</time>
      </trkpt>
      <trkpt lat="44.170680" lon="10.870800">
        <ele>829.40</ele>
        <time>2026-04-14T15:26:08Z</time>
      </trkpt>
      <trkpt lat="44.170540" lon="10.870860">
        <ele>830.20</ele>
        <time>2026-04-14T15:26:18Z</time>
      </trkpt>
      <trkpt lat="44.170510" lon="10.870880">
        <ele>830.30</ele>
        <time>2026-04-14T15:26:28Z</time>
      </trkpt>
      <trkpt lat="44.170370" lon="10.870940">
        <ele>831.50</ele>
        <time>2026-04-14T15:26:38Z</time>
      </trkpt>
      <trkpt lat="44.170340" lon="10.870950">
        <ele>831.80</ele>
        <time>2026-04-14T15:26:48Z</time>
      </trkpt>
      <trkpt lat="44.170180" lon="10.871010">
        <ele>833.10</ele>
        <time>2026-04-14T15:26:58Z</time>
      </trkpt>
      <trkpt lat="44.170170" lon="10.871010">
        <ele>833.30</ele>
        <time>2026-04-14T15:27:08Z</time>
      </trkpt>
      <trkpt lat="44.170130" lon="10.871010">
        <ele>833.90</ele>
        <time>2026-04-14T15:27:18Z</time>
      </trkpt>
      <trkpt lat="44.170090" lon="10.870980">
        <ele>835.00</ele>
        <time>2026-04-14T15:27:28Z</time>
      </trkpt>
      <trkpt lat="44.170080" lon="10.870940">
        <ele>835.90</ele>
        <time>2026-04-14T15:27:38Z</time>
      </trkpt>
      <trkpt lat="44.170090" lon="10.870890">
        <ele>836.60</ele>
        <time>2026-04-14T15:27:48Z</time>
      </trkpt>
      <trkpt lat="44.170100" lon="10.870850">
        <ele>837.10</ele>
        <time>2026-04-14T15:27:58Z</time>
      </trkpt>
      <trkpt lat="44.170100" lon="10.870820">
        <ele>837.80</ele>
        <time>2026-04-14T15:28:08Z</time>
      </trkpt>
      <trkpt lat="44.170150" lon="10.870770">
        <ele>838.40</ele>
        <time>2026-04-14T15:28:18Z</time>
      </trkpt>
      <trkpt lat="44.170240" lon="10.870680">
        <ele>839.60</ele>
        <time>2026-04-14T15:28:28Z</time>
      </trkpt>
      <trkpt lat="44.170380" lon="10.870560">
        <ele>841.00</ele>
        <time>2026-04-14T15:28:38Z</time>
      </trkpt>
      <trkpt lat="44.170390" lon="10.870560">
        <ele>840.90</ele>
        <time>2026-04-14T15:28:48Z</time>
      </trkpt>
      <trkpt lat="44.170410" lon="10.870540">
        <ele>841.20</ele>
        <time>2026-04-14T15:28:58Z</time>
      </trkpt>
      <trkpt lat="44.170440" lon="10.870530">
        <ele>841.10</ele>
        <time>2026-04-14T15:29:08Z</time>
      </trkpt>
      <trkpt lat="44.170550" lon="10.870460">
        <ele>841.80</ele>
        <time>2026-04-14T15:29:18Z</time>
      </trkpt>
      <trkpt lat="44.170780" lon="10.870360">
        <ele>842.00</ele>
        <time>2026-04-14T15:29:28Z</time>
      </trkpt>
      <trkpt lat="44.170850" lon="10.870320">
        <ele>842.40</ele>
        <time>2026-04-14T15:29:38Z</time>
      </trkpt>
      <trkpt lat="44.170890" lon="10.870300">
        <ele>842.50</ele>
        <time>2026-04-14T15:29:48Z</time>
      </trkpt>
      <trkpt lat="44.171010" lon="10.870260">
        <ele>842.00</ele>
        <time>2026-04-14T15:29:58Z</time>
      </trkpt>
      <trkpt lat="44.171060" lon="10.870240">
        <ele>841.80</ele>
        <time>2026-04-14T15:30:08Z</time>
      </trkpt>
      <trkpt lat="44.171180" lon="10.870190">
        <ele>841.30</ele>
        <time>2026-04-14T15:30:18Z</time>
      </trkpt>
      <trkpt lat="44.171290" lon="10.870120">
        <ele>841.30</ele>
        <time>2026-04-14T15:30:28Z</time>
      </trkpt>
      <trkpt lat="44.171400" lon="10.870030">
        <ele>841.40</ele>
        <time>2026-04-14T15:30:38Z</time>
      </trkpt>
      <trkpt lat="44.171440" lon="10.869980">
        <ele>841.70</ele>
        <time>2026-04-14T15:30:48Z</time>
      </trkpt>
      <trkpt lat="44.171470" lon="10.869940">
        <ele>841.80</ele>
        <time>2026-04-14T15:30:58Z</time>
      </trkpt>
      <trkpt lat="44.171510" lon="10.869850">
        <ele>842.50</ele>
        <time>2026-04-14T15:31:08Z</time>
      </trkpt>
      <trkpt lat="44.171530" lon="10.869710">
        <ele>844.40</ele>
        <time>2026-04-14T15:31:18Z</time>
      </trkpt>
      <trkpt lat="44.171530" lon="10.869600">
        <ele>846.20</ele>
        <time>2026-04-14T15:31:28Z</time>
      </trkpt>
      <trkpt lat="44.171510" lon="10.869530">
        <ele>847.90</ele>
        <time>2026-04-14T15:31:38Z</time>
      </trkpt>
      <trkpt lat="44.171460" lon="10.869280">
        <ele>853.70</ele>
        <time>2026-04-14T15:31:48Z</time>
      </trkpt>
      <trkpt lat="44.171440" lon="10.869200">
        <ele>855.70</ele>
        <time>2026-04-14T15:31:58Z</time>
      </trkpt>
      <trkpt lat="44.171410" lon="10.869040">
        <ele>858.40</ele>
        <time>2026-04-14T15:32:08Z</time>
      </trkpt>
      <trkpt lat="44.171350" lon="10.868740">
        <ele>863.40</ele>
        <time>2026-04-14T15:32:18Z</time>
      </trkpt>
      <trkpt lat="44.171330" lon="10.868610">
        <ele>865.40</ele>
        <time>2026-04-14T15:32:28Z</time>
      </trkpt>
      <trkpt lat="44.171330" lon="10.868500">
        <ele>866.50</ele>
        <time>2026-04-14T15:32:38Z</time>
      </trkpt>
      <trkpt lat="44.171350" lon="10.868410">
        <ele>866.60</ele>
        <time>2026-04-14T15:32:48Z</time>
      </trkpt>
      <trkpt lat="44.171380" lon="10.868320">
        <ele>866.20</ele>
        <time>2026-04-14T15:32:58Z</time>
      </trkpt>
      <trkpt lat="44.171440" lon="10.868220">
        <ele>864.90</ele>
        <time>2026-04-14T15:33:08Z</time>
      </trkpt>
      <trkpt lat="44.171470" lon="10.868120">
        <ele>864.80</ele>
        <time>2026-04-14T15:33:18Z</time>
      </trkpt>
      <trkpt lat="44.171470" lon="10.868110">
        <ele>864.90</ele>
        <time>2026-04-14T15:33:28Z</time>
      </trkpt>
      <trkpt lat="44.171490" lon="10.868000">
        <ele>865.40</ele>
        <time>2026-04-14T15:33:38Z</time>
      </trkpt>
      <trkpt lat="44.171500" lon="10.867900">
        <ele>866.10</ele>
        <time>2026-04-14T15:33:48Z</time>
      </trkpt>
      <trkpt lat="44.171490" lon="10.867860">
        <ele>867.00</ele>
        <time>2026-04-14T15:33:58Z</time>
      </trkpt>
      <trkpt lat="44.171460" lon="10.867690">
        <ele>870.40</ele>
        <time>2026-04-14T15:34:08Z</time>
      </trkpt>
      <trkpt lat="44.171430" lon="10.867510">
        <ele>873.90</ele>
        <time>2026-04-14T15:34:18Z</time>
      </trkpt>
      <trkpt lat="44.171410" lon="10.867420">
        <ele>877.00</ele>
        <time>2026-04-14T15:34:28Z</time>
      </trkpt>
      <trkpt lat="44.171410" lon="10.867370">
        <ele>878.20</ele>
        <time>2026-04-14T15:34:38Z</time>
      </trkpt>
      <trkpt lat="44.171410" lon="10.867320">
        <ele>879.40</ele>
        <time>2026-04-14T15:34:48Z</time>
      </trkpt>
      <trkpt lat="44.171410" lon="10.867230">
        <ele>881.60</ele>
        <time>2026-04-14T15:34:58Z</time>
      </trkpt>
      <trkpt lat="44.171420" lon="10.867130">
        <ele>883.50</ele>
        <time>2026-04-14T15:35:08Z</time>
      </trkpt>
      <trkpt lat="44.171430" lon="10.867130">
        <ele>883.10</ele>
        <time>2026-04-14T15:35:18Z</time>
      </trkpt>
      <trkpt lat="44.171460" lon="10.867060">
        <ele>883.40</ele>
        <time>2026-04-14T15:35:28Z</time>
      </trkpt>
      <trkpt lat="44.171530" lon="10.866950">
        <ele>882.70</ele>
        <time>2026-04-14T15:35:38Z</time>
      </trkpt>
      <trkpt lat="44.171620" lon="10.866860">
        <ele>880.60</ele>
        <time>2026-04-14T15:35:48Z</time>
      </trkpt>
      <trkpt lat="44.171690" lon="10.866780">
        <ele>878.90</ele>
        <time>2026-04-14T15:35:58Z</time>
      </trkpt>
      <trkpt lat="44.171720" lon="10.866750">
        <ele>877.90</ele>
        <time>2026-04-14T15:36:08Z</time>
      </trkpt>
      <trkpt lat="44.171770" lon="10.866690">
        <ele>876.40</ele>
        <time>2026-04-14T15:36:18Z</time>
      </trkpt>
      <trkpt lat="44.171800" lon="10.866590">
        <ele>876.30</ele>
        <time>2026-04-14T15:36:28Z</time>
      </trkpt>
      <trkpt lat="44.171810" lon="10.866560">
        <ele>876.20</ele>
        <time>2026-04-14T15:36:38Z</time>
      </trkpt>
      <trkpt lat="44.171840" lon="10.866420">
        <ele>876.70</ele>
        <time>2026-04-14T15:36:48Z</time>
      </trkpt>
      <trkpt lat="44.171890" lon="10.866110">
        <ele>878.80</ele>
        <time>2026-04-14T15:36:58Z</time>
      </trkpt>
      <trkpt lat="44.171890" lon="10.866090">
        <ele>879.10</ele>
        <time>2026-04-14T15:37:08Z</time>
      </trkpt>
      <trkpt lat="44.171920" lon="10.865860">
        <ele>881.20</ele>
        <time>2026-04-14T15:37:18Z</time>
      </trkpt>
      <trkpt lat="44.171920" lon="10.865830">
        <ele>881.60</ele>
        <time>2026-04-14T15:37:28Z</time>
      </trkpt>
      <trkpt lat="44.171960" lon="10.865630">
        <ele>881.00</ele>
        <time>2026-04-14T15:37:38Z</time>
      </trkpt>
      <trkpt lat="44.171960" lon="10.865620">
        <ele>881.10</ele>
        <time>2026-04-14T15:37:48Z</time>
      </trkpt>
      <trkpt lat="44.172020" lon="10.865460">
        <ele>879.40</ele>
        <time>2026-04-14T15:37:58Z</time>
      </trkpt>
      <trkpt lat="44.172050" lon="10.865400">
        <ele>878.50</ele>
        <time>2026-04-14T15:38:08Z</time>
      </trkpt>
      <trkpt lat="44.172070" lon="10.865320">
        <ele>878.20</ele>
        <time>2026-04-14T15:38:18Z</time>
      </trkpt>
      <trkpt lat="44.172100" lon="10.865230">
        <ele>877.70</ele>
        <time>2026-04-14T15:38:28Z</time>
      </trkpt>
      <trkpt lat="44.172110" lon="10.865180">
        <ele>877.70</ele>
        <time>2026-04-14T15:38:38Z</time>
      </trkpt>
      <trkpt lat="44.172110" lon="10.865160">
        <ele>877.90</ele>
        <time>2026-04-14T15:38:48Z</time>
      </trkpt>
      <trkpt lat="44.172120" lon="10.865120">
        <ele>877.80</ele>
        <time>2026-04-14T15:38:58Z</time>
      </trkpt>
      <trkpt lat="44.172120" lon="10.865050">
        <ele>878.50</ele>
        <time>2026-04-14T15:39:08Z</time>
      </trkpt>
      <trkpt lat="44.172120" lon="10.864990">
        <ele>879.00</ele>
        <time>2026-04-14T15:39:18Z</time>
      </trkpt>
      <trkpt lat="44.172120" lon="10.864930">
        <ele>879.20</ele>
        <time>2026-04-14T15:39:28Z</time>
      </trkpt>
      <trkpt lat="44.172110" lon="10.864850">
        <ele>879.90</ele>
        <time>2026-04-14T15:39:38Z</time>
      </trkpt>
      <trkpt lat="44.172090" lon="10.864780">
        <ele>880.90</ele>
        <time>2026-04-14T15:39:48Z</time>
      </trkpt>
      <trkpt lat="44.172030" lon="10.864660">
        <ele>883.20</ele>
        <time>2026-04-14T15:39:58Z</time>
      </trkpt>
      <trkpt lat="44.171960" lon="10.864470">
        <ele>885.30</ele>
        <time>2026-04-14T15:40:08Z</time>
      </trkpt>
      <trkpt lat="44.171910" lon="10.864330">
        <ele>886.30</ele>
        <time>2026-04-14T15:40:18Z</time>
      </trkpt>
      <trkpt lat="44.171870" lon="10.864250">
        <ele>886.90</ele>
        <time>2026-04-14T15:40:28Z</time>
      </trkpt>
      <trkpt lat="44.171770" lon="10.864070">
        <ele>888.70</ele>
        <time>2026-04-14T15:40:38Z</time>
      </trkpt>
      <trkpt lat="44.171760" lon="10.864050">
        <ele>888.90</ele>
        <time>2026-04-14T15:40:48Z</time>
      </trkpt>
      <trkpt lat="44.171660" lon="10.863850">
        <ele>890.70</ele>
        <time>2026-04-14T15:40:58Z</time>
      </trkpt>
      <trkpt lat="44.171570" lon="10.863690">
        <ele>894.30</ele>
        <time>2026-04-14T15:41:08Z</time>
      </trkpt>
      <trkpt lat="44.171550" lon="10.863650">
        <ele>895.10</ele>
        <time>2026-04-14T15:41:18Z</time>
      </trkpt>
      <trkpt lat="44.171540" lon="10.863630">
        <ele>895.40</ele>
        <time>2026-04-14T15:41:28Z</time>
      </trkpt>
      <trkpt lat="44.171510" lon="10.863560">
        <ele>896.40</ele>
        <time>2026-04-14T15:41:38Z</time>
      </trkpt>
      <trkpt lat="44.171490" lon="10.863440">
        <ele>896.80</ele>
        <time>2026-04-14T15:41:48Z</time>
      </trkpt>
      <trkpt lat="44.171480" lon="10.863420">
        <ele>897.10</ele>
        <time>2026-04-14T15:41:58Z</time>
      </trkpt>
      <trkpt lat="44.171460" lon="10.863270">
        <ele>897.90</ele>
        <time>2026-04-14T15:42:08Z</time>
      </trkpt>
      <trkpt lat="44.171430" lon="10.863180">
        <ele>899.30</ele>
        <time>2026-04-14T15:42:18Z</time>
      </trkpt>
      <trkpt lat="44.171350" lon="10.862950">
        <ele>902.30</ele>
        <time>2026-04-14T15:42:28Z</time>
      </trkpt>
      <trkpt lat="44.171310" lon="10.862830">
        <ele>903.30</ele>
        <time>2026-04-14T15:42:38Z</time>
      </trkpt>
      <trkpt lat="44.171280" lon="10.862720">
        <ele>904.00</ele>
        <time>2026-04-14T15:42:48Z</time>
      </trkpt>
      <trkpt lat="44.171170" lon="10.862390">
        <ele>902.16</ele>
        <time>2026-04-14T15:42:57Z</time>
      </trkpt>
      <trkpt lat="44.171160" lon="10.862360">
        <ele>906.00</ele>
        <time>2026-04-14T15:42:58Z</time>
      </trkpt>
      <trkpt lat="44.171070" lon="10.862090">
        <ele>908.00</ele>
        <time>2026-04-14T15:43:08Z</time>
      </trkpt>
      <trkpt lat="44.171050" lon="10.862040">
        <ele>908.20</ele>
        <time>2026-04-14T15:43:18Z</time>
      </trkpt>
      <trkpt lat="44.171000" lon="10.861880">
        <ele>909.00</ele>
        <time>2026-04-14T15:43:28Z</time>
      </trkpt>
      <trkpt lat="44.170990" lon="10.861810">
        <ele>909.30</ele>
        <time>2026-04-14T15:43:38Z</time>
      </trkpt>
      <trkpt lat="44.170990" lon="10.861790">
        <ele>909.40</ele>
        <time>2026-04-14T15:43:48Z</time>
      </trkpt>
      <trkpt lat="44.170990" lon="10.861740">
        <ele>909.60</ele>
        <time>2026-04-14T15:43:58Z</time>
      </trkpt>
      <trkpt lat="44.171040" lon="10.861690">
        <ele>909.50</ele>
        <time>2026-04-14T15:44:08Z</time>
      </trkpt>
      <trkpt lat="44.171090" lon="10.861670">
        <ele>909.40</ele>
        <time>2026-04-14T15:44:18Z</time>
      </trkpt>
      <trkpt lat="44.171110" lon="10.861670">
        <ele>909.40</ele>
        <time>2026-04-14T15:44:28Z</time>
      </trkpt>
      <trkpt lat="44.171140" lon="10.861670">
        <ele>909.30</ele>
        <time>2026-04-14T15:44:38Z</time>
      </trkpt>
      <trkpt lat="44.171210" lon="10.861710">
        <ele>909.20</ele>
        <time>2026-04-14T15:44:48Z</time>
      </trkpt>
      <trkpt lat="44.171270" lon="10.861760">
        <ele>909.10</ele>
        <time>2026-04-14T15:44:58Z</time>
      </trkpt>
      <trkpt lat="44.171350" lon="10.861840">
        <ele>909.00</ele>
        <time>2026-04-14T15:45:08Z</time>
      </trkpt>
      <trkpt lat="44.171430" lon="10.861890">
        <ele>908.90</ele>
        <time>2026-04-14T15:45:18Z</time>
      </trkpt>
      <trkpt lat="44.171440" lon="10.861900">
        <ele>908.80</ele>
        <time>2026-04-14T15:45:28Z</time>
      </trkpt>
      <trkpt lat="44.171500" lon="10.861950">
        <ele>908.70</ele>
        <time>2026-04-14T15:45:38Z</time>
      </trkpt>
      <trkpt lat="44.171540" lon="10.862030">
        <ele>908.70</ele>
        <time>2026-04-14T15:45:48Z</time>
      </trkpt>
      <trkpt lat="44.171560" lon="10.862060">
        <ele>908.30</ele>
        <time>2026-04-14T15:45:58Z</time>
      </trkpt>
      <trkpt lat="44.171580" lon="10.862130">
        <ele>907.40</ele>
        <time>2026-04-14T15:46:08Z</time>
      </trkpt>
      <trkpt lat="44.171620" lon="10.862290">
        <ele>905.20</ele>
        <time>2026-04-14T15:46:18Z</time>
      </trkpt>
      <trkpt lat="44.171650" lon="10.862440">
        <ele>902.90</ele>
        <time>2026-04-14T15:46:28Z</time>
      </trkpt>
      <trkpt lat="44.171690" lon="10.862570">
        <ele>901.30</ele>
        <time>2026-04-14T15:46:38Z</time>
      </trkpt>
      <trkpt lat="44.171730" lon="10.862680">
        <ele>900.20</ele>
        <time>2026-04-14T15:46:48Z</time>
      </trkpt>
      <trkpt lat="44.171780" lon="10.862770">
        <ele>899.50</ele>
        <time>2026-04-14T15:46:58Z</time>
      </trkpt>
      <trkpt lat="44.171850" lon="10.862840">
        <ele>899.20</ele>
        <time>2026-04-14T15:47:08Z</time>
      </trkpt>
      <trkpt lat="44.171910" lon="10.862880">
        <ele>899.30</ele>
        <time>2026-04-14T15:47:18Z</time>
      </trkpt>
      <trkpt lat="44.171930" lon="10.862900">
        <ele>899.20</ele>
        <time>2026-04-14T15:47:28Z</time>
      </trkpt>
      <trkpt lat="44.172020" lon="10.862980">
        <ele>899.10</ele>
        <time>2026-04-14T15:47:38Z</time>
      </trkpt>
      <trkpt lat="44.172060" lon="10.863030">
        <ele>898.90</ele>
        <time>2026-04-14T15:47:48Z</time>
      </trkpt>
      <trkpt lat="44.172100" lon="10.863080">
        <ele>898.70</ele>
        <time>2026-04-14T15:47:58Z</time>
      </trkpt>
      <trkpt lat="44.172160" lon="10.863180">
        <ele>898.10</ele>
        <time>2026-04-14T15:48:08Z</time>
      </trkpt>
      <trkpt lat="44.172180" lon="10.863210">
        <ele>898.00</ele>
        <time>2026-04-14T15:48:18Z</time>
      </trkpt>
      <trkpt lat="44.172210" lon="10.863260">
        <ele>897.70</ele>
        <time>2026-04-14T15:48:28Z</time>
      </trkpt>
      <trkpt lat="44.172260" lon="10.863290">
        <ele>897.90</ele>
        <time>2026-04-14T15:48:38Z</time>
      </trkpt>
      <trkpt lat="44.172320" lon="10.863310">
        <ele>898.30</ele>
        <time>2026-04-14T15:48:48Z</time>
      </trkpt>
      <trkpt lat="44.172340" lon="10.863310">
        <ele>898.50</ele>
        <time>2026-04-14T15:48:58Z</time>
      </trkpt>
      <trkpt lat="44.172380" lon="10.863320">
        <ele>898.90</ele>
        <time>2026-04-14T15:49:08Z</time>
      </trkpt>
      <trkpt lat="44.172430" lon="10.863310">
        <ele>899.50</ele>
        <time>2026-04-14T15:49:18Z</time>
      </trkpt>
      <trkpt lat="44.172470" lon="10.863270">
        <ele>900.40</ele>
        <time>2026-04-14T15:49:28Z</time>
      </trkpt>
      <trkpt lat="44.172480" lon="10.863230">
        <ele>900.90</ele>
        <time>2026-04-14T15:49:38Z</time>
      </trkpt>
      <trkpt lat="44.172490" lon="10.863190">
        <ele>901.40</ele>
        <time>2026-04-14T15:49:48Z</time>
      </trkpt>
      <trkpt lat="44.172500" lon="10.863120">
        <ele>902.30</ele>
        <time>2026-04-14T15:49:58Z</time>
      </trkpt>
      <trkpt lat="44.172490" lon="10.863040">
        <ele>903.10</ele>
        <time>2026-04-14T15:50:08Z</time>
      </trkpt>
      <trkpt lat="44.172470" lon="10.862990">
        <ele>903.40</ele>
        <time>2026-04-14T15:50:18Z</time>
      </trkpt>
      <trkpt lat="44.172460" lon="10.862980">
        <ele>903.40</ele>
        <time>2026-04-14T15:50:28Z</time>
      </trkpt>
      <trkpt lat="44.172390" lon="10.862870">
        <ele>904.00</ele>
        <time>2026-04-14T15:50:38Z</time>
      </trkpt>
      <trkpt lat="44.172330" lon="10.862830">
        <ele>903.80</ele>
        <time>2026-04-14T15:50:48Z</time>
      </trkpt>
      <trkpt lat="44.172220" lon="10.862750">
        <ele>903.70</ele>
        <time>2026-04-14T15:50:58Z</time>
      </trkpt>
      <trkpt lat="44.172170" lon="10.862690">
        <ele>904.00</ele>
        <time>2026-04-14T15:51:08Z</time>
      </trkpt>
      <trkpt lat="44.172100" lon="10.862580">
        <ele>904.70</ele>
        <time>2026-04-14T15:51:18Z</time>
      </trkpt>
      <trkpt lat="44.172070" lon="10.862500">
        <ele>905.40</ele>
        <time>2026-04-14T15:51:28Z</time>
      </trkpt>
      <trkpt lat="44.172060" lon="10.862480">
        <ele>905.50</ele>
        <time>2026-04-14T15:51:38Z</time>
      </trkpt>
      <trkpt lat="44.172030" lon="10.862380">
        <ele>906.20</ele>
        <time>2026-04-14T15:51:48Z</time>
      </trkpt>
      <trkpt lat="44.172020" lon="10.862240">
        <ele>907.40</ele>
        <time>2026-04-14T15:51:58Z</time>
      </trkpt>
      <trkpt lat="44.172020" lon="10.862220">
        <ele>907.60</ele>
        <time>2026-04-14T15:52:08Z</time>
      </trkpt>
      <trkpt lat="44.172020" lon="10.862040">
        <ele>909.30</ele>
        <time>2026-04-14T15:52:18Z</time>
      </trkpt>
      <trkpt lat="44.172020" lon="10.861890">
        <ele>910.60</ele>
        <time>2026-04-14T15:52:28Z</time>
      </trkpt>
      <trkpt lat="44.172000" lon="10.861720">
        <ele>912.30</ele>
        <time>2026-04-14T15:52:38Z</time>
      </trkpt>
      <trkpt lat="44.171990" lon="10.861610">
        <ele>913.70</ele>
        <time>2026-04-14T15:52:48Z</time>
      </trkpt>
      <trkpt lat="44.171970" lon="10.861510">
        <ele>915.40</ele>
        <time>2026-04-14T15:52:58Z</time>
      </trkpt>
      <trkpt lat="44.171970" lon="10.861470">
        <ele>916.10</ele>
        <time>2026-04-14T15:53:08Z</time>
      </trkpt>
      <trkpt lat="44.171950" lon="10.861370">
        <ele>917.80</ele>
        <time>2026-04-14T15:53:18Z</time>
      </trkpt>
      <trkpt lat="44.171930" lon="10.861190">
        <ele>921.00</ele>
        <time>2026-04-14T15:53:28Z</time>
      </trkpt>
      <trkpt lat="44.171940" lon="10.861030">
        <ele>923.50</ele>
        <time>2026-04-14T15:53:38Z</time>
      </trkpt>
      <trkpt lat="44.171960" lon="10.860870">
        <ele>925.80</ele>
        <time>2026-04-14T15:53:48Z</time>
      </trkpt>
      <trkpt lat="44.172030" lon="10.860700">
        <ele>926.80</ele>
        <time>2026-04-14T15:53:58Z</time>
      </trkpt>
      <trkpt lat="44.172120" lon="10.860550">
        <ele>926.90</ele>
        <time>2026-04-14T15:54:08Z</time>
      </trkpt>
      <trkpt lat="44.172140" lon="10.860520">
        <ele>926.80</ele>
        <time>2026-04-14T15:54:18Z</time>
      </trkpt>
      <trkpt lat="44.172210" lon="10.860390">
        <ele>926.80</ele>
        <time>2026-04-14T15:54:28Z</time>
      </trkpt>
      <trkpt lat="44.172220" lon="10.860380">
        <ele>926.70</ele>
        <time>2026-04-14T15:54:38Z</time>
      </trkpt>
      <trkpt lat="44.172230" lon="10.860350">
        <ele>926.80</ele>
        <time>2026-04-14T15:54:48Z</time>
      </trkpt>
      <trkpt lat="44.172280" lon="10.860210">
        <ele>927.10</ele>
        <time>2026-04-14T15:54:58Z</time>
      </trkpt>
      <trkpt lat="44.172290" lon="10.860160">
        <ele>927.30</ele>
        <time>2026-04-14T15:55:08Z</time>
      </trkpt>
      <trkpt lat="44.172310" lon="10.860030">
        <ele>928.10</ele>
        <time>2026-04-14T15:55:18Z</time>
      </trkpt>
      <trkpt lat="44.172310" lon="10.859910">
        <ele>928.30</ele>
        <time>2026-04-14T15:55:28Z</time>
      </trkpt>
      <trkpt lat="44.172320" lon="10.859850">
        <ele>928.00</ele>
        <time>2026-04-14T15:55:38Z</time>
      </trkpt>
      <trkpt lat="44.172310" lon="10.859640">
        <ele>928.10</ele>
        <time>2026-04-14T15:55:48Z</time>
      </trkpt>
      <trkpt lat="44.172310" lon="10.859620">
        <ele>928.10</ele>
        <time>2026-04-14T15:55:58Z</time>
      </trkpt>
      <trkpt lat="44.172290" lon="10.859540">
        <ele>928.50</ele>
        <time>2026-04-14T15:56:08Z</time>
      </trkpt>
      <trkpt lat="44.172280" lon="10.859470">
        <ele>928.70</ele>
        <time>2026-04-14T15:56:18Z</time>
      </trkpt>
      <trkpt lat="44.172270" lon="10.859410">
        <ele>928.90</ele>
        <time>2026-04-14T15:56:28Z</time>
      </trkpt>
      <trkpt lat="44.172250" lon="10.859350">
        <ele>929.40</ele>
        <time>2026-04-14T15:56:38Z</time>
      </trkpt>
      <trkpt lat="44.172240" lon="10.859300">
        <ele>929.60</ele>
        <time>2026-04-14T15:56:48Z</time>
      </trkpt>
      <trkpt lat="44.172210" lon="10.859210">
        <ele>930.30</ele>
        <time>2026-04-14T15:56:58Z</time>
      </trkpt>
      <trkpt lat="44.172160" lon="10.859080">
        <ele>931.50</ele>
        <time>2026-04-14T15:57:08Z</time>
      </trkpt>
      <trkpt lat="44.172070" lon="10.858870">
        <ele>933.50</ele>
        <time>2026-04-14T15:57:18Z</time>
      </trkpt>
      <trkpt lat="44.172060" lon="10.858720">
        <ele>933.50</ele>
        <time>2026-04-14T15:57:28Z</time>
      </trkpt>
      <trkpt lat="44.172050" lon="10.858510">
        <ele>933.40</ele>
        <time>2026-04-14T15:57:38Z</time>
      </trkpt>
      <trkpt lat="44.172040" lon="10.858380">
        <ele>933.40</ele>
        <time>2026-04-14T15:57:48Z</time>
      </trkpt>
      <trkpt lat="44.172040" lon="10.858360">
        <ele>933.40</ele>
        <time>2026-04-14T15:57:58Z</time>
      </trkpt>
      <trkpt lat="44.172030" lon="10.858260">
        <ele>934.10</ele>
        <time>2026-04-14T15:58:08Z</time>
      </trkpt>
      <trkpt lat="44.172010" lon="10.858170">
        <ele>935.00</ele>
        <time>2026-04-14T15:58:18Z</time>
      </trkpt>
      <trkpt lat="44.172010" lon="10.858130">
        <ele>935.30</ele>
        <time>2026-04-14T15:58:28Z</time>
      </trkpt>
      <trkpt lat="44.172010" lon="10.857990">
        <ele>936.10</ele>
        <time>2026-04-14T15:58:38Z</time>
      </trkpt>
      <trkpt lat="44.172040" lon="10.857620">
        <ele>938.00</ele>
        <time>2026-04-14T15:58:48Z</time>
      </trkpt>
      <trkpt lat="44.172050" lon="10.857380">
        <ele>938.70</ele>
        <time>2026-04-14T15:58:58Z</time>
      </trkpt>
      <trkpt lat="44.172050" lon="10.857360">
        <ele>938.70</ele>
        <time>2026-04-14T15:59:08Z</time>
      </trkpt>
      <trkpt lat="44.172080" lon="10.857170">
        <ele>938.30</ele>
        <time>2026-04-14T15:59:18Z</time>
      </trkpt>
      <trkpt lat="44.172080" lon="10.857120">
        <ele>938.30</ele>
        <time>2026-04-14T15:59:28Z</time>
      </trkpt>
      <trkpt lat="44.172090" lon="10.857120">
        <ele>938.10</ele>
        <time>2026-04-14T15:59:38Z</time>
      </trkpt>
      <trkpt lat="44.172110" lon="10.856970">
        <ele>937.80</ele>
        <time>2026-04-14T15:59:48Z</time>
      </trkpt>
      <trkpt lat="44.172110" lon="10.856920">
        <ele>937.80</ele>
        <time>2026-04-14T15:59:58Z</time>
      </trkpt>
      <trkpt lat="44.172110" lon="10.856870">
        <ele>937.80</ele>
        <time>2026-04-14T16:00:08Z</time>
      </trkpt>
      <trkpt lat="44.172110" lon="10.856800">
        <ele>937.80</ele>
        <time>2026-04-14T16:00:18Z</time>
      </trkpt>
      <trkpt lat="44.172100" lon="10.856700">
        <ele>938.10</ele>
        <time>2026-04-14T16:00:28Z</time>
      </trkpt>
      <trkpt lat="44.172050" lon="10.856230">
        <ele>937.00</ele>
        <time>2026-04-14T16:00:38Z</time>
      </trkpt>
      <trkpt lat="44.172030" lon="10.856130">
        <ele>936.90</ele>
        <time>2026-04-14T16:00:48Z</time>
      </trkpt>
      <trkpt lat="44.172000" lon="10.855940">
        <ele>936.70</ele>
        <time>2026-04-14T16:00:58Z</time>
      </trkpt>
      <trkpt lat="44.171980" lon="10.855780">
        <ele>936.20</ele>
        <time>2026-04-14T16:01:08Z</time>
      </trkpt>
      <trkpt lat="44.171930" lon="10.855390">
        <ele>933.80</ele>
        <time>2026-04-14T16:01:18Z</time>
      </trkpt>
      <trkpt lat="44.171930" lon="10.855350">
        <ele>933.40</ele>
        <time>2026-04-14T16:01:28Z</time>
      </trkpt>
      <trkpt lat="44.171910" lon="10.855200">
        <ele>932.50</ele>
        <time>2026-04-14T16:01:38Z</time>
      </trkpt>
      <trkpt lat="44.171880" lon="10.855010">
        <ele>931.50</ele>
        <time>2026-04-14T16:01:48Z</time>
      </trkpt>
      <trkpt lat="44.171869" lon="10.854941">
        <ele>931.44</ele>
        <time>2026-04-14T16:01:57Z</time>
      </trkpt>
      <trkpt lat="44.171860" lon="10.854890">
        <ele>931.60</ele>
        <time>2026-04-14T16:01:58Z</time>
      </trkpt>
      <trkpt lat="44.171850" lon="10.854840">
        <ele>931.70</ele>
        <time>2026-04-14T16:02:08Z</time>
      </trkpt>
      <trkpt lat="44.171810" lon="10.854720">
        <ele>932.30</ele>
        <time>2026-04-14T16:02:18Z</time>
      </trkpt>
      <trkpt lat="44.171740" lon="10.854510">
        <ele>933.40</ele>
        <time>2026-04-14T16:02:28Z</time>
      </trkpt>
      <trkpt lat="44.171710" lon="10.854390">
        <ele>933.70</ele>
        <time>2026-04-14T16:02:38Z</time>
      </trkpt>
      <trkpt lat="44.171700" lon="10.854250">
        <ele>933.50</ele>
        <time>2026-04-14T16:02:48Z</time>
      </trkpt>
      <trkpt lat="44.171710" lon="10.854230">
        <ele>933.20</ele>
        <time>2026-04-14T16:02:58Z</time>
      </trkpt>
      <trkpt lat="44.171690" lon="10.854100">
        <ele>933.70</ele>
        <time>2026-04-14T16:03:08Z</time>
      </trkpt>
      <trkpt lat="44.171680" lon="10.853950">
        <ele>934.40</ele>
        <time>2026-04-14T16:03:18Z</time>
      </trkpt>
      <trkpt lat="44.171700" lon="10.853720">
        <ele>934.70</ele>
        <time>2026-04-14T16:03:28Z</time>
      </trkpt>
      <trkpt lat="44.171710" lon="10.853700">
        <ele>934.50</ele>
        <time>2026-04-14T16:03:38Z</time>
      </trkpt>
      <trkpt lat="44.171710" lon="10.853460">
        <ele>935.30</ele>
        <time>2026-04-14T16:03:48Z</time>
      </trkpt>
      <trkpt lat="44.171720" lon="10.853200">
        <ele>935.20</ele>
        <time>2026-04-14T16:03:58Z</time>
      </trkpt>
      <trkpt lat="44.171730" lon="10.853140">
        <ele>934.80</ele>
        <time>2026-04-14T16:04:08Z</time>
      </trkpt>
      <trkpt lat="44.171790" lon="10.852670">
        <ele>932.80</ele>
        <time>2026-04-14T16:04:18Z</time>
      </trkpt>
      <trkpt lat="44.171800" lon="10.852560">
        <ele>932.50</ele>
        <time>2026-04-14T16:04:28Z</time>
      </trkpt>
      <trkpt lat="44.171820" lon="10.852480">
        <ele>932.10</ele>
        <time>2026-04-14T16:04:38Z</time>
      </trkpt>
      <trkpt lat="44.171830" lon="10.852450">
        <ele>931.90</ele>
        <time>2026-04-14T16:04:48Z</time>
      </trkpt>
      <trkpt lat="44.171830" lon="10.852390">
        <ele>931.90</ele>
        <time>2026-04-14T16:04:58Z</time>
      </trkpt>
      <trkpt lat="44.171840" lon="10.852320">
        <ele>931.70</ele>
        <time>2026-04-14T16:05:08Z</time>
      </trkpt>
      <trkpt lat="44.171840" lon="10.852190">
        <ele>931.80</ele>
        <time>2026-04-14T16:05:18Z</time>
      </trkpt>
      <trkpt lat="44.171840" lon="10.852070">
        <ele>931.80</ele>
        <time>2026-04-14T16:05:28Z</time>
      </trkpt>
      <trkpt lat="44.171840" lon="10.852010">
        <ele>931.80</ele>
        <time>2026-04-14T16:05:38Z</time>
      </trkpt>
      <trkpt lat="44.171830" lon="10.851850">
        <ele>932.00</ele>
        <time>2026-04-14T16:05:48Z</time>
      </trkpt>
      <trkpt lat="44.171810" lon="10.851760">
        <ele>932.20</ele>
        <time>2026-04-14T16:05:58Z</time>
      </trkpt>
      <trkpt lat="44.171800" lon="10.851730">
        <ele>932.20</ele>
        <time>2026-04-14T16:06:08Z</time>
      </trkpt>
      <trkpt lat="44.171700" lon="10.851490">
        <ele>931.80</ele>
        <time>2026-04-14T16:06:18Z</time>
      </trkpt>
      <trkpt lat="44.171590" lon="10.851270">
        <ele>932.50</ele>
        <time>2026-04-14T16:06:28Z</time>
      </trkpt>
      <trkpt lat="44.171510" lon="10.851120">
        <ele>933.50</ele>
        <time>2026-04-14T16:06:38Z</time>
      </trkpt>
      <trkpt lat="44.171440" lon="10.850920">
        <ele>934.00</ele>
        <time>2026-04-14T16:06:48Z</time>
      </trkpt>
      <trkpt lat="44.171390" lon="10.850790">
        <ele>934.30</ele>
        <time>2026-04-14T16:06:58Z</time>
      </trkpt>
      <trkpt lat="44.171370" lon="10.850680">
        <ele>933.90</ele>
        <time>2026-04-14T16:07:08Z</time>
      </trkpt>
      <trkpt lat="44.171360" lon="10.850660">
        <ele>934.00</ele>
        <time>2026-04-14T16:07:18Z</time>
      </trkpt>
      <trkpt lat="44.171340" lon="10.850550">
        <ele>933.50</ele>
        <time>2026-04-14T16:07:28Z</time>
      </trkpt>
      <trkpt lat="44.171340" lon="10.850440">
        <ele>932.60</ele>
        <time>2026-04-14T16:07:38Z</time>
      </trkpt>
      <trkpt lat="44.171380" lon="10.850310">
        <ele>930.70</ele>
        <time>2026-04-14T16:07:48Z</time>
      </trkpt>
      <trkpt lat="44.171420" lon="10.850210">
        <ele>929.00</ele>
        <time>2026-04-14T16:07:58Z</time>
      </trkpt>
      <trkpt lat="44.171450" lon="10.850060">
        <ele>927.10</ele>
        <time>2026-04-14T16:08:08Z</time>
      </trkpt>
      <trkpt lat="44.171470" lon="10.849900">
        <ele>925.30</ele>
        <time>2026-04-14T16:08:18Z</time>
      </trkpt>
      <trkpt lat="44.171480" lon="10.849790">
        <ele>924.20</ele>
        <time>2026-04-14T16:08:28Z</time>
      </trkpt>
      <trkpt lat="44.171480" lon="10.849730">
        <ele>923.60</ele>
        <time>2026-04-14T16:08:38Z</time>
      </trkpt>
      <trkpt lat="44.171450" lon="10.849550">
        <ele>922.60</ele>
        <time>2026-04-14T16:08:48Z</time>
      </trkpt>
      <trkpt lat="44.171450" lon="10.849540">
        <ele>922.50</ele>
        <time>2026-04-14T16:08:58Z</time>
      </trkpt>
      <trkpt lat="44.171390" lon="10.849360">
        <ele>922.10</ele>
        <time>2026-04-14T16:09:08Z</time>
      </trkpt>
      <trkpt lat="44.171300" lon="10.849120">
        <ele>921.80</ele>
        <time>2026-04-14T16:09:18Z</time>
      </trkpt>
      <trkpt lat="44.171220" lon="10.848870">
        <ele>922.00</ele>
        <time>2026-04-14T16:09:28Z</time>
      </trkpt>
      <trkpt lat="44.171110" lon="10.848640">
        <ele>922.70</ele>
        <time>2026-04-14T16:09:38Z</time>
      </trkpt>
      <trkpt lat="44.170990" lon="10.848380">
        <ele>923.40</ele>
        <time>2026-04-14T16:09:48Z</time>
      </trkpt>
      <trkpt lat="44.170990" lon="10.848370">
        <ele>923.40</ele>
        <time>2026-04-14T16:09:58Z</time>
      </trkpt>
      <trkpt lat="44.170960" lon="10.848290">
        <ele>923.60</ele>
        <time>2026-04-14T16:10:08Z</time>
      </trkpt>
      <trkpt lat="44.170950" lon="10.848170">
        <ele>923.40</ele>
        <time>2026-04-14T16:10:18Z</time>
      </trkpt>
      <trkpt lat="44.170950" lon="10.848060">
        <ele>923.10</ele>
        <time>2026-04-14T16:10:28Z</time>
      </trkpt>
      <trkpt lat="44.170970" lon="10.847960">
        <ele>922.30</ele>
        <time>2026-04-14T16:10:38Z</time>
      </trkpt>
      <trkpt lat="44.170970" lon="10.847870">
        <ele>922.10</ele>
        <time>2026-04-14T16:10:48Z</time>
      </trkpt>
      <trkpt lat="44.170960" lon="10.847710">
        <ele>921.80</ele>
        <time>2026-04-14T16:10:58Z</time>
      </trkpt>
      <trkpt lat="44.170920" lon="10.847590">
        <ele>922.30</ele>
        <time>2026-04-14T16:11:08Z</time>
      </trkpt>
      <trkpt lat="44.170850" lon="10.847490">
        <ele>923.60</ele>
        <time>2026-04-14T16:11:18Z</time>
      </trkpt>
      <trkpt lat="44.170830" lon="10.847450">
        <ele>924.20</ele>
        <time>2026-04-14T16:11:28Z</time>
      </trkpt>
      <trkpt lat="44.170720" lon="10.847250">
        <ele>927.60</ele>
        <time>2026-04-14T16:11:38Z</time>
      </trkpt>
      <trkpt lat="44.170720" lon="10.847240">
        <ele>927.60</ele>
        <time>2026-04-14T16:11:48Z</time>
      </trkpt>
      <trkpt lat="44.170680" lon="10.847070">
        <ele>929.30</ele>
        <time>2026-04-14T16:11:58Z</time>
      </trkpt>
      <trkpt lat="44.170680" lon="10.846960">
        <ele>929.60</ele>
        <time>2026-04-14T16:12:08Z</time>
      </trkpt>
      <trkpt lat="44.170680" lon="10.846810">
        <ele>930.10</ele>
        <time>2026-04-14T16:12:18Z</time>
      </trkpt>
      <trkpt lat="44.170710" lon="10.846640">
        <ele>930.00</ele>
        <time>2026-04-14T16:12:28Z</time>
      </trkpt>
      <trkpt lat="44.170760" lon="10.846500">
        <ele>929.90</ele>
        <time>2026-04-14T16:12:38Z</time>
      </trkpt>
      <trkpt lat="44.170800" lon="10.846420">
        <ele>929.40</ele>
        <time>2026-04-14T16:12:48Z</time>
      </trkpt>
      <trkpt lat="44.170860" lon="10.846330">
        <ele>928.50</ele>
        <time>2026-04-14T16:12:58Z</time>
      </trkpt>
      <trkpt lat="44.170910" lon="10.846210">
        <ele>928.20</ele>
        <time>2026-04-14T16:13:08Z</time>
      </trkpt>
      <trkpt lat="44.170970" lon="10.846050">
        <ele>928.00</ele>
        <time>2026-04-14T16:13:18Z</time>
      </trkpt>
      <trkpt lat="44.171030" lon="10.845860">
        <ele>928.10</ele>
        <time>2026-04-14T16:13:28Z</time>
      </trkpt>
      <trkpt lat="44.171110" lon="10.845590">
        <ele>931.30</ele>
        <time>2026-04-14T16:13:38Z</time>
      </trkpt>
      <trkpt lat="44.171170" lon="10.845450">
        <ele>932.50</ele>
        <time>2026-04-14T16:13:48Z</time>
      </trkpt>
      <trkpt lat="44.171230" lon="10.845340">
        <ele>933.00</ele>
        <time>2026-04-14T16:13:58Z</time>
      </trkpt>
      <trkpt lat="44.171330" lon="10.845190">
        <ele>933.00</ele>
        <time>2026-04-14T16:14:08Z</time>
      </trkpt>
      <trkpt lat="44.171410" lon="10.845020">
        <ele>933.90</ele>
        <time>2026-04-14T16:14:18Z</time>
      </trkpt>
      <trkpt lat="44.171420" lon="10.844990">
        <ele>934.20</ele>
        <time>2026-04-14T16:14:28Z</time>
      </trkpt>
      <trkpt lat="44.171460" lon="10.844890">
        <ele>934.70</ele>
        <time>2026-04-14T16:14:38Z</time>
      </trkpt>
      <trkpt lat="44.171520" lon="10.844680">
        <ele>936.20</ele>
        <time>2026-04-14T16:14:48Z</time>
      </trkpt>
      <trkpt lat="44.171540" lon="10.844550">
        <ele>937.60</ele>
        <time>2026-04-14T16:14:58Z</time>
      </trkpt>
      <trkpt lat="44.171570" lon="10.844430">
        <ele>938.40</ele>
        <time>2026-04-14T16:15:08Z</time>
      </trkpt>
      <trkpt lat="44.171590" lon="10.844310">
        <ele>939.40</ele>
        <time>2026-04-14T16:15:18Z</time>
      </trkpt>
      <trkpt lat="44.171590" lon="10.844290">
        <ele>939.70</ele>
        <time>2026-04-14T16:15:28Z</time>
      </trkpt>
      <trkpt lat="44.171650" lon="10.844070">
        <ele>939.80</ele>
        <time>2026-04-14T16:15:38Z</time>
      </trkpt>
      <trkpt lat="44.171720" lon="10.843850">
        <ele>938.80</ele>
        <time>2026-04-14T16:15:48Z</time>
      </trkpt>
      <trkpt lat="44.171730" lon="10.843810">
        <ele>938.80</ele>
        <time>2026-04-14T16:15:58Z</time>
      </trkpt>
      <trkpt lat="44.171780" lon="10.843650">
        <ele>938.30</ele>
        <time>2026-04-14T16:16:08Z</time>
      </trkpt>
      <trkpt lat="44.171790" lon="10.843620">
        <ele>938.20</ele>
        <time>2026-04-14T16:16:18Z</time>
      </trkpt>
      <trkpt lat="44.171810" lon="10.843530">
        <ele>938.30</ele>
        <time>2026-04-14T16:16:28Z</time>
      </trkpt>
      <trkpt lat="44.171829" lon="10.843424">
        <ele>937.91</ele>
        <time>2026-04-14T16:16:37Z</time>
      </trkpt>
      <trkpt lat="44.171830" lon="10.843420">
        <ele>938.70</ele>
        <time>2026-04-14T16:16:38Z</time>
      </trkpt>
      <trkpt lat="44.171830" lon="10.843370">
        <ele>939.30</ele>
        <time>2026-04-14T16:16:48Z</time>
      </trkpt>
      <trkpt lat="44.171840" lon="10.843290">
        <ele>939.60</ele>
        <time>2026-04-14T16:16:58Z</time>
      </trkpt>
      <trkpt lat="44.171850" lon="10.843160">
        <ele>939.90</ele>
        <time>2026-04-14T16:17:08Z</time>
      </trkpt>
      <trkpt lat="44.171850" lon="10.843120">
        <ele>940.20</ele>
        <time>2026-04-14T16:17:18Z</time>
      </trkpt>
      <trkpt lat="44.171850" lon="10.843060">
        <ele>940.50</ele>
        <time>2026-04-14T16:17:28Z</time>
      </trkpt>
      <trkpt lat="44.171850" lon="10.842940">
        <ele>941.30</ele>
        <time>2026-04-14T16:17:38Z</time>
      </trkpt>
      <trkpt lat="44.171840" lon="10.842830">
        <ele>942.30</ele>
        <time>2026-04-14T16:17:48Z</time>
      </trkpt>
      <trkpt lat="44.171780" lon="10.842600">
        <ele>946.10</ele>
        <time>2026-04-14T16:17:58Z</time>
      </trkpt>
      <trkpt lat="44.171710" lon="10.842370">
        <ele>948.40</ele>
        <time>2026-04-14T16:18:08Z</time>
      </trkpt>
      <trkpt lat="44.171650" lon="10.842210">
        <ele>949.70</ele>
        <time>2026-04-14T16:18:18Z</time>
      </trkpt>
      <trkpt lat="44.171600" lon="10.842020">
        <ele>950.60</ele>
        <time>2026-04-14T16:18:28Z</time>
      </trkpt>
      <trkpt lat="44.171520" lon="10.841820">
        <ele>952.70</ele>
        <time>2026-04-14T16:18:38Z</time>
      </trkpt>
      <trkpt lat="44.171460" lon="10.841700">
        <ele>954.40</ele>
        <time>2026-04-14T16:18:48Z</time>
      </trkpt>
      <trkpt lat="44.171410" lon="10.841630">
        <ele>956.10</ele>
        <time>2026-04-14T16:18:58Z</time>
      </trkpt>
      <trkpt lat="44.171350" lon="10.841510">
        <ele>957.50</ele>
        <time>2026-04-14T16:19:08Z</time>
      </trkpt>
      <trkpt lat="44.171270" lon="10.841380">
        <ele>959.60</ele>
        <time>2026-04-14T16:19:18Z</time>
      </trkpt>
      <trkpt lat="44.171210" lon="10.841240">
        <ele>960.50</ele>
        <time>2026-04-14T16:19:28Z</time>
      </trkpt>
      <trkpt lat="44.171150" lon="10.841140">
        <ele>961.60</ele>
        <time>2026-04-14T16:19:38Z</time>
      </trkpt>
      <trkpt lat="44.171110" lon="10.841060">
        <ele>962.20</ele>
        <time>2026-04-14T16:19:48Z</time>
      </trkpt>
      <trkpt lat="44.170970" lon="10.840890">
        <ele>965.00</ele>
        <time>2026-04-14T16:19:58Z</time>
      </trkpt>
      <trkpt lat="44.170880" lon="10.840800">
        <ele>966.90</ele>
        <time>2026-04-14T16:20:08Z</time>
      </trkpt>
      <trkpt lat="44.170790" lon="10.840640">
        <ele>969.00</ele>
        <time>2026-04-14T16:20:18Z</time>
      </trkpt>
      <trkpt lat="44.170780" lon="10.840600">
        <ele>969.10</ele>
        <time>2026-04-14T16:20:28Z</time>
      </trkpt>
      <trkpt lat="44.170740" lon="10.840500">
        <ele>970.00</ele>
        <time>2026-04-14T16:20:38Z</time>
      </trkpt>
      <trkpt lat="44.170710" lon="10.840370">
        <ele>969.90</ele>
        <time>2026-04-14T16:20:48Z</time>
      </trkpt>
      <trkpt lat="44.170700" lon="10.840350">
        <ele>970.20</ele>
        <time>2026-04-14T16:20:58Z</time>
      </trkpt>
      <trkpt lat="44.170670" lon="10.840230">
        <ele>970.20</ele>
        <time>2026-04-14T16:21:08Z</time>
      </trkpt>
      <trkpt lat="44.170650" lon="10.840140">
        <ele>970.00</ele>
        <time>2026-04-14T16:21:18Z</time>
      </trkpt>
      <trkpt lat="44.170630" lon="10.840070">
        <ele>970.00</ele>
        <time>2026-04-14T16:21:28Z</time>
      </trkpt>
      <trkpt lat="44.170560" lon="10.839920">
        <ele>971.50</ele>
        <time>2026-04-14T16:21:38Z</time>
      </trkpt>
      <trkpt lat="44.170420" lon="10.839630">
        <ele>974.30</ele>
        <time>2026-04-14T16:21:48Z</time>
      </trkpt>
      <trkpt lat="44.170350" lon="10.839440">
        <ele>974.90</ele>
        <time>2026-04-14T16:21:58Z</time>
      </trkpt>
      <trkpt lat="44.170290" lon="10.839290">
        <ele>975.40</ele>
        <time>2026-04-14T16:22:08Z</time>
      </trkpt>
      <trkpt lat="44.170230" lon="10.839050">
        <ele>974.30</ele>
        <time>2026-04-14T16:22:18Z</time>
      </trkpt>
      <trkpt lat="44.170190" lon="10.838900">
        <ele>973.60</ele>
        <time>2026-04-14T16:22:28Z</time>
      </trkpt>
      <trkpt lat="44.170120" lon="10.838730">
        <ele>974.10</ele>
        <time>2026-04-14T16:22:38Z</time>
      </trkpt>
      <trkpt lat="44.170040" lon="10.838610">
        <ele>976.00</ele>
        <time>2026-04-14T16:22:48Z</time>
      </trkpt>
      <trkpt lat="44.170000" lon="10.838550">
        <ele>976.90</ele>
        <time>2026-04-14T16:22:58Z</time>
      </trkpt>
      <trkpt lat="44.169910" lon="10.838430">
        <ele>976.70</ele>
        <time>2026-04-14T16:23:08Z</time>
      </trkpt>
      <trkpt lat="44.169890" lon="10.838400">
        <ele>976.60</ele>
        <time>2026-04-14T16:23:18Z</time>
      </trkpt>
      <trkpt lat="44.169710" lon="10.838230">
        <ele>977.20</ele>
        <time>2026-04-14T16:23:28Z</time>
      </trkpt>
      <trkpt lat="44.169480" lon="10.838080">
        <ele>978.50</ele>
        <time>2026-04-14T16:23:38Z</time>
      </trkpt>
      <trkpt lat="44.169450" lon="10.838060">
        <ele>978.60</ele>
        <time>2026-04-14T16:23:48Z</time>
      </trkpt>
      <trkpt lat="44.169380" lon="10.838010">
        <ele>978.60</ele>
        <time>2026-04-14T16:23:58Z</time>
      </trkpt>
      <trkpt lat="44.169290" lon="10.837960">
        <ele>979.00</ele>
        <time>2026-04-14T16:24:08Z</time>
      </trkpt>
      <trkpt lat="44.169230" lon="10.837920">
        <ele>979.00</ele>
        <time>2026-04-14T16:24:18Z</time>
      </trkpt>
      <trkpt lat="44.169120" lon="10.837900">
        <ele>979.70</ele>
        <time>2026-04-14T16:24:28Z</time>
      </trkpt>
      <trkpt lat="44.169010" lon="10.837890">
        <ele>979.80</ele>
        <time>2026-04-14T16:24:38Z</time>
      </trkpt>
      <trkpt lat="44.168930" lon="10.837870">
        <ele>979.60</ele>
        <time>2026-04-14T16:24:48Z</time>
      </trkpt>
      <trkpt lat="44.168890" lon="10.837860">
        <ele>979.40</ele>
        <time>2026-04-14T16:24:58Z</time>
      </trkpt>
      <trkpt lat="44.168840" lon="10.837880">
        <ele>980.10</ele>
        <time>2026-04-14T16:25:08Z</time>
      </trkpt>
      <trkpt lat="44.168780" lon="10.837920">
        <ele>981.20</ele>
        <time>2026-04-14T16:25:18Z</time>
      </trkpt>
      <trkpt lat="44.168760" lon="10.837930">
        <ele>981.50</ele>
        <time>2026-04-14T16:25:28Z</time>
      </trkpt>
      <trkpt lat="44.168740" lon="10.837950">
        <ele>982.10</ele>
        <time>2026-04-14T16:25:38Z</time>
      </trkpt>
      <trkpt lat="44.168710" lon="10.838020">
        <ele>983.80</ele>
        <time>2026-04-14T16:25:48Z</time>
      </trkpt>
      <trkpt lat="44.168640" lon="10.838190">
        <ele>987.80</ele>
        <time>2026-04-14T16:25:58Z</time>
      </trkpt>
      <trkpt lat="44.168500" lon="10.838390">
        <ele>992.60</ele>
        <time>2026-04-14T16:26:08Z</time>
      </trkpt>
      <trkpt lat="44.168430" lon="10.838440">
        <ele>994.10</ele>
        <time>2026-04-14T16:26:18Z</time>
      </trkpt>
      <trkpt lat="44.168390" lon="10.838440">
        <ele>994.10</ele>
        <time>2026-04-14T16:26:28Z</time>
      </trkpt>
      <trkpt lat="44.168220" lon="10.838490">
        <ele>997.00</ele>
        <time>2026-04-14T16:26:38Z</time>
      </trkpt>
      <trkpt lat="44.168200" lon="10.838500">
        <ele>997.50</ele>
        <time>2026-04-14T16:26:48Z</time>
      </trkpt>
      <trkpt lat="44.168080" lon="10.838490">
        <ele>998.60</ele>
        <time>2026-04-14T16:26:58Z</time>
      </trkpt>
      <trkpt lat="44.167950" lon="10.838470">
        <ele>999.50</ele>
        <time>2026-04-14T16:27:08Z</time>
      </trkpt>
      <trkpt lat="44.167860" lon="10.838450">
        <ele>1000.00</ele>
        <time>2026-04-14T16:27:18Z</time>
      </trkpt>
      <trkpt lat="44.167780" lon="10.838440">
        <ele>1000.70</ele>
        <time>2026-04-14T16:27:28Z</time>
      </trkpt>
      <trkpt lat="44.167680" lon="10.838410">
        <ele>1001.00</ele>
        <time>2026-04-14T16:27:38Z</time>
      </trkpt>
      <trkpt lat="44.167630" lon="10.838390">
        <ele>1001.00</ele>
        <time>2026-04-14T16:27:48Z</time>
      </trkpt>
      <trkpt lat="44.167520" lon="10.838380">
        <ele>1002.00</ele>
        <time>2026-04-14T16:27:58Z</time>
      </trkpt>
      <trkpt lat="44.167500" lon="10.838380">
        <ele>1002.30</ele>
        <time>2026-04-14T16:28:08Z</time>
      </trkpt>
      <trkpt lat="44.167310" lon="10.838380">
        <ele>1008.40</ele>
        <time>2026-04-14T16:28:18Z</time>
      </trkpt>
      <trkpt lat="44.167230" lon="10.838350">
        <ele>1010.20</ele>
        <time>2026-04-14T16:28:28Z</time>
      </trkpt>
      <trkpt lat="44.167180" lon="10.838310">
        <ele>1010.90</ele>
        <time>2026-04-14T16:28:38Z</time>
      </trkpt>
      <trkpt lat="44.167110" lon="10.838220">
        <ele>1011.10</ele>
        <time>2026-04-14T16:28:48Z</time>
      </trkpt>
      <trkpt lat="44.167060" lon="10.838140">
        <ele>1010.90</ele>
        <time>2026-04-14T16:28:58Z</time>
      </trkpt>
      <trkpt lat="44.167020" lon="10.838050">
        <ele>1010.20</ele>
        <time>2026-04-14T16:29:08Z</time>
      </trkpt>
      <trkpt lat="44.166980" lon="10.837920">
        <ele>1008.50</ele>
        <time>2026-04-14T16:29:18Z</time>
      </trkpt>
      <trkpt lat="44.166960" lon="10.837880">
        <ele>1008.20</ele>
        <time>2026-04-14T16:29:28Z</time>
      </trkpt>
      <trkpt lat="44.166930" lon="10.837800">
        <ele>1007.30</ele>
        <time>2026-04-14T16:29:38Z</time>
      </trkpt>
      <trkpt lat="44.166860" lon="10.837680">
        <ele>1006.60</ele>
        <time>2026-04-14T16:29:48Z</time>
      </trkpt>
      <trkpt lat="44.166850" lon="10.837680">
        <ele>1006.90</ele>
        <time>2026-04-14T16:29:58Z</time>
      </trkpt>
      <trkpt lat="44.166780" lon="10.837640">
        <ele>1008.00</ele>
        <time>2026-04-14T16:30:08Z</time>
      </trkpt>
      <trkpt lat="44.166680" lon="10.837600">
        <ele>1010.00</ele>
        <time>2026-04-14T16:30:18Z</time>
      </trkpt>
      <trkpt lat="44.166660" lon="10.837590">
        <ele>1010.30</ele>
        <time>2026-04-14T16:30:28Z</time>
      </trkpt>
      <trkpt lat="44.166520" lon="10.837520">
        <ele>1012.50</ele>
        <time>2026-04-14T16:30:38Z</time>
      </trkpt>
      <trkpt lat="44.166390" lon="10.837360">
        <ele>1012.40</ele>
        <time>2026-04-14T16:30:48Z</time>
      </trkpt>
      <trkpt lat="44.166380" lon="10.837350">
        <ele>1012.40</ele>
        <time>2026-04-14T16:30:58Z</time>
      </trkpt>
      <trkpt lat="44.166260" lon="10.837210">
        <ele>1011.80</ele>
        <time>2026-04-14T16:31:08Z</time>
      </trkpt>
      <trkpt lat="44.166240" lon="10.837200">
        <ele>1012.00</ele>
        <time>2026-04-14T16:31:18Z</time>
      </trkpt>
      <trkpt lat="44.166120" lon="10.837080">
        <ele>1011.20</ele>
        <time>2026-04-14T16:31:28Z</time>
      </trkpt>
      <trkpt lat="44.166080" lon="10.837070">
        <ele>1011.70</ele>
        <time>2026-04-14T16:31:38Z</time>
      </trkpt>
      <trkpt lat="44.165910" lon="10.836990">
        <ele>1012.50</ele>
        <time>2026-04-14T16:31:48Z</time>
      </trkpt>
      <trkpt lat="44.165880" lon="10.836980">
        <ele>1012.70</ele>
        <time>2026-04-14T16:31:58Z</time>
      </trkpt>
      <trkpt lat="44.165799" lon="10.836943">
        <ele>1012.74</ele>
        <time>2026-04-14T16:32:07Z</time>
      </trkpt>
      <trkpt lat="44.165660" lon="10.836880">
        <ele>1012.60</ele>
        <time>2026-04-14T16:32:08Z</time>
      </trkpt>
      <trkpt lat="44.165550" lon="10.836850">
        <ele>1013.10</ele>
        <time>2026-04-14T16:32:18Z</time>
      </trkpt>
      <trkpt lat="44.165390" lon="10.836800">
        <ele>1013.60</ele>
        <time>2026-04-14T16:32:28Z</time>
      </trkpt>
      <trkpt lat="44.165320" lon="10.836780">
        <ele>1013.80</ele>
        <time>2026-04-14T16:32:38Z</time>
      </trkpt>
      <trkpt lat="44.165020" lon="10.836660">
        <ele>1013.50</ele>
        <time>2026-04-14T16:32:48Z</time>
      </trkpt>
      <trkpt lat="44.164880" lon="10.836580">
        <ele>1013.30</ele>
        <time>2026-04-14T16:32:58Z</time>
      </trkpt>
      <trkpt lat="44.164810" lon="10.836550">
        <ele>1013.60</ele>
        <time>2026-04-14T16:33:08Z</time>
      </trkpt>
      <trkpt lat="44.164710" lon="10.836490">
        <ele>1013.70</ele>
        <time>2026-04-14T16:33:18Z</time>
      </trkpt>
      <trkpt lat="44.164690" lon="10.836490">
        <ele>1014.10</ele>
        <time>2026-04-14T16:33:28Z</time>
      </trkpt>
      <trkpt lat="44.164560" lon="10.836420">
        <ele>1014.70</ele>
        <time>2026-04-14T16:33:38Z</time>
      </trkpt>
      <trkpt lat="44.164400" lon="10.836370">
        <ele>1016.70</ele>
        <time>2026-04-14T16:33:48Z</time>
      </trkpt>
      <trkpt lat="44.164250" lon="10.836330">
        <ele>1015.50</ele>
        <time>2026-04-14T16:33:58Z</time>
      </trkpt>
      <trkpt lat="44.164220" lon="10.836310">
        <ele>1015.20</ele>
        <time>2026-04-14T16:34:08Z</time>
      </trkpt>
      <trkpt lat="44.164180" lon="10.836270">
        <ele>1014.80</ele>
        <time>2026-04-14T16:34:18Z</time>
      </trkpt>
      <trkpt lat="44.164150" lon="10.836190">
        <ele>1014.30</ele>
        <time>2026-04-14T16:34:28Z</time>
      </trkpt>
      <trkpt lat="44.164140" lon="10.836150">
        <ele>1014.10</ele>
        <time>2026-04-14T16:34:38Z</time>
      </trkpt>
      <trkpt lat="44.164120" lon="10.836060">
        <ele>1013.50</ele>
        <time>2026-04-14T16:34:48Z</time>
      </trkpt>
      <trkpt lat="44.164100" lon="10.835920">
        <ele>1012.80</ele>
        <time>2026-04-14T16:34:58Z</time>
      </trkpt>
      <trkpt lat="44.164070" lon="10.835840">
        <ele>1011.50</ele>
        <time>2026-04-14T16:35:08Z</time>
      </trkpt>
      <trkpt lat="44.164060" lon="10.835820">
        <ele>1011.30</ele>
        <time>2026-04-14T16:35:18Z</time>
      </trkpt>
      <trkpt lat="44.164040" lon="10.835760">
        <ele>1010.30</ele>
        <time>2026-04-14T16:35:28Z</time>
      </trkpt>
      <trkpt lat="44.163970" lon="10.835610">
        <ele>1008.10</ele>
        <time>2026-04-14T16:35:38Z</time>
      </trkpt>
      <trkpt lat="44.163930" lon="10.835520">
        <ele>1006.60</ele>
        <time>2026-04-14T16:35:48Z</time>
      </trkpt>
      <trkpt lat="44.163860" lon="10.835390">
        <ele>1004.50</ele>
        <time>2026-04-14T16:35:58Z</time>
      </trkpt>
      <trkpt lat="44.163800" lon="10.835310">
        <ele>1003.30</ele>
        <time>2026-04-14T16:36:08Z</time>
      </trkpt>
      <trkpt lat="44.163740" lon="10.835260">
        <ele>1002.70</ele>
        <time>2026-04-14T16:36:18Z</time>
      </trkpt>
      <trkpt lat="44.163730" lon="10.835250">
        <ele>1002.50</ele>
        <time>2026-04-14T16:36:28Z</time>
      </trkpt>
      <trkpt lat="44.163690" lon="10.835220">
        <ele>1002.10</ele>
        <time>2026-04-14T16:36:38Z</time>
      </trkpt>
      <trkpt lat="44.163620" lon="10.835190">
        <ele>1002.00</ele>
        <time>2026-04-14T16:36:48Z</time>
      </trkpt>
      <trkpt lat="44.163560" lon="10.835170">
        <ele>1001.90</ele>
        <time>2026-04-14T16:36:58Z</time>
      </trkpt>
      <trkpt lat="44.163470" lon="10.835170">
        <ele>1002.60</ele>
        <time>2026-04-14T16:37:08Z</time>
      </trkpt>
      <trkpt lat="44.163350" lon="10.835190">
        <ele>1004.10</ele>
        <time>2026-04-14T16:37:18Z</time>
      </trkpt>
      <trkpt lat="44.163260" lon="10.835240">
        <ele>1005.20</ele>
        <time>2026-04-14T16:37:28Z</time>
      </trkpt>
      <trkpt lat="44.163190" lon="10.835290">
        <ele>1006.20</ele>
        <time>2026-04-14T16:37:38Z</time>
      </trkpt>
      <trkpt lat="44.163130" lon="10.835350">
        <ele>1007.60</ele>
        <time>2026-04-14T16:37:48Z</time>
      </trkpt>
      <trkpt lat="44.163050" lon="10.835410">
        <ele>1008.90</ele>
        <time>2026-04-14T16:37:58Z</time>
      </trkpt>
      <trkpt lat="44.162970" lon="10.835450">
        <ele>1009.70</ele>
        <time>2026-04-14T16:38:08Z</time>
      </trkpt>
      <trkpt lat="44.162890" lon="10.835460">
        <ele>1009.70</ele>
        <time>2026-04-14T16:38:18Z</time>
      </trkpt>
      <trkpt lat="44.162810" lon="10.835460">
        <ele>1009.30</ele>
        <time>2026-04-14T16:38:28Z</time>
      </trkpt>
      <trkpt lat="44.162730" lon="10.835440">
        <ele>1008.30</ele>
        <time>2026-04-14T16:38:38Z</time>
      </trkpt>
      <trkpt lat="44.162670" lon="10.835420">
        <ele>1007.40</ele>
        <time>2026-04-14T16:38:48Z</time>
      </trkpt>
      <trkpt lat="44.162590" lon="10.835380">
        <ele>1005.80</ele>
        <time>2026-04-14T16:38:58Z</time>
      </trkpt>
      <trkpt lat="44.162510" lon="10.835360">
        <ele>1004.70</ele>
        <time>2026-04-14T16:39:08Z</time>
      </trkpt>
      <trkpt lat="44.162440" lon="10.835350">
        <ele>1003.20</ele>
        <time>2026-04-14T16:39:18Z</time>
      </trkpt>
      <trkpt lat="44.162370" lon="10.835370">
        <ele>1002.40</ele>
        <time>2026-04-14T16:39:28Z</time>
      </trkpt>
      <trkpt lat="44.162280" lon="10.835400">
        <ele>1001.50</ele>
        <time>2026-04-14T16:39:38Z</time>
      </trkpt>
      <trkpt lat="44.162180" lon="10.835470">
        <ele>1001.60</ele>
        <time>2026-04-14T16:39:48Z</time>
      </trkpt>
      <trkpt lat="44.162080" lon="10.835550">
        <ele>1001.80</ele>
        <time>2026-04-14T16:39:58Z</time>
      </trkpt>
      <trkpt lat="44.161980" lon="10.835640">
        <ele>1002.10</ele>
        <time>2026-04-14T16:40:08Z</time>
      </trkpt>
      <trkpt lat="44.161890" lon="10.835740">
        <ele>1002.80</ele>
        <time>2026-04-14T16:40:18Z</time>
      </trkpt>
      <trkpt lat="44.161870" lon="10.835750">
        <ele>1002.60</ele>
        <time>2026-04-14T16:40:28Z</time>
      </trkpt>
      <trkpt lat="44.161770" lon="10.835870">
        <ele>1003.50</ele>
        <time>2026-04-14T16:40:38Z</time>
      </trkpt>
      <trkpt lat="44.161750" lon="10.835900">
        <ele>1003.90</ele>
        <time>2026-04-14T16:40:48Z</time>
      </trkpt>
      <trkpt lat="44.161700" lon="10.835990">
        <ele>1005.30</ele>
        <time>2026-04-14T16:40:58Z</time>
      </trkpt>
      <trkpt lat="44.161640" lon="10.836090">
        <ele>1006.90</ele>
        <time>2026-04-14T16:41:08Z</time>
      </trkpt>
      <trkpt lat="44.161620" lon="10.836120">
        <ele>1007.40</ele>
        <time>2026-04-14T16:41:18Z</time>
      </trkpt>
      <trkpt lat="44.161550" lon="10.836260">
        <ele>1010.00</ele>
        <time>2026-04-14T16:41:28Z</time>
      </trkpt>
      <trkpt lat="44.161530" lon="10.836290">
        <ele>1010.40</ele>
        <time>2026-04-14T16:41:38Z</time>
      </trkpt>
      <trkpt lat="44.161460" lon="10.836400">
        <ele>1011.90</ele>
        <time>2026-04-14T16:41:48Z</time>
      </trkpt>
      <trkpt lat="44.161360" lon="10.836490">
        <ele>1012.10</ele>
        <time>2026-04-14T16:41:58Z</time>
      </trkpt>
      <trkpt lat="44.161230" lon="10.836590">
        <ele>1011.70</ele>
        <time>2026-04-14T16:42:08Z</time>
      </trkpt>
      <trkpt lat="44.161120" lon="10.836620">
        <ele>1009.80</ele>
        <time>2026-04-14T16:42:18Z</time>
      </trkpt>
      <trkpt lat="44.160990" lon="10.836660">
        <ele>1007.60</ele>
        <time>2026-04-14T16:42:28Z</time>
      </trkpt>
      <trkpt lat="44.160890" lon="10.836690">
        <ele>1005.90</ele>
        <time>2026-04-14T16:42:38Z</time>
      </trkpt>
      <trkpt lat="44.160770" lon="10.836740">
        <ele>1005.00</ele>
        <time>2026-04-14T16:42:48Z</time>
      </trkpt>
      <trkpt lat="44.160720" lon="10.836780">
        <ele>1005.40</ele>
        <time>2026-04-14T16:42:58Z</time>
      </trkpt>
      <trkpt lat="44.160690" lon="10.836810">
        <ele>1005.70</ele>
        <time>2026-04-14T16:43:08Z</time>
      </trkpt>
      <trkpt lat="44.160680" lon="10.836820">
        <ele>1005.80</ele>
        <time>2026-04-14T16:43:18Z</time>
      </trkpt>
      <trkpt lat="44.160600" lon="10.836890">
        <ele>1006.30</ele>
        <time>2026-04-14T16:43:28Z</time>
      </trkpt>
      <trkpt lat="44.160490" lon="10.836980">
        <ele>1006.80</ele>
        <time>2026-04-14T16:43:38Z</time>
      </trkpt>
      <trkpt lat="44.160400" lon="10.837060">
        <ele>1007.10</ele>
        <time>2026-04-14T16:43:48Z</time>
      </trkpt>
      <trkpt lat="44.160290" lon="10.837120">
        <ele>1006.70</ele>
        <time>2026-04-14T16:43:58Z</time>
      </trkpt>
      <trkpt lat="44.160170" lon="10.837170">
        <ele>1005.90</ele>
        <time>2026-04-14T16:44:08Z</time>
      </trkpt>
      <trkpt lat="44.160040" lon="10.837210">
        <ele>1004.70</ele>
        <time>2026-04-14T16:44:18Z</time>
      </trkpt>
      <trkpt lat="44.159870" lon="10.837260">
        <ele>1004.40</ele>
        <time>2026-04-14T16:44:28Z</time>
      </trkpt>
      <trkpt lat="44.159800" lon="10.837290">
        <ele>1004.60</ele>
        <time>2026-04-14T16:44:38Z</time>
      </trkpt>
      <trkpt lat="44.159680" lon="10.837300">
        <ele>1003.80</ele>
        <time>2026-04-14T16:44:48Z</time>
      </trkpt>
      <trkpt lat="44.159580" lon="10.837310">
        <ele>1003.20</ele>
        <time>2026-04-14T16:44:58Z</time>
      </trkpt>
      <trkpt lat="44.159560" lon="10.837310">
        <ele>1003.10</ele>
        <time>2026-04-14T16:45:08Z</time>
      </trkpt>
      <trkpt lat="44.159380" lon="10.837260">
        <ele>1002.00</ele>
        <time>2026-04-14T16:45:18Z</time>
      </trkpt>
      <trkpt lat="44.159330" lon="10.837250">
        <ele>1001.70</ele>
        <time>2026-04-14T16:45:28Z</time>
      </trkpt>
      <trkpt lat="44.159200" lon="10.837210">
        <ele>1000.90</ele>
        <time>2026-04-14T16:45:38Z</time>
      </trkpt>
      <trkpt lat="44.159190" lon="10.837210">
        <ele>1000.80</ele>
        <time>2026-04-14T16:45:48Z</time>
      </trkpt>
      <trkpt lat="44.159160" lon="10.837200">
        <ele>1000.40</ele>
        <time>2026-04-14T16:45:58Z</time>
      </trkpt>
      <trkpt lat="44.159140" lon="10.837210">
        <ele>1000.30</ele>
        <time>2026-04-14T16:46:08Z</time>
      </trkpt>
      <trkpt lat="44.159120" lon="10.837220">
        <ele>1000.20</ele>
        <time>2026-04-14T16:46:18Z</time>
      </trkpt>
      <trkpt lat="44.159050" lon="10.837300">
        <ele>1000.90</ele>
        <time>2026-04-14T16:46:28Z</time>
      </trkpt>
      <trkpt lat="44.158980" lon="10.837390">
        <ele>1001.90</ele>
        <time>2026-04-14T16:46:38Z</time>
      </trkpt>
      <trkpt lat="44.158970" lon="10.837410">
        <ele>1002.20</ele>
        <time>2026-04-14T16:46:48Z</time>
      </trkpt>
      <trkpt lat="44.158960" lon="10.837420">
        <ele>1002.20</ele>
        <time>2026-04-14T16:46:58Z</time>
      </trkpt>
      <trkpt lat="44.158760" lon="10.837730">
        <ele>1006.10</ele>
        <time>2026-04-14T16:47:08Z</time>
      </trkpt>
      <trkpt lat="44.158720" lon="10.837800">
        <ele>1007.10</ele>
        <time>2026-04-14T16:47:18Z</time>
      </trkpt>
      <trkpt lat="44.158630" lon="10.838010">
        <ele>1010.30</ele>
        <time>2026-04-14T16:47:28Z</time>
      </trkpt>
      <trkpt lat="44.158630" lon="10.838020">
        <ele>1010.50</ele>
        <time>2026-04-14T16:47:38Z</time>
      </trkpt>
      <trkpt lat="44.158550" lon="10.838180">
        <ele>1012.80</ele>
        <time>2026-04-14T16:47:48Z</time>
      </trkpt>
      <trkpt lat="44.158530" lon="10.838220">
        <ele>1012.50</ele>
        <time>2026-04-14T16:47:58Z</time>
      </trkpt>
      <trkpt lat="44.158490" lon="10.838290">
        <ele>1012.00</ele>
        <time>2026-04-14T16:48:08Z</time>
      </trkpt>
      <trkpt lat="44.158450" lon="10.838330">
        <ele>1011.60</ele>
        <time>2026-04-14T16:48:18Z</time>
      </trkpt>
      <trkpt lat="44.158410" lon="10.838350">
        <ele>1011.30</ele>
        <time>2026-04-14T16:48:28Z</time>
      </trkpt>
      <trkpt lat="44.158390" lon="10.838350">
        <ele>1011.10</ele>
        <time>2026-04-14T16:48:38Z</time>
      </trkpt>
      <trkpt lat="44.158360" lon="10.838350">
        <ele>1010.90</ele>
        <time>2026-04-14T16:48:48Z</time>
      </trkpt>
      <trkpt lat="44.158320" lon="10.838320">
        <ele>1010.50</ele>
        <time>2026-04-14T16:48:58Z</time>
      </trkpt>
      <trkpt lat="44.158300" lon="10.838310">
        <ele>1010.40</ele>
        <time>2026-04-14T16:49:08Z</time>
      </trkpt>
      <trkpt lat="44.158280" lon="10.838300">
        <ele>1010.20</ele>
        <time>2026-04-14T16:49:18Z</time>
      </trkpt>
      <trkpt lat="44.158230" lon="10.838260">
        <ele>1010.63</ele>
        <time>2026-04-14T16:49:27Z</time>
      </trkpt>
      <trkpt lat="44.158130" lon="10.838180">
        <ele>1008.90</ele>
        <time>2026-04-14T16:49:28Z</time>
      </trkpt>
      <trkpt lat="44.158060" lon="10.838150">
        <ele>1007.90</ele>
        <time>2026-04-14T16:49:38Z</time>
      </trkpt>
      <trkpt lat="44.158030" lon="10.838130">
        <ele>1007.30</ele>
        <time>2026-04-14T16:49:48Z</time>
      </trkpt>
      <trkpt lat="44.157920" lon="10.838120">
        <ele>1006.70</ele>
        <time>2026-04-14T16:49:58Z</time>
      </trkpt>
      <trkpt lat="44.157900" lon="10.838120">
        <ele>1006.60</ele>
        <time>2026-04-14T16:50:08Z</time>
      </trkpt>
      <trkpt lat="44.157810" lon="10.838110">
        <ele>1006.00</ele>
        <time>2026-04-14T16:50:18Z</time>
      </trkpt>
      <trkpt lat="44.157650" lon="10.838100">
        <ele>1005.00</ele>
        <time>2026-04-14T16:50:28Z</time>
      </trkpt>
      <trkpt lat="44.157530" lon="10.838110">
        <ele>1004.80</ele>
        <time>2026-04-14T16:50:38Z</time>
      </trkpt>
      <trkpt lat="44.157430" lon="10.838120">
        <ele>1004.30</ele>
        <time>2026-04-14T16:50:48Z</time>
      </trkpt>
      <trkpt lat="44.157350" lon="10.838160">
        <ele>1004.60</ele>
        <time>2026-04-14T16:50:58Z</time>
      </trkpt>
      <trkpt lat="44.157330" lon="10.838170">
        <ele>1004.70</ele>
        <time>2026-04-14T16:51:08Z</time>
      </trkpt>
      <trkpt lat="44.157250" lon="10.838230">
        <ele>1005.30</ele>
        <time>2026-04-14T16:51:18Z</time>
      </trkpt>
      <trkpt lat="44.157220" lon="10.838260">
        <ele>1005.70</ele>
        <time>2026-04-14T16:51:28Z</time>
      </trkpt>
      <trkpt lat="44.157200" lon="10.838290">
        <ele>1006.20</ele>
        <time>2026-04-14T16:51:38Z</time>
      </trkpt>
      <trkpt lat="44.157160" lon="10.838340">
        <ele>1006.90</ele>
        <time>2026-04-14T16:51:48Z</time>
      </trkpt>
      <trkpt lat="44.157140" lon="10.838360">
        <ele>1007.00</ele>
        <time>2026-04-14T16:51:58Z</time>
      </trkpt>
      <trkpt lat="44.157110" lon="10.838390">
        <ele>1007.20</ele>
        <time>2026-04-14T16:52:08Z</time>
      </trkpt>
      <trkpt lat="44.157100" lon="10.838400">
        <ele>1007.30</ele>
        <time>2026-04-14T16:52:18Z</time>
      </trkpt>
      <trkpt lat="44.157080" lon="10.838410">
        <ele>1007.30</ele>
        <time>2026-04-14T16:52:28Z</time>
      </trkpt>
      <trkpt lat="44.157060" lon="10.838420">
        <ele>1007.20</ele>
        <time>2026-04-14T16:52:38Z</time>
      </trkpt>
      <trkpt lat="44.156980" lon="10.838430">
        <ele>1006.50</ele>
        <time>2026-04-14T16:52:48Z</time>
      </trkpt>
      <trkpt lat="44.156920" lon="10.838430">
        <ele>1005.90</ele>
        <time>2026-04-14T16:52:58Z</time>
      </trkpt>
      <trkpt lat="44.156770" lon="10.838330">
        <ele>1002.90</ele>
        <time>2026-04-14T16:53:08Z</time>
      </trkpt>
      <trkpt lat="44.156740" lon="10.838320">
        <ele>1002.50</ele>
        <time>2026-04-14T16:53:18Z</time>
      </trkpt>
      <trkpt lat="44.156740" lon="10.838310">
        <ele>1002.30</ele>
        <time>2026-04-14T16:53:28Z</time>
      </trkpt>
      <trkpt lat="44.156660" lon="10.838240">
        <ele>1000.50</ele>
        <time>2026-04-14T16:53:38Z</time>
      </trkpt>
      <trkpt lat="44.156650" lon="10.838240">
        <ele>1000.50</ele>
        <time>2026-04-14T16:53:48Z</time>
      </trkpt>
      <trkpt lat="44.156590" lon="10.838210">
        <ele>1000.20</ele>
        <time>2026-04-14T16:53:58Z</time>
      </trkpt>
      <trkpt lat="44.156580" lon="10.838210">
        <ele>1000.20</ele>
        <time>2026-04-14T16:54:08Z</time>
      </trkpt>
      <trkpt lat="44.156550" lon="10.838210">
        <ele>1000.30</ele>
        <time>2026-04-14T16:54:18Z</time>
      </trkpt>
      <trkpt lat="44.156480" lon="10.838200">
        <ele>1000.30</ele>
        <time>2026-04-14T16:54:28Z</time>
      </trkpt>
      <trkpt lat="44.156470" lon="10.838200">
        <ele>1000.30</ele>
        <time>2026-04-14T16:54:38Z</time>
      </trkpt>
      <trkpt lat="44.156430" lon="10.838210">
        <ele>1000.60</ele>
        <time>2026-04-14T16:54:48Z</time>
      </trkpt>
      <trkpt lat="44.156410" lon="10.838220">
        <ele>1000.80</ele>
        <time>2026-04-14T16:54:58Z</time>
      </trkpt>
      <trkpt lat="44.156370" lon="10.838230">
        <ele>1001.10</ele>
        <time>2026-04-14T16:55:08Z</time>
      </trkpt>
      <trkpt lat="44.156350" lon="10.838240">
        <ele>1001.30</ele>
        <time>2026-04-14T16:55:18Z</time>
      </trkpt>
      <trkpt lat="44.156220" lon="10.838350">
        <ele>1003.20</ele>
        <time>2026-04-14T16:55:28Z</time>
      </trkpt>
      <trkpt lat="44.156090" lon="10.838460">
        <ele>1004.20</ele>
        <time>2026-04-14T16:55:38Z</time>
      </trkpt>
      <trkpt lat="44.156060" lon="10.838480">
        <ele>1004.30</ele>
        <time>2026-04-14T16:55:48Z</time>
      </trkpt>
      <trkpt lat="44.155990" lon="10.838530">
        <ele>1004.60</ele>
        <time>2026-04-14T16:55:58Z</time>
      </trkpt>
      <trkpt lat="44.155980" lon="10.838550">
        <ele>1004.70</ele>
        <time>2026-04-14T16:56:08Z</time>
      </trkpt>
      <trkpt lat="44.155930" lon="10.838580">
        <ele>1004.90</ele>
        <time>2026-04-14T16:56:18Z</time>
      </trkpt>
      <trkpt lat="44.155900" lon="10.838600">
        <ele>1005.00</ele>
        <time>2026-04-14T16:56:28Z</time>
      </trkpt>
      <trkpt lat="44.155830" lon="10.838640">
        <ele>1005.10</ele>
        <time>2026-04-14T16:56:38Z</time>
      </trkpt>
      <trkpt lat="44.155800" lon="10.838670">
        <ele>1005.10</ele>
        <time>2026-04-14T16:56:48Z</time>
      </trkpt>
      <trkpt lat="44.155740" lon="10.838700">
        <ele>1004.90</ele>
        <time>2026-04-14T16:56:58Z</time>
      </trkpt>
      <trkpt lat="44.155670" lon="10.838730">
        <ele>1004.80</ele>
        <time>2026-04-14T16:57:08Z</time>
      </trkpt>
      <trkpt lat="44.155610" lon="10.838790">
        <ele>1004.90</ele>
        <time>2026-04-14T16:57:18Z</time>
      </trkpt>
      <trkpt lat="44.155580" lon="10.838810">
        <ele>1004.90</ele>
        <time>2026-04-14T16:57:28Z</time>
      </trkpt>
      <trkpt lat="44.155570" lon="10.838820">
        <ele>1005.00</ele>
        <time>2026-04-14T16:57:38Z</time>
      </trkpt>
      <trkpt lat="44.155530" lon="10.838890">
        <ele>1005.30</ele>
        <time>2026-04-14T16:57:48Z</time>
      </trkpt>
      <trkpt lat="44.155490" lon="10.838940">
        <ele>1005.50</ele>
        <time>2026-04-14T16:57:58Z</time>
      </trkpt>
      <trkpt lat="44.155420" lon="10.839090">
        <ele>1006.50</ele>
        <time>2026-04-14T16:58:08Z</time>
      </trkpt>
      <trkpt lat="44.155360" lon="10.839210">
        <ele>1007.80</ele>
        <time>2026-04-14T16:58:18Z</time>
      </trkpt>
      <trkpt lat="44.155340" lon="10.839250">
        <ele>1008.50</ele>
        <time>2026-04-14T16:58:28Z</time>
      </trkpt>
      <trkpt lat="44.155310" lon="10.839280">
        <ele>1009.10</ele>
        <time>2026-04-14T16:58:38Z</time>
      </trkpt>
      <trkpt lat="44.155250" lon="10.839340">
        <ele>1010.30</ele>
        <time>2026-04-14T16:58:48Z</time>
      </trkpt>
      <trkpt lat="44.155230" lon="10.839360">
        <ele>1010.70</ele>
        <time>2026-04-14T16:58:58Z</time>
      </trkpt>
      <trkpt lat="44.155230" lon="10.839370">
        <ele>1010.90</ele>
        <time>2026-04-14T16:59:08Z</time>
      </trkpt>
      <trkpt lat="44.155110" lon="10.839460">
        <ele>1013.00</ele>
        <time>2026-04-14T16:59:18Z</time>
      </trkpt>
      <trkpt lat="44.155070" lon="10.839490">
        <ele>1013.80</ele>
        <time>2026-04-14T16:59:28Z</time>
      </trkpt>
      <trkpt lat="44.154940" lon="10.839590">
        <ele>1015.70</ele>
        <time>2026-04-14T16:59:38Z</time>
      </trkpt>
      <trkpt lat="44.154840" lon="10.839690">
        <ele>1017.10</ele>
        <time>2026-04-14T16:59:48Z</time>
      </trkpt>
      <trkpt lat="44.154750" lon="10.839810">
        <ele>1018.70</ele>
        <time>2026-04-14T16:59:58Z</time>
      </trkpt>
      <trkpt lat="44.154650" lon="10.839960">
        <ele>1020.50</ele>
        <time>2026-04-14T17:00:08Z</time>
      </trkpt>
      <trkpt lat="44.154570" lon="10.840080">
        <ele>1021.80</ele>
        <time>2026-04-14T17:00:18Z</time>
      </trkpt>
      <trkpt lat="44.154530" lon="10.840140">
        <ele>1022.50</ele>
        <time>2026-04-14T17:00:28Z</time>
      </trkpt>
      <trkpt lat="44.154491" lon="10.840179">
        <ele>1022.22</ele>
        <time>2026-04-14T17:00:37Z</time>
      </trkpt>
      <trkpt lat="44.154460" lon="10.840210">
        <ele>1023.00</ele>
        <time>2026-04-14T17:00:38Z</time>
      </trkpt>
      <trkpt lat="44.154390" lon="10.840290">
        <ele>1023.60</ele>
        <time>2026-04-14T17:00:48Z</time>
      </trkpt>
      <trkpt lat="44.154380" lon="10.840290">
        <ele>1023.40</ele>
        <time>2026-04-14T17:00:58Z</time>
      </trkpt>
      <trkpt lat="44.154310" lon="10.840330">
        <ele>1023.30</ele>
        <time>2026-04-14T17:01:08Z</time>
      </trkpt>
      <trkpt lat="44.154210" lon="10.840340">
        <ele>1022.20</ele>
        <time>2026-04-14T17:01:18Z</time>
      </trkpt>
      <trkpt lat="44.154200" lon="10.840350">
        <ele>1022.30</ele>
        <time>2026-04-14T17:01:28Z</time>
      </trkpt>
      <trkpt lat="44.154130" lon="10.840340">
        <ele>1021.70</ele>
        <time>2026-04-14T17:01:38Z</time>
      </trkpt>
      <trkpt lat="44.154060" lon="10.840330">
        <ele>1021.50</ele>
        <time>2026-04-14T17:01:48Z</time>
      </trkpt>
      <trkpt lat="44.154030" lon="10.840340">
        <ele>1021.60</ele>
        <time>2026-04-14T17:01:58Z</time>
      </trkpt>
      <trkpt lat="44.153950" lon="10.840350">
        <ele>1021.70</ele>
        <time>2026-04-14T17:02:08Z</time>
      </trkpt>
      <trkpt lat="44.153860" lon="10.840410">
        <ele>1022.40</ele>
        <time>2026-04-14T17:02:18Z</time>
      </trkpt>
      <trkpt lat="44.153800" lon="10.840480">
        <ele>1023.00</ele>
        <time>2026-04-14T17:02:28Z</time>
      </trkpt>
      <trkpt lat="44.153750" lon="10.840540">
        <ele>1023.50</ele>
        <time>2026-04-14T17:02:38Z</time>
      </trkpt>
      <trkpt lat="44.153730" lon="10.840580">
        <ele>1023.80</ele>
        <time>2026-04-14T17:02:48Z</time>
      </trkpt>
      <trkpt lat="44.153720" lon="10.840580">
        <ele>1023.80</ele>
        <time>2026-04-14T17:02:58Z</time>
      </trkpt>
      <trkpt lat="44.153680" lon="10.840670">
        <ele>1024.40</ele>
        <time>2026-04-14T17:03:08Z</time>
      </trkpt>
      <trkpt lat="44.153650" lon="10.840740">
        <ele>1024.90</ele>
        <time>2026-04-14T17:03:18Z</time>
      </trkpt>
      <trkpt lat="44.153650" lon="10.840750">
        <ele>1024.90</ele>
        <time>2026-04-14T17:03:28Z</time>
      </trkpt>
      <trkpt lat="44.153630" lon="10.840790">
        <ele>1025.10</ele>
        <time>2026-04-14T17:03:38Z</time>
      </trkpt>
      <trkpt lat="44.153610" lon="10.840890">
        <ele>1025.80</ele>
        <time>2026-04-14T17:03:48Z</time>
      </trkpt>
      <trkpt lat="44.153590" lon="10.841000">
        <ele>1026.70</ele>
        <time>2026-04-14T17:03:58Z</time>
      </trkpt>
      <trkpt lat="44.153590" lon="10.841030">
        <ele>1026.90</ele>
        <time>2026-04-14T17:04:08Z</time>
      </trkpt>
      <trkpt lat="44.153580" lon="10.841080">
        <ele>1027.30</ele>
        <time>2026-04-14T17:04:18Z</time>
      </trkpt>
      <trkpt lat="44.153570" lon="10.841130">
        <ele>1027.60</ele>
        <time>2026-04-14T17:04:28Z</time>
      </trkpt>
      <trkpt lat="44.153560" lon="10.841130">
        <ele>1027.50</ele>
        <time>2026-04-14T17:04:38Z</time>
      </trkpt>
      <trkpt lat="44.153560" lon="10.841150">
        <ele>1027.70</ele>
        <time>2026-04-14T17:04:48Z</time>
      </trkpt>
      <trkpt lat="44.153530" lon="10.841170">
        <ele>1027.60</ele>
        <time>2026-04-14T17:04:58Z</time>
      </trkpt>
      <trkpt lat="44.153490" lon="10.841230">
        <ele>1027.60</ele>
        <time>2026-04-14T17:05:08Z</time>
      </trkpt>
      <trkpt lat="44.153480" lon="10.841240">
        <ele>1027.70</ele>
        <time>2026-04-14T17:05:18Z</time>
      </trkpt>
      <trkpt lat="44.153320" lon="10.841310">
        <ele>1030.40</ele>
        <time>2026-04-14T17:05:28Z</time>
      </trkpt>
      <trkpt lat="44.153290" lon="10.841320">
        <ele>1030.90</ele>
        <time>2026-04-14T17:05:38Z</time>
      </trkpt>
      <trkpt lat="44.153240" lon="10.841320">
        <ele>1031.70</ele>
        <time>2026-04-14T17:05:48Z</time>
      </trkpt>
      <trkpt lat="44.153190" lon="10.841320">
        <ele>1032.50</ele>
        <time>2026-04-14T17:05:58Z</time>
      </trkpt>
      <trkpt lat="44.153170" lon="10.841320">
        <ele>1032.90</ele>
        <time>2026-04-14T17:06:08Z</time>
      </trkpt>
      <trkpt lat="44.153140" lon="10.841310">
        <ele>1033.40</ele>
        <time>2026-04-14T17:06:18Z</time>
      </trkpt>
      <trkpt lat="44.153080" lon="10.841310">
        <ele>1034.30</ele>
        <time>2026-04-14T17:06:28Z</time>
      </trkpt>
      <trkpt lat="44.153070" lon="10.841300">
        <ele>1034.50</ele>
        <time>2026-04-14T17:06:38Z</time>
      </trkpt>
      <trkpt lat="44.153020" lon="10.841280">
        <ele>1035.40</ele>
        <time>2026-04-14T17:06:48Z</time>
      </trkpt>
      <trkpt lat="44.153000" lon="10.841260">
        <ele>1035.80</ele>
        <time>2026-04-14T17:06:58Z</time>
      </trkpt>
      <trkpt lat="44.152980" lon="10.841230">
        <ele>1036.30</ele>
        <time>2026-04-14T17:07:08Z</time>
      </trkpt>
      <trkpt lat="44.152960" lon="10.841210">
        <ele>1036.90</ele>
        <time>2026-04-14T17:07:18Z</time>
      </trkpt>
      <trkpt lat="44.152930" lon="10.841040">
        <ele>1037.40</ele>
        <time>2026-04-14T17:07:28Z</time>
      </trkpt>
      <trkpt lat="44.152920" lon="10.841000">
        <ele>1037.70</ele>
        <time>2026-04-14T17:07:38Z</time>
      </trkpt>
      <trkpt lat="44.152860" lon="10.840550">
        <ele>1040.40</ele>
        <time>2026-04-14T17:07:48Z</time>
      </trkpt>
      <trkpt lat="44.152850" lon="10.840530">
        <ele>1040.80</ele>
        <time>2026-04-14T17:07:58Z</time>
      </trkpt>
      <trkpt lat="44.152840" lon="10.840400">
        <ele>1041.70</ele>
        <time>2026-04-14T17:08:08Z</time>
      </trkpt>
      <trkpt lat="44.152830" lon="10.840310">
        <ele>1042.40</ele>
        <time>2026-04-14T17:08:18Z</time>
      </trkpt>
      <trkpt lat="44.152810" lon="10.840150">
        <ele>1043.90</ele>
        <time>2026-04-14T17:08:28Z</time>
      </trkpt>
      <trkpt lat="44.152800" lon="10.840050">
        <ele>1044.70</ele>
        <time>2026-04-14T17:08:38Z</time>
      </trkpt>
      <trkpt lat="44.152800" lon="10.839900">
        <ele>1046.40</ele>
        <time>2026-04-14T17:08:48Z</time>
      </trkpt>
      <trkpt lat="44.152830" lon="10.839490">
        <ele>1050.80</ele>
        <time>2026-04-14T17:08:58Z</time>
      </trkpt>
      <trkpt lat="44.152830" lon="10.839400">
        <ele>1052.10</ele>
        <time>2026-04-14T17:09:08Z</time>
      </trkpt>
      <trkpt lat="44.152840" lon="10.839180">
        <ele>1054.70</ele>
        <time>2026-04-14T17:09:18Z</time>
      </trkpt>
      <trkpt lat="44.152850" lon="10.839160">
        <ele>1054.50</ele>
        <time>2026-04-14T17:09:28Z</time>
      </trkpt>
      <trkpt lat="44.152940" lon="10.838950">
        <ele>1054.10</ele>
        <time>2026-04-14T17:09:38Z</time>
      </trkpt>
      <trkpt lat="44.152980" lon="10.838860">
        <ele>1054.00</ele>
        <time>2026-04-14T17:09:48Z</time>
      </trkpt>
      <trkpt lat="44.153070" lon="10.838650">
        <ele>1053.80</ele>
        <time>2026-04-14T17:09:58Z</time>
      </trkpt>
      <trkpt lat="44.153180" lon="10.838310">
        <ele>1055.60</ele>
        <time>2026-04-14T17:10:08Z</time>
      </trkpt>
      <trkpt lat="44.153250" lon="10.838040">
        <ele>1057.60</ele>
        <time>2026-04-14T17:10:18Z</time>
      </trkpt>
      <trkpt lat="44.153310" lon="10.837810">
        <ele>1058.70</ele>
        <time>2026-04-14T17:10:28Z</time>
      </trkpt>
      <trkpt lat="44.153328" lon="10.837738">
        <ele>1058.28</ele>
        <time>2026-04-14T17:10:37Z</time>
      </trkpt>
      <trkpt lat="44.153370" lon="10.837570">
        <ele>1060.10</ele>
        <time>2026-04-14T17:10:38Z</time>
      </trkpt>
      <trkpt lat="44.153390" lon="10.837490">
        <ele>1060.70</ele>
        <time>2026-04-14T17:10:48Z</time>
      </trkpt>
      <trkpt lat="44.153460" lon="10.837350">
        <ele>1061.30</ele>
        <time>2026-04-14T17:10:58Z</time>
      </trkpt>
      <trkpt lat="44.153500" lon="10.837270">
        <ele>1061.60</ele>
        <time>2026-04-14T17:11:08Z</time>
      </trkpt>
      <trkpt lat="44.153550" lon="10.837160">
        <ele>1062.20</ele>
        <time>2026-04-14T17:11:18Z</time>
      </trkpt>
      <trkpt lat="44.153560" lon="10.837150">
        <ele>1062.00</ele>
        <time>2026-04-14T17:11:28Z</time>
      </trkpt>
      <trkpt lat="44.153770" lon="10.836950">
        <ele>1057.20</ele>
        <time>2026-04-14T17:11:38Z</time>
      </trkpt>
      <trkpt lat="44.153820" lon="10.836900">
        <ele>1056.10</ele>
        <time>2026-04-14T17:11:48Z</time>
      </trkpt>
      <trkpt lat="44.153850" lon="10.836860">
        <ele>1055.70</ele>
        <time>2026-04-14T17:11:58Z</time>
      </trkpt>
      <trkpt lat="44.153990" lon="10.836710">
        <ele>1052.60</ele>
        <time>2026-04-14T17:12:08Z</time>
      </trkpt>
      <trkpt lat="44.153990" lon="10.836700">
        <ele>1052.90</ele>
        <time>2026-04-14T17:12:18Z</time>
      </trkpt>
      <trkpt lat="44.154080" lon="10.836480">
        <ele>1050.70</ele>
        <time>2026-04-14T17:12:28Z</time>
      </trkpt>
      <trkpt lat="44.154140" lon="10.836350">
        <ele>1048.90</ele>
        <time>2026-04-14T17:12:38Z</time>
      </trkpt>
      <trkpt lat="44.154140" lon="10.836250">
        <ele>1049.70</ele>
        <time>2026-04-14T17:12:48Z</time>
      </trkpt>
      <trkpt lat="44.154140" lon="10.836160">
        <ele>1050.40</ele>
        <time>2026-04-14T17:12:58Z</time>
      </trkpt>
      <trkpt lat="44.154140" lon="10.836110">
        <ele>1050.90</ele>
        <time>2026-04-14T17:13:08Z</time>
      </trkpt>
      <trkpt lat="44.154080" lon="10.836030">
        <ele>1054.10</ele>
        <time>2026-04-14T17:13:18Z</time>
      </trkpt>
      <trkpt lat="44.154060" lon="10.836000">
        <ele>1055.20</ele>
        <time>2026-04-14T17:13:28Z</time>
      </trkpt>
      <trkpt lat="44.154030" lon="10.835970">
        <ele>1056.70</ele>
        <time>2026-04-14T17:13:38Z</time>
      </trkpt>
      <trkpt lat="44.153930" lon="10.835860">
        <ele>1061.80</ele>
        <time>2026-04-14T17:13:48Z</time>
      </trkpt>
      <trkpt lat="44.153880" lon="10.835840">
        <ele>1064.00</ele>
        <time>2026-04-14T17:13:58Z</time>
      </trkpt>
      <trkpt lat="44.153790" lon="10.835810">
        <ele>1067.50</ele>
        <time>2026-04-14T17:14:08Z</time>
      </trkpt>
      <trkpt lat="44.153780" lon="10.835790">
        <ele>1067.70</ele>
        <time>2026-04-14T17:14:18Z</time>
      </trkpt>
      <trkpt lat="44.153720" lon="10.835730">
        <ele>1069.40</ele>
        <time>2026-04-14T17:14:28Z</time>
      </trkpt>
      <trkpt lat="44.153640" lon="10.835630">
        <ele>1071.30</ele>
        <time>2026-04-14T17:14:38Z</time>
      </trkpt>
      <trkpt lat="44.153630" lon="10.835620">
        <ele>1071.60</ele>
        <time>2026-04-14T17:14:48Z</time>
      </trkpt>
      <trkpt lat="44.153580" lon="10.835580">
        <ele>1073.00</ele>
        <time>2026-04-14T17:14:58Z</time>
      </trkpt>
      <trkpt lat="44.153490" lon="10.835500">
        <ele>1075.30</ele>
        <time>2026-04-14T17:15:08Z</time>
      </trkpt>
      <trkpt lat="44.153460" lon="10.835480">
        <ele>1076.20</ele>
        <time>2026-04-14T17:15:18Z</time>
      </trkpt>
      <trkpt lat="44.153320" lon="10.835400">
        <ele>1080.40</ele>
        <time>2026-04-14T17:15:28Z</time>
      </trkpt>
      <trkpt lat="44.153270" lon="10.835370">
        <ele>1082.40</ele>
        <time>2026-04-14T17:15:38Z</time>
      </trkpt>
      <trkpt lat="44.153180" lon="10.835250">
        <ele>1084.70</ele>
        <time>2026-04-14T17:15:48Z</time>
      </trkpt>
      <trkpt lat="44.153140" lon="10.835180">
        <ele>1085.40</ele>
        <time>2026-04-14T17:15:58Z</time>
      </trkpt>
      <trkpt lat="44.153110" lon="10.835150">
        <ele>1086.30</ele>
        <time>2026-04-14T17:16:08Z</time>
      </trkpt>
      <trkpt lat="44.153070" lon="10.835050">
        <ele>1086.30</ele>
        <time>2026-04-14T17:16:18Z</time>
      </trkpt>
      <trkpt lat="44.153040" lon="10.834960">
        <ele>1087.00</ele>
        <time>2026-04-14T17:16:28Z</time>
      </trkpt>
      <trkpt lat="44.153010" lon="10.834890">
        <ele>1088.80</ele>
        <time>2026-04-14T17:16:38Z</time>
      </trkpt>
      <trkpt lat="44.152970" lon="10.834850">
        <ele>1090.70</ele>
        <time>2026-04-14T17:16:48Z</time>
      </trkpt>
      <trkpt lat="44.152910" lon="10.834800">
        <ele>1093.20</ele>
        <time>2026-04-14T17:16:58Z</time>
      </trkpt>
      <trkpt lat="44.152820" lon="10.834720">
        <ele>1096.50</ele>
        <time>2026-04-14T17:17:08Z</time>
      </trkpt>
      <trkpt lat="44.152800" lon="10.834700">
        <ele>1097.20</ele>
        <time>2026-04-14T17:17:18Z</time>
      </trkpt>
      <trkpt lat="44.152670" lon="10.834580">
        <ele>1100.60</ele>
        <time>2026-04-14T17:17:28Z</time>
      </trkpt>
      <trkpt lat="44.152650" lon="10.834570">
        <ele>1101.10</ele>
        <time>2026-04-14T17:17:38Z</time>
      </trkpt>
      <trkpt lat="44.152630" lon="10.834350">
        <ele>1099.40</ele>
        <time>2026-04-14T17:17:48Z</time>
      </trkpt>
      <trkpt lat="44.152690" lon="10.834110">
        <ele>1098.40</ele>
        <time>2026-04-14T17:17:58Z</time>
      </trkpt>
      <trkpt lat="44.152760" lon="10.834090">
        <ele>1098.20</ele>
        <time>2026-04-14T17:18:08Z</time>
      </trkpt>
      <trkpt lat="44.152870" lon="10.834050">
        <ele>1098.20</ele>
        <time>2026-04-14T17:18:18Z</time>
      </trkpt>
      <trkpt lat="44.152890" lon="10.834040">
        <ele>1098.20</ele>
        <time>2026-04-14T17:18:28Z</time>
      </trkpt>
      <trkpt lat="44.152930" lon="10.834080">
        <ele>1096.80</ele>
        <time>2026-04-14T17:18:38Z</time>
      </trkpt>
      <trkpt lat="44.153160" lon="10.834270">
        <ele>1090.50</ele>
        <time>2026-04-14T17:18:48Z</time>
      </trkpt>
      <trkpt lat="44.153180" lon="10.834280">
        <ele>1090.10</ele>
        <time>2026-04-14T17:18:58Z</time>
      </trkpt>
      <trkpt lat="44.153310" lon="10.834310">
        <ele>1087.50</ele>
        <time>2026-04-14T17:19:08Z</time>
      </trkpt>
      <trkpt lat="44.153360" lon="10.834300">
        <ele>1086.50</ele>
        <time>2026-04-14T17:19:18Z</time>
      </trkpt>
      <trkpt lat="44.153420" lon="10.834290">
        <ele>1085.00</ele>
        <time>2026-04-14T17:19:28Z</time>
      </trkpt>
      <trkpt lat="44.153510" lon="10.834190">
        <ele>1084.60</ele>
        <time>2026-04-14T17:19:38Z</time>
      </trkpt>
      <trkpt lat="44.153540" lon="10.834150">
        <ele>1084.80</ele>
        <time>2026-04-14T17:19:48Z</time>
      </trkpt>
      <trkpt lat="44.153620" lon="10.833990">
        <ele>1087.80</ele>
        <time>2026-04-14T17:19:58Z</time>
      </trkpt>
      <trkpt lat="44.153640" lon="10.833960">
        <ele>1088.20</ele>
        <time>2026-04-14T17:20:08Z</time>
      </trkpt>
      <trkpt lat="44.153650" lon="10.833820">
        <ele>1092.50</ele>
        <time>2026-04-14T17:20:18Z</time>
      </trkpt>
      <trkpt lat="44.153660" lon="10.833750">
        <ele>1094.50</ele>
        <time>2026-04-14T17:20:28Z</time>
      </trkpt>
      <trkpt lat="44.153690" lon="10.833660">
        <ele>1096.60</ele>
        <time>2026-04-14T17:20:38Z</time>
      </trkpt>
      <trkpt lat="44.153710" lon="10.833580">
        <ele>1098.60</ele>
        <time>2026-04-14T17:20:48Z</time>
      </trkpt>
      <trkpt lat="44.153740" lon="10.833530">
        <ele>1099.40</ele>
        <time>2026-04-14T17:20:58Z</time>
      </trkpt>
      <trkpt lat="44.153800" lon="10.833460">
        <ele>1100.00</ele>
        <time>2026-04-14T17:21:08Z</time>
      </trkpt>
      <trkpt lat="44.153940" lon="10.833300">
        <ele>1101.00</ele>
        <time>2026-04-14T17:21:18Z</time>
      </trkpt>
      <trkpt lat="44.154010" lon="10.833190">
        <ele>1101.70</ele>
        <time>2026-04-14T17:21:28Z</time>
      </trkpt>
      <trkpt lat="44.154040" lon="10.833110">
        <ele>1102.70</ele>
        <time>2026-04-14T17:21:38Z</time>
      </trkpt>
      <trkpt lat="44.154040" lon="10.833090">
        <ele>1103.10</ele>
        <time>2026-04-14T17:21:48Z</time>
      </trkpt>
      <trkpt lat="44.154060" lon="10.833050">
        <ele>1103.50</ele>
        <time>2026-04-14T17:21:58Z</time>
      </trkpt>
      <trkpt lat="44.154060" lon="10.833000">
        <ele>1104.60</ele>
        <time>2026-04-14T17:22:08Z</time>
      </trkpt>
      <trkpt lat="44.154040" lon="10.832970">
        <ele>1105.90</ele>
        <time>2026-04-14T17:22:18Z</time>
      </trkpt>
      <trkpt lat="44.154040" lon="10.832960">
        <ele>1106.10</ele>
        <time>2026-04-14T17:22:28Z</time>
      </trkpt>
      <trkpt lat="44.154000" lon="10.832950">
        <ele>1107.50</ele>
        <time>2026-04-14T17:22:38Z</time>
      </trkpt>
      <trkpt lat="44.153980" lon="10.832950">
        <ele>1108.10</ele>
        <time>2026-04-14T17:22:48Z</time>
      </trkpt>
      <trkpt lat="44.153960" lon="10.832960">
        <ele>1108.40</ele>
        <time>2026-04-14T17:22:58Z</time>
      </trkpt>
      <trkpt lat="44.153890" lon="10.833050">
        <ele>1108.30</ele>
        <time>2026-04-14T17:23:08Z</time>
      </trkpt>
      <trkpt lat="44.153820" lon="10.833150">
        <ele>1107.90</ele>
        <time>2026-04-14T17:23:18Z</time>
      </trkpt>
      <trkpt lat="44.153770" lon="10.833190">
        <ele>1108.40</ele>
        <time>2026-04-14T17:23:28Z</time>
      </trkpt>
      <trkpt lat="44.153630" lon="10.833210">
        <ele>1111.80</ele>
        <time>2026-04-14T17:23:38Z</time>
      </trkpt>
      <trkpt lat="44.153570" lon="10.833210">
        <ele>1113.50</ele>
        <time>2026-04-14T17:23:48Z</time>
      </trkpt>
      <trkpt lat="44.153490" lon="10.833210">
        <ele>1115.70</ele>
        <time>2026-04-14T17:23:58Z</time>
      </trkpt>
      <trkpt lat="44.153390" lon="10.833230">
        <ele>1118.00</ele>
        <time>2026-04-14T17:24:08Z</time>
      </trkpt>
      <trkpt lat="44.153220" lon="10.833290">
        <ele>1118.30</ele>
        <time>2026-04-14T17:24:18Z</time>
      </trkpt>
      <trkpt lat="44.153200" lon="10.833290">
        <ele>1118.30</ele>
        <time>2026-04-14T17:24:28Z</time>
      </trkpt>
      <trkpt lat="44.153150" lon="10.833280">
        <ele>1118.70</ele>
        <time>2026-04-14T17:24:38Z</time>
      </trkpt>
      <trkpt lat="44.153120" lon="10.833220">
        <ele>1120.40</ele>
        <time>2026-04-14T17:24:48Z</time>
      </trkpt>
      <trkpt lat="44.153120" lon="10.833150">
        <ele>1122.30</ele>
        <time>2026-04-14T17:24:58Z</time>
      </trkpt>
      <trkpt lat="44.153120" lon="10.833130">
        <ele>1122.90</ele>
        <time>2026-04-14T17:25:08Z</time>
      </trkpt>
      <trkpt lat="44.153130" lon="10.833080">
        <ele>1124.20</ele>
        <time>2026-04-14T17:25:18Z</time>
      </trkpt>
      <trkpt lat="44.153160" lon="10.833060">
        <ele>1124.60</ele>
        <time>2026-04-14T17:25:28Z</time>
      </trkpt>
      <trkpt lat="44.153170" lon="10.833050">
        <ele>1124.90</ele>
        <time>2026-04-14T17:25:38Z</time>
      </trkpt>
      <trkpt lat="44.153200" lon="10.833040">
        <ele>1125.00</ele>
        <time>2026-04-14T17:25:48Z</time>
      </trkpt>
      <trkpt lat="44.153600" lon="10.832990">
        <ele>1118.00</ele>
        <time>2026-04-14T17:25:58Z</time>
      </trkpt>
      <trkpt lat="44.153620" lon="10.832980">
        <ele>1117.70</ele>
        <time>2026-04-14T17:26:08Z</time>
      </trkpt>
      <trkpt lat="44.153660" lon="10.832950">
        <ele>1117.30</ele>
        <time>2026-04-14T17:26:18Z</time>
      </trkpt>
      <trkpt lat="44.153670" lon="10.832920">
        <ele>1117.70</ele>
        <time>2026-04-14T17:26:28Z</time>
      </trkpt>
      <trkpt lat="44.153690" lon="10.832870">
        <ele>1118.40</ele>
        <time>2026-04-14T17:26:38Z</time>
      </trkpt>
      <trkpt lat="44.153710" lon="10.832770">
        <ele>1120.20</ele>
        <time>2026-04-14T17:26:48Z</time>
      </trkpt>
      <trkpt lat="44.153710" lon="10.832760">
        <ele>1120.40</ele>
        <time>2026-04-14T17:26:58Z</time>
      </trkpt>
      <trkpt lat="44.153680" lon="10.832670">
        <ele>1123.50</ele>
        <time>2026-04-14T17:27:08Z</time>
      </trkpt>
      <trkpt lat="44.153670" lon="10.832610">
        <ele>1125.20</ele>
        <time>2026-04-14T17:27:18Z</time>
      </trkpt>
      <trkpt lat="44.153620" lon="10.832580">
        <ele>1127.40</ele>
        <time>2026-04-14T17:27:28Z</time>
      </trkpt>
      <trkpt lat="44.153620" lon="10.832570">
        <ele>1127.70</ele>
        <time>2026-04-14T17:27:38Z</time>
      </trkpt>
      <trkpt lat="44.153550" lon="10.832540">
        <ele>1130.50</ele>
        <time>2026-04-14T17:27:48Z</time>
      </trkpt>
      <trkpt lat="44.153520" lon="10.832520">
        <ele>1131.90</ele>
        <time>2026-04-14T17:27:58Z</time>
      </trkpt>
      <trkpt lat="44.153460" lon="10.832460">
        <ele>1135.00</ele>
        <time>2026-04-14T17:28:08Z</time>
      </trkpt>
      <trkpt lat="44.153450" lon="10.832450">
        <ele>1135.50</ele>
        <time>2026-04-14T17:28:18Z</time>
      </trkpt>
      <trkpt lat="44.153420" lon="10.832380">
        <ele>1137.60</ele>
        <time>2026-04-14T17:28:28Z</time>
      </trkpt>
      <trkpt lat="44.153420" lon="10.832370">
        <ele>1137.80</ele>
        <time>2026-04-14T17:28:38Z</time>
      </trkpt>
      <trkpt lat="44.153410" lon="10.832250">
        <ele>1140.30</ele>
        <time>2026-04-14T17:28:48Z</time>
      </trkpt>
      <trkpt lat="44.153410" lon="10.832220">
        <ele>1140.80</ele>
        <time>2026-04-14T17:28:58Z</time>
      </trkpt>
      <trkpt lat="44.153420" lon="10.832150">
        <ele>1141.90</ele>
        <time>2026-04-14T17:29:08Z</time>
      </trkpt>
      <trkpt lat="44.153430" lon="10.832130">
        <ele>1142.00</ele>
        <time>2026-04-14T17:29:18Z</time>
      </trkpt>
      <trkpt lat="44.153450" lon="10.832050">
        <ele>1143.10</ele>
        <time>2026-04-14T17:29:28Z</time>
      </trkpt>
      <trkpt lat="44.153490" lon="10.832010">
        <ele>1143.10</ele>
        <time>2026-04-14T17:29:38Z</time>
      </trkpt>
      <trkpt lat="44.153540" lon="10.831950">
        <ele>1143.30</ele>
        <time>2026-04-14T17:29:48Z</time>
      </trkpt>
      <trkpt lat="44.153630" lon="10.831850">
        <ele>1143.90</ele>
        <time>2026-04-14T17:29:58Z</time>
      </trkpt>
      <trkpt lat="44.153680" lon="10.831790">
        <ele>1144.50</ele>
        <time>2026-04-14T17:30:08Z</time>
      </trkpt>
      <trkpt lat="44.153770" lon="10.831690">
        <ele>1145.60</ele>
        <time>2026-04-14T17:30:18Z</time>
      </trkpt>
      <trkpt lat="44.154010" lon="10.831420">
        <ele>1147.80</ele>
        <time>2026-04-14T17:30:28Z</time>
      </trkpt>
      <trkpt lat="44.154051" lon="10.831375">
        <ele>1147.57</ele>
        <time>2026-04-14T17:30:37Z</time>
      </trkpt>
      <trkpt lat="44.154100" lon="10.831320">
        <ele>1148.30</ele>
        <time>2026-04-14T17:30:38Z</time>
      </trkpt>
      <trkpt lat="44.154620" lon="10.830780">
        <ele>1148.00</ele>
        <time>2026-04-14T17:30:48Z</time>
      </trkpt>
      <trkpt lat="44.154660" lon="10.830740">
        <ele>1147.70</ele>
        <time>2026-04-14T17:30:58Z</time>
      </trkpt>
      <trkpt lat="44.154750" lon="10.830600">
        <ele>1147.50</ele>
        <time>2026-04-14T17:31:08Z</time>
      </trkpt>
      <trkpt lat="44.154790" lon="10.830540">
        <ele>1147.40</ele>
        <time>2026-04-14T17:31:18Z</time>
      </trkpt>
      <trkpt lat="44.154840" lon="10.830380">
        <ele>1148.00</ele>
        <time>2026-04-14T17:31:28Z</time>
      </trkpt>
      <trkpt lat="44.154870" lon="10.830280">
        <ele>1148.40</ele>
        <time>2026-04-14T17:31:38Z</time>
      </trkpt>
      <trkpt lat="44.154930" lon="10.829730">
        <ele>1150.10</ele>
        <time>2026-04-14T17:31:48Z</time>
      </trkpt>
      <trkpt lat="44.154950" lon="10.829430">
        <ele>1149.60</ele>
        <time>2026-04-14T17:31:58Z</time>
      </trkpt>
      <trkpt lat="44.154950" lon="10.829400">
        <ele>1149.70</ele>
        <time>2026-04-14T17:32:08Z</time>
      </trkpt>
      <trkpt lat="44.154950" lon="10.829300">
        <ele>1149.70</ele>
        <time>2026-04-14T17:32:18Z</time>
      </trkpt>
      <trkpt lat="44.154940" lon="10.829180">
        <ele>1150.10</ele>
        <time>2026-04-14T17:32:28Z</time>
      </trkpt>
      <trkpt lat="44.154860" lon="10.828920">
        <ele>1151.80</ele>
        <time>2026-04-14T17:32:38Z</time>
      </trkpt>
      <trkpt lat="44.154850" lon="10.828890">
        <ele>1152.00</ele>
        <time>2026-04-14T17:32:48Z</time>
      </trkpt>
      <trkpt lat="44.154760" lon="10.828680">
        <ele>1154.40</ele>
        <time>2026-04-14T17:32:58Z</time>
      </trkpt>
      <trkpt lat="44.154650" lon="10.828400">
        <ele>1157.50</ele>
        <time>2026-04-14T17:33:08Z</time>
      </trkpt>
      <trkpt lat="44.154640" lon="10.828360">
        <ele>1157.80</ele>
        <time>2026-04-14T17:33:18Z</time>
      </trkpt>
      <trkpt lat="44.154580" lon="10.828280">
        <ele>1159.30</ele>
        <time>2026-04-14T17:33:28Z</time>
      </trkpt>
      <trkpt lat="44.154530" lon="10.828220">
        <ele>1160.60</ele>
        <time>2026-04-14T17:33:38Z</time>
      </trkpt>
      <trkpt lat="44.154440" lon="10.828120">
        <ele>1163.30</ele>
        <time>2026-04-14T17:33:48Z</time>
      </trkpt>
      <trkpt lat="44.154420" lon="10.828090">
        <ele>1163.90</ele>
        <time>2026-04-14T17:33:58Z</time>
      </trkpt>
      <trkpt lat="44.154340" lon="10.827920">
        <ele>1165.90</ele>
        <time>2026-04-14T17:34:08Z</time>
      </trkpt>
      <trkpt lat="44.154250" lon="10.827750">
        <ele>1169.00</ele>
        <time>2026-04-14T17:34:18Z</time>
      </trkpt>
      <trkpt lat="44.154230" lon="10.827490">
        <ele>1168.20</ele>
        <time>2026-04-14T17:34:28Z</time>
      </trkpt>
      <trkpt lat="44.154220" lon="10.827360">
        <ele>1168.00</ele>
        <time>2026-04-14T17:34:38Z</time>
      </trkpt>
      <trkpt lat="44.154210" lon="10.827210">
        <ele>1167.60</ele>
        <time>2026-04-14T17:34:48Z</time>
      </trkpt>
      <trkpt lat="44.154170" lon="10.826960">
        <ele>1168.50</ele>
        <time>2026-04-14T17:34:58Z</time>
      </trkpt>
      <trkpt lat="44.154160" lon="10.826890">
        <ele>1168.60</ele>
        <time>2026-04-14T17:35:08Z</time>
      </trkpt>
      <trkpt lat="44.154120" lon="10.826720">
        <ele>1169.50</ele>
        <time>2026-04-14T17:35:18Z</time>
      </trkpt>
      <trkpt lat="44.154090" lon="10.826630">
        <ele>1170.20</ele>
        <time>2026-04-14T17:35:28Z</time>
      </trkpt>
      <trkpt lat="44.154080" lon="10.826580">
        <ele>1170.20</ele>
        <time>2026-04-14T17:35:38Z</time>
      </trkpt>
      <trkpt lat="44.154050" lon="10.826490">
        <ele>1170.60</ele>
        <time>2026-04-14T17:35:48Z</time>
      </trkpt>
      <trkpt lat="44.154020" lon="10.826400">
        <ele>1171.00</ele>
        <time>2026-04-14T17:35:58Z</time>
      </trkpt>
      <trkpt lat="44.153980" lon="10.826260">
        <ele>1171.20</ele>
        <time>2026-04-14T17:36:08Z</time>
      </trkpt>
      <trkpt lat="44.153970" lon="10.826220">
        <ele>1171.20</ele>
        <time>2026-04-14T17:36:18Z</time>
      </trkpt>
      <trkpt lat="44.153880" lon="10.826050">
        <ele>1173.00</ele>
        <time>2026-04-14T17:36:28Z</time>
      </trkpt>
      <trkpt lat="44.153770" lon="10.825860">
        <ele>1175.00</ele>
        <time>2026-04-14T17:36:38Z</time>
      </trkpt>
      <trkpt lat="44.153730" lon="10.825800">
        <ele>1175.70</ele>
        <time>2026-04-14T17:36:48Z</time>
      </trkpt>
      <trkpt lat="44.153540" lon="10.825470">
        <ele>1177.90</ele>
        <time>2026-04-14T17:36:58Z</time>
      </trkpt>
      <trkpt lat="44.153530" lon="10.825460">
        <ele>1178.20</ele>
        <time>2026-04-14T17:37:08Z</time>
      </trkpt>
      <trkpt lat="44.153490" lon="10.825400">
        <ele>1179.00</ele>
        <time>2026-04-14T17:37:18Z</time>
      </trkpt>
      <trkpt lat="44.153420" lon="10.825280">
        <ele>1180.20</ele>
        <time>2026-04-14T17:37:28Z</time>
      </trkpt>
      <trkpt lat="44.153380" lon="10.825200">
        <ele>1180.80</ele>
        <time>2026-04-14T17:37:38Z</time>
      </trkpt>
      <trkpt lat="44.153310" lon="10.825080">
        <ele>1181.80</ele>
        <time>2026-04-14T17:37:48Z</time>
      </trkpt>
      <trkpt lat="44.153260" lon="10.825000">
        <ele>1182.00</ele>
        <time>2026-04-14T17:37:58Z</time>
      </trkpt>
      <trkpt lat="44.153220" lon="10.824870">
        <ele>1181.00</ele>
        <time>2026-04-14T17:38:08Z</time>
      </trkpt>
      <trkpt lat="44.153180" lon="10.824700">
        <ele>1179.50</ele>
        <time>2026-04-14T17:38:18Z</time>
      </trkpt>
      <trkpt lat="44.153160" lon="10.824630">
        <ele>1178.90</ele>
        <time>2026-04-14T17:38:28Z</time>
      </trkpt>
      <trkpt lat="44.153140" lon="10.824540">
        <ele>1178.10</ele>
        <time>2026-04-14T17:38:38Z</time>
      </trkpt>
      <trkpt lat="44.153100" lon="10.824390">
        <ele>1177.00</ele>
        <time>2026-04-14T17:38:48Z</time>
      </trkpt>
      <trkpt lat="44.153090" lon="10.824320">
        <ele>1176.20</ele>
        <time>2026-04-14T17:38:58Z</time>
      </trkpt>
      <trkpt lat="44.153080" lon="10.824310">
        <ele>1176.40</ele>
        <time>2026-04-14T17:39:08Z</time>
      </trkpt>
      <trkpt lat="44.153000" lon="10.824190">
        <ele>1177.10</ele>
        <time>2026-04-14T17:39:18Z</time>
      </trkpt>
      <trkpt lat="44.152890" lon="10.824000">
        <ele>1175.60</ele>
        <time>2026-04-14T17:39:28Z</time>
      </trkpt>
      <trkpt lat="44.152840" lon="10.823920">
        <ele>1175.00</ele>
        <time>2026-04-14T17:39:38Z</time>
      </trkpt>
      <trkpt lat="44.152750" lon="10.823840">
        <ele>1175.80</ele>
        <time>2026-04-14T17:39:48Z</time>
      </trkpt>
      <trkpt lat="44.152640" lon="10.823740">
        <ele>1176.90</ele>
        <time>2026-04-14T17:39:58Z</time>
      </trkpt>
      <trkpt lat="44.152600" lon="10.823720">
        <ele>1177.70</ele>
        <time>2026-04-14T17:40:08Z</time>
      </trkpt>
      <trkpt lat="44.152530" lon="10.823680">
        <ele>1179.10</ele>
        <time>2026-04-14T17:40:18Z</time>
      </trkpt>
      <trkpt lat="44.152430" lon="10.823620">
        <ele>1179.30</ele>
        <time>2026-04-14T17:40:28Z</time>
      </trkpt>
      <trkpt lat="44.152370" lon="10.823590">
        <ele>1179.30</ele>
        <time>2026-04-14T17:40:38Z</time>
      </trkpt>
      <trkpt lat="44.152250" lon="10.823570">
        <ele>1180.20</ele>
        <time>2026-04-14T17:40:48Z</time>
      </trkpt>
      <trkpt lat="44.152190" lon="10.823560">
        <ele>1180.60</ele>
        <time>2026-04-14T17:40:58Z</time>
      </trkpt>
      <trkpt lat="44.152080" lon="10.823540">
        <ele>1181.50</ele>
        <time>2026-04-14T17:41:08Z</time>
      </trkpt>
      <trkpt lat="44.152050" lon="10.823540">
        <ele>1181.90</ele>
        <time>2026-04-14T17:41:18Z</time>
      </trkpt>
      <trkpt lat="44.151900" lon="10.823510">
        <ele>1183.10</ele>
        <time>2026-04-14T17:41:28Z</time>
      </trkpt>
      <trkpt lat="44.151790" lon="10.823480">
        <ele>1183.90</ele>
        <time>2026-04-14T17:41:38Z</time>
      </trkpt>
      <trkpt lat="44.151720" lon="10.823500">
        <ele>1185.10</ele>
        <time>2026-04-14T17:41:48Z</time>
      </trkpt>
      <trkpt lat="44.151680" lon="10.823510">
        <ele>1185.80</ele>
        <time>2026-04-14T17:41:58Z</time>
      </trkpt>
      <trkpt lat="44.151560" lon="10.823540">
        <ele>1184.50</ele>
        <time>2026-04-14T17:42:08Z</time>
      </trkpt>
      <trkpt lat="44.151550" lon="10.823540">
        <ele>1184.30</ele>
        <time>2026-04-14T17:42:18Z</time>
      </trkpt>
      <trkpt lat="44.151500" lon="10.823570">
        <ele>1183.90</ele>
        <time>2026-04-14T17:42:28Z</time>
      </trkpt>
      <trkpt lat="44.151480" lon="10.823580">
        <ele>1183.70</ele>
        <time>2026-04-14T17:42:38Z</time>
      </trkpt>
      <trkpt lat="44.151390" lon="10.823640">
        <ele>1182.90</ele>
        <time>2026-04-14T17:42:48Z</time>
      </trkpt>
      <trkpt lat="44.151320" lon="10.823690">
        <ele>1182.40</ele>
        <time>2026-04-14T17:42:58Z</time>
      </trkpt>
      <trkpt lat="44.151250" lon="10.823780">
        <ele>1182.50</ele>
        <time>2026-04-14T17:43:08Z</time>
      </trkpt>
      <trkpt lat="44.151200" lon="10.823830">
        <ele>1182.30</ele>
        <time>2026-04-14T17:43:18Z</time>
      </trkpt>
      <trkpt lat="44.151180" lon="10.823850">
        <ele>1182.20</ele>
        <time>2026-04-14T17:43:28Z</time>
      </trkpt>
      <trkpt lat="44.151120" lon="10.823920">
        <ele>1182.10</ele>
        <time>2026-04-14T17:43:38Z</time>
      </trkpt>
      <trkpt lat="44.151110" lon="10.823940">
        <ele>1182.20</ele>
        <time>2026-04-14T17:43:48Z</time>
      </trkpt>
      <trkpt lat="44.151050" lon="10.824030">
        <ele>1182.40</ele>
        <time>2026-04-14T17:43:58Z</time>
      </trkpt>
      <trkpt lat="44.150990" lon="10.824130">
        <ele>1182.70</ele>
        <time>2026-04-14T17:44:08Z</time>
      </trkpt>
      <trkpt lat="44.150810" lon="10.824400">
        <ele>1185.30</ele>
        <time>2026-04-14T17:44:18Z</time>
      </trkpt>
      <trkpt lat="44.150790" lon="10.824420">
        <ele>1185.50</ele>
        <time>2026-04-14T17:44:28Z</time>
      </trkpt>
      <trkpt lat="44.150590" lon="10.824627">
        <ele>1183.18</ele>
        <time>2026-04-14T17:44:37Z</time>
      </trkpt>
      <trkpt lat="44.150480" lon="10.824740">
        <ele>1189.10</ele>
        <time>2026-04-14T17:44:38Z</time>
      </trkpt>
      <trkpt lat="44.150450" lon="10.824750">
        <ele>1189.00</ele>
        <time>2026-04-14T17:44:48Z</time>
      </trkpt>
      <trkpt lat="44.150360" lon="10.824800">
        <ele>1189.10</ele>
        <time>2026-04-14T17:44:58Z</time>
      </trkpt>
      <trkpt lat="44.150230" lon="10.824870">
        <ele>1189.30</ele>
        <time>2026-04-14T17:45:08Z</time>
      </trkpt>
      <trkpt lat="44.150110" lon="10.824930">
        <ele>1189.40</ele>
        <time>2026-04-14T17:45:18Z</time>
      </trkpt>
      <trkpt lat="44.150020" lon="10.824970">
        <ele>1189.40</ele>
        <time>2026-04-14T17:45:28Z</time>
      </trkpt>
      <trkpt lat="44.149940" lon="10.825020">
        <ele>1189.40</ele>
        <time>2026-04-14T17:45:38Z</time>
      </trkpt>
      <trkpt lat="44.149920" lon="10.825040">
        <ele>1189.50</ele>
        <time>2026-04-14T17:45:48Z</time>
      </trkpt>
      <trkpt lat="44.149870" lon="10.825060">
        <ele>1189.50</ele>
        <time>2026-04-14T17:45:58Z</time>
      </trkpt>
      <trkpt lat="44.149850" lon="10.825060">
        <ele>1189.50</ele>
        <time>2026-04-14T17:46:08Z</time>
      </trkpt>
      <trkpt lat="44.149800" lon="10.825050">
        <ele>1189.60</ele>
        <time>2026-04-14T17:46:18Z</time>
      </trkpt>
      <trkpt lat="44.149770" lon="10.825030">
        <ele>1189.60</ele>
        <time>2026-04-14T17:46:28Z</time>
      </trkpt>
      <trkpt lat="44.149720" lon="10.824990">
        <ele>1189.70</ele>
        <time>2026-04-14T17:46:38Z</time>
      </trkpt>
      <trkpt lat="44.149530" lon="10.824670">
        <ele>1190.00</ele>
        <time>2026-04-14T17:46:48Z</time>
      </trkpt>
      <trkpt lat="44.149420" lon="10.824600">
        <ele>1190.10</ele>
        <time>2026-04-14T17:46:58Z</time>
      </trkpt>
      <trkpt lat="44.149360" lon="10.824570">
        <ele>1190.40</ele>
        <time>2026-04-14T17:47:08Z</time>
      </trkpt>
      <trkpt lat="44.149320" lon="10.824540">
        <ele>1190.30</ele>
        <time>2026-04-14T17:47:18Z</time>
      </trkpt>
      <trkpt lat="44.149200" lon="10.824470">
        <ele>1191.30</ele>
        <time>2026-04-14T17:47:28Z</time>
      </trkpt>
      <trkpt lat="44.149160" lon="10.824440">
        <ele>1191.70</ele>
        <time>2026-04-14T17:47:38Z</time>
      </trkpt>
      <trkpt lat="44.149050" lon="10.824380">
        <ele>1192.60</ele>
        <time>2026-04-14T17:47:48Z</time>
      </trkpt>
      <trkpt lat="44.149030" lon="10.824380">
        <ele>1192.80</ele>
        <time>2026-04-14T17:47:58Z</time>
      </trkpt>
      <trkpt lat="44.148990" lon="10.824380">
        <ele>1193.10</ele>
        <time>2026-04-14T17:48:08Z</time>
      </trkpt>
      <trkpt lat="44.148850" lon="10.824370">
        <ele>1194.20</ele>
        <time>2026-04-14T17:48:18Z</time>
      </trkpt>
      <trkpt lat="44.148810" lon="10.824360">
        <ele>1194.50</ele>
        <time>2026-04-14T17:48:28Z</time>
      </trkpt>
      <trkpt lat="44.148720" lon="10.824360">
        <ele>1195.20</ele>
        <time>2026-04-14T17:48:38Z</time>
      </trkpt>
      <trkpt lat="44.148670" lon="10.824370">
        <ele>1195.70</ele>
        <time>2026-04-14T17:48:48Z</time>
      </trkpt>
      <trkpt lat="44.148560" lon="10.824390">
        <ele>1197.90</ele>
        <time>2026-04-14T17:48:58Z</time>
      </trkpt>
      <trkpt lat="44.148490" lon="10.824410">
        <ele>1199.50</ele>
        <time>2026-04-14T17:49:08Z</time>
      </trkpt>
      <trkpt lat="44.148450" lon="10.824420">
        <ele>1200.30</ele>
        <time>2026-04-14T17:49:18Z</time>
      </trkpt>
      <trkpt lat="44.148330" lon="10.824460">
        <ele>1203.10</ele>
        <time>2026-04-14T17:49:28Z</time>
      </trkpt>
      <trkpt lat="44.148320" lon="10.824460">
        <ele>1203.40</ele>
        <time>2026-04-14T17:49:38Z</time>
      </trkpt>
      <trkpt lat="44.148280" lon="10.824470">
        <ele>1204.70</ele>
        <time>2026-04-14T17:49:48Z</time>
      </trkpt>
      <trkpt lat="44.148200" lon="10.824480">
        <ele>1207.10</ele>
        <time>2026-04-14T17:49:58Z</time>
      </trkpt>
      <trkpt lat="44.148140" lon="10.824460">
        <ele>1208.30</ele>
        <time>2026-04-14T17:50:08Z</time>
      </trkpt>
      <trkpt lat="44.148100" lon="10.824450">
        <ele>1209.20</ele>
        <time>2026-04-14T17:50:18Z</time>
      </trkpt>
      <trkpt lat="44.147990" lon="10.824360">
        <ele>1210.80</ele>
        <time>2026-04-14T17:50:28Z</time>
      </trkpt>
      <trkpt lat="44.147980" lon="10.824350">
        <ele>1210.90</ele>
        <time>2026-04-14T17:50:38Z</time>
      </trkpt>
      <trkpt lat="44.147950" lon="10.824310">
        <ele>1211.40</ele>
        <time>2026-04-14T17:50:48Z</time>
      </trkpt>
      <trkpt lat="44.147910" lon="10.824270">
        <ele>1212.00</ele>
        <time>2026-04-14T17:50:58Z</time>
      </trkpt>
      <trkpt lat="44.147840" lon="10.824200">
        <ele>1213.10</ele>
        <time>2026-04-14T17:51:08Z</time>
      </trkpt>
      <trkpt lat="44.147790" lon="10.824150">
        <ele>1213.90</ele>
        <time>2026-04-14T17:51:18Z</time>
      </trkpt>
      <trkpt lat="44.147700" lon="10.824050">
        <ele>1215.30</ele>
        <time>2026-04-14T17:51:28Z</time>
      </trkpt>
      <trkpt lat="44.147660" lon="10.823980">
        <ele>1216.20</ele>
        <time>2026-04-14T17:51:38Z</time>
      </trkpt>
      <trkpt lat="44.147580" lon="10.823860">
        <ele>1217.80</ele>
        <time>2026-04-14T17:51:48Z</time>
      </trkpt>
      <trkpt lat="44.147580" lon="10.823850">
        <ele>1217.70</ele>
        <time>2026-04-14T17:51:58Z</time>
      </trkpt>
      <trkpt lat="44.147550" lon="10.823780">
        <ele>1218.10</ele>
        <time>2026-04-14T17:52:08Z</time>
      </trkpt>
      <trkpt lat="44.147500" lon="10.823680">
        <ele>1218.90</ele>
        <time>2026-04-14T17:52:18Z</time>
      </trkpt>
      <trkpt lat="44.147470" lon="10.823560">
        <ele>1219.10</ele>
        <time>2026-04-14T17:52:28Z</time>
      </trkpt>
      <trkpt lat="44.147420" lon="10.823410">
        <ele>1219.80</ele>
        <time>2026-04-14T17:52:38Z</time>
      </trkpt>
      <trkpt lat="44.147420" lon="10.823390">
        <ele>1219.60</ele>
        <time>2026-04-14T17:52:48Z</time>
      </trkpt>
      <trkpt lat="44.147400" lon="10.823330">
        <ele>1219.80</ele>
        <time>2026-04-14T17:52:58Z</time>
      </trkpt>
      <trkpt lat="44.147380" lon="10.823150">
        <ele>1219.10</ele>
        <time>2026-04-14T17:53:08Z</time>
      </trkpt>
      <trkpt lat="44.147360" lon="10.823090">
        <ele>1219.30</ele>
        <time>2026-04-14T17:53:18Z</time>
      </trkpt>
      <trkpt lat="44.147310" lon="10.822930">
        <ele>1219.60</ele>
        <time>2026-04-14T17:53:28Z</time>
      </trkpt>
      <trkpt lat="44.147280" lon="10.822860">
        <ele>1220.00</ele>
        <time>2026-04-14T17:53:38Z</time>
      </trkpt>
      <trkpt lat="44.147280" lon="10.822840">
        <ele>1219.80</ele>
        <time>2026-04-14T17:53:48Z</time>
      </trkpt>
      <trkpt lat="44.147180" lon="10.822750">
        <ele>1222.20</ele>
        <time>2026-04-14T17:53:58Z</time>
      </trkpt>
      <trkpt lat="44.147130" lon="10.822740">
        <ele>1223.70</ele>
        <time>2026-04-14T17:54:08Z</time>
      </trkpt>
      <trkpt lat="44.147010" lon="10.822720">
        <ele>1227.40</ele>
        <time>2026-04-14T17:54:18Z</time>
      </trkpt>
      <trkpt lat="44.146990" lon="10.822720">
        <ele>1228.00</ele>
        <time>2026-04-14T17:54:28Z</time>
      </trkpt>
      <trkpt lat="44.146950" lon="10.822720">
        <ele>1229.30</ele>
        <time>2026-04-14T17:54:38Z</time>
      </trkpt>
      <trkpt lat="44.146830" lon="10.822720">
        <ele>1231.00</ele>
        <time>2026-04-14T17:54:48Z</time>
      </trkpt>
      <trkpt lat="44.146820" lon="10.822720">
        <ele>1231.10</ele>
        <time>2026-04-14T17:54:58Z</time>
      </trkpt>
      <trkpt lat="44.146690" lon="10.822570">
        <ele>1233.60</ele>
        <time>2026-04-14T17:55:08Z</time>
      </trkpt>
      <trkpt lat="44.146660" lon="10.822510">
        <ele>1234.30</ele>
        <time>2026-04-14T17:55:18Z</time>
      </trkpt>
      <trkpt lat="44.146590" lon="10.822370">
        <ele>1236.10</ele>
        <time>2026-04-14T17:55:28Z</time>
      </trkpt>
      <trkpt lat="44.146560" lon="10.822290">
        <ele>1237.10</ele>
        <time>2026-04-14T17:55:38Z</time>
      </trkpt>
      <trkpt lat="44.146520" lon="10.822180">
        <ele>1237.40</ele>
        <time>2026-04-14T17:55:48Z</time>
      </trkpt>
      <trkpt lat="44.146470" lon="10.822080">
        <ele>1238.20</ele>
        <time>2026-04-14T17:55:58Z</time>
      </trkpt>
      <trkpt lat="44.146440" lon="10.822030">
        <ele>1238.80</ele>
        <time>2026-04-14T17:56:08Z</time>
      </trkpt>
      <trkpt lat="44.146300" lon="10.821870">
        <ele>1242.30</ele>
        <time>2026-04-14T17:56:18Z</time>
      </trkpt>
      <trkpt lat="44.146210" lon="10.821810">
        <ele>1244.90</ele>
        <time>2026-04-14T17:56:28Z</time>
      </trkpt>
      <trkpt lat="44.146190" lon="10.821770">
        <ele>1245.10</ele>
        <time>2026-04-14T17:56:38Z</time>
      </trkpt>
      <trkpt lat="44.146120" lon="10.821630">
        <ele>1245.80</ele>
        <time>2026-04-14T17:56:48Z</time>
      </trkpt>
      <trkpt lat="44.146120" lon="10.821550">
        <ele>1244.70</ele>
        <time>2026-04-14T17:56:58Z</time>
      </trkpt>
      <trkpt lat="44.146120" lon="10.821530">
        <ele>1244.40</ele>
        <time>2026-04-14T17:57:08Z</time>
      </trkpt>
      <trkpt lat="44.146090" lon="10.821390">
        <ele>1243.60</ele>
        <time>2026-04-14T17:57:18Z</time>
      </trkpt>
      <trkpt lat="44.146080" lon="10.821380">
        <ele>1243.80</ele>
        <time>2026-04-14T17:57:28Z</time>
      </trkpt>
      <trkpt lat="44.146050" lon="10.821330">
        <ele>1244.20</ele>
        <time>2026-04-14T17:57:38Z</time>
      </trkpt>
      <trkpt lat="44.146010" lon="10.821260">
        <ele>1244.70</ele>
        <time>2026-04-14T17:57:48Z</time>
      </trkpt>
      <trkpt lat="44.145890" lon="10.821250">
        <ele>1248.90</ele>
        <time>2026-04-14T17:57:58Z</time>
      </trkpt>
      <trkpt lat="44.145780" lon="10.821300">
        <ele>1254.00</ele>
        <time>2026-04-14T17:58:08Z</time>
      </trkpt>
      <trkpt lat="44.145760" lon="10.821310">
        <ele>1255.00</ele>
        <time>2026-04-14T17:58:18Z</time>
      </trkpt>
      <trkpt lat="44.145720" lon="10.821300">
        <ele>1256.50</ele>
        <time>2026-04-14T17:58:28Z</time>
      </trkpt>
      <trkpt lat="44.145650" lon="10.821260">
        <ele>1258.90</ele>
        <time>2026-04-14T17:58:38Z</time>
      </trkpt>
      <trkpt lat="44.145530" lon="10.821150">
        <ele>1262.50</ele>
        <time>2026-04-14T17:58:48Z</time>
      </trkpt>
      <trkpt lat="44.145450" lon="10.821040">
        <ele>1264.40</ele>
        <time>2026-04-14T17:58:58Z</time>
      </trkpt>
      <trkpt lat="44.145440" lon="10.821010">
        <ele>1264.40</ele>
        <time>2026-04-14T17:59:08Z</time>
      </trkpt>
      <trkpt lat="44.145370" lon="10.820870">
        <ele>1265.50</ele>
        <time>2026-04-14T17:59:18Z</time>
      </trkpt>
      <trkpt lat="44.145290" lon="10.820690">
        <ele>1266.70</ele>
        <time>2026-04-14T17:59:28Z</time>
      </trkpt>
      <trkpt lat="44.145270" lon="10.820660">
        <ele>1267.10</ele>
        <time>2026-04-14T17:59:38Z</time>
      </trkpt>
      <trkpt lat="44.145230" lon="10.820600">
        <ele>1267.90</ele>
        <time>2026-04-14T17:59:48Z</time>
      </trkpt>
      <trkpt lat="44.145140" lon="10.820490">
        <ele>1269.90</ele>
        <time>2026-04-14T17:59:58Z</time>
      </trkpt>
      <trkpt lat="44.145100" lon="10.820430">
        <ele>1270.50</ele>
        <time>2026-04-14T18:00:08Z</time>
      </trkpt>
      <trkpt lat="44.145010" lon="10.820320">
        <ele>1272.00</ele>
        <time>2026-04-14T18:00:18Z</time>
      </trkpt>
      <trkpt lat="44.144960" lon="10.820270">
        <ele>1272.90</ele>
        <time>2026-04-14T18:00:28Z</time>
      </trkpt>
      <trkpt lat="44.144820" lon="10.820110">
        <ele>1274.50</ele>
        <time>2026-04-14T18:00:38Z</time>
      </trkpt>
      <trkpt lat="44.144750" lon="10.820030">
        <ele>1275.10</ele>
        <time>2026-04-14T18:00:48Z</time>
      </trkpt>
      <trkpt lat="44.144730" lon="10.820010">
        <ele>1275.30</ele>
        <time>2026-04-14T18:00:58Z</time>
      </trkpt>
      <trkpt lat="44.144680" lon="10.819960">
        <ele>1276.00</ele>
        <time>2026-04-14T18:01:08Z</time>
      </trkpt>
      <trkpt lat="44.144530" lon="10.819810">
        <ele>1277.90</ele>
        <time>2026-04-14T18:01:18Z</time>
      </trkpt>
      <trkpt lat="44.144430" lon="10.819720">
        <ele>1279.30</ele>
        <time>2026-04-14T18:01:28Z</time>
      </trkpt>
      <trkpt lat="44.144400" lon="10.819680">
        <ele>1279.40</ele>
        <time>2026-04-14T18:01:38Z</time>
      </trkpt>
      <trkpt lat="44.144070" lon="10.819420">
        <ele>1282.80</ele>
        <time>2026-04-14T18:01:48Z</time>
      </trkpt>
      <trkpt lat="44.143970" lon="10.819340">
        <ele>1283.20</ele>
        <time>2026-04-14T18:01:58Z</time>
      </trkpt>
      <trkpt lat="44.143920" lon="10.819300">
        <ele>1283.40</ele>
        <time>2026-04-14T18:02:08Z</time>
      </trkpt>
      <trkpt lat="44.143830" lon="10.819230">
        <ele>1283.80</ele>
        <time>2026-04-14T18:02:18Z</time>
      </trkpt>
      <trkpt lat="44.143642" lon="10.819201">
        <ele>1280.77</ele>
        <time>2026-04-14T18:02:27Z</time>
      </trkpt>
      <trkpt lat="44.143570" lon="10.819190">
        <ele>1288.00</ele>
        <time>2026-04-14T18:02:28Z</time>
      </trkpt>
      <trkpt lat="44.143440" lon="10.819180">
        <ele>1290.20</ele>
        <time>2026-04-14T18:02:38Z</time>
      </trkpt>
      <trkpt lat="44.143390" lon="10.819190">
        <ele>1291.40</ele>
        <time>2026-04-14T18:02:48Z</time>
      </trkpt>
      <trkpt lat="44.143280" lon="10.819230">
        <ele>1293.70</ele>
        <time>2026-04-14T18:02:58Z</time>
      </trkpt>
      <trkpt lat="44.143240" lon="10.819240">
        <ele>1294.10</ele>
        <time>2026-04-14T18:03:08Z</time>
      </trkpt>
      <trkpt lat="44.143220" lon="10.819250">
        <ele>1294.40</ele>
        <time>2026-04-14T18:03:18Z</time>
      </trkpt>
      <trkpt lat="44.143110" lon="10.819310">
        <ele>1296.20</ele>
        <time>2026-04-14T18:03:28Z</time>
      </trkpt>
      <trkpt lat="44.143050" lon="10.819350">
        <ele>1297.40</ele>
        <time>2026-04-14T18:03:38Z</time>
      </trkpt>
      <trkpt lat="44.142890" lon="10.819440">
        <ele>1300.00</ele>
        <time>2026-04-14T18:03:48Z</time>
      </trkpt>
      <trkpt lat="44.142850" lon="10.819460">
        <ele>1300.60</ele>
        <time>2026-04-14T18:03:58Z</time>
      </trkpt>
      <trkpt lat="44.142770" lon="10.819500">
        <ele>1301.80</ele>
        <time>2026-04-14T18:04:08Z</time>
      </trkpt>
      <trkpt lat="44.142720" lon="10.819530">
        <ele>1302.60</ele>
        <time>2026-04-14T18:04:18Z</time>
      </trkpt>
      <trkpt lat="44.142600" lon="10.819580">
        <ele>1304.10</ele>
        <time>2026-04-14T18:04:28Z</time>
      </trkpt>
      <trkpt lat="44.142550" lon="10.819610">
        <ele>1304.90</ele>
        <time>2026-04-14T18:04:38Z</time>
      </trkpt>
      <trkpt lat="44.142430" lon="10.819670">
        <ele>1307.20</ele>
        <time>2026-04-14T18:04:48Z</time>
      </trkpt>
      <trkpt lat="44.142380" lon="10.819690">
        <ele>1308.30</ele>
        <time>2026-04-14T18:04:58Z</time>
      </trkpt>
      <trkpt lat="44.142230" lon="10.819770">
        <ele>1312.10</ele>
        <time>2026-04-14T18:05:08Z</time>
      </trkpt>
      <trkpt lat="44.142210" lon="10.819780">
        <ele>1312.60</ele>
        <time>2026-04-14T18:05:18Z</time>
      </trkpt>
      <trkpt lat="44.141790" lon="10.819990">
        <ele>1323.00</ele>
        <time>2026-04-14T18:05:28Z</time>
      </trkpt>
      <trkpt lat="44.141700" lon="10.819980">
        <ele>1324.10</ele>
        <time>2026-04-14T18:05:38Z</time>
      </trkpt>
      <trkpt lat="44.141690" lon="10.819970">
        <ele>1324.00</ele>
        <time>2026-04-14T18:05:48Z</time>
      </trkpt>
      <trkpt lat="44.141560" lon="10.819860">
        <ele>1324.80</ele>
        <time>2026-04-14T18:05:58Z</time>
      </trkpt>
      <trkpt lat="44.141470" lon="10.819700">
        <ele>1323.10</ele>
        <time>2026-04-14T18:06:08Z</time>
      </trkpt>
      <trkpt lat="44.141440" lon="10.819650">
        <ele>1322.50</ele>
        <time>2026-04-14T18:06:18Z</time>
      </trkpt>
      <trkpt lat="44.141320" lon="10.819460">
        <ele>1319.80</ele>
        <time>2026-04-14T18:06:28Z</time>
      </trkpt>
      <trkpt lat="44.141270" lon="10.819380">
        <ele>1318.40</ele>
        <time>2026-04-14T18:06:38Z</time>
      </trkpt>
      <trkpt lat="44.141180" lon="10.819290">
        <ele>1317.20</ele>
        <time>2026-04-14T18:06:48Z</time>
      </trkpt>
      <trkpt lat="44.141170" lon="10.819280">
        <ele>1317.10</ele>
        <time>2026-04-14T18:06:58Z</time>
      </trkpt>
      <trkpt lat="44.141090" lon="10.819220">
        <ele>1316.30</ele>
        <time>2026-04-14T18:07:08Z</time>
      </trkpt>
      <trkpt lat="44.141020" lon="10.819220">
        <ele>1317.30</ele>
        <time>2026-04-14T18:07:18Z</time>
      </trkpt>
      <trkpt lat="44.140950" lon="10.819230">
        <ele>1318.70</ele>
        <time>2026-04-14T18:07:28Z</time>
      </trkpt>
      <trkpt lat="44.140850" lon="10.819310">
        <ele>1323.10</ele>
        <time>2026-04-14T18:07:38Z</time>
      </trkpt>
      <trkpt lat="44.140810" lon="10.819350">
        <ele>1324.90</ele>
        <time>2026-04-14T18:07:48Z</time>
      </trkpt>
      <trkpt lat="44.140710" lon="10.819460">
        <ele>1328.90</ele>
        <time>2026-04-14T18:07:58Z</time>
      </trkpt>
      <trkpt lat="44.140680" lon="10.819490">
        <ele>1329.90</ele>
        <time>2026-04-14T18:08:08Z</time>
      </trkpt>
      <trkpt lat="44.140560" lon="10.819560">
        <ele>1332.00</ele>
        <time>2026-04-14T18:08:18Z</time>
      </trkpt>
      <trkpt lat="44.140410" lon="10.819610">
        <ele>1333.00</ele>
        <time>2026-04-14T18:08:28Z</time>
      </trkpt>
      <trkpt lat="44.140240" lon="10.819670">
        <ele>1333.80</ele>
        <time>2026-04-14T18:08:38Z</time>
      </trkpt>
      <trkpt lat="44.140150" lon="10.819770">
        <ele>1335.60</ele>
        <time>2026-04-14T18:08:48Z</time>
      </trkpt>
      <trkpt lat="44.140090" lon="10.819890">
        <ele>1337.80</ele>
        <time>2026-04-14T18:08:58Z</time>
      </trkpt>
      <trkpt lat="44.140060" lon="10.819960">
        <ele>1338.90</ele>
        <time>2026-04-14T18:09:08Z</time>
      </trkpt>
      <trkpt lat="44.140000" lon="10.820110">
        <ele>1342.00</ele>
        <time>2026-04-14T18:09:18Z</time>
      </trkpt>
      <trkpt lat="44.139990" lon="10.820130">
        <ele>1342.60</ele>
        <time>2026-04-14T18:09:28Z</time>
      </trkpt>
      <trkpt lat="44.139880" lon="10.820290">
        <ele>1347.20</ele>
        <time>2026-04-14T18:09:38Z</time>
      </trkpt>
      <trkpt lat="44.139860" lon="10.820310">
        <ele>1347.80</ele>
        <time>2026-04-14T18:09:48Z</time>
      </trkpt>
      <trkpt lat="44.139770" lon="10.820410">
        <ele>1350.30</ele>
        <time>2026-04-14T18:09:58Z</time>
      </trkpt>
      <trkpt lat="44.139660" lon="10.820470">
        <ele>1351.70</ele>
        <time>2026-04-14T18:10:08Z</time>
      </trkpt>
      <trkpt lat="44.139570" lon="10.820540">
        <ele>1353.10</ele>
        <time>2026-04-14T18:10:18Z</time>
      </trkpt>
      <trkpt lat="44.139520" lon="10.820560">
        <ele>1353.50</ele>
        <time>2026-04-14T18:10:28Z</time>
      </trkpt>
      <trkpt lat="44.139400" lon="10.820620">
        <ele>1354.40</ele>
        <time>2026-04-14T18:10:38Z</time>
      </trkpt>
      <trkpt lat="44.139310" lon="10.820660">
        <ele>1354.80</ele>
        <time>2026-04-14T18:10:48Z</time>
      </trkpt>
      <trkpt lat="44.139230" lon="10.820710">
        <ele>1355.30</ele>
        <time>2026-04-14T18:10:58Z</time>
      </trkpt>
      <trkpt lat="44.139070" lon="10.820820">
        <ele>1358.40</ele>
        <time>2026-04-14T18:11:08Z</time>
      </trkpt>
      <trkpt lat="44.138930" lon="10.820910">
        <ele>1362.60</ele>
        <time>2026-04-14T18:11:18Z</time>
      </trkpt>
      <trkpt lat="44.138910" lon="10.820930">
        <ele>1363.30</ele>
        <time>2026-04-14T18:11:28Z</time>
      </trkpt>
      <trkpt lat="44.138710" lon="10.821080">
        <ele>1368.90</ele>
        <time>2026-04-14T18:11:38Z</time>
      </trkpt>
      <trkpt lat="44.138470" lon="10.821350">
        <ele>1374.20</ele>
        <time>2026-04-14T18:11:48Z</time>
      </trkpt>
      <trkpt lat="44.138470" lon="10.821360">
        <ele>1374.30</ele>
        <time>2026-04-14T18:11:58Z</time>
      </trkpt>
      <trkpt lat="44.138360" lon="10.821530">
        <ele>1377.20</ele>
        <time>2026-04-14T18:12:08Z</time>
      </trkpt>
      <trkpt lat="44.138340" lon="10.821540">
        <ele>1377.60</ele>
        <time>2026-04-14T18:12:18Z</time>
      </trkpt>
      <trkpt lat="44.138290" lon="10.821580">
        <ele>1378.60</ele>
        <time>2026-04-14T18:12:28Z</time>
      </trkpt>
      <trkpt lat="44.138240" lon="10.821570">
        <ele>1379.40</ele>
        <time>2026-04-14T18:12:38Z</time>
      </trkpt>
      <trkpt lat="44.138200" lon="10.821510">
        <ele>1380.50</ele>
        <time>2026-04-14T18:12:48Z</time>
      </trkpt>
      <trkpt lat="44.138190" lon="10.821500">
        <ele>1380.70</ele>
        <time>2026-04-14T18:12:58Z</time>
      </trkpt>
      <trkpt lat="44.138140" lon="10.821280">
        <ele>1383.60</ele>
        <time>2026-04-14T18:13:08Z</time>
      </trkpt>
      <trkpt lat="44.138130" lon="10.821260">
        <ele>1383.80</ele>
        <time>2026-04-14T18:13:18Z</time>
      </trkpt>
      <trkpt lat="44.138050" lon="10.821040">
        <ele>1384.20</ele>
        <time>2026-04-14T18:13:28Z</time>
      </trkpt>
      <trkpt lat="44.137970" lon="10.820810">
        <ele>1384.10</ele>
        <time>2026-04-14T18:13:38Z</time>
      </trkpt>
      <trkpt lat="44.137870" lon="10.820530">
        <ele>1382.70</ele>
        <time>2026-04-14T18:13:48Z</time>
      </trkpt>
      <trkpt lat="44.137780" lon="10.820390">
        <ele>1382.70</ele>
        <time>2026-04-14T18:13:58Z</time>
      </trkpt>
      <trkpt lat="44.137660" lon="10.820210">
        <ele>1382.20</ele>
        <time>2026-04-14T18:14:08Z</time>
      </trkpt>
      <trkpt lat="44.137600" lon="10.820110">
        <ele>1381.40</ele>
        <time>2026-04-14T18:14:18Z</time>
      </trkpt>
      <trkpt lat="44.137400" lon="10.819960">
        <ele>1380.80</ele>
        <time>2026-04-14T18:14:28Z</time>
      </trkpt>
      <trkpt lat="44.137360" lon="10.819930">
        <ele>1380.30</ele>
        <time>2026-04-14T18:14:38Z</time>
      </trkpt>
      <trkpt lat="44.137230" lon="10.819840">
        <ele>1378.90</ele>
        <time>2026-04-14T18:14:48Z</time>
      </trkpt>
      <trkpt lat="44.137200" lon="10.819830">
        <ele>1378.90</ele>
        <time>2026-04-14T18:14:58Z</time>
      </trkpt>
      <trkpt lat="44.137130" lon="10.819820">
        <ele>1379.30</ele>
        <time>2026-04-14T18:15:08Z</time>
      </trkpt>
      <trkpt lat="44.137050" lon="10.819850">
        <ele>1380.90</ele>
        <time>2026-04-14T18:15:18Z</time>
      </trkpt>
      <trkpt lat="44.137020" lon="10.819860">
        <ele>1381.50</ele>
        <time>2026-04-14T18:15:28Z</time>
      </trkpt>
      <trkpt lat="44.136970" lon="10.819890">
        <ele>1382.80</ele>
        <time>2026-04-14T18:15:38Z</time>
      </trkpt>
      <trkpt lat="44.136900" lon="10.819940">
        <ele>1385.00</ele>
        <time>2026-04-14T18:15:48Z</time>
      </trkpt>
      <trkpt lat="44.136720" lon="10.820120">
        <ele>1391.80</ele>
        <time>2026-04-14T18:15:58Z</time>
      </trkpt>
      <trkpt lat="44.136366" lon="10.820516">
        <ele>1382.19</ele>
        <time>2026-04-14T18:16:07Z</time>
      </trkpt>
      <trkpt lat="44.136300" lon="10.820590">
        <ele>1403.20</ele>
        <time>2026-04-14T18:16:08Z</time>
      </trkpt>
      <trkpt lat="44.136290" lon="10.820600">
        <ele>1403.40</ele>
        <time>2026-04-14T18:16:18Z</time>
      </trkpt>
      <trkpt lat="44.136150" lon="10.820730">
        <ele>1406.10</ele>
        <time>2026-04-14T18:16:28Z</time>
      </trkpt>
      <trkpt lat="44.136000" lon="10.820880">
        <ele>1409.00</ele>
        <time>2026-04-14T18:16:38Z</time>
      </trkpt>
      <trkpt lat="44.135840" lon="10.821040">
        <ele>1411.30</ele>
        <time>2026-04-14T18:16:48Z</time>
      </trkpt>
      <trkpt lat="44.135636" lon="10.821236">
        <ele>1414.70</ele>
        <time>2026-04-14T18:16:58Z</time>
      </trkpt>
      <trkpt lat="44.135600" lon="10.821270">
        <ele>1415.40</ele>
        <time>2026-04-14T18:17:08Z</time>
      </trkpt>
      <trkpt lat="44.135550" lon="10.821290">
        <ele>1415.70</ele>
        <time>2026-04-14T18:17:18Z</time>
      </trkpt>
      <trkpt lat="44.135380" lon="10.821370">
        <ele>1417.30</ele>
        <time>2026-04-14T18:17:28Z</time>
      </trkpt>
      <trkpt lat="44.135350" lon="10.821390">
        <ele>1417.80</ele>
        <time>2026-04-14T18:17:38Z</time>
      </trkpt>
      <trkpt lat="44.135210" lon="10.821430">
        <ele>1418.60</ele>
        <time>2026-04-14T18:17:48Z</time>
      </trkpt>
      <trkpt lat="44.135140" lon="10.821450">
        <ele>1419.10</ele>
        <time>2026-04-14T18:17:58Z</time>
      </trkpt>
      <trkpt lat="44.135020" lon="10.821500">
        <ele>1420.40</ele>
        <time>2026-04-14T18:18:08Z</time>
      </trkpt>
      <trkpt lat="44.134540" lon="10.821670">
        <ele>1422.90</ele>
        <time>2026-04-14T18:18:18Z</time>
      </trkpt>
      <trkpt lat="44.134500" lon="10.821680">
        <ele>1423.00</ele>
        <time>2026-04-14T18:18:28Z</time>
      </trkpt>
      <trkpt lat="44.134220" lon="10.821780">
        <ele>1424.70</ele>
        <time>2026-04-14T18:18:38Z</time>
      </trkpt>
      <trkpt lat="44.134050" lon="10.821820">
        <ele>1426.10</ele>
        <time>2026-04-14T18:18:48Z</time>
      </trkpt>
      <trkpt lat="44.133970" lon="10.821840">
        <ele>1426.90</ele>
        <time>2026-04-14T18:18:58Z</time>
      </trkpt>
      <trkpt lat="44.133950" lon="10.821840">
        <ele>1427.00</ele>
        <time>2026-04-14T18:19:08Z</time>
      </trkpt>
      <trkpt lat="44.133880" lon="10.821820">
        <ele>1426.80</ele>
        <time>2026-04-14T18:19:18Z</time>
      </trkpt>
      <trkpt lat="44.133810" lon="10.821760">
        <ele>1425.70</ele>
        <time>2026-04-14T18:19:28Z</time>
      </trkpt>
      <trkpt lat="44.133800" lon="10.821750">
        <ele>1425.50</ele>
        <time>2026-04-14T18:19:38Z</time>
      </trkpt>
      <trkpt lat="44.133710" lon="10.821630">
        <ele>1425.50</ele>
        <time>2026-04-14T18:19:48Z</time>
      </trkpt>
      <trkpt lat="44.133650" lon="10.821500">
        <ele>1425.60</ele>
        <time>2026-04-14T18:19:58Z</time>
      </trkpt>
      <trkpt lat="44.133620" lon="10.821460">
        <ele>1425.70</ele>
        <time>2026-04-14T18:20:08Z</time>
      </trkpt>
      <trkpt lat="44.133550" lon="10.821300">
        <ele>1425.80</ele>
        <time>2026-04-14T18:20:18Z</time>
      </trkpt>
      <trkpt lat="44.133540" lon="10.821300">
        <ele>1425.80</ele>
        <time>2026-04-14T18:20:28Z</time>
      </trkpt>
      <trkpt lat="44.133530" lon="10.821160">
        <ele>1425.90</ele>
        <time>2026-04-14T18:20:38Z</time>
      </trkpt>
      <trkpt lat="44.133530" lon="10.821050">
        <ele>1425.90</ele>
        <time>2026-04-14T18:20:48Z</time>
      </trkpt>
      <trkpt lat="44.133530" lon="10.821000">
        <ele>1425.90</ele>
        <time>2026-04-14T18:20:58Z</time>
      </trkpt>
      <trkpt lat="44.133550" lon="10.820800">
        <ele>1426.10</ele>
        <time>2026-04-14T18:21:08Z</time>
      </trkpt>
      <trkpt lat="44.133560" lon="10.820670">
        <ele>1427.00</ele>
        <time>2026-04-14T18:21:18Z</time>
      </trkpt>
      <trkpt lat="44.133570" lon="10.820550">
        <ele>1427.70</ele>
        <time>2026-04-14T18:21:28Z</time>
      </trkpt>
      <trkpt lat="44.133580" lon="10.820300">
        <ele>1429.60</ele>
        <time>2026-04-14T18:21:38Z</time>
      </trkpt>
      <trkpt lat="44.133590" lon="10.820210">
        <ele>1430.10</ele>
        <time>2026-04-14T18:21:48Z</time>
      </trkpt>
      <trkpt lat="44.133600" lon="10.820030">
        <ele>1431.40</ele>
        <time>2026-04-14T18:21:58Z</time>
      </trkpt>
      <trkpt lat="44.133620" lon="10.819700">
        <ele>1435.00</ele>
        <time>2026-04-14T18:22:08Z</time>
      </trkpt>
      <trkpt lat="44.133620" lon="10.819640">
        <ele>1435.80</ele>
        <time>2026-04-14T18:22:18Z</time>
      </trkpt>
      <trkpt lat="44.133640" lon="10.819300">
        <ele>1439.70</ele>
        <time>2026-04-14T18:22:28Z</time>
      </trkpt>
      <trkpt lat="44.133660" lon="10.819000">
        <ele>1443.10</ele>
        <time>2026-04-14T18:22:38Z</time>
      </trkpt>
      <trkpt lat="44.133690" lon="10.818550">
        <ele>1448.20</ele>
        <time>2026-04-14T18:22:48Z</time>
      </trkpt>
      <trkpt lat="44.133700" lon="10.818300">
        <ele>1451.00</ele>
        <time>2026-04-14T18:22:58Z</time>
      </trkpt>
      <trkpt lat="44.133720" lon="10.817950">
        <ele>1451.90</ele>
        <time>2026-04-14T18:23:08Z</time>
      </trkpt>
      <trkpt lat="44.133740" lon="10.817790">
        <ele>1452.00</ele>
        <time>2026-04-14T18:23:18Z</time>
      </trkpt>
      <trkpt lat="44.133740" lon="10.817700">
        <ele>1452.40</ele>
        <time>2026-04-14T18:23:28Z</time>
      </trkpt>
      <trkpt lat="44.133730" lon="10.817520">
        <ele>1453.70</ele>
        <time>2026-04-14T18:23:38Z</time>
      </trkpt>
      <trkpt lat="44.133720" lon="10.817450">
        <ele>1454.00</ele>
        <time>2026-04-14T18:23:48Z</time>
      </trkpt>
      <trkpt lat="44.133700" lon="10.817330">
        <ele>1454.40</ele>
        <time>2026-04-14T18:23:58Z</time>
      </trkpt>
      <trkpt lat="44.133660" lon="10.817210">
        <ele>1455.70</ele>
        <time>2026-04-14T18:24:08Z</time>
      </trkpt>
      <trkpt lat="44.133660" lon="10.817190">
        <ele>1455.70</ele>
        <time>2026-04-14T18:24:18Z</time>
      </trkpt>
      <trkpt lat="44.133610" lon="10.816970">
        <ele>1457.30</ele>
        <time>2026-04-14T18:24:28Z</time>
      </trkpt>
      <trkpt lat="44.133600" lon="10.816910">
        <ele>1457.60</ele>
        <time>2026-04-14T18:24:38Z</time>
      </trkpt>
      <trkpt lat="44.133560" lon="10.816760">
        <ele>1459.20</ele>
        <time>2026-04-14T18:24:48Z</time>
      </trkpt>
      <trkpt lat="44.133550" lon="10.816740">
        <ele>1459.70</ele>
        <time>2026-04-14T18:24:58Z</time>
      </trkpt>
      <trkpt lat="44.133470" lon="10.816440">
        <ele>1463.30</ele>
        <time>2026-04-14T18:25:08Z</time>
      </trkpt>
      <trkpt lat="44.133430" lon="10.816270">
        <ele>1465.10</ele>
        <time>2026-04-14T18:25:18Z</time>
      </trkpt>
      <trkpt lat="44.133420" lon="10.816260">
        <ele>1465.60</ele>
        <time>2026-04-14T18:25:28Z</time>
      </trkpt>
      <trkpt lat="44.133420" lon="10.816220">
        <ele>1465.60</ele>
        <time>2026-04-14T18:25:38Z</time>
      </trkpt>
      <trkpt lat="44.133380" lon="10.815990">
        <ele>1467.60</ele>
        <time>2026-04-14T18:25:48Z</time>
      </trkpt>
      <trkpt lat="44.133380" lon="10.815720">
        <ele>1467.00</ele>
        <time>2026-04-14T18:25:58Z</time>
      </trkpt>
      <trkpt lat="44.133380" lon="10.815650">
        <ele>1466.70</ele>
        <time>2026-04-14T18:26:08Z</time>
      </trkpt>
      <trkpt lat="44.133410" lon="10.815480">
        <ele>1464.50</ele>
        <time>2026-04-14T18:26:18Z</time>
      </trkpt>
      <trkpt lat="44.133430" lon="10.815300">
        <ele>1462.80</ele>
        <time>2026-04-14T18:26:28Z</time>
      </trkpt>
      <trkpt lat="44.133490" lon="10.815040">
        <ele>1459.00</ele>
        <time>2026-04-14T18:26:38Z</time>
      </trkpt>
      <trkpt lat="44.133500" lon="10.815010">
        <ele>1458.40</ele>
        <time>2026-04-14T18:26:48Z</time>
      </trkpt>
      <trkpt lat="44.133500" lon="10.814990">
        <ele>1458.30</ele>
        <time>2026-04-14T18:26:58Z</time>
      </trkpt>
      <trkpt lat="44.133480" lon="10.814800">
        <ele>1458.40</ele>
        <time>2026-04-14T18:27:08Z</time>
      </trkpt>
      <trkpt lat="44.133480" lon="10.814760">
        <ele>1458.30</ele>
        <time>2026-04-14T18:27:18Z</time>
      </trkpt>
      <trkpt lat="44.133470" lon="10.814750">
        <ele>1458.70</ele>
        <time>2026-04-14T18:27:28Z</time>
      </trkpt>
      <trkpt lat="44.133310" lon="10.814510">
        <ele>1464.10</ele>
        <time>2026-04-14T18:27:38Z</time>
      </trkpt>
      <trkpt lat="44.133300" lon="10.814500">
        <ele>1464.30</ele>
        <time>2026-04-14T18:27:48Z</time>
      </trkpt>
      <trkpt lat="44.133150" lon="10.814380">
        <ele>1466.30</ele>
        <time>2026-04-14T18:27:58Z</time>
      </trkpt>
      <trkpt lat="44.132990" lon="10.814250">
        <ele>1467.80</ele>
        <time>2026-04-14T18:28:08Z</time>
      </trkpt>
      <trkpt lat="44.132832" lon="10.814171">
        <ele>1469.30</ele>
        <time>2026-04-14T18:28:18Z</time>
      </trkpt>
      <trkpt lat="44.132830" lon="10.814170">
        <ele>1469.30</ele>
        <time>2026-04-14T18:28:28Z</time>
      </trkpt>
      <trkpt lat="44.132660" lon="10.814080">
        <ele>1469.80</ele>
        <time>2026-04-14T18:28:38Z</time>
      </trkpt>
    </trkseg>
  </trk>
</gpx>
