<?xml version="1.0" encoding="UTF-8" standalone="yes"?>
<gpx xmlns="http://www.topografix.com/GPX/1/1" xmlns:gpxx="http://www.garmin.com/xmlschemas/GpxExtensions/v3" xmlns:gpxtpx="http://www.garmin.com/xmlschemas/TrackPointExtension/v1" creator="TCX Converter" version="1.1" xmlns:xsi="http://www.w3.org/2001/XMLSchema-instance" xsi:schemaLocation="http://www.topografix.com/GPX/1/1 http://www.topografix.com/GPX/1/1/gpx.xsd http://www.garmin.com/xmlschemas/GpxExtensions/v3 http://www.garmin.com/xmlschemas/GpxExtensions/v3/GpxExtensionsv3.xsd http://www.garmin.com/xmlschemas/TrackPointExtension/v1 http://www.garmin.com/xmlschemas/TrackPointExtension/v1/TrackPointExtensionv1.xsd">
<metadata>
<link href="http://www.teambikeolympo.it">
<text>Team Bike Olympo, The house of TCX Converter</text>
</link>
<time>2009-04-06T19:08:57Z</time>
</metadata>
  <wpt lat="46.45634" lon="12.0317">
    <name>Start of route</name>
    <desc>2026-04-14T15:00:53Z</desc>
  </wpt>
  <wpt lat="46.463132" lon="12.031114">
    <name>KM_9</name>
    <desc>2026-04-14T15:12:42Z</desc>
  </wpt>
  <wpt lat="46.468635" lon="12.031546">
    <name>KM_8</name>
    <desc>2026-04-14T15:29:32Z</desc>
  </wpt>
  <wpt lat="46.472254" lon="12.031136">
    <name>KM_7</name>
    <desc>2026-04-14T16:02:22Z</desc>
  </wpt>
  <wpt lat="46.475200" lon="12.036760">
    <name>KM_6</name>
    <desc>2026-04-14T16:25:02Z</desc>
  </wpt>
  <wpt lat="46.475200" lon="12.036760">
    <name>KM_6</name>
    <desc>2026-04-14T16:25:12Z</desc>
  </wpt>
  <wpt lat="46.478501" lon="12.031346">
    <name>KM_5</name>
    <desc>2026-04-14T16:42:42Z</desc>
  </wpt>
  <wpt lat="46.478735" lon="12.032073">
    <name>HALF_WAY</name>
    <desc>2026-04-14T16:46:32Z</desc>
  </wpt>
  <wpt lat="46.482076" lon="12.034294">
    <name>KM_4</name>
    <desc>2026-04-14T17:11:52Z</desc>
  </wpt>
  <wpt lat="46.485099" lon="12.036013">
    <name>KM_3</name>
    <desc>2026-04-14T17:32:02Z</desc>
  </wpt>
  <wpt lat="46.486018" lon="12.038704">
    <name>KM_2</name>
    <desc>2026-04-14T17:48:02Z</desc>
  </wpt>
  <wpt lat="46.484983" lon="12.045634">
    <name>KM_1</name>
    <desc>2026-04-14T18:02:12Z</desc>
  </wpt>
  <wpt lat="46.48259" lon="12.05368">
    <name>End of route</name>
    <desc>2026-04-14T18:21:33Z</desc>
  </wpt>
  <trk>
    <name>G26_SAL10_Giau</name>
    <trkseg>
      <trkpt lat="46.456340" lon="12.031700">
        <ele>1318.80</ele>
        <time>2026-04-14T15:00:53Z</time>
      </trkpt>
      <trkpt lat="46.456370" lon="12.031680">
        <ele>1318.50</ele>
        <time>2026-04-14T15:01:03Z</time>
      </trkpt>
      <trkpt lat="46.456410" lon="12.031660">
        <ele>1318.70</ele>
        <time>2026-04-14T15:01:13Z</time>
      </trkpt>
      <trkpt lat="46.456540" lon="12.031600">
        <ele>1320.90</ele>
        <time>2026-04-14T15:01:23Z</time>
      </trkpt>
      <trkpt lat="46.456570" lon="12.031590">
        <ele>1321.40</ele>
        <time>2026-04-14T15:01:33Z</time>
      </trkpt>
      <trkpt lat="46.456720" lon="12.031570">
        <ele>1323.50</ele>
        <time>2026-04-14T15:01:43Z</time>
      </trkpt>
      <trkpt lat="46.456730" lon="12.031570">
        <ele>1323.60</ele>
        <time>2026-04-14T15:01:53Z</time>
      </trkpt>
      <trkpt lat="46.456900" lon="12.031580">
        <ele>1325.20</ele>
        <time>2026-04-14T15:02:03Z</time>
      </trkpt>
      <trkpt lat="46.456950" lon="12.031580">
        <ele>1325.70</ele>
        <time>2026-04-14T15:02:13Z</time>
      </trkpt>
      <trkpt lat="46.457220" lon="12.031660">
        <ele>1328.50</ele>
        <time>2026-04-14T15:02:23Z</time>
      </trkpt>
      <trkpt lat="46.457250" lon="12.031680">
        <ele>1328.80</ele>
        <time>2026-04-14T15:02:33Z</time>
      </trkpt>
      <trkpt lat="46.457430" lon="12.031730">
        <ele>1330.70</ele>
        <time>2026-04-14T15:02:43Z</time>
      </trkpt>
      <trkpt lat="46.457610" lon="12.031780">
        <ele>1332.70</ele>
        <time>2026-04-14T15:02:53Z</time>
      </trkpt>
      <trkpt lat="46.457900" lon="12.031870">
        <ele>1335.70</ele>
        <time>2026-04-14T15:03:03Z</time>
      </trkpt>
      <trkpt lat="46.457960" lon="12.031880">
        <ele>1336.20</ele>
        <time>2026-04-14T15:03:13Z</time>
      </trkpt>
      <trkpt lat="46.458130" lon="12.031920">
        <ele>1337.70</ele>
        <time>2026-04-14T15:03:23Z</time>
      </trkpt>
      <trkpt lat="46.458140" lon="12.031930">
        <ele>1337.90</ele>
        <time>2026-04-14T15:03:33Z</time>
      </trkpt>
      <trkpt lat="46.458210" lon="12.031940">
        <ele>1338.40</ele>
        <time>2026-04-14T15:03:43Z</time>
      </trkpt>
      <trkpt lat="46.458310" lon="12.031970">
        <ele>1339.40</ele>
        <time>2026-04-14T15:03:53Z</time>
      </trkpt>
      <trkpt lat="46.458440" lon="12.032010">
        <ele>1342.80</ele>
        <time>2026-04-14T15:04:03Z</time>
      </trkpt>
      <trkpt lat="46.458490" lon="12.032030">
        <ele>1344.40</ele>
        <time>2026-04-14T15:04:13Z</time>
      </trkpt>
      <trkpt lat="46.458590" lon="12.032060">
        <ele>1347.40</ele>
        <time>2026-04-14T15:04:23Z</time>
      </trkpt>
      <trkpt lat="46.458670" lon="12.032060">
        <ele>1348.40</ele>
        <time>2026-04-14T15:04:33Z</time>
      </trkpt>
      <trkpt lat="46.458680" lon="12.032060">
        <ele>1348.60</ele>
        <time>2026-04-14T15:04:43Z</time>
      </trkpt>
      <trkpt lat="46.458700" lon="12.032050">
        <ele>1348.80</ele>
        <time>2026-04-14T15:04:53Z</time>
      </trkpt>
      <trkpt lat="46.458710" lon="12.032040">
        <ele>1349.00</ele>
        <time>2026-04-14T15:05:03Z</time>
      </trkpt>
      <trkpt lat="46.458730" lon="12.032030">
        <ele>1349.30</ele>
        <time>2026-04-14T15:05:13Z</time>
      </trkpt>
      <trkpt lat="46.458800" lon="12.031900">
        <ele>1350.80</ele>
        <time>2026-04-14T15:05:23Z</time>
      </trkpt>
      <trkpt lat="46.458830" lon="12.031820">
        <ele>1351.60</ele>
        <time>2026-04-14T15:05:33Z</time>
      </trkpt>
      <trkpt lat="46.458950" lon="12.031610">
        <ele>1354.20</ele>
        <time>2026-04-14T15:05:43Z</time>
      </trkpt>
      <trkpt lat="46.458990" lon="12.031560">
        <ele>1354.90</ele>
        <time>2026-04-14T15:05:53Z</time>
      </trkpt>
      <trkpt lat="46.459040" lon="12.031540">
        <ele>1355.60</ele>
        <time>2026-04-14T15:06:03Z</time>
      </trkpt>
      <trkpt lat="46.459050" lon="12.031540">
        <ele>1355.70</ele>
        <time>2026-04-14T15:06:13Z</time>
      </trkpt>
      <trkpt lat="46.459080" lon="12.031540">
        <ele>1356.10</ele>
        <time>2026-04-14T15:06:23Z</time>
      </trkpt>
      <trkpt lat="46.459220" lon="12.031600">
        <ele>1358.10</ele>
        <time>2026-04-14T15:06:33Z</time>
      </trkpt>
      <trkpt lat="46.459370" lon="12.031670">
        <ele>1358.50</ele>
        <time>2026-04-14T15:06:43Z</time>
      </trkpt>
      <trkpt lat="46.459390" lon="12.031680">
        <ele>1359.00</ele>
        <time>2026-04-14T15:06:53Z</time>
      </trkpt>
      <trkpt lat="46.459560" lon="12.031700">
        <ele>1362.20</ele>
        <time>2026-04-14T15:07:03Z</time>
      </trkpt>
      <trkpt lat="46.459570" lon="12.031700">
        <ele>1362.30</ele>
        <time>2026-04-14T15:07:13Z</time>
      </trkpt>
      <trkpt lat="46.459750" lon="12.031680">
        <ele>1365.00</ele>
        <time>2026-04-14T15:07:23Z</time>
      </trkpt>
      <trkpt lat="46.459900" lon="12.031670">
        <ele>1367.40</ele>
        <time>2026-04-14T15:07:33Z</time>
      </trkpt>
      <trkpt lat="46.459930" lon="12.031680">
        <ele>1368.10</ele>
        <time>2026-04-14T15:07:43Z</time>
      </trkpt>
      <trkpt lat="46.460020" lon="12.031680">
        <ele>1369.50</ele>
        <time>2026-04-14T15:07:53Z</time>
      </trkpt>
      <trkpt lat="46.460070" lon="12.031700">
        <ele>1370.40</ele>
        <time>2026-04-14T15:08:03Z</time>
      </trkpt>
      <trkpt lat="46.460090" lon="12.031720">
        <ele>1371.00</ele>
        <time>2026-04-14T15:08:13Z</time>
      </trkpt>
      <trkpt lat="46.460100" lon="12.031730">
        <ele>1371.30</ele>
        <time>2026-04-14T15:08:23Z</time>
      </trkpt>
      <trkpt lat="46.460200" lon="12.031830">
        <ele>1373.90</ele>
        <time>2026-04-14T15:08:33Z</time>
      </trkpt>
      <trkpt lat="46.460250" lon="12.031860">
        <ele>1374.80</ele>
        <time>2026-04-14T15:08:43Z</time>
      </trkpt>
      <trkpt lat="46.460380" lon="12.031940">
        <ele>1377.00</ele>
        <time>2026-04-14T15:08:53Z</time>
      </trkpt>
      <trkpt lat="46.460460" lon="12.031980">
        <ele>1378.10</ele>
        <time>2026-04-14T15:09:03Z</time>
      </trkpt>
      <trkpt lat="46.460530" lon="12.031990">
        <ele>1378.70</ele>
        <time>2026-04-14T15:09:13Z</time>
      </trkpt>
      <trkpt lat="46.460580" lon="12.031980">
        <ele>1379.00</ele>
        <time>2026-04-14T15:09:23Z</time>
      </trkpt>
      <trkpt lat="46.460600" lon="12.031980">
        <ele>1379.20</ele>
        <time>2026-04-14T15:09:33Z</time>
      </trkpt>
      <trkpt lat="46.460660" lon="12.031970">
        <ele>1379.60</ele>
        <time>2026-04-14T15:09:43Z</time>
      </trkpt>
      <trkpt lat="46.460720" lon="12.031930">
        <ele>1379.90</ele>
        <time>2026-04-14T15:09:53Z</time>
      </trkpt>
      <trkpt lat="46.460770" lon="12.031900">
        <ele>1380.20</ele>
        <time>2026-04-14T15:10:03Z</time>
      </trkpt>
      <trkpt lat="46.460880" lon="12.031830">
        <ele>1380.80</ele>
        <time>2026-04-14T15:10:13Z</time>
      </trkpt>
      <trkpt lat="46.461090" lon="12.031770">
        <ele>1381.60</ele>
        <time>2026-04-14T15:10:23Z</time>
      </trkpt>
      <trkpt lat="46.461110" lon="12.031770">
        <ele>1381.70</ele>
        <time>2026-04-14T15:10:33Z</time>
      </trkpt>
      <trkpt lat="46.461310" lon="12.031760">
        <ele>1382.70</ele>
        <time>2026-04-14T15:10:43Z</time>
      </trkpt>
      <trkpt lat="46.461510" lon="12.031810">
        <ele>1383.90</ele>
        <time>2026-04-14T15:10:53Z</time>
      </trkpt>
      <trkpt lat="46.461650" lon="12.031840">
        <ele>1384.70</ele>
        <time>2026-04-14T15:11:03Z</time>
      </trkpt>
      <trkpt lat="46.461650" lon="12.031850">
        <ele>1384.80</ele>
        <time>2026-04-14T15:11:13Z</time>
      </trkpt>
      <trkpt lat="46.461710" lon="12.031850">
        <ele>1385.10</ele>
        <time>2026-04-14T15:11:23Z</time>
      </trkpt>
      <trkpt lat="46.461820" lon="12.031820">
        <ele>1385.60</ele>
        <time>2026-04-14T15:11:33Z</time>
      </trkpt>
      <trkpt lat="46.461990" lon="12.031710">
        <ele>1385.50</ele>
        <time>2026-04-14T15:11:43Z</time>
      </trkpt>
      <trkpt lat="46.462020" lon="12.031680">
        <ele>1385.40</ele>
        <time>2026-04-14T15:11:53Z</time>
      </trkpt>
      <trkpt lat="46.462490" lon="12.031410">
        <ele>1393.10</ele>
        <time>2026-04-14T15:12:03Z</time>
      </trkpt>
      <trkpt lat="46.462820" lon="12.031220">
        <ele>1401.90</ele>
        <time>2026-04-14T15:12:13Z</time>
      </trkpt>
      <trkpt lat="46.462830" lon="12.031210">
        <ele>1402.20</ele>
        <time>2026-04-14T15:12:23Z</time>
      </trkpt>
      <trkpt lat="46.462990" lon="12.031160">
        <ele>1405.20</ele>
        <time>2026-04-14T15:12:33Z</time>
      </trkpt>
      <trkpt lat="46.463132" lon="12.031114">
        <ele>1403.52</ele>
        <time>2026-04-14T15:12:42Z</time>
      </trkpt>
      <trkpt lat="46.464140" lon="12.030790">
        <ele>1418.80</ele>
        <time>2026-04-14T15:12:43Z</time>
      </trkpt>
      <trkpt lat="46.464210" lon="12.030730">
        <ele>1422.10</ele>
        <time>2026-04-14T15:12:53Z</time>
      </trkpt>
      <trkpt lat="46.464370" lon="12.030600">
        <ele>1429.20</ele>
        <time>2026-04-14T15:13:03Z</time>
      </trkpt>
      <trkpt lat="46.464480" lon="12.030500">
        <ele>1433.80</ele>
        <time>2026-04-14T15:13:13Z</time>
      </trkpt>
      <trkpt lat="46.464650" lon="12.030400">
        <ele>1438.10</ele>
        <time>2026-04-14T15:13:23Z</time>
      </trkpt>
      <trkpt lat="46.464770" lon="12.030350">
        <ele>1440.00</ele>
        <time>2026-04-14T15:13:33Z</time>
      </trkpt>
      <trkpt lat="46.465050" lon="12.030280">
        <ele>1442.20</ele>
        <time>2026-04-14T15:13:43Z</time>
      </trkpt>
      <trkpt lat="46.465350" lon="12.030200">
        <ele>1442.70</ele>
        <time>2026-04-14T15:13:53Z</time>
      </trkpt>
      <trkpt lat="46.465460" lon="12.030180">
        <ele>1442.60</ele>
        <time>2026-04-14T15:14:03Z</time>
      </trkpt>
      <trkpt lat="46.465530" lon="12.030130">
        <ele>1442.80</ele>
        <time>2026-04-14T15:14:13Z</time>
      </trkpt>
      <trkpt lat="46.465720" lon="12.030010">
        <ele>1442.70</ele>
        <time>2026-04-14T15:14:23Z</time>
      </trkpt>
      <trkpt lat="46.465740" lon="12.030010">
        <ele>1442.60</ele>
        <time>2026-04-14T15:14:33Z</time>
      </trkpt>
      <trkpt lat="46.465800" lon="12.030000">
        <ele>1442.20</ele>
        <time>2026-04-14T15:14:43Z</time>
      </trkpt>
      <trkpt lat="46.465860" lon="12.030020">
        <ele>1442.20</ele>
        <time>2026-04-14T15:14:53Z</time>
      </trkpt>
      <trkpt lat="46.465910" lon="12.030060">
        <ele>1442.50</ele>
        <time>2026-04-14T15:15:03Z</time>
      </trkpt>
      <trkpt lat="46.466000" lon="12.030140">
        <ele>1443.00</ele>
        <time>2026-04-14T15:15:13Z</time>
      </trkpt>
      <trkpt lat="46.466220" lon="12.030310">
        <ele>1444.60</ele>
        <time>2026-04-14T15:15:23Z</time>
      </trkpt>
      <trkpt lat="46.466290" lon="12.030340">
        <ele>1445.20</ele>
        <time>2026-04-14T15:15:33Z</time>
      </trkpt>
      <trkpt lat="46.466330" lon="12.030350">
        <ele>1445.60</ele>
        <time>2026-04-14T15:15:43Z</time>
      </trkpt>
      <trkpt lat="46.466360" lon="12.030350">
        <ele>1445.90</ele>
        <time>2026-04-14T15:15:53Z</time>
      </trkpt>
      <trkpt lat="46.466380" lon="12.030340">
        <ele>1446.20</ele>
        <time>2026-04-14T15:16:03Z</time>
      </trkpt>
      <trkpt lat="46.466390" lon="12.030320">
        <ele>1446.30</ele>
        <time>2026-04-14T15:16:13Z</time>
      </trkpt>
      <trkpt lat="46.466410" lon="12.030280">
        <ele>1446.70</ele>
        <time>2026-04-14T15:16:23Z</time>
      </trkpt>
      <trkpt lat="46.466410" lon="12.030260">
        <ele>1446.70</ele>
        <time>2026-04-14T15:16:33Z</time>
      </trkpt>
      <trkpt lat="46.466410" lon="12.030230">
        <ele>1446.80</ele>
        <time>2026-04-14T15:16:43Z</time>
      </trkpt>
      <trkpt lat="46.466410" lon="12.030220">
        <ele>1446.80</ele>
        <time>2026-04-14T15:16:53Z</time>
      </trkpt>
      <trkpt lat="46.466350" lon="12.030090">
        <ele>1446.70</ele>
        <time>2026-04-14T15:17:03Z</time>
      </trkpt>
      <trkpt lat="46.466310" lon="12.030000">
        <ele>1446.60</ele>
        <time>2026-04-14T15:17:13Z</time>
      </trkpt>
      <trkpt lat="46.466280" lon="12.029920">
        <ele>1449.20</ele>
        <time>2026-04-14T15:17:23Z</time>
      </trkpt>
      <trkpt lat="46.466280" lon="12.029870">
        <ele>1451.10</ele>
        <time>2026-04-14T15:17:33Z</time>
      </trkpt>
      <trkpt lat="46.466280" lon="12.029860">
        <ele>1451.40</ele>
        <time>2026-04-14T15:17:43Z</time>
      </trkpt>
      <trkpt lat="46.466290" lon="12.029840">
        <ele>1452.20</ele>
        <time>2026-04-14T15:17:53Z</time>
      </trkpt>
      <trkpt lat="46.466300" lon="12.029820">
        <ele>1453.00</ele>
        <time>2026-04-14T15:18:03Z</time>
      </trkpt>
      <trkpt lat="46.466310" lon="12.029790">
        <ele>1454.20</ele>
        <time>2026-04-14T15:18:13Z</time>
      </trkpt>
      <trkpt lat="46.466330" lon="12.029780">
        <ele>1454.60</ele>
        <time>2026-04-14T15:18:23Z</time>
      </trkpt>
      <trkpt lat="46.466350" lon="12.029780">
        <ele>1454.80</ele>
        <time>2026-04-14T15:18:33Z</time>
      </trkpt>
      <trkpt lat="46.466370" lon="12.029780">
        <ele>1454.90</ele>
        <time>2026-04-14T15:18:43Z</time>
      </trkpt>
      <trkpt lat="46.466390" lon="12.029780">
        <ele>1455.00</ele>
        <time>2026-04-14T15:18:53Z</time>
      </trkpt>
      <trkpt lat="46.466430" lon="12.029810">
        <ele>1454.20</ele>
        <time>2026-04-14T15:19:03Z</time>
      </trkpt>
      <trkpt lat="46.466580" lon="12.029940">
        <ele>1451.10</ele>
        <time>2026-04-14T15:19:13Z</time>
      </trkpt>
      <trkpt lat="46.466660" lon="12.029990">
        <ele>1450.20</ele>
        <time>2026-04-14T15:19:23Z</time>
      </trkpt>
      <trkpt lat="46.466720" lon="12.030010">
        <ele>1451.30</ele>
        <time>2026-04-14T15:19:33Z</time>
      </trkpt>
      <trkpt lat="46.466750" lon="12.030010">
        <ele>1452.00</ele>
        <time>2026-04-14T15:19:43Z</time>
      </trkpt>
      <trkpt lat="46.466790" lon="12.030010">
        <ele>1452.90</ele>
        <time>2026-04-14T15:19:53Z</time>
      </trkpt>
      <trkpt lat="46.466930" lon="12.029990">
        <ele>1456.60</ele>
        <time>2026-04-14T15:20:03Z</time>
      </trkpt>
      <trkpt lat="46.467160" lon="12.029940">
        <ele>1463.60</ele>
        <time>2026-04-14T15:20:13Z</time>
      </trkpt>
      <trkpt lat="46.467330" lon="12.029910">
        <ele>1468.50</ele>
        <time>2026-04-14T15:20:23Z</time>
      </trkpt>
      <trkpt lat="46.467370" lon="12.029920">
        <ele>1469.20</ele>
        <time>2026-04-14T15:20:33Z</time>
      </trkpt>
      <trkpt lat="46.467450" lon="12.029960">
        <ele>1470.00</ele>
        <time>2026-04-14T15:20:43Z</time>
      </trkpt>
      <trkpt lat="46.467480" lon="12.030000">
        <ele>1469.60</ele>
        <time>2026-04-14T15:20:53Z</time>
      </trkpt>
      <trkpt lat="46.467500" lon="12.030050">
        <ele>1469.20</ele>
        <time>2026-04-14T15:21:03Z</time>
      </trkpt>
      <trkpt lat="46.467510" lon="12.030050">
        <ele>1469.10</ele>
        <time>2026-04-14T15:21:13Z</time>
      </trkpt>
      <trkpt lat="46.467550" lon="12.030220">
        <ele>1468.00</ele>
        <time>2026-04-14T15:21:23Z</time>
      </trkpt>
      <trkpt lat="46.467560" lon="12.030300">
        <ele>1467.50</ele>
        <time>2026-04-14T15:21:33Z</time>
      </trkpt>
      <trkpt lat="46.467570" lon="12.030360">
        <ele>1467.10</ele>
        <time>2026-04-14T15:21:43Z</time>
      </trkpt>
      <trkpt lat="46.467580" lon="12.030530">
        <ele>1466.00</ele>
        <time>2026-04-14T15:21:53Z</time>
      </trkpt>
      <trkpt lat="46.467580" lon="12.030560">
        <ele>1465.80</ele>
        <time>2026-04-14T15:22:03Z</time>
      </trkpt>
      <trkpt lat="46.467570" lon="12.030600">
        <ele>1465.50</ele>
        <time>2026-04-14T15:22:13Z</time>
      </trkpt>
      <trkpt lat="46.467570" lon="12.030680">
        <ele>1465.00</ele>
        <time>2026-04-14T15:22:23Z</time>
      </trkpt>
      <trkpt lat="46.467560" lon="12.030710">
        <ele>1464.80</ele>
        <time>2026-04-14T15:22:33Z</time>
      </trkpt>
      <trkpt lat="46.467540" lon="12.030740">
        <ele>1464.50</ele>
        <time>2026-04-14T15:22:43Z</time>
      </trkpt>
      <trkpt lat="46.467490" lon="12.030820">
        <ele>1463.90</ele>
        <time>2026-04-14T15:22:53Z</time>
      </trkpt>
      <trkpt lat="46.467360" lon="12.030930">
        <ele>1462.80</ele>
        <time>2026-04-14T15:23:03Z</time>
      </trkpt>
      <trkpt lat="46.467310" lon="12.030970">
        <ele>1462.50</ele>
        <time>2026-04-14T15:23:13Z</time>
      </trkpt>
      <trkpt lat="46.467230" lon="12.031110">
        <ele>1463.20</ele>
        <time>2026-04-14T15:23:23Z</time>
      </trkpt>
      <trkpt lat="46.467110" lon="12.031310">
        <ele>1464.20</ele>
        <time>2026-04-14T15:23:33Z</time>
      </trkpt>
      <trkpt lat="46.467000" lon="12.031510">
        <ele>1465.40</ele>
        <time>2026-04-14T15:23:43Z</time>
      </trkpt>
      <trkpt lat="46.466880" lon="12.031710">
        <ele>1466.80</ele>
        <time>2026-04-14T15:23:53Z</time>
      </trkpt>
      <trkpt lat="46.466770" lon="12.031910">
        <ele>1469.40</ele>
        <time>2026-04-14T15:24:03Z</time>
      </trkpt>
      <trkpt lat="46.466720" lon="12.031990">
        <ele>1470.40</ele>
        <time>2026-04-14T15:24:13Z</time>
      </trkpt>
      <trkpt lat="46.466710" lon="12.032020">
        <ele>1470.90</ele>
        <time>2026-04-14T15:24:23Z</time>
      </trkpt>
      <trkpt lat="46.466710" lon="12.032060">
        <ele>1471.80</ele>
        <time>2026-04-14T15:24:33Z</time>
      </trkpt>
      <trkpt lat="46.466720" lon="12.032100">
        <ele>1472.90</ele>
        <time>2026-04-14T15:24:43Z</time>
      </trkpt>
      <trkpt lat="46.466730" lon="12.032130">
        <ele>1473.70</ele>
        <time>2026-04-14T15:24:53Z</time>
      </trkpt>
      <trkpt lat="46.466750" lon="12.032160">
        <ele>1474.80</ele>
        <time>2026-04-14T15:25:03Z</time>
      </trkpt>
      <trkpt lat="46.466760" lon="12.032180">
        <ele>1475.50</ele>
        <time>2026-04-14T15:25:13Z</time>
      </trkpt>
      <trkpt lat="46.466780" lon="12.032210">
        <ele>1476.50</ele>
        <time>2026-04-14T15:25:23Z</time>
      </trkpt>
      <trkpt lat="46.466810" lon="12.032220">
        <ele>1477.30</ele>
        <time>2026-04-14T15:25:33Z</time>
      </trkpt>
      <trkpt lat="46.466830" lon="12.032220">
        <ele>1477.70</ele>
        <time>2026-04-14T15:25:43Z</time>
      </trkpt>
      <trkpt lat="46.466860" lon="12.032230">
        <ele>1478.50</ele>
        <time>2026-04-14T15:25:53Z</time>
      </trkpt>
      <trkpt lat="46.466900" lon="12.032220">
        <ele>1479.00</ele>
        <time>2026-04-14T15:26:03Z</time>
      </trkpt>
      <trkpt lat="46.466980" lon="12.032160">
        <ele>1479.10</ele>
        <time>2026-04-14T15:26:13Z</time>
      </trkpt>
      <trkpt lat="46.467050" lon="12.032100">
        <ele>1479.00</ele>
        <time>2026-04-14T15:26:23Z</time>
      </trkpt>
      <trkpt lat="46.467070" lon="12.032090">
        <ele>1479.20</ele>
        <time>2026-04-14T15:26:33Z</time>
      </trkpt>
      <trkpt lat="46.467140" lon="12.032040">
        <ele>1479.30</ele>
        <time>2026-04-14T15:26:43Z</time>
      </trkpt>
      <trkpt lat="46.467230" lon="12.031980">
        <ele>1479.50</ele>
        <time>2026-04-14T15:26:53Z</time>
      </trkpt>
      <trkpt lat="46.467300" lon="12.031930">
        <ele>1479.60</ele>
        <time>2026-04-14T15:27:03Z</time>
      </trkpt>
      <trkpt lat="46.467370" lon="12.031870">
        <ele>1479.50</ele>
        <time>2026-04-14T15:27:13Z</time>
      </trkpt>
      <trkpt lat="46.467390" lon="12.031860">
        <ele>1479.60</ele>
        <time>2026-04-14T15:27:23Z</time>
      </trkpt>
      <trkpt lat="46.467600" lon="12.031710">
        <ele>1480.10</ele>
        <time>2026-04-14T15:27:33Z</time>
      </trkpt>
      <trkpt lat="46.467730" lon="12.031640">
        <ele>1481.20</ele>
        <time>2026-04-14T15:27:43Z</time>
      </trkpt>
      <trkpt lat="46.468000" lon="12.031570">
        <ele>1485.30</ele>
        <time>2026-04-14T15:27:53Z</time>
      </trkpt>
      <trkpt lat="46.468050" lon="12.031560">
        <ele>1486.10</ele>
        <time>2026-04-14T15:28:03Z</time>
      </trkpt>
      <trkpt lat="46.468140" lon="12.031550">
        <ele>1487.60</ele>
        <time>2026-04-14T15:28:13Z</time>
      </trkpt>
      <trkpt lat="46.468150" lon="12.031550">
        <ele>1487.80</ele>
        <time>2026-04-14T15:28:23Z</time>
      </trkpt>
      <trkpt lat="46.468250" lon="12.031540">
        <ele>1489.50</ele>
        <time>2026-04-14T15:28:33Z</time>
      </trkpt>
      <trkpt lat="46.468320" lon="12.031530">
        <ele>1490.60</ele>
        <time>2026-04-14T15:28:43Z</time>
      </trkpt>
      <trkpt lat="46.468430" lon="12.031530">
        <ele>1492.50</ele>
        <time>2026-04-14T15:28:53Z</time>
      </trkpt>
      <trkpt lat="46.468450" lon="12.031530">
        <ele>1492.80</ele>
        <time>2026-04-14T15:29:03Z</time>
      </trkpt>
      <trkpt lat="46.468570" lon="12.031530">
        <ele>1494.90</ele>
        <time>2026-04-14T15:29:13Z</time>
      </trkpt>
      <trkpt lat="46.468590" lon="12.031540">
        <ele>1495.40</ele>
        <time>2026-04-14T15:29:23Z</time>
      </trkpt>
      <trkpt lat="46.468635" lon="12.031546">
        <ele>1494.50</ele>
        <time>2026-04-14T15:29:32Z</time>
      </trkpt>
      <trkpt lat="46.468660" lon="12.031550">
        <ele>1496.80</ele>
        <time>2026-04-14T15:29:33Z</time>
      </trkpt>
      <trkpt lat="46.468710" lon="12.031560">
        <ele>1497.90</ele>
        <time>2026-04-14T15:29:43Z</time>
      </trkpt>
      <trkpt lat="46.468770" lon="12.031580">
        <ele>1499.40</ele>
        <time>2026-04-14T15:29:53Z</time>
      </trkpt>
      <trkpt lat="46.468770" lon="12.031590">
        <ele>1499.60</ele>
        <time>2026-04-14T15:30:03Z</time>
      </trkpt>
      <trkpt lat="46.468790" lon="12.031590">
        <ele>1499.90</ele>
        <time>2026-04-14T15:30:13Z</time>
      </trkpt>
      <trkpt lat="46.468840" lon="12.031610">
        <ele>1501.20</ele>
        <time>2026-04-14T15:30:23Z</time>
      </trkpt>
      <trkpt lat="46.468860" lon="12.031620">
        <ele>1501.80</ele>
        <time>2026-04-14T15:30:33Z</time>
      </trkpt>
      <trkpt lat="46.468900" lon="12.031650">
        <ele>1503.10</ele>
        <time>2026-04-14T15:30:43Z</time>
      </trkpt>
      <trkpt lat="46.468940" lon="12.031670">
        <ele>1504.30</ele>
        <time>2026-04-14T15:30:53Z</time>
      </trkpt>
      <trkpt lat="46.468960" lon="12.031680">
        <ele>1504.90</ele>
        <time>2026-04-14T15:31:03Z</time>
      </trkpt>
      <trkpt lat="46.468980" lon="12.031700">
        <ele>1505.80</ele>
        <time>2026-04-14T15:31:13Z</time>
      </trkpt>
      <trkpt lat="46.469030" lon="12.031710">
        <ele>1507.00</ele>
        <time>2026-04-14T15:31:23Z</time>
      </trkpt>
      <trkpt lat="46.469080" lon="12.031740">
        <ele>1508.70</ele>
        <time>2026-04-14T15:31:33Z</time>
      </trkpt>
      <trkpt lat="46.469110" lon="12.031750">
        <ele>1509.60</ele>
        <time>2026-04-14T15:31:43Z</time>
      </trkpt>
      <trkpt lat="46.469130" lon="12.031760">
        <ele>1510.30</ele>
        <time>2026-04-14T15:31:53Z</time>
      </trkpt>
      <trkpt lat="46.469140" lon="12.031770">
        <ele>1510.70</ele>
        <time>2026-04-14T15:32:03Z</time>
      </trkpt>
      <trkpt lat="46.469190" lon="12.031790">
        <ele>1511.80</ele>
        <time>2026-04-14T15:32:13Z</time>
      </trkpt>
      <trkpt lat="46.469270" lon="12.031790">
        <ele>1511.40</ele>
        <time>2026-04-14T15:32:23Z</time>
      </trkpt>
      <trkpt lat="46.469330" lon="12.031790">
        <ele>1511.20</ele>
        <time>2026-04-14T15:32:33Z</time>
      </trkpt>
      <trkpt lat="46.469380" lon="12.031790">
        <ele>1511.00</ele>
        <time>2026-04-14T15:32:43Z</time>
      </trkpt>
      <trkpt lat="46.469410" lon="12.031790">
        <ele>1510.90</ele>
        <time>2026-04-14T15:32:53Z</time>
      </trkpt>
      <trkpt lat="46.469490" lon="12.031800">
        <ele>1510.90</ele>
        <time>2026-04-14T15:33:03Z</time>
      </trkpt>
      <trkpt lat="46.469580" lon="12.031820">
        <ele>1511.20</ele>
        <time>2026-04-14T15:33:13Z</time>
      </trkpt>
      <trkpt lat="46.469640" lon="12.031830">
        <ele>1511.30</ele>
        <time>2026-04-14T15:33:23Z</time>
      </trkpt>
      <trkpt lat="46.469690" lon="12.031850">
        <ele>1511.80</ele>
        <time>2026-04-14T15:33:33Z</time>
      </trkpt>
      <trkpt lat="46.469730" lon="12.031880">
        <ele>1512.60</ele>
        <time>2026-04-14T15:33:43Z</time>
      </trkpt>
      <trkpt lat="46.469780" lon="12.031920">
        <ele>1513.90</ele>
        <time>2026-04-14T15:33:53Z</time>
      </trkpt>
      <trkpt lat="46.469820" lon="12.031950">
        <ele>1514.80</ele>
        <time>2026-04-14T15:34:03Z</time>
      </trkpt>
      <trkpt lat="46.469860" lon="12.031990">
        <ele>1516.10</ele>
        <time>2026-04-14T15:34:13Z</time>
      </trkpt>
      <trkpt lat="46.469900" lon="12.032030">
        <ele>1517.40</ele>
        <time>2026-04-14T15:34:23Z</time>
      </trkpt>
      <trkpt lat="46.469940" lon="12.032090">
        <ele>1519.40</ele>
        <time>2026-04-14T15:34:33Z</time>
      </trkpt>
      <trkpt lat="46.469950" lon="12.032100">
        <ele>1519.70</ele>
        <time>2026-04-14T15:34:43Z</time>
      </trkpt>
      <trkpt lat="46.469960" lon="12.032110">
        <ele>1520.10</ele>
        <time>2026-04-14T15:34:53Z</time>
      </trkpt>
      <trkpt lat="46.469980" lon="12.032140">
        <ele>1521.10</ele>
        <time>2026-04-14T15:35:03Z</time>
      </trkpt>
      <trkpt lat="46.470010" lon="12.032160">
        <ele>1521.00</ele>
        <time>2026-04-14T15:35:13Z</time>
      </trkpt>
      <trkpt lat="46.470030" lon="12.032170">
        <ele>1521.00</ele>
        <time>2026-04-14T15:35:23Z</time>
      </trkpt>
      <trkpt lat="46.470040" lon="12.032170">
        <ele>1521.00</ele>
        <time>2026-04-14T15:35:33Z</time>
      </trkpt>
      <trkpt lat="46.470070" lon="12.032190">
        <ele>1521.00</ele>
        <time>2026-04-14T15:35:43Z</time>
      </trkpt>
      <trkpt lat="46.470090" lon="12.032190">
        <ele>1521.00</ele>
        <time>2026-04-14T15:35:53Z</time>
      </trkpt>
      <trkpt lat="46.470110" lon="12.032180">
        <ele>1521.00</ele>
        <time>2026-04-14T15:36:03Z</time>
      </trkpt>
      <trkpt lat="46.470120" lon="12.032180">
        <ele>1521.00</ele>
        <time>2026-04-14T15:36:13Z</time>
      </trkpt>
      <trkpt lat="46.470130" lon="12.032180">
        <ele>1521.00</ele>
        <time>2026-04-14T15:36:23Z</time>
      </trkpt>
      <trkpt lat="46.470140" lon="12.032180">
        <ele>1521.00</ele>
        <time>2026-04-14T15:36:33Z</time>
      </trkpt>
      <trkpt lat="46.470180" lon="12.032170">
        <ele>1521.00</ele>
        <time>2026-04-14T15:36:43Z</time>
      </trkpt>
      <trkpt lat="46.470240" lon="12.032150">
        <ele>1521.00</ele>
        <time>2026-04-14T15:36:53Z</time>
      </trkpt>
      <trkpt lat="46.470300" lon="12.032130">
        <ele>1521.00</ele>
        <time>2026-04-14T15:37:03Z</time>
      </trkpt>
      <trkpt lat="46.470350" lon="12.032110">
        <ele>1521.00</ele>
        <time>2026-04-14T15:37:13Z</time>
      </trkpt>
      <trkpt lat="46.470380" lon="12.032080">
        <ele>1521.00</ele>
        <time>2026-04-14T15:37:23Z</time>
      </trkpt>
      <trkpt lat="46.470400" lon="12.032060">
        <ele>1521.00</ele>
        <time>2026-04-14T15:37:33Z</time>
      </trkpt>
      <trkpt lat="46.470430" lon="12.032030">
        <ele>1521.00</ele>
        <time>2026-04-14T15:37:43Z</time>
      </trkpt>
      <trkpt lat="46.470450" lon="12.032020">
        <ele>1521.00</ele>
        <time>2026-04-14T15:37:53Z</time>
      </trkpt>
      <trkpt lat="46.470460" lon="12.031990">
        <ele>1521.00</ele>
        <time>2026-04-14T15:38:03Z</time>
      </trkpt>
      <trkpt lat="46.470470" lon="12.031990">
        <ele>1521.00</ele>
        <time>2026-04-14T15:38:13Z</time>
      </trkpt>
      <trkpt lat="46.470480" lon="12.031960">
        <ele>1521.00</ele>
        <time>2026-04-14T15:38:23Z</time>
      </trkpt>
      <trkpt lat="46.470500" lon="12.031900">
        <ele>1521.00</ele>
        <time>2026-04-14T15:38:33Z</time>
      </trkpt>
      <trkpt lat="46.470510" lon="12.031880">
        <ele>1521.00</ele>
        <time>2026-04-14T15:38:43Z</time>
      </trkpt>
      <trkpt lat="46.470520" lon="12.031780">
        <ele>1521.00</ele>
        <time>2026-04-14T15:38:53Z</time>
      </trkpt>
      <trkpt lat="46.470520" lon="12.031750">
        <ele>1521.00</ele>
        <time>2026-04-14T15:39:03Z</time>
      </trkpt>
      <trkpt lat="46.470550" lon="12.031530">
        <ele>1522.00</ele>
        <time>2026-04-14T15:39:13Z</time>
      </trkpt>
      <trkpt lat="46.470570" lon="12.031420">
        <ele>1523.90</ele>
        <time>2026-04-14T15:39:23Z</time>
      </trkpt>
      <trkpt lat="46.470580" lon="12.031330">
        <ele>1525.30</ele>
        <time>2026-04-14T15:39:33Z</time>
      </trkpt>
      <trkpt lat="46.470600" lon="12.031280">
        <ele>1526.50</ele>
        <time>2026-04-14T15:39:43Z</time>
      </trkpt>
      <trkpt lat="46.470610" lon="12.031270">
        <ele>1527.00</ele>
        <time>2026-04-14T15:39:53Z</time>
      </trkpt>
      <trkpt lat="46.470610" lon="12.031250">
        <ele>1527.20</ele>
        <time>2026-04-14T15:40:03Z</time>
      </trkpt>
      <trkpt lat="46.470620" lon="12.031240">
        <ele>1527.70</ele>
        <time>2026-04-14T15:40:13Z</time>
      </trkpt>
      <trkpt lat="46.470630" lon="12.031230">
        <ele>1528.20</ele>
        <time>2026-04-14T15:40:23Z</time>
      </trkpt>
      <trkpt lat="46.470640" lon="12.031220">
        <ele>1528.60</ele>
        <time>2026-04-14T15:40:33Z</time>
      </trkpt>
      <trkpt lat="46.470660" lon="12.031220">
        <ele>1529.30</ele>
        <time>2026-04-14T15:40:43Z</time>
      </trkpt>
      <trkpt lat="46.470680" lon="12.031240">
        <ele>1529.80</ele>
        <time>2026-04-14T15:40:53Z</time>
      </trkpt>
      <trkpt lat="46.470700" lon="12.031250">
        <ele>1530.40</ele>
        <time>2026-04-14T15:41:03Z</time>
      </trkpt>
      <trkpt lat="46.470720" lon="12.031280">
        <ele>1530.70</ele>
        <time>2026-04-14T15:41:13Z</time>
      </trkpt>
      <trkpt lat="46.470730" lon="12.031310">
        <ele>1530.60</ele>
        <time>2026-04-14T15:41:23Z</time>
      </trkpt>
      <trkpt lat="46.470740" lon="12.031320">
        <ele>1530.80</ele>
        <time>2026-04-14T15:41:33Z</time>
      </trkpt>
      <trkpt lat="46.470740" lon="12.031340">
        <ele>1530.60</ele>
        <time>2026-04-14T15:41:43Z</time>
      </trkpt>
      <trkpt lat="46.470740" lon="12.031350">
        <ele>1530.40</ele>
        <time>2026-04-14T15:41:53Z</time>
      </trkpt>
      <trkpt lat="46.470740" lon="12.031580">
        <ele>1527.40</ele>
        <time>2026-04-14T15:42:03Z</time>
      </trkpt>
      <trkpt lat="46.470740" lon="12.031660">
        <ele>1526.30</ele>
        <time>2026-04-14T15:42:13Z</time>
      </trkpt>
      <trkpt lat="46.470730" lon="12.031800">
        <ele>1527.10</ele>
        <time>2026-04-14T15:42:23Z</time>
      </trkpt>
      <trkpt lat="46.470720" lon="12.031960">
        <ele>1528.30</ele>
        <time>2026-04-14T15:42:33Z</time>
      </trkpt>
      <trkpt lat="46.470670" lon="12.032080">
        <ele>1528.60</ele>
        <time>2026-04-14T15:42:43Z</time>
      </trkpt>
      <trkpt lat="46.470620" lon="12.032200">
        <ele>1529.40</ele>
        <time>2026-04-14T15:42:53Z</time>
      </trkpt>
      <trkpt lat="46.470610" lon="12.032230">
        <ele>1529.70</ele>
        <time>2026-04-14T15:43:03Z</time>
      </trkpt>
      <trkpt lat="46.470610" lon="12.032260">
        <ele>1530.10</ele>
        <time>2026-04-14T15:43:13Z</time>
      </trkpt>
      <trkpt lat="46.470620" lon="12.032290">
        <ele>1530.60</ele>
        <time>2026-04-14T15:43:23Z</time>
      </trkpt>
      <trkpt lat="46.470620" lon="12.032320">
        <ele>1531.00</ele>
        <time>2026-04-14T15:43:33Z</time>
      </trkpt>
      <trkpt lat="46.470630" lon="12.032340">
        <ele>1531.30</ele>
        <time>2026-04-14T15:43:43Z</time>
      </trkpt>
      <trkpt lat="46.470640" lon="12.032370">
        <ele>1531.70</ele>
        <time>2026-04-14T15:43:53Z</time>
      </trkpt>
      <trkpt lat="46.470680" lon="12.032430">
        <ele>1532.40</ele>
        <time>2026-04-14T15:44:03Z</time>
      </trkpt>
      <trkpt lat="46.470680" lon="12.032440">
        <ele>1532.60</ele>
        <time>2026-04-14T15:44:13Z</time>
      </trkpt>
      <trkpt lat="46.470750" lon="12.032500">
        <ele>1533.10</ele>
        <time>2026-04-14T15:44:23Z</time>
      </trkpt>
      <trkpt lat="46.470760" lon="12.032520">
        <ele>1533.90</ele>
        <time>2026-04-14T15:44:33Z</time>
      </trkpt>
      <trkpt lat="46.470840" lon="12.032610">
        <ele>1537.20</ele>
        <time>2026-04-14T15:44:43Z</time>
      </trkpt>
      <trkpt lat="46.470900" lon="12.032640">
        <ele>1539.50</ele>
        <time>2026-04-14T15:44:53Z</time>
      </trkpt>
      <trkpt lat="46.470920" lon="12.032650">
        <ele>1540.20</ele>
        <time>2026-04-14T15:45:03Z</time>
      </trkpt>
      <trkpt lat="46.470940" lon="12.032650">
        <ele>1540.60</ele>
        <time>2026-04-14T15:45:13Z</time>
      </trkpt>
      <trkpt lat="46.470970" lon="12.032640">
        <ele>1540.80</ele>
        <time>2026-04-14T15:45:23Z</time>
      </trkpt>
      <trkpt lat="46.470990" lon="12.032630">
        <ele>1540.80</ele>
        <time>2026-04-14T15:45:33Z</time>
      </trkpt>
      <trkpt lat="46.471000" lon="12.032620">
        <ele>1540.70</ele>
        <time>2026-04-14T15:45:43Z</time>
      </trkpt>
      <trkpt lat="46.471010" lon="12.032610">
        <ele>1540.50</ele>
        <time>2026-04-14T15:45:53Z</time>
      </trkpt>
      <trkpt lat="46.471020" lon="12.032590">
        <ele>1540.00</ele>
        <time>2026-04-14T15:46:03Z</time>
      </trkpt>
      <trkpt lat="46.471020" lon="12.032570">
        <ele>1539.40</ele>
        <time>2026-04-14T15:46:13Z</time>
      </trkpt>
      <trkpt lat="46.471020" lon="12.032550">
        <ele>1538.70</ele>
        <time>2026-04-14T15:46:23Z</time>
      </trkpt>
      <trkpt lat="46.471020" lon="12.032530">
        <ele>1538.00</ele>
        <time>2026-04-14T15:46:33Z</time>
      </trkpt>
      <trkpt lat="46.471010" lon="12.032500">
        <ele>1536.80</ele>
        <time>2026-04-14T15:46:43Z</time>
      </trkpt>
      <trkpt lat="46.470960" lon="12.032420">
        <ele>1535.60</ele>
        <time>2026-04-14T15:46:53Z</time>
      </trkpt>
      <trkpt lat="46.470950" lon="12.032400">
        <ele>1535.40</ele>
        <time>2026-04-14T15:47:03Z</time>
      </trkpt>
      <trkpt lat="46.470890" lon="12.032320">
        <ele>1533.70</ele>
        <time>2026-04-14T15:47:13Z</time>
      </trkpt>
      <trkpt lat="46.470870" lon="12.032280">
        <ele>1533.00</ele>
        <time>2026-04-14T15:47:23Z</time>
      </trkpt>
      <trkpt lat="46.470870" lon="12.032240">
        <ele>1532.80</ele>
        <time>2026-04-14T15:47:33Z</time>
      </trkpt>
      <trkpt lat="46.470870" lon="12.032200">
        <ele>1532.70</ele>
        <time>2026-04-14T15:47:43Z</time>
      </trkpt>
      <trkpt lat="46.470910" lon="12.032100">
        <ele>1533.60</ele>
        <time>2026-04-14T15:47:53Z</time>
      </trkpt>
      <trkpt lat="46.470920" lon="12.032080">
        <ele>1533.90</ele>
        <time>2026-04-14T15:48:03Z</time>
      </trkpt>
      <trkpt lat="46.470930" lon="12.032060">
        <ele>1534.20</ele>
        <time>2026-04-14T15:48:13Z</time>
      </trkpt>
      <trkpt lat="46.470960" lon="12.031980">
        <ele>1535.10</ele>
        <time>2026-04-14T15:48:23Z</time>
      </trkpt>
      <trkpt lat="46.471000" lon="12.031870">
        <ele>1536.60</ele>
        <time>2026-04-14T15:48:33Z</time>
      </trkpt>
      <trkpt lat="46.471010" lon="12.031850">
        <ele>1537.00</ele>
        <time>2026-04-14T15:48:43Z</time>
      </trkpt>
      <trkpt lat="46.471090" lon="12.031640">
        <ele>1541.10</ele>
        <time>2026-04-14T15:48:53Z</time>
      </trkpt>
      <trkpt lat="46.471100" lon="12.031620">
        <ele>1541.90</ele>
        <time>2026-04-14T15:49:03Z</time>
      </trkpt>
      <trkpt lat="46.471120" lon="12.031540">
        <ele>1544.00</ele>
        <time>2026-04-14T15:49:13Z</time>
      </trkpt>
      <trkpt lat="46.471130" lon="12.031520">
        <ele>1544.80</ele>
        <time>2026-04-14T15:49:23Z</time>
      </trkpt>
      <trkpt lat="46.471160" lon="12.031410">
        <ele>1547.80</ele>
        <time>2026-04-14T15:49:33Z</time>
      </trkpt>
      <trkpt lat="46.471170" lon="12.031340">
        <ele>1549.40</ele>
        <time>2026-04-14T15:49:43Z</time>
      </trkpt>
      <trkpt lat="46.471180" lon="12.031170">
        <ele>1552.50</ele>
        <time>2026-04-14T15:49:53Z</time>
      </trkpt>
      <trkpt lat="46.471180" lon="12.031080">
        <ele>1553.80</ele>
        <time>2026-04-14T15:50:03Z</time>
      </trkpt>
      <trkpt lat="46.471160" lon="12.031000">
        <ele>1554.10</ele>
        <time>2026-04-14T15:50:13Z</time>
      </trkpt>
      <trkpt lat="46.471140" lon="12.030900">
        <ele>1554.70</ele>
        <time>2026-04-14T15:50:23Z</time>
      </trkpt>
      <trkpt lat="46.471120" lon="12.030850">
        <ele>1554.50</ele>
        <time>2026-04-14T15:50:33Z</time>
      </trkpt>
      <trkpt lat="46.471090" lon="12.030780">
        <ele>1554.90</ele>
        <time>2026-04-14T15:50:43Z</time>
      </trkpt>
      <trkpt lat="46.471080" lon="12.030760">
        <ele>1555.00</ele>
        <time>2026-04-14T15:50:53Z</time>
      </trkpt>
      <trkpt lat="46.471030" lon="12.030690">
        <ele>1554.60</ele>
        <time>2026-04-14T15:51:03Z</time>
      </trkpt>
      <trkpt lat="46.471020" lon="12.030660">
        <ele>1555.00</ele>
        <time>2026-04-14T15:51:13Z</time>
      </trkpt>
      <trkpt lat="46.470980" lon="12.030610">
        <ele>1554.50</ele>
        <time>2026-04-14T15:51:23Z</time>
      </trkpt>
      <trkpt lat="46.470810" lon="12.030280">
        <ele>1556.00</ele>
        <time>2026-04-14T15:51:33Z</time>
      </trkpt>
      <trkpt lat="46.470710" lon="12.030180">
        <ele>1554.80</ele>
        <time>2026-04-14T15:51:43Z</time>
      </trkpt>
      <trkpt lat="46.470520" lon="12.030020">
        <ele>1551.60</ele>
        <time>2026-04-14T15:51:53Z</time>
      </trkpt>
      <trkpt lat="46.470480" lon="12.029980">
        <ele>1551.00</ele>
        <time>2026-04-14T15:52:03Z</time>
      </trkpt>
      <trkpt lat="46.470470" lon="12.029960">
        <ele>1551.10</ele>
        <time>2026-04-14T15:52:13Z</time>
      </trkpt>
      <trkpt lat="46.470460" lon="12.029950">
        <ele>1550.90</ele>
        <time>2026-04-14T15:52:23Z</time>
      </trkpt>
      <trkpt lat="46.470460" lon="12.029930">
        <ele>1551.30</ele>
        <time>2026-04-14T15:52:33Z</time>
      </trkpt>
      <trkpt lat="46.470450" lon="12.029900">
        <ele>1551.50</ele>
        <time>2026-04-14T15:52:43Z</time>
      </trkpt>
      <trkpt lat="46.470440" lon="12.029880">
        <ele>1551.50</ele>
        <time>2026-04-14T15:52:53Z</time>
      </trkpt>
      <trkpt lat="46.470440" lon="12.029860">
        <ele>1551.90</ele>
        <time>2026-04-14T15:53:03Z</time>
      </trkpt>
      <trkpt lat="46.470440" lon="12.029840">
        <ele>1552.40</ele>
        <time>2026-04-14T15:53:13Z</time>
      </trkpt>
      <trkpt lat="46.470460" lon="12.029800">
        <ele>1554.10</ele>
        <time>2026-04-14T15:53:23Z</time>
      </trkpt>
      <trkpt lat="46.470470" lon="12.029790">
        <ele>1554.80</ele>
        <time>2026-04-14T15:53:33Z</time>
      </trkpt>
      <trkpt lat="46.470480" lon="12.029770">
        <ele>1555.60</ele>
        <time>2026-04-14T15:53:43Z</time>
      </trkpt>
      <trkpt lat="46.470490" lon="12.029770">
        <ele>1556.10</ele>
        <time>2026-04-14T15:53:53Z</time>
      </trkpt>
      <trkpt lat="46.470500" lon="12.029760">
        <ele>1556.80</ele>
        <time>2026-04-14T15:54:03Z</time>
      </trkpt>
      <trkpt lat="46.470520" lon="12.029760">
        <ele>1557.60</ele>
        <time>2026-04-14T15:54:13Z</time>
      </trkpt>
      <trkpt lat="46.470540" lon="12.029770">
        <ele>1558.30</ele>
        <time>2026-04-14T15:54:23Z</time>
      </trkpt>
      <trkpt lat="46.470550" lon="12.029780">
        <ele>1558.50</ele>
        <time>2026-04-14T15:54:33Z</time>
      </trkpt>
      <trkpt lat="46.470600" lon="12.029830">
        <ele>1559.50</ele>
        <time>2026-04-14T15:54:43Z</time>
      </trkpt>
      <trkpt lat="46.470620" lon="12.029860">
        <ele>1559.70</ele>
        <time>2026-04-14T15:54:53Z</time>
      </trkpt>
      <trkpt lat="46.470630" lon="12.029880">
        <ele>1559.60</ele>
        <time>2026-04-14T15:55:03Z</time>
      </trkpt>
      <trkpt lat="46.470650" lon="12.029900">
        <ele>1560.00</ele>
        <time>2026-04-14T15:55:13Z</time>
      </trkpt>
      <trkpt lat="46.470790" lon="12.030010">
        <ele>1562.90</ele>
        <time>2026-04-14T15:55:23Z</time>
      </trkpt>
      <trkpt lat="46.470810" lon="12.030030">
        <ele>1563.20</ele>
        <time>2026-04-14T15:55:33Z</time>
      </trkpt>
      <trkpt lat="46.470850" lon="12.030060">
        <ele>1564.10</ele>
        <time>2026-04-14T15:55:43Z</time>
      </trkpt>
      <trkpt lat="46.470870" lon="12.030070">
        <ele>1564.80</ele>
        <time>2026-04-14T15:55:53Z</time>
      </trkpt>
      <trkpt lat="46.470940" lon="12.030090">
        <ele>1567.60</ele>
        <time>2026-04-14T15:56:03Z</time>
      </trkpt>
      <trkpt lat="46.470960" lon="12.030100">
        <ele>1568.30</ele>
        <time>2026-04-14T15:56:13Z</time>
      </trkpt>
      <trkpt lat="46.470990" lon="12.030110">
        <ele>1569.50</ele>
        <time>2026-04-14T15:56:23Z</time>
      </trkpt>
      <trkpt lat="46.471030" lon="12.030130">
        <ele>1570.90</ele>
        <time>2026-04-14T15:56:33Z</time>
      </trkpt>
      <trkpt lat="46.471110" lon="12.030170">
        <ele>1573.60</ele>
        <time>2026-04-14T15:56:43Z</time>
      </trkpt>
      <trkpt lat="46.471130" lon="12.030190">
        <ele>1574.00</ele>
        <time>2026-04-14T15:56:53Z</time>
      </trkpt>
      <trkpt lat="46.471190" lon="12.030220">
        <ele>1576.10</ele>
        <time>2026-04-14T15:57:03Z</time>
      </trkpt>
      <trkpt lat="46.471220" lon="12.030240">
        <ele>1577.00</ele>
        <time>2026-04-14T15:57:13Z</time>
      </trkpt>
      <trkpt lat="46.471270" lon="12.030280">
        <ele>1578.20</ele>
        <time>2026-04-14T15:57:23Z</time>
      </trkpt>
      <trkpt lat="46.471290" lon="12.030300">
        <ele>1578.60</ele>
        <time>2026-04-14T15:57:33Z</time>
      </trkpt>
      <trkpt lat="46.471390" lon="12.030400">
        <ele>1580.50</ele>
        <time>2026-04-14T15:57:43Z</time>
      </trkpt>
      <trkpt lat="46.471460" lon="12.030470">
        <ele>1581.90</ele>
        <time>2026-04-14T15:57:53Z</time>
      </trkpt>
      <trkpt lat="46.471500" lon="12.030540">
        <ele>1581.70</ele>
        <time>2026-04-14T15:58:03Z</time>
      </trkpt>
      <trkpt lat="46.471530" lon="12.030620">
        <ele>1580.80</ele>
        <time>2026-04-14T15:58:13Z</time>
      </trkpt>
      <trkpt lat="46.471570" lon="12.030750">
        <ele>1578.80</ele>
        <time>2026-04-14T15:58:23Z</time>
      </trkpt>
      <trkpt lat="46.471590" lon="12.030840">
        <ele>1577.20</ele>
        <time>2026-04-14T15:58:33Z</time>
      </trkpt>
      <trkpt lat="46.471600" lon="12.030870">
        <ele>1577.20</ele>
        <time>2026-04-14T15:58:43Z</time>
      </trkpt>
      <trkpt lat="46.471740" lon="12.031340">
        <ele>1574.20</ele>
        <time>2026-04-14T15:58:53Z</time>
      </trkpt>
      <trkpt lat="46.471760" lon="12.031610">
        <ele>1569.70</ele>
        <time>2026-04-14T15:59:03Z</time>
      </trkpt>
      <trkpt lat="46.471760" lon="12.031640">
        <ele>1569.20</ele>
        <time>2026-04-14T15:59:13Z</time>
      </trkpt>
      <trkpt lat="46.471760" lon="12.031650">
        <ele>1569.00</ele>
        <time>2026-04-14T15:59:23Z</time>
      </trkpt>
      <trkpt lat="46.471770" lon="12.031660">
        <ele>1569.00</ele>
        <time>2026-04-14T15:59:33Z</time>
      </trkpt>
      <trkpt lat="46.471770" lon="12.031670">
        <ele>1568.80</ele>
        <time>2026-04-14T15:59:43Z</time>
      </trkpt>
      <trkpt lat="46.471790" lon="12.031680">
        <ele>1569.00</ele>
        <time>2026-04-14T15:59:53Z</time>
      </trkpt>
      <trkpt lat="46.471800" lon="12.031680">
        <ele>1569.10</ele>
        <time>2026-04-14T16:00:03Z</time>
      </trkpt>
      <trkpt lat="46.471820" lon="12.031680">
        <ele>1569.50</ele>
        <time>2026-04-14T16:00:13Z</time>
      </trkpt>
      <trkpt lat="46.471830" lon="12.031680">
        <ele>1569.70</ele>
        <time>2026-04-14T16:00:23Z</time>
      </trkpt>
      <trkpt lat="46.471850" lon="12.031680">
        <ele>1570.10</ele>
        <time>2026-04-14T16:00:33Z</time>
      </trkpt>
      <trkpt lat="46.471860" lon="12.031670">
        <ele>1570.40</ele>
        <time>2026-04-14T16:00:43Z</time>
      </trkpt>
      <trkpt lat="46.471880" lon="12.031650">
        <ele>1571.20</ele>
        <time>2026-04-14T16:00:53Z</time>
      </trkpt>
      <trkpt lat="46.471890" lon="12.031630">
        <ele>1571.80</ele>
        <time>2026-04-14T16:01:03Z</time>
      </trkpt>
      <trkpt lat="46.471890" lon="12.031620">
        <ele>1572.00</ele>
        <time>2026-04-14T16:01:13Z</time>
      </trkpt>
      <trkpt lat="46.471940" lon="12.031530">
        <ele>1574.80</ele>
        <time>2026-04-14T16:01:23Z</time>
      </trkpt>
      <trkpt lat="46.471940" lon="12.031520">
        <ele>1575.00</ele>
        <time>2026-04-14T16:01:33Z</time>
      </trkpt>
      <trkpt lat="46.471990" lon="12.031420">
        <ele>1578.10</ele>
        <time>2026-04-14T16:01:43Z</time>
      </trkpt>
      <trkpt lat="46.472040" lon="12.031310">
        <ele>1581.60</ele>
        <time>2026-04-14T16:01:53Z</time>
      </trkpt>
      <trkpt lat="46.472120" lon="12.031230">
        <ele>1585.30</ele>
        <time>2026-04-14T16:02:03Z</time>
      </trkpt>
      <trkpt lat="46.472200" lon="12.031170">
        <ele>1588.80</ele>
        <time>2026-04-14T16:02:13Z</time>
      </trkpt>
      <trkpt lat="46.472254" lon="12.031136">
        <ele>1586.59</ele>
        <time>2026-04-14T16:02:22Z</time>
      </trkpt>
      <trkpt lat="46.472280" lon="12.031120">
        <ele>1592.10</ele>
        <time>2026-04-14T16:02:23Z</time>
      </trkpt>
      <trkpt lat="46.472350" lon="12.031090">
        <ele>1594.70</ele>
        <time>2026-04-14T16:02:33Z</time>
      </trkpt>
      <trkpt lat="46.472370" lon="12.031080">
        <ele>1595.50</ele>
        <time>2026-04-14T16:02:43Z</time>
      </trkpt>
      <trkpt lat="46.472810" lon="12.030980">
        <ele>1602.50</ele>
        <time>2026-04-14T16:02:53Z</time>
      </trkpt>
      <trkpt lat="46.472830" lon="12.030980">
        <ele>1602.50</ele>
        <time>2026-04-14T16:03:03Z</time>
      </trkpt>
      <trkpt lat="46.472900" lon="12.030960">
        <ele>1603.20</ele>
        <time>2026-04-14T16:03:13Z</time>
      </trkpt>
      <trkpt lat="46.472990" lon="12.030940">
        <ele>1603.90</ele>
        <time>2026-04-14T16:03:23Z</time>
      </trkpt>
      <trkpt lat="46.473010" lon="12.030940">
        <ele>1603.90</ele>
        <time>2026-04-14T16:03:33Z</time>
      </trkpt>
      <trkpt lat="46.473080" lon="12.030920">
        <ele>1604.60</ele>
        <time>2026-04-14T16:03:43Z</time>
      </trkpt>
      <trkpt lat="46.473110" lon="12.030920">
        <ele>1604.60</ele>
        <time>2026-04-14T16:03:53Z</time>
      </trkpt>
      <trkpt lat="46.473790" lon="12.030810">
        <ele>1610.60</ele>
        <time>2026-04-14T16:04:03Z</time>
      </trkpt>
      <trkpt lat="46.474240" lon="12.030730">
        <ele>1616.90</ele>
        <time>2026-04-14T16:04:13Z</time>
      </trkpt>
      <trkpt lat="46.474410" lon="12.030710">
        <ele>1619.90</ele>
        <time>2026-04-14T16:04:23Z</time>
      </trkpt>
      <trkpt lat="46.474440" lon="12.030700">
        <ele>1620.60</ele>
        <time>2026-04-14T16:04:33Z</time>
      </trkpt>
      <trkpt lat="46.474500" lon="12.030690">
        <ele>1621.80</ele>
        <time>2026-04-14T16:04:43Z</time>
      </trkpt>
      <trkpt lat="46.474510" lon="12.030700">
        <ele>1621.60</ele>
        <time>2026-04-14T16:04:53Z</time>
      </trkpt>
      <trkpt lat="46.474540" lon="12.030700">
        <ele>1622.00</ele>
        <time>2026-04-14T16:05:03Z</time>
      </trkpt>
      <trkpt lat="46.474570" lon="12.030730">
        <ele>1621.50</ele>
        <time>2026-04-14T16:05:13Z</time>
      </trkpt>
      <trkpt lat="46.474580" lon="12.030750">
        <ele>1621.00</ele>
        <time>2026-04-14T16:05:23Z</time>
      </trkpt>
      <trkpt lat="46.474590" lon="12.030760">
        <ele>1620.80</ele>
        <time>2026-04-14T16:05:33Z</time>
      </trkpt>
      <trkpt lat="46.474600" lon="12.030770">
        <ele>1620.70</ele>
        <time>2026-04-14T16:05:43Z</time>
      </trkpt>
      <trkpt lat="46.474640" lon="12.030860">
        <ele>1619.40</ele>
        <time>2026-04-14T16:05:53Z</time>
      </trkpt>
      <trkpt lat="46.474650" lon="12.030870">
        <ele>1619.40</ele>
        <time>2026-04-14T16:06:03Z</time>
      </trkpt>
      <trkpt lat="46.474730" lon="12.031090">
        <ele>1620.80</ele>
        <time>2026-04-14T16:06:13Z</time>
      </trkpt>
      <trkpt lat="46.474730" lon="12.031100">
        <ele>1620.80</ele>
        <time>2026-04-14T16:06:23Z</time>
      </trkpt>
      <trkpt lat="46.474750" lon="12.031210">
        <ele>1621.50</ele>
        <time>2026-04-14T16:06:33Z</time>
      </trkpt>
      <trkpt lat="46.474760" lon="12.031240">
        <ele>1621.60</ele>
        <time>2026-04-14T16:06:43Z</time>
      </trkpt>
      <trkpt lat="46.474780" lon="12.031340">
        <ele>1622.20</ele>
        <time>2026-04-14T16:06:53Z</time>
      </trkpt>
      <trkpt lat="46.474780" lon="12.031350">
        <ele>1622.30</ele>
        <time>2026-04-14T16:07:03Z</time>
      </trkpt>
      <trkpt lat="46.474800" lon="12.031450">
        <ele>1622.80</ele>
        <time>2026-04-14T16:07:13Z</time>
      </trkpt>
      <trkpt lat="46.474800" lon="12.031510">
        <ele>1623.20</ele>
        <time>2026-04-14T16:07:23Z</time>
      </trkpt>
      <trkpt lat="46.474800" lon="12.031590">
        <ele>1623.40</ele>
        <time>2026-04-14T16:07:33Z</time>
      </trkpt>
      <trkpt lat="46.474770" lon="12.031710">
        <ele>1623.40</ele>
        <time>2026-04-14T16:07:43Z</time>
      </trkpt>
      <trkpt lat="46.474770" lon="12.031740">
        <ele>1623.90</ele>
        <time>2026-04-14T16:07:53Z</time>
      </trkpt>
      <trkpt lat="46.474750" lon="12.031840">
        <ele>1625.20</ele>
        <time>2026-04-14T16:08:03Z</time>
      </trkpt>
      <trkpt lat="46.474740" lon="12.031860">
        <ele>1625.20</ele>
        <time>2026-04-14T16:08:13Z</time>
      </trkpt>
      <trkpt lat="46.474740" lon="12.031900">
        <ele>1626.00</ele>
        <time>2026-04-14T16:08:23Z</time>
      </trkpt>
      <trkpt lat="46.474740" lon="12.031920">
        <ele>1626.30</ele>
        <time>2026-04-14T16:08:33Z</time>
      </trkpt>
      <trkpt lat="46.474750" lon="12.031950">
        <ele>1627.20</ele>
        <time>2026-04-14T16:08:43Z</time>
      </trkpt>
      <trkpt lat="46.474790" lon="12.031980">
        <ele>1629.10</ele>
        <time>2026-04-14T16:08:53Z</time>
      </trkpt>
      <trkpt lat="46.474820" lon="12.032000">
        <ele>1630.50</ele>
        <time>2026-04-14T16:09:03Z</time>
      </trkpt>
      <trkpt lat="46.474850" lon="12.032000">
        <ele>1631.50</ele>
        <time>2026-04-14T16:09:13Z</time>
      </trkpt>
      <trkpt lat="46.474860" lon="12.032000">
        <ele>1631.80</ele>
        <time>2026-04-14T16:09:23Z</time>
      </trkpt>
      <trkpt lat="46.474880" lon="12.031990">
        <ele>1632.30</ele>
        <time>2026-04-14T16:09:33Z</time>
      </trkpt>
      <trkpt lat="46.474910" lon="12.031950">
        <ele>1632.50</ele>
        <time>2026-04-14T16:09:43Z</time>
      </trkpt>
      <trkpt lat="46.474920" lon="12.031940">
        <ele>1632.60</ele>
        <time>2026-04-14T16:09:53Z</time>
      </trkpt>
      <trkpt lat="46.474930" lon="12.031920">
        <ele>1632.60</ele>
        <time>2026-04-14T16:10:03Z</time>
      </trkpt>
      <trkpt lat="46.474970" lon="12.031860">
        <ele>1632.70</ele>
        <time>2026-04-14T16:10:13Z</time>
      </trkpt>
      <trkpt lat="46.474980" lon="12.031830">
        <ele>1632.50</ele>
        <time>2026-04-14T16:10:23Z</time>
      </trkpt>
      <trkpt lat="46.475030" lon="12.031730">
        <ele>1633.00</ele>
        <time>2026-04-14T16:10:33Z</time>
      </trkpt>
      <trkpt lat="46.475040" lon="12.031710">
        <ele>1633.20</ele>
        <time>2026-04-14T16:10:43Z</time>
      </trkpt>
      <trkpt lat="46.475080" lon="12.031620">
        <ele>1634.50</ele>
        <time>2026-04-14T16:10:53Z</time>
      </trkpt>
      <trkpt lat="46.475150" lon="12.031440">
        <ele>1637.10</ele>
        <time>2026-04-14T16:11:03Z</time>
      </trkpt>
      <trkpt lat="46.475260" lon="12.031100">
        <ele>1639.70</ele>
        <time>2026-04-14T16:11:13Z</time>
      </trkpt>
      <trkpt lat="46.475280" lon="12.031070">
        <ele>1640.30</ele>
        <time>2026-04-14T16:11:23Z</time>
      </trkpt>
      <trkpt lat="46.475280" lon="12.031060">
        <ele>1640.20</ele>
        <time>2026-04-14T16:11:33Z</time>
      </trkpt>
      <trkpt lat="46.475290" lon="12.031040">
        <ele>1640.50</ele>
        <time>2026-04-14T16:11:43Z</time>
      </trkpt>
      <trkpt lat="46.475310" lon="12.031030">
        <ele>1641.40</ele>
        <time>2026-04-14T16:11:53Z</time>
      </trkpt>
      <trkpt lat="46.475330" lon="12.031030">
        <ele>1642.40</ele>
        <time>2026-04-14T16:12:03Z</time>
      </trkpt>
      <trkpt lat="46.475350" lon="12.031030">
        <ele>1643.30</ele>
        <time>2026-04-14T16:12:13Z</time>
      </trkpt>
      <trkpt lat="46.475380" lon="12.031040">
        <ele>1644.90</ele>
        <time>2026-04-14T16:12:23Z</time>
      </trkpt>
      <trkpt lat="46.475400" lon="12.031050">
        <ele>1646.00</ele>
        <time>2026-04-14T16:12:33Z</time>
      </trkpt>
      <trkpt lat="46.475400" lon="12.031060">
        <ele>1646.20</ele>
        <time>2026-04-14T16:12:43Z</time>
      </trkpt>
      <trkpt lat="46.475410" lon="12.031070">
        <ele>1646.80</ele>
        <time>2026-04-14T16:12:53Z</time>
      </trkpt>
      <trkpt lat="46.475410" lon="12.031080">
        <ele>1646.90</ele>
        <time>2026-04-14T16:13:03Z</time>
      </trkpt>
      <trkpt lat="46.475410" lon="12.031090">
        <ele>1647.10</ele>
        <time>2026-04-14T16:13:13Z</time>
      </trkpt>
      <trkpt lat="46.475420" lon="12.031100">
        <ele>1647.70</ele>
        <time>2026-04-14T16:13:23Z</time>
      </trkpt>
      <trkpt lat="46.475410" lon="12.031130">
        <ele>1647.60</ele>
        <time>2026-04-14T16:13:33Z</time>
      </trkpt>
      <trkpt lat="46.475410" lon="12.031160">
        <ele>1648.00</ele>
        <time>2026-04-14T16:13:43Z</time>
      </trkpt>
      <trkpt lat="46.475410" lon="12.031180">
        <ele>1648.20</ele>
        <time>2026-04-14T16:13:53Z</time>
      </trkpt>
      <trkpt lat="46.475400" lon="12.031270">
        <ele>1648.90</ele>
        <time>2026-04-14T16:14:03Z</time>
      </trkpt>
      <trkpt lat="46.475380" lon="12.031390">
        <ele>1649.30</ele>
        <time>2026-04-14T16:14:13Z</time>
      </trkpt>
      <trkpt lat="46.475320" lon="12.031780">
        <ele>1651.10</ele>
        <time>2026-04-14T16:14:23Z</time>
      </trkpt>
      <trkpt lat="46.475300" lon="12.031900">
        <ele>1652.00</ele>
        <time>2026-04-14T16:14:33Z</time>
      </trkpt>
      <trkpt lat="46.475300" lon="12.031930">
        <ele>1652.50</ele>
        <time>2026-04-14T16:14:43Z</time>
      </trkpt>
      <trkpt lat="46.475290" lon="12.032020">
        <ele>1653.50</ele>
        <time>2026-04-14T16:14:53Z</time>
      </trkpt>
      <trkpt lat="46.475200" lon="12.032540">
        <ele>1657.90</ele>
        <time>2026-04-14T16:15:03Z</time>
      </trkpt>
      <trkpt lat="46.475200" lon="12.032560">
        <ele>1658.50</ele>
        <time>2026-04-14T16:15:13Z</time>
      </trkpt>
      <trkpt lat="46.475130" lon="12.032910">
        <ele>1664.80</ele>
        <time>2026-04-14T16:15:23Z</time>
      </trkpt>
      <trkpt lat="46.475120" lon="12.032940">
        <ele>1665.20</ele>
        <time>2026-04-14T16:15:33Z</time>
      </trkpt>
      <trkpt lat="46.475110" lon="12.033000">
        <ele>1666.40</ele>
        <time>2026-04-14T16:15:43Z</time>
      </trkpt>
      <trkpt lat="46.475100" lon="12.033030">
        <ele>1666.80</ele>
        <time>2026-04-14T16:15:53Z</time>
      </trkpt>
      <trkpt lat="46.475090" lon="12.033050">
        <ele>1666.90</ele>
        <time>2026-04-14T16:16:03Z</time>
      </trkpt>
      <trkpt lat="46.475070" lon="12.033050">
        <ele>1665.90</ele>
        <time>2026-04-14T16:16:13Z</time>
      </trkpt>
      <trkpt lat="46.475050" lon="12.033060">
        <ele>1665.20</ele>
        <time>2026-04-14T16:16:23Z</time>
      </trkpt>
      <trkpt lat="46.475010" lon="12.033060">
        <ele>1663.30</ele>
        <time>2026-04-14T16:16:33Z</time>
      </trkpt>
      <trkpt lat="46.474990" lon="12.033070">
        <ele>1662.80</ele>
        <time>2026-04-14T16:16:43Z</time>
      </trkpt>
      <trkpt lat="46.474920" lon="12.033080">
        <ele>1660.60</ele>
        <time>2026-04-14T16:16:53Z</time>
      </trkpt>
      <trkpt lat="46.474890" lon="12.033080">
        <ele>1659.60</ele>
        <time>2026-04-14T16:17:03Z</time>
      </trkpt>
      <trkpt lat="46.474800" lon="12.033080">
        <ele>1656.50</ele>
        <time>2026-04-14T16:17:13Z</time>
      </trkpt>
      <trkpt lat="46.474750" lon="12.033090">
        <ele>1655.10</ele>
        <time>2026-04-14T16:17:23Z</time>
      </trkpt>
      <trkpt lat="46.474740" lon="12.033100">
        <ele>1655.00</ele>
        <time>2026-04-14T16:17:33Z</time>
      </trkpt>
      <trkpt lat="46.474700" lon="12.033130">
        <ele>1654.60</ele>
        <time>2026-04-14T16:17:43Z</time>
      </trkpt>
      <trkpt lat="46.474670" lon="12.033170">
        <ele>1654.70</ele>
        <time>2026-04-14T16:17:53Z</time>
      </trkpt>
      <trkpt lat="46.474670" lon="12.033180">
        <ele>1655.00</ele>
        <time>2026-04-14T16:18:03Z</time>
      </trkpt>
      <trkpt lat="46.474660" lon="12.033220">
        <ele>1655.80</ele>
        <time>2026-04-14T16:18:13Z</time>
      </trkpt>
      <trkpt lat="46.474630" lon="12.033370">
        <ele>1658.20</ele>
        <time>2026-04-14T16:18:23Z</time>
      </trkpt>
      <trkpt lat="46.474620" lon="12.033450">
        <ele>1658.00</ele>
        <time>2026-04-14T16:18:33Z</time>
      </trkpt>
      <trkpt lat="46.474620" lon="12.033470">
        <ele>1658.10</ele>
        <time>2026-04-14T16:18:43Z</time>
      </trkpt>
      <trkpt lat="46.474600" lon="12.033600">
        <ele>1657.60</ele>
        <time>2026-04-14T16:18:53Z</time>
      </trkpt>
      <trkpt lat="46.474600" lon="12.033720">
        <ele>1657.80</ele>
        <time>2026-04-14T16:19:03Z</time>
      </trkpt>
      <trkpt lat="46.474600" lon="12.033770">
        <ele>1657.90</ele>
        <time>2026-04-14T16:19:13Z</time>
      </trkpt>
      <trkpt lat="46.474600" lon="12.033810">
        <ele>1658.00</ele>
        <time>2026-04-14T16:19:23Z</time>
      </trkpt>
      <trkpt lat="46.474600" lon="12.033840">
        <ele>1658.10</ele>
        <time>2026-04-14T16:19:33Z</time>
      </trkpt>
      <trkpt lat="46.474620" lon="12.033970">
        <ele>1659.20</ele>
        <time>2026-04-14T16:19:43Z</time>
      </trkpt>
      <trkpt lat="46.474630" lon="12.033990">
        <ele>1659.60</ele>
        <time>2026-04-14T16:19:53Z</time>
      </trkpt>
      <trkpt lat="46.474640" lon="12.034020">
        <ele>1660.10</ele>
        <time>2026-04-14T16:20:03Z</time>
      </trkpt>
      <trkpt lat="46.474660" lon="12.034050">
        <ele>1661.00</ele>
        <time>2026-04-14T16:20:13Z</time>
      </trkpt>
      <trkpt lat="46.474730" lon="12.034120">
        <ele>1664.20</ele>
        <time>2026-04-14T16:20:23Z</time>
      </trkpt>
      <trkpt lat="46.475000" lon="12.034390">
        <ele>1674.70</ele>
        <time>2026-04-14T16:20:33Z</time>
      </trkpt>
      <trkpt lat="46.475030" lon="12.034420">
        <ele>1676.10</ele>
        <time>2026-04-14T16:20:43Z</time>
      </trkpt>
      <trkpt lat="46.475080" lon="12.034500">
        <ele>1678.40</ele>
        <time>2026-04-14T16:20:53Z</time>
      </trkpt>
      <trkpt lat="46.475140" lon="12.034620">
        <ele>1681.10</ele>
        <time>2026-04-14T16:21:03Z</time>
      </trkpt>
      <trkpt lat="46.475160" lon="12.034640">
        <ele>1682.20</ele>
        <time>2026-04-14T16:21:13Z</time>
      </trkpt>
      <trkpt lat="46.475180" lon="12.034690">
        <ele>1683.10</ele>
        <time>2026-04-14T16:21:23Z</time>
      </trkpt>
      <trkpt lat="46.475200" lon="12.034760">
        <ele>1684.00</ele>
        <time>2026-04-14T16:21:33Z</time>
      </trkpt>
      <trkpt lat="46.475220" lon="12.034850">
        <ele>1684.80</ele>
        <time>2026-04-14T16:21:43Z</time>
      </trkpt>
      <trkpt lat="46.475220" lon="12.034880">
        <ele>1684.70</ele>
        <time>2026-04-14T16:21:53Z</time>
      </trkpt>
      <trkpt lat="46.475220" lon="12.034960">
        <ele>1684.40</ele>
        <time>2026-04-14T16:22:03Z</time>
      </trkpt>
      <trkpt lat="46.475230" lon="12.034990">
        <ele>1684.80</ele>
        <time>2026-04-14T16:22:13Z</time>
      </trkpt>
      <trkpt lat="46.475230" lon="12.035130">
        <ele>1686.30</ele>
        <time>2026-04-14T16:22:23Z</time>
      </trkpt>
      <trkpt lat="46.475230" lon="12.035360">
        <ele>1689.00</ele>
        <time>2026-04-14T16:22:33Z</time>
      </trkpt>
      <trkpt lat="46.475220" lon="12.035400">
        <ele>1688.90</ele>
        <time>2026-04-14T16:22:43Z</time>
      </trkpt>
      <trkpt lat="46.475200" lon="12.035520">
        <ele>1689.10</ele>
        <time>2026-04-14T16:22:53Z</time>
      </trkpt>
      <trkpt lat="46.475160" lon="12.035710">
        <ele>1689.00</ele>
        <time>2026-04-14T16:23:03Z</time>
      </trkpt>
      <trkpt lat="46.475080" lon="12.036070">
        <ele>1686.30</ele>
        <time>2026-04-14T16:23:13Z</time>
      </trkpt>
      <trkpt lat="46.475080" lon="12.036130">
        <ele>1686.40</ele>
        <time>2026-04-14T16:23:23Z</time>
      </trkpt>
      <trkpt lat="46.475080" lon="12.036160">
        <ele>1686.50</ele>
        <time>2026-04-14T16:23:33Z</time>
      </trkpt>
      <trkpt lat="46.475070" lon="12.036260">
        <ele>1686.10</ele>
        <time>2026-04-14T16:23:43Z</time>
      </trkpt>
      <trkpt lat="46.475070" lon="12.036310">
        <ele>1686.30</ele>
        <time>2026-04-14T16:23:53Z</time>
      </trkpt>
      <trkpt lat="46.475080" lon="12.036390">
        <ele>1687.00</ele>
        <time>2026-04-14T16:24:03Z</time>
      </trkpt>
      <trkpt lat="46.475080" lon="12.036410">
        <ele>1687.10</ele>
        <time>2026-04-14T16:24:13Z</time>
      </trkpt>
      <trkpt lat="46.475080" lon="12.036430">
        <ele>1687.10</ele>
        <time>2026-04-14T16:24:23Z</time>
      </trkpt>
      <trkpt lat="46.475160" lon="12.036610">
        <ele>1692.30</ele>
        <time>2026-04-14T16:24:33Z</time>
      </trkpt>
      <trkpt lat="46.475170" lon="12.036640">
        <ele>1692.90</ele>
        <time>2026-04-14T16:24:43Z</time>
      </trkpt>
      <trkpt lat="46.475200" lon="12.036740">
        <ele>1694.60</ele>
        <time>2026-04-14T16:24:53Z</time>
      </trkpt>
      <trkpt lat="46.475200" lon="12.036760">
        <ele>1694.60</ele>
        <time>2026-04-14T16:25:02Z</time>
      </trkpt>
      <trkpt lat="46.475200" lon="12.036760">
        <ele>1694.60</ele>
        <time>2026-04-14T16:25:03Z</time>
      </trkpt>
      <trkpt lat="46.475200" lon="12.036760">
        <ele>1694.60</ele>
        <time>2026-04-14T16:25:12Z</time>
      </trkpt>
      <trkpt lat="46.475210" lon="12.036850">
        <ele>1695.00</ele>
        <time>2026-04-14T16:25:13Z</time>
      </trkpt>
      <trkpt lat="46.475210" lon="12.036860">
        <ele>1695.00</ele>
        <time>2026-04-14T16:25:23Z</time>
      </trkpt>
      <trkpt lat="46.475210" lon="12.037000">
        <ele>1694.80</ele>
        <time>2026-04-14T16:25:33Z</time>
      </trkpt>
      <trkpt lat="46.475220" lon="12.037120">
        <ele>1695.10</ele>
        <time>2026-04-14T16:25:43Z</time>
      </trkpt>
      <trkpt lat="46.475220" lon="12.037150">
        <ele>1695.10</ele>
        <time>2026-04-14T16:25:53Z</time>
      </trkpt>
      <trkpt lat="46.475220" lon="12.037260">
        <ele>1694.90</ele>
        <time>2026-04-14T16:26:03Z</time>
      </trkpt>
      <trkpt lat="46.475240" lon="12.037520">
        <ele>1696.00</ele>
        <time>2026-04-14T16:26:13Z</time>
      </trkpt>
      <trkpt lat="46.475240" lon="12.037650">
        <ele>1696.50</ele>
        <time>2026-04-14T16:26:23Z</time>
      </trkpt>
      <trkpt lat="46.475250" lon="12.037780">
        <ele>1697.10</ele>
        <time>2026-04-14T16:26:33Z</time>
      </trkpt>
      <trkpt lat="46.475240" lon="12.037910">
        <ele>1697.70</ele>
        <time>2026-04-14T16:26:43Z</time>
      </trkpt>
      <trkpt lat="46.475230" lon="12.038310">
        <ele>1699.40</ele>
        <time>2026-04-14T16:26:53Z</time>
      </trkpt>
      <trkpt lat="46.475190" lon="12.038690">
        <ele>1701.10</ele>
        <time>2026-04-14T16:27:03Z</time>
      </trkpt>
      <trkpt lat="46.475190" lon="12.038710">
        <ele>1701.30</ele>
        <time>2026-04-14T16:27:13Z</time>
      </trkpt>
      <trkpt lat="46.475180" lon="12.038790">
        <ele>1701.80</ele>
        <time>2026-04-14T16:27:23Z</time>
      </trkpt>
      <trkpt lat="46.475180" lon="12.038820">
        <ele>1702.20</ele>
        <time>2026-04-14T16:27:33Z</time>
      </trkpt>
      <trkpt lat="46.475170" lon="12.038940">
        <ele>1703.20</ele>
        <time>2026-04-14T16:27:43Z</time>
      </trkpt>
      <trkpt lat="46.475140" lon="12.039190">
        <ele>1705.00</ele>
        <time>2026-04-14T16:27:53Z</time>
      </trkpt>
      <trkpt lat="46.475140" lon="12.039230">
        <ele>1705.70</ele>
        <time>2026-04-14T16:28:03Z</time>
      </trkpt>
      <trkpt lat="46.475140" lon="12.039240">
        <ele>1705.90</ele>
        <time>2026-04-14T16:28:13Z</time>
      </trkpt>
      <trkpt lat="46.475150" lon="12.039260">
        <ele>1706.80</ele>
        <time>2026-04-14T16:28:23Z</time>
      </trkpt>
      <trkpt lat="46.475170" lon="12.039290">
        <ele>1708.30</ele>
        <time>2026-04-14T16:28:33Z</time>
      </trkpt>
      <trkpt lat="46.475210" lon="12.039320">
        <ele>1711.00</ele>
        <time>2026-04-14T16:28:43Z</time>
      </trkpt>
      <trkpt lat="46.475240" lon="12.039320">
        <ele>1712.50</ele>
        <time>2026-04-14T16:28:53Z</time>
      </trkpt>
      <trkpt lat="46.475280" lon="12.039310">
        <ele>1714.50</ele>
        <time>2026-04-14T16:29:03Z</time>
      </trkpt>
      <trkpt lat="46.475290" lon="12.039300">
        <ele>1714.80</ele>
        <time>2026-04-14T16:29:13Z</time>
      </trkpt>
      <trkpt lat="46.475300" lon="12.039290">
        <ele>1715.20</ele>
        <time>2026-04-14T16:29:23Z</time>
      </trkpt>
      <trkpt lat="46.475300" lon="12.039280">
        <ele>1715.00</ele>
        <time>2026-04-14T16:29:33Z</time>
      </trkpt>
      <trkpt lat="46.475320" lon="12.039200">
        <ele>1714.80</ele>
        <time>2026-04-14T16:29:43Z</time>
      </trkpt>
      <trkpt lat="46.475340" lon="12.039080">
        <ele>1714.30</ele>
        <time>2026-04-14T16:29:53Z</time>
      </trkpt>
      <trkpt lat="46.475390" lon="12.038830">
        <ele>1714.20</ele>
        <time>2026-04-14T16:30:03Z</time>
      </trkpt>
      <trkpt lat="46.475400" lon="12.038810">
        <ele>1714.50</ele>
        <time>2026-04-14T16:30:13Z</time>
      </trkpt>
      <trkpt lat="46.475420" lon="12.038700">
        <ele>1714.40</ele>
        <time>2026-04-14T16:30:23Z</time>
      </trkpt>
      <trkpt lat="46.475470" lon="12.038450">
        <ele>1714.50</ele>
        <time>2026-04-14T16:30:33Z</time>
      </trkpt>
      <trkpt lat="46.475500" lon="12.038330">
        <ele>1715.40</ele>
        <time>2026-04-14T16:30:43Z</time>
      </trkpt>
      <trkpt lat="46.475550" lon="12.038080">
        <ele>1717.30</ele>
        <time>2026-04-14T16:30:53Z</time>
      </trkpt>
      <trkpt lat="46.475610" lon="12.037800">
        <ele>1719.40</ele>
        <time>2026-04-14T16:31:03Z</time>
      </trkpt>
      <trkpt lat="46.475650" lon="12.037580">
        <ele>1721.10</ele>
        <time>2026-04-14T16:31:13Z</time>
      </trkpt>
      <trkpt lat="46.475660" lon="12.037550">
        <ele>1721.30</ele>
        <time>2026-04-14T16:31:23Z</time>
      </trkpt>
      <trkpt lat="46.475680" lon="12.037450">
        <ele>1722.10</ele>
        <time>2026-04-14T16:31:33Z</time>
      </trkpt>
      <trkpt lat="46.475680" lon="12.037440">
        <ele>1722.20</ele>
        <time>2026-04-14T16:31:43Z</time>
      </trkpt>
      <trkpt lat="46.475750" lon="12.036780">
        <ele>1727.10</ele>
        <time>2026-04-14T16:31:53Z</time>
      </trkpt>
      <trkpt lat="46.475760" lon="12.036680">
        <ele>1727.70</ele>
        <time>2026-04-14T16:32:03Z</time>
      </trkpt>
      <trkpt lat="46.475770" lon="12.036550">
        <ele>1728.00</ele>
        <time>2026-04-14T16:32:13Z</time>
      </trkpt>
      <trkpt lat="46.475770" lon="12.036520">
        <ele>1727.90</ele>
        <time>2026-04-14T16:32:23Z</time>
      </trkpt>
      <trkpt lat="46.475780" lon="12.036420">
        <ele>1728.30</ele>
        <time>2026-04-14T16:32:33Z</time>
      </trkpt>
      <trkpt lat="46.475780" lon="12.036400">
        <ele>1728.20</ele>
        <time>2026-04-14T16:32:43Z</time>
      </trkpt>
      <trkpt lat="46.475840" lon="12.036110">
        <ele>1731.00</ele>
        <time>2026-04-14T16:32:53Z</time>
      </trkpt>
      <trkpt lat="46.475890" lon="12.035940">
        <ele>1733.70</ele>
        <time>2026-04-14T16:33:03Z</time>
      </trkpt>
      <trkpt lat="46.475900" lon="12.035930">
        <ele>1734.30</ele>
        <time>2026-04-14T16:33:13Z</time>
      </trkpt>
      <trkpt lat="46.475940" lon="12.035820">
        <ele>1736.50</ele>
        <time>2026-04-14T16:33:23Z</time>
      </trkpt>
      <trkpt lat="46.475950" lon="12.035790">
        <ele>1736.90</ele>
        <time>2026-04-14T16:33:33Z</time>
      </trkpt>
      <trkpt lat="46.476000" lon="12.035650">
        <ele>1738.90</ele>
        <time>2026-04-14T16:33:43Z</time>
      </trkpt>
      <trkpt lat="46.476050" lon="12.035450">
        <ele>1740.60</ele>
        <time>2026-04-14T16:33:53Z</time>
      </trkpt>
      <trkpt lat="46.476180" lon="12.034950">
        <ele>1746.50</ele>
        <time>2026-04-14T16:34:03Z</time>
      </trkpt>
      <trkpt lat="46.476210" lon="12.034890">
        <ele>1748.30</ele>
        <time>2026-04-14T16:34:13Z</time>
      </trkpt>
      <trkpt lat="46.476210" lon="12.034820">
        <ele>1747.80</ele>
        <time>2026-04-14T16:34:23Z</time>
      </trkpt>
      <trkpt lat="46.476200" lon="12.034620">
        <ele>1745.80</ele>
        <time>2026-04-14T16:34:33Z</time>
      </trkpt>
      <trkpt lat="46.476200" lon="12.034450">
        <ele>1744.60</ele>
        <time>2026-04-14T16:34:43Z</time>
      </trkpt>
      <trkpt lat="46.476200" lon="12.034360">
        <ele>1744.00</ele>
        <time>2026-04-14T16:34:53Z</time>
      </trkpt>
      <trkpt lat="46.476210" lon="12.034330">
        <ele>1744.50</ele>
        <time>2026-04-14T16:35:03Z</time>
      </trkpt>
      <trkpt lat="46.476220" lon="12.034300">
        <ele>1745.00</ele>
        <time>2026-04-14T16:35:13Z</time>
      </trkpt>
      <trkpt lat="46.476250" lon="12.034170">
        <ele>1746.00</ele>
        <time>2026-04-14T16:35:23Z</time>
      </trkpt>
      <trkpt lat="46.476300" lon="12.034060">
        <ele>1747.60</ele>
        <time>2026-04-14T16:35:33Z</time>
      </trkpt>
      <trkpt lat="46.476320" lon="12.033960">
        <ele>1747.30</ele>
        <time>2026-04-14T16:35:43Z</time>
      </trkpt>
      <trkpt lat="46.476330" lon="12.033810">
        <ele>1745.60</ele>
        <time>2026-04-14T16:35:53Z</time>
      </trkpt>
      <trkpt lat="46.476360" lon="12.033540">
        <ele>1743.20</ele>
        <time>2026-04-14T16:36:03Z</time>
      </trkpt>
      <trkpt lat="46.476360" lon="12.033470">
        <ele>1742.10</ele>
        <time>2026-04-14T16:36:13Z</time>
      </trkpt>
      <trkpt lat="46.476370" lon="12.033450">
        <ele>1742.40</ele>
        <time>2026-04-14T16:36:23Z</time>
      </trkpt>
      <trkpt lat="46.476380" lon="12.033390">
        <ele>1742.10</ele>
        <time>2026-04-14T16:36:33Z</time>
      </trkpt>
      <trkpt lat="46.476410" lon="12.033320">
        <ele>1742.60</ele>
        <time>2026-04-14T16:36:43Z</time>
      </trkpt>
      <trkpt lat="46.476410" lon="12.033310">
        <ele>1742.30</ele>
        <time>2026-04-14T16:36:53Z</time>
      </trkpt>
      <trkpt lat="46.476470" lon="12.033240">
        <ele>1744.00</ele>
        <time>2026-04-14T16:37:03Z</time>
      </trkpt>
      <trkpt lat="46.476540" lon="12.033180">
        <ele>1746.50</ele>
        <time>2026-04-14T16:37:13Z</time>
      </trkpt>
      <trkpt lat="46.476560" lon="12.033160">
        <ele>1747.10</ele>
        <time>2026-04-14T16:37:23Z</time>
      </trkpt>
      <trkpt lat="46.476650" lon="12.033090">
        <ele>1750.30</ele>
        <time>2026-04-14T16:37:33Z</time>
      </trkpt>
      <trkpt lat="46.476770" lon="12.033060">
        <ele>1755.60</ele>
        <time>2026-04-14T16:37:43Z</time>
      </trkpt>
      <trkpt lat="46.476950" lon="12.032980">
        <ele>1762.00</ele>
        <time>2026-04-14T16:37:53Z</time>
      </trkpt>
      <trkpt lat="46.477040" lon="12.032900">
        <ele>1763.60</ele>
        <time>2026-04-14T16:38:03Z</time>
      </trkpt>
      <trkpt lat="46.477100" lon="12.032820">
        <ele>1763.70</ele>
        <time>2026-04-14T16:38:13Z</time>
      </trkpt>
      <trkpt lat="46.477170" lon="12.032720">
        <ele>1763.40</ele>
        <time>2026-04-14T16:38:23Z</time>
      </trkpt>
      <trkpt lat="46.477180" lon="12.032690">
        <ele>1762.70</ele>
        <time>2026-04-14T16:38:33Z</time>
      </trkpt>
      <trkpt lat="46.477340" lon="12.032330">
        <ele>1759.00</ele>
        <time>2026-04-14T16:38:43Z</time>
      </trkpt>
      <trkpt lat="46.477400" lon="12.032240">
        <ele>1759.30</ele>
        <time>2026-04-14T16:38:53Z</time>
      </trkpt>
      <trkpt lat="46.477440" lon="12.032200">
        <ele>1759.90</ele>
        <time>2026-04-14T16:39:03Z</time>
      </trkpt>
      <trkpt lat="46.477490" lon="12.032160">
        <ele>1760.90</ele>
        <time>2026-04-14T16:39:13Z</time>
      </trkpt>
      <trkpt lat="46.477590" lon="12.032090">
        <ele>1762.40</ele>
        <time>2026-04-14T16:39:23Z</time>
      </trkpt>
      <trkpt lat="46.477640" lon="12.032030">
        <ele>1762.50</ele>
        <time>2026-04-14T16:39:33Z</time>
      </trkpt>
      <trkpt lat="46.477760" lon="12.031840">
        <ele>1760.90</ele>
        <time>2026-04-14T16:39:43Z</time>
      </trkpt>
      <trkpt lat="46.477960" lon="12.031490">
        <ele>1756.10</ele>
        <time>2026-04-14T16:39:53Z</time>
      </trkpt>
      <trkpt lat="46.477970" lon="12.031470">
        <ele>1755.80</ele>
        <time>2026-04-14T16:40:03Z</time>
      </trkpt>
      <trkpt lat="46.478020" lon="12.031410">
        <ele>1755.50</ele>
        <time>2026-04-14T16:40:13Z</time>
      </trkpt>
      <trkpt lat="46.478030" lon="12.031390">
        <ele>1755.20</ele>
        <time>2026-04-14T16:40:23Z</time>
      </trkpt>
      <trkpt lat="46.478120" lon="12.031270">
        <ele>1754.50</ele>
        <time>2026-04-14T16:40:33Z</time>
      </trkpt>
      <trkpt lat="46.478160" lon="12.031240">
        <ele>1754.90</ele>
        <time>2026-04-14T16:40:43Z</time>
      </trkpt>
      <trkpt lat="46.478220" lon="12.031180">
        <ele>1755.00</ele>
        <time>2026-04-14T16:40:53Z</time>
      </trkpt>
      <trkpt lat="46.478240" lon="12.031160">
        <ele>1755.10</ele>
        <time>2026-04-14T16:41:03Z</time>
      </trkpt>
      <trkpt lat="46.478270" lon="12.031150">
        <ele>1755.80</ele>
        <time>2026-04-14T16:41:13Z</time>
      </trkpt>
      <trkpt lat="46.478320" lon="12.031140">
        <ele>1757.00</ele>
        <time>2026-04-14T16:41:23Z</time>
      </trkpt>
      <trkpt lat="46.478340" lon="12.031140">
        <ele>1757.50</ele>
        <time>2026-04-14T16:41:33Z</time>
      </trkpt>
      <trkpt lat="46.478370" lon="12.031140">
        <ele>1758.40</ele>
        <time>2026-04-14T16:41:43Z</time>
      </trkpt>
      <trkpt lat="46.478410" lon="12.031170">
        <ele>1760.20</ele>
        <time>2026-04-14T16:41:53Z</time>
      </trkpt>
      <trkpt lat="46.478430" lon="12.031170">
        <ele>1760.70</ele>
        <time>2026-04-14T16:42:03Z</time>
      </trkpt>
      <trkpt lat="46.478470" lon="12.031230">
        <ele>1763.00</ele>
        <time>2026-04-14T16:42:13Z</time>
      </trkpt>
      <trkpt lat="46.478470" lon="12.031250">
        <ele>1763.40</ele>
        <time>2026-04-14T16:42:23Z</time>
      </trkpt>
      <trkpt lat="46.478490" lon="12.031310">
        <ele>1765.00</ele>
        <time>2026-04-14T16:42:33Z</time>
      </trkpt>
      <trkpt lat="46.478501" lon="12.031346">
        <ele>1764.09</ele>
        <time>2026-04-14T16:42:42Z</time>
      </trkpt>
      <trkpt lat="46.478530" lon="12.031440">
        <ele>1768.30</ele>
        <time>2026-04-14T16:42:43Z</time>
      </trkpt>
      <trkpt lat="46.478540" lon="12.031490">
        <ele>1769.30</ele>
        <time>2026-04-14T16:42:53Z</time>
      </trkpt>
      <trkpt lat="46.478550" lon="12.031530">
        <ele>1770.20</ele>
        <time>2026-04-14T16:43:03Z</time>
      </trkpt>
      <trkpt lat="46.478610" lon="12.031630">
        <ele>1772.70</ele>
        <time>2026-04-14T16:43:13Z</time>
      </trkpt>
      <trkpt lat="46.478660" lon="12.031680">
        <ele>1774.30</ele>
        <time>2026-04-14T16:43:23Z</time>
      </trkpt>
      <trkpt lat="46.478670" lon="12.031700">
        <ele>1775.00</ele>
        <time>2026-04-14T16:43:33Z</time>
      </trkpt>
      <trkpt lat="46.478680" lon="12.031700">
        <ele>1775.20</ele>
        <time>2026-04-14T16:43:43Z</time>
      </trkpt>
      <trkpt lat="46.478730" lon="12.031760">
        <ele>1777.50</ele>
        <time>2026-04-14T16:43:53Z</time>
      </trkpt>
      <trkpt lat="46.478800" lon="12.031840">
        <ele>1780.40</ele>
        <time>2026-04-14T16:44:03Z</time>
      </trkpt>
      <trkpt lat="46.478880" lon="12.031920">
        <ele>1783.30</ele>
        <time>2026-04-14T16:44:13Z</time>
      </trkpt>
      <trkpt lat="46.478910" lon="12.031960">
        <ele>1784.60</ele>
        <time>2026-04-14T16:44:23Z</time>
      </trkpt>
      <trkpt lat="46.478920" lon="12.031980">
        <ele>1785.10</ele>
        <time>2026-04-14T16:44:33Z</time>
      </trkpt>
      <trkpt lat="46.478920" lon="12.032000">
        <ele>1785.70</ele>
        <time>2026-04-14T16:44:43Z</time>
      </trkpt>
      <trkpt lat="46.478920" lon="12.032020">
        <ele>1786.20</ele>
        <time>2026-04-14T16:44:53Z</time>
      </trkpt>
      <trkpt lat="46.478920" lon="12.032040">
        <ele>1786.70</ele>
        <time>2026-04-14T16:45:03Z</time>
      </trkpt>
      <trkpt lat="46.478910" lon="12.032070">
        <ele>1787.40</ele>
        <time>2026-04-14T16:45:13Z</time>
      </trkpt>
      <trkpt lat="46.478890" lon="12.032100">
        <ele>1788.10</ele>
        <time>2026-04-14T16:45:23Z</time>
      </trkpt>
      <trkpt lat="46.478870" lon="12.032120">
        <ele>1788.60</ele>
        <time>2026-04-14T16:45:33Z</time>
      </trkpt>
      <trkpt lat="46.478860" lon="12.032120">
        <ele>1788.50</ele>
        <time>2026-04-14T16:45:43Z</time>
      </trkpt>
      <trkpt lat="46.478860" lon="12.032130">
        <ele>1788.80</ele>
        <time>2026-04-14T16:45:53Z</time>
      </trkpt>
      <trkpt lat="46.478840" lon="12.032130">
        <ele>1788.70</ele>
        <time>2026-04-14T16:46:03Z</time>
      </trkpt>
      <trkpt lat="46.478830" lon="12.032130">
        <ele>1788.70</ele>
        <time>2026-04-14T16:46:13Z</time>
      </trkpt>
      <trkpt lat="46.478790" lon="12.032100">
        <ele>1787.70</ele>
        <time>2026-04-14T16:46:23Z</time>
      </trkpt>
      <trkpt lat="46.478735" lon="12.032073">
        <ele>1788.80</ele>
        <time>2026-04-14T16:46:32Z</time>
      </trkpt>
      <trkpt lat="46.478710" lon="12.032060">
        <ele>1786.10</ele>
        <time>2026-04-14T16:46:33Z</time>
      </trkpt>
      <trkpt lat="46.478540" lon="12.031940">
        <ele>1781.30</ele>
        <time>2026-04-14T16:46:43Z</time>
      </trkpt>
      <trkpt lat="46.478500" lon="12.031910">
        <ele>1780.10</ele>
        <time>2026-04-14T16:46:53Z</time>
      </trkpt>
      <trkpt lat="46.478400" lon="12.031830">
        <ele>1776.50</ele>
        <time>2026-04-14T16:47:03Z</time>
      </trkpt>
      <trkpt lat="46.478380" lon="12.031830">
        <ele>1776.30</ele>
        <time>2026-04-14T16:47:13Z</time>
      </trkpt>
      <trkpt lat="46.478340" lon="12.031820">
        <ele>1775.60</ele>
        <time>2026-04-14T16:47:23Z</time>
      </trkpt>
      <trkpt lat="46.478320" lon="12.031830">
        <ele>1775.50</ele>
        <time>2026-04-14T16:47:33Z</time>
      </trkpt>
      <trkpt lat="46.478300" lon="12.031830">
        <ele>1775.00</ele>
        <time>2026-04-14T16:47:43Z</time>
      </trkpt>
      <trkpt lat="46.478290" lon="12.031840">
        <ele>1775.10</ele>
        <time>2026-04-14T16:47:53Z</time>
      </trkpt>
      <trkpt lat="46.478270" lon="12.031850">
        <ele>1774.90</ele>
        <time>2026-04-14T16:48:03Z</time>
      </trkpt>
      <trkpt lat="46.478260" lon="12.031880">
        <ele>1775.70</ele>
        <time>2026-04-14T16:48:13Z</time>
      </trkpt>
      <trkpt lat="46.478240" lon="12.031910">
        <ele>1776.20</ele>
        <time>2026-04-14T16:48:23Z</time>
      </trkpt>
      <trkpt lat="46.478230" lon="12.031940">
        <ele>1776.90</ele>
        <time>2026-04-14T16:48:33Z</time>
      </trkpt>
      <trkpt lat="46.478230" lon="12.032030">
        <ele>1780.00</ele>
        <time>2026-04-14T16:48:43Z</time>
      </trkpt>
      <trkpt lat="46.478250" lon="12.032080">
        <ele>1782.30</ele>
        <time>2026-04-14T16:48:53Z</time>
      </trkpt>
      <trkpt lat="46.478280" lon="12.032110">
        <ele>1784.30</ele>
        <time>2026-04-14T16:49:03Z</time>
      </trkpt>
      <trkpt lat="46.478290" lon="12.032130">
        <ele>1785.30</ele>
        <time>2026-04-14T16:49:13Z</time>
      </trkpt>
      <trkpt lat="46.478340" lon="12.032150">
        <ele>1787.40</ele>
        <time>2026-04-14T16:49:23Z</time>
      </trkpt>
      <trkpt lat="46.478390" lon="12.032190">
        <ele>1789.00</ele>
        <time>2026-04-14T16:49:33Z</time>
      </trkpt>
      <trkpt lat="46.478410" lon="12.032200">
        <ele>1789.40</ele>
        <time>2026-04-14T16:49:43Z</time>
      </trkpt>
      <trkpt lat="46.478480" lon="12.032250">
        <ele>1791.30</ele>
        <time>2026-04-14T16:49:53Z</time>
      </trkpt>
      <trkpt lat="46.478570" lon="12.032320">
        <ele>1793.70</ele>
        <time>2026-04-14T16:50:03Z</time>
      </trkpt>
      <trkpt lat="46.478640" lon="12.032360">
        <ele>1795.00</ele>
        <time>2026-04-14T16:50:13Z</time>
      </trkpt>
      <trkpt lat="46.478710" lon="12.032410">
        <ele>1796.40</ele>
        <time>2026-04-14T16:50:23Z</time>
      </trkpt>
      <trkpt lat="46.478830" lon="12.032490">
        <ele>1798.50</ele>
        <time>2026-04-14T16:50:33Z</time>
      </trkpt>
      <trkpt lat="46.479020" lon="12.032530">
        <ele>1799.70</ele>
        <time>2026-04-14T16:50:43Z</time>
      </trkpt>
      <trkpt lat="46.479120" lon="12.032580">
        <ele>1801.60</ele>
        <time>2026-04-14T16:50:53Z</time>
      </trkpt>
      <trkpt lat="46.479150" lon="12.032610">
        <ele>1802.80</ele>
        <time>2026-04-14T16:51:03Z</time>
      </trkpt>
      <trkpt lat="46.479210" lon="12.032690">
        <ele>1806.60</ele>
        <time>2026-04-14T16:51:13Z</time>
      </trkpt>
      <trkpt lat="46.479230" lon="12.032700">
        <ele>1807.20</ele>
        <time>2026-04-14T16:51:23Z</time>
      </trkpt>
      <trkpt lat="46.479290" lon="12.032770">
        <ele>1810.60</ele>
        <time>2026-04-14T16:51:33Z</time>
      </trkpt>
      <trkpt lat="46.479330" lon="12.032830">
        <ele>1813.30</ele>
        <time>2026-04-14T16:51:43Z</time>
      </trkpt>
      <trkpt lat="46.479420" lon="12.032900">
        <ele>1816.40</ele>
        <time>2026-04-14T16:51:53Z</time>
      </trkpt>
      <trkpt lat="46.479510" lon="12.032930">
        <ele>1817.90</ele>
        <time>2026-04-14T16:52:03Z</time>
      </trkpt>
      <trkpt lat="46.479560" lon="12.032930">
        <ele>1818.10</ele>
        <time>2026-04-14T16:52:13Z</time>
      </trkpt>
      <trkpt lat="46.479670" lon="12.032910">
        <ele>1817.90</ele>
        <time>2026-04-14T16:52:23Z</time>
      </trkpt>
      <trkpt lat="46.479690" lon="12.032880">
        <ele>1817.00</ele>
        <time>2026-04-14T16:52:33Z</time>
      </trkpt>
      <trkpt lat="46.479710" lon="12.032860">
        <ele>1816.50</ele>
        <time>2026-04-14T16:52:43Z</time>
      </trkpt>
      <trkpt lat="46.479770" lon="12.032800">
        <ele>1815.00</ele>
        <time>2026-04-14T16:52:53Z</time>
      </trkpt>
      <trkpt lat="46.479860" lon="12.032710">
        <ele>1813.10</ele>
        <time>2026-04-14T16:53:03Z</time>
      </trkpt>
      <trkpt lat="46.479910" lon="12.032680">
        <ele>1812.70</ele>
        <time>2026-04-14T16:53:13Z</time>
      </trkpt>
      <trkpt lat="46.479970" lon="12.032670">
        <ele>1813.00</ele>
        <time>2026-04-14T16:53:23Z</time>
      </trkpt>
      <trkpt lat="46.480100" lon="12.032710">
        <ele>1815.40</ele>
        <time>2026-04-14T16:53:33Z</time>
      </trkpt>
      <trkpt lat="46.480160" lon="12.032710">
        <ele>1816.00</ele>
        <time>2026-04-14T16:53:43Z</time>
      </trkpt>
      <trkpt lat="46.480230" lon="12.032700">
        <ele>1816.50</ele>
        <time>2026-04-14T16:53:53Z</time>
      </trkpt>
      <trkpt lat="46.480270" lon="12.032680">
        <ele>1816.50</ele>
        <time>2026-04-14T16:54:03Z</time>
      </trkpt>
      <trkpt lat="46.480350" lon="12.032600">
        <ele>1815.30</ele>
        <time>2026-04-14T16:54:13Z</time>
      </trkpt>
      <trkpt lat="46.480370" lon="12.032590">
        <ele>1815.30</ele>
        <time>2026-04-14T16:54:23Z</time>
      </trkpt>
      <trkpt lat="46.480490" lon="12.032440">
        <ele>1814.00</ele>
        <time>2026-04-14T16:54:33Z</time>
      </trkpt>
      <trkpt lat="46.480500" lon="12.032430">
        <ele>1814.10</ele>
        <time>2026-04-14T16:54:43Z</time>
      </trkpt>
      <trkpt lat="46.480510" lon="12.032430">
        <ele>1814.20</ele>
        <time>2026-04-14T16:54:53Z</time>
      </trkpt>
      <trkpt lat="46.480520" lon="12.032430">
        <ele>1814.30</ele>
        <time>2026-04-14T16:55:03Z</time>
      </trkpt>
      <trkpt lat="46.480540" lon="12.032440">
        <ele>1814.60</ele>
        <time>2026-04-14T16:55:13Z</time>
      </trkpt>
      <trkpt lat="46.480550" lon="12.032440">
        <ele>1814.70</ele>
        <time>2026-04-14T16:55:23Z</time>
      </trkpt>
      <trkpt lat="46.480560" lon="12.032460">
        <ele>1814.90</ele>
        <time>2026-04-14T16:55:33Z</time>
      </trkpt>
      <trkpt lat="46.480570" lon="12.032460">
        <ele>1815.00</ele>
        <time>2026-04-14T16:55:43Z</time>
      </trkpt>
      <trkpt lat="46.480570" lon="12.032470">
        <ele>1815.10</ele>
        <time>2026-04-14T16:55:53Z</time>
      </trkpt>
      <trkpt lat="46.480580" lon="12.032480">
        <ele>1815.20</ele>
        <time>2026-04-14T16:56:03Z</time>
      </trkpt>
      <trkpt lat="46.480580" lon="12.032510">
        <ele>1815.50</ele>
        <time>2026-04-14T16:56:13Z</time>
      </trkpt>
      <trkpt lat="46.480580" lon="12.032550">
        <ele>1816.50</ele>
        <time>2026-04-14T16:56:23Z</time>
      </trkpt>
      <trkpt lat="46.480570" lon="12.032590">
        <ele>1817.40</ele>
        <time>2026-04-14T16:56:33Z</time>
      </trkpt>
      <trkpt lat="46.480570" lon="12.032610">
        <ele>1817.90</ele>
        <time>2026-04-14T16:56:43Z</time>
      </trkpt>
      <trkpt lat="46.480550" lon="12.032680">
        <ele>1819.50</ele>
        <time>2026-04-14T16:56:53Z</time>
      </trkpt>
      <trkpt lat="46.480490" lon="12.032800">
        <ele>1821.90</ele>
        <time>2026-04-14T16:57:03Z</time>
      </trkpt>
      <trkpt lat="46.480350" lon="12.033020">
        <ele>1825.90</ele>
        <time>2026-04-14T16:57:13Z</time>
      </trkpt>
      <trkpt lat="46.480340" lon="12.033030">
        <ele>1826.00</ele>
        <time>2026-04-14T16:57:23Z</time>
      </trkpt>
      <trkpt lat="46.480290" lon="12.033100">
        <ele>1827.30</ele>
        <time>2026-04-14T16:57:33Z</time>
      </trkpt>
      <trkpt lat="46.480280" lon="12.033110">
        <ele>1827.40</ele>
        <time>2026-04-14T16:57:43Z</time>
      </trkpt>
      <trkpt lat="46.480210" lon="12.033160">
        <ele>1827.90</ele>
        <time>2026-04-14T16:57:53Z</time>
      </trkpt>
      <trkpt lat="46.480190" lon="12.033170">
        <ele>1827.90</ele>
        <time>2026-04-14T16:58:03Z</time>
      </trkpt>
      <trkpt lat="46.480140" lon="12.033210">
        <ele>1828.40</ele>
        <time>2026-04-14T16:58:13Z</time>
      </trkpt>
      <trkpt lat="46.480130" lon="12.033220">
        <ele>1828.60</ele>
        <time>2026-04-14T16:58:23Z</time>
      </trkpt>
      <trkpt lat="46.479980" lon="12.033280">
        <ele>1828.70</ele>
        <time>2026-04-14T16:58:33Z</time>
      </trkpt>
      <trkpt lat="46.479970" lon="12.033290">
        <ele>1829.00</ele>
        <time>2026-04-14T16:58:43Z</time>
      </trkpt>
      <trkpt lat="46.479960" lon="12.033330">
        <ele>1830.10</ele>
        <time>2026-04-14T16:58:53Z</time>
      </trkpt>
      <trkpt lat="46.479950" lon="12.033380">
        <ele>1832.10</ele>
        <time>2026-04-14T16:59:03Z</time>
      </trkpt>
      <trkpt lat="46.479960" lon="12.033410">
        <ele>1833.20</ele>
        <time>2026-04-14T16:59:13Z</time>
      </trkpt>
      <trkpt lat="46.479960" lon="12.033430">
        <ele>1834.00</ele>
        <time>2026-04-14T16:59:23Z</time>
      </trkpt>
      <trkpt lat="46.479970" lon="12.033450">
        <ele>1834.80</ele>
        <time>2026-04-14T16:59:33Z</time>
      </trkpt>
      <trkpt lat="46.479980" lon="12.033450">
        <ele>1834.70</ele>
        <time>2026-04-14T16:59:43Z</time>
      </trkpt>
      <trkpt lat="46.479980" lon="12.033460">
        <ele>1835.10</ele>
        <time>2026-04-14T16:59:53Z</time>
      </trkpt>
      <trkpt lat="46.479990" lon="12.033460">
        <ele>1835.10</ele>
        <time>2026-04-14T17:00:03Z</time>
      </trkpt>
      <trkpt lat="46.480000" lon="12.033470">
        <ele>1835.40</ele>
        <time>2026-04-14T17:00:13Z</time>
      </trkpt>
      <trkpt lat="46.480040" lon="12.033470">
        <ele>1835.80</ele>
        <time>2026-04-14T17:00:23Z</time>
      </trkpt>
      <trkpt lat="46.480130" lon="12.033460">
        <ele>1836.20</ele>
        <time>2026-04-14T17:00:33Z</time>
      </trkpt>
      <trkpt lat="46.480150" lon="12.033460">
        <ele>1836.40</ele>
        <time>2026-04-14T17:00:43Z</time>
      </trkpt>
      <trkpt lat="46.480170" lon="12.033460">
        <ele>1836.60</ele>
        <time>2026-04-14T17:00:53Z</time>
      </trkpt>
      <trkpt lat="46.480220" lon="12.033450">
        <ele>1836.70</ele>
        <time>2026-04-14T17:01:03Z</time>
      </trkpt>
      <trkpt lat="46.480330" lon="12.033430">
        <ele>1837.00</ele>
        <time>2026-04-14T17:01:13Z</time>
      </trkpt>
      <trkpt lat="46.480600" lon="12.033370">
        <ele>1837.70</ele>
        <time>2026-04-14T17:01:23Z</time>
      </trkpt>
      <trkpt lat="46.480660" lon="12.033350">
        <ele>1837.60</ele>
        <time>2026-04-14T17:01:33Z</time>
      </trkpt>
      <trkpt lat="46.480680" lon="12.033350">
        <ele>1837.90</ele>
        <time>2026-04-14T17:01:43Z</time>
      </trkpt>
      <trkpt lat="46.480750" lon="12.033330">
        <ele>1838.00</ele>
        <time>2026-04-14T17:01:53Z</time>
      </trkpt>
      <trkpt lat="46.480840" lon="12.033300">
        <ele>1838.20</ele>
        <time>2026-04-14T17:02:03Z</time>
      </trkpt>
      <trkpt lat="46.480860" lon="12.033300">
        <ele>1838.30</ele>
        <time>2026-04-14T17:02:13Z</time>
      </trkpt>
      <trkpt lat="46.480930" lon="12.033280">
        <ele>1838.10</ele>
        <time>2026-04-14T17:02:23Z</time>
      </trkpt>
      <trkpt lat="46.481020" lon="12.033260">
        <ele>1838.00</ele>
        <time>2026-04-14T17:02:33Z</time>
      </trkpt>
      <trkpt lat="46.481040" lon="12.033250">
        <ele>1837.80</ele>
        <time>2026-04-14T17:02:43Z</time>
      </trkpt>
      <trkpt lat="46.481070" lon="12.033240">
        <ele>1837.80</ele>
        <time>2026-04-14T17:02:53Z</time>
      </trkpt>
      <trkpt lat="46.481110" lon="12.033240">
        <ele>1837.90</ele>
        <time>2026-04-14T17:03:03Z</time>
      </trkpt>
      <trkpt lat="46.481130" lon="12.033240">
        <ele>1838.00</ele>
        <time>2026-04-14T17:03:13Z</time>
      </trkpt>
      <trkpt lat="46.481150" lon="12.033260">
        <ele>1838.60</ele>
        <time>2026-04-14T17:03:23Z</time>
      </trkpt>
      <trkpt lat="46.481170" lon="12.033280">
        <ele>1839.10</ele>
        <time>2026-04-14T17:03:33Z</time>
      </trkpt>
      <trkpt lat="46.481180" lon="12.033300">
        <ele>1839.50</ele>
        <time>2026-04-14T17:03:43Z</time>
      </trkpt>
      <trkpt lat="46.481180" lon="12.033320">
        <ele>1840.00</ele>
        <time>2026-04-14T17:03:53Z</time>
      </trkpt>
      <trkpt lat="46.481180" lon="12.033330">
        <ele>1840.20</ele>
        <time>2026-04-14T17:04:03Z</time>
      </trkpt>
      <trkpt lat="46.481180" lon="12.033380">
        <ele>1841.50</ele>
        <time>2026-04-14T17:04:13Z</time>
      </trkpt>
      <trkpt lat="46.481180" lon="12.033420">
        <ele>1842.60</ele>
        <time>2026-04-14T17:04:23Z</time>
      </trkpt>
      <trkpt lat="46.481170" lon="12.033440">
        <ele>1843.10</ele>
        <time>2026-04-14T17:04:33Z</time>
      </trkpt>
      <trkpt lat="46.481170" lon="12.033450">
        <ele>1843.40</ele>
        <time>2026-04-14T17:04:43Z</time>
      </trkpt>
      <trkpt lat="46.481150" lon="12.033490">
        <ele>1844.40</ele>
        <time>2026-04-14T17:04:53Z</time>
      </trkpt>
      <trkpt lat="46.481130" lon="12.033520">
        <ele>1845.20</ele>
        <time>2026-04-14T17:05:03Z</time>
      </trkpt>
      <trkpt lat="46.481120" lon="12.033540">
        <ele>1845.70</ele>
        <time>2026-04-14T17:05:13Z</time>
      </trkpt>
      <trkpt lat="46.481110" lon="12.033560">
        <ele>1846.30</ele>
        <time>2026-04-14T17:05:23Z</time>
      </trkpt>
      <trkpt lat="46.481050" lon="12.033590">
        <ele>1846.90</ele>
        <time>2026-04-14T17:05:33Z</time>
      </trkpt>
      <trkpt lat="46.480960" lon="12.033640">
        <ele>1848.10</ele>
        <time>2026-04-14T17:05:43Z</time>
      </trkpt>
      <trkpt lat="46.480940" lon="12.033650">
        <ele>1848.40</ele>
        <time>2026-04-14T17:05:53Z</time>
      </trkpt>
      <trkpt lat="46.480910" lon="12.033670">
        <ele>1848.90</ele>
        <time>2026-04-14T17:06:03Z</time>
      </trkpt>
      <trkpt lat="46.480870" lon="12.033670">
        <ele>1848.80</ele>
        <time>2026-04-14T17:06:13Z</time>
      </trkpt>
      <trkpt lat="46.480780" lon="12.033690">
        <ele>1848.90</ele>
        <time>2026-04-14T17:06:23Z</time>
      </trkpt>
      <trkpt lat="46.480760" lon="12.033700">
        <ele>1849.10</ele>
        <time>2026-04-14T17:06:33Z</time>
      </trkpt>
      <trkpt lat="46.480690" lon="12.033720">
        <ele>1849.30</ele>
        <time>2026-04-14T17:06:43Z</time>
      </trkpt>
      <trkpt lat="46.480610" lon="12.033730">
        <ele>1849.20</ele>
        <time>2026-04-14T17:06:53Z</time>
      </trkpt>
      <trkpt lat="46.480590" lon="12.033740">
        <ele>1849.40</ele>
        <time>2026-04-14T17:07:03Z</time>
      </trkpt>
      <trkpt lat="46.480580" lon="12.033740">
        <ele>1849.30</ele>
        <time>2026-04-14T17:07:13Z</time>
      </trkpt>
      <trkpt lat="46.480530" lon="12.033780">
        <ele>1850.30</ele>
        <time>2026-04-14T17:07:23Z</time>
      </trkpt>
      <trkpt lat="46.480510" lon="12.033800">
        <ele>1850.90</ele>
        <time>2026-04-14T17:07:33Z</time>
      </trkpt>
      <trkpt lat="46.480500" lon="12.033820">
        <ele>1851.50</ele>
        <time>2026-04-14T17:07:43Z</time>
      </trkpt>
      <trkpt lat="46.480500" lon="12.033830">
        <ele>1851.90</ele>
        <time>2026-04-14T17:07:53Z</time>
      </trkpt>
      <trkpt lat="46.480500" lon="12.033840">
        <ele>1852.20</ele>
        <time>2026-04-14T17:08:03Z</time>
      </trkpt>
      <trkpt lat="46.480490" lon="12.033850">
        <ele>1852.50</ele>
        <time>2026-04-14T17:08:13Z</time>
      </trkpt>
      <trkpt lat="46.480490" lon="12.033870">
        <ele>1853.10</ele>
        <time>2026-04-14T17:08:23Z</time>
      </trkpt>
      <trkpt lat="46.480500" lon="12.033880">
        <ele>1853.50</ele>
        <time>2026-04-14T17:08:33Z</time>
      </trkpt>
      <trkpt lat="46.480500" lon="12.033890">
        <ele>1853.80</ele>
        <time>2026-04-14T17:08:43Z</time>
      </trkpt>
      <trkpt lat="46.480500" lon="12.033910">
        <ele>1854.50</ele>
        <time>2026-04-14T17:08:53Z</time>
      </trkpt>
      <trkpt lat="46.480510" lon="12.033920">
        <ele>1854.90</ele>
        <time>2026-04-14T17:09:03Z</time>
      </trkpt>
      <trkpt lat="46.480520" lon="12.033950">
        <ele>1855.90</ele>
        <time>2026-04-14T17:09:13Z</time>
      </trkpt>
      <trkpt lat="46.480530" lon="12.033960">
        <ele>1856.20</ele>
        <time>2026-04-14T17:09:23Z</time>
      </trkpt>
      <trkpt lat="46.480540" lon="12.033960">
        <ele>1856.30</ele>
        <time>2026-04-14T17:09:33Z</time>
      </trkpt>
      <trkpt lat="46.480550" lon="12.033970">
        <ele>1856.60</ele>
        <time>2026-04-14T17:09:43Z</time>
      </trkpt>
      <trkpt lat="46.480570" lon="12.033970">
        <ele>1856.70</ele>
        <time>2026-04-14T17:09:53Z</time>
      </trkpt>
      <trkpt lat="46.480650" lon="12.033980">
        <ele>1857.20</ele>
        <time>2026-04-14T17:10:03Z</time>
      </trkpt>
      <trkpt lat="46.480680" lon="12.033980">
        <ele>1857.30</ele>
        <time>2026-04-14T17:10:13Z</time>
      </trkpt>
      <trkpt lat="46.480830" lon="12.034000">
        <ele>1858.20</ele>
        <time>2026-04-14T17:10:23Z</time>
      </trkpt>
      <trkpt lat="46.480860" lon="12.034000">
        <ele>1858.20</ele>
        <time>2026-04-14T17:10:33Z</time>
      </trkpt>
      <trkpt lat="46.480930" lon="12.034000">
        <ele>1858.30</ele>
        <time>2026-04-14T17:10:43Z</time>
      </trkpt>
      <trkpt lat="46.481210" lon="12.034030">
        <ele>1859.30</ele>
        <time>2026-04-14T17:10:53Z</time>
      </trkpt>
      <trkpt lat="46.481280" lon="12.034040">
        <ele>1860.10</ele>
        <time>2026-04-14T17:11:03Z</time>
      </trkpt>
      <trkpt lat="46.481390" lon="12.034080">
        <ele>1861.50</ele>
        <time>2026-04-14T17:11:13Z</time>
      </trkpt>
      <trkpt lat="46.481630" lon="12.034170">
        <ele>1864.60</ele>
        <time>2026-04-14T17:11:23Z</time>
      </trkpt>
      <trkpt lat="46.481640" lon="12.034170">
        <ele>1864.70</ele>
        <time>2026-04-14T17:11:33Z</time>
      </trkpt>
      <trkpt lat="46.481810" lon="12.034220">
        <ele>1866.80</ele>
        <time>2026-04-14T17:11:43Z</time>
      </trkpt>
      <trkpt lat="46.482076" lon="12.034294">
        <ele>1863.46</ele>
        <time>2026-04-14T17:11:52Z</time>
      </trkpt>
      <trkpt lat="46.482780" lon="12.034490">
        <ele>1879.00</ele>
        <time>2026-04-14T17:11:53Z</time>
      </trkpt>
      <trkpt lat="46.482800" lon="12.034500">
        <ele>1879.30</ele>
        <time>2026-04-14T17:12:03Z</time>
      </trkpt>
      <trkpt lat="46.482870" lon="12.034520">
        <ele>1880.10</ele>
        <time>2026-04-14T17:12:13Z</time>
      </trkpt>
      <trkpt lat="46.482960" lon="12.034540">
        <ele>1881.30</ele>
        <time>2026-04-14T17:12:23Z</time>
      </trkpt>
      <trkpt lat="46.483110" lon="12.034590">
        <ele>1883.20</ele>
        <time>2026-04-14T17:12:33Z</time>
      </trkpt>
      <trkpt lat="46.483130" lon="12.034590">
        <ele>1883.40</ele>
        <time>2026-04-14T17:12:43Z</time>
      </trkpt>
      <trkpt lat="46.483410" lon="12.034580">
        <ele>1886.90</ele>
        <time>2026-04-14T17:12:53Z</time>
      </trkpt>
      <trkpt lat="46.483490" lon="12.034580">
        <ele>1887.90</ele>
        <time>2026-04-14T17:13:03Z</time>
      </trkpt>
      <trkpt lat="46.483510" lon="12.034580">
        <ele>1888.10</ele>
        <time>2026-04-14T17:13:13Z</time>
      </trkpt>
      <trkpt lat="46.483530" lon="12.034580">
        <ele>1888.40</ele>
        <time>2026-04-14T17:13:23Z</time>
      </trkpt>
      <trkpt lat="46.483590" lon="12.034560">
        <ele>1888.40</ele>
        <time>2026-04-14T17:13:33Z</time>
      </trkpt>
      <trkpt lat="46.483660" lon="12.034550">
        <ele>1888.90</ele>
        <time>2026-04-14T17:13:43Z</time>
      </trkpt>
      <trkpt lat="46.483680" lon="12.034550">
        <ele>1889.20</ele>
        <time>2026-04-14T17:13:53Z</time>
      </trkpt>
      <trkpt lat="46.483690" lon="12.034560">
        <ele>1889.70</ele>
        <time>2026-04-14T17:14:03Z</time>
      </trkpt>
      <trkpt lat="46.483700" lon="12.034570">
        <ele>1890.20</ele>
        <time>2026-04-14T17:14:13Z</time>
      </trkpt>
      <trkpt lat="46.483700" lon="12.034580">
        <ele>1890.50</ele>
        <time>2026-04-14T17:14:23Z</time>
      </trkpt>
      <trkpt lat="46.483710" lon="12.034590">
        <ele>1891.00</ele>
        <time>2026-04-14T17:14:33Z</time>
      </trkpt>
      <trkpt lat="46.483710" lon="12.034610">
        <ele>1891.70</ele>
        <time>2026-04-14T17:14:43Z</time>
      </trkpt>
      <trkpt lat="46.483720" lon="12.034630">
        <ele>1892.50</ele>
        <time>2026-04-14T17:14:53Z</time>
      </trkpt>
      <trkpt lat="46.483720" lon="12.034650">
        <ele>1893.20</ele>
        <time>2026-04-14T17:15:03Z</time>
      </trkpt>
      <trkpt lat="46.483720" lon="12.034670">
        <ele>1893.90</ele>
        <time>2026-04-14T17:15:13Z</time>
      </trkpt>
      <trkpt lat="46.483710" lon="12.034680">
        <ele>1894.20</ele>
        <time>2026-04-14T17:15:23Z</time>
      </trkpt>
      <trkpt lat="46.483710" lon="12.034700">
        <ele>1894.90</ele>
        <time>2026-04-14T17:15:33Z</time>
      </trkpt>
      <trkpt lat="46.483710" lon="12.034710">
        <ele>1895.20</ele>
        <time>2026-04-14T17:15:43Z</time>
      </trkpt>
      <trkpt lat="46.483700" lon="12.034730">
        <ele>1895.80</ele>
        <time>2026-04-14T17:15:53Z</time>
      </trkpt>
      <trkpt lat="46.483690" lon="12.034740">
        <ele>1896.10</ele>
        <time>2026-04-14T17:16:03Z</time>
      </trkpt>
      <trkpt lat="46.483680" lon="12.034750">
        <ele>1896.30</ele>
        <time>2026-04-14T17:16:13Z</time>
      </trkpt>
      <trkpt lat="46.483670" lon="12.034750">
        <ele>1896.20</ele>
        <time>2026-04-14T17:16:23Z</time>
      </trkpt>
      <trkpt lat="46.483670" lon="12.034760">
        <ele>1896.50</ele>
        <time>2026-04-14T17:16:33Z</time>
      </trkpt>
      <trkpt lat="46.483660" lon="12.034770">
        <ele>1896.80</ele>
        <time>2026-04-14T17:16:43Z</time>
      </trkpt>
      <trkpt lat="46.483650" lon="12.034770">
        <ele>1896.60</ele>
        <time>2026-04-14T17:16:53Z</time>
      </trkpt>
      <trkpt lat="46.483630" lon="12.034780">
        <ele>1896.70</ele>
        <time>2026-04-14T17:17:03Z</time>
      </trkpt>
      <trkpt lat="46.483500" lon="12.034830">
        <ele>1896.90</ele>
        <time>2026-04-14T17:17:13Z</time>
      </trkpt>
      <trkpt lat="46.483330" lon="12.034900">
        <ele>1897.40</ele>
        <time>2026-04-14T17:17:23Z</time>
      </trkpt>
      <trkpt lat="46.483320" lon="12.034900">
        <ele>1897.30</ele>
        <time>2026-04-14T17:17:33Z</time>
      </trkpt>
      <trkpt lat="46.483230" lon="12.034930">
        <ele>1897.70</ele>
        <time>2026-04-14T17:17:43Z</time>
      </trkpt>
      <trkpt lat="46.483150" lon="12.034950">
        <ele>1897.90</ele>
        <time>2026-04-14T17:17:53Z</time>
      </trkpt>
      <trkpt lat="46.483130" lon="12.034960">
        <ele>1898.10</ele>
        <time>2026-04-14T17:18:03Z</time>
      </trkpt>
      <trkpt lat="46.482620" lon="12.035120">
        <ele>1900.30</ele>
        <time>2026-04-14T17:18:13Z</time>
      </trkpt>
      <trkpt lat="46.482600" lon="12.035130">
        <ele>1900.50</ele>
        <time>2026-04-14T17:18:23Z</time>
      </trkpt>
      <trkpt lat="46.482530" lon="12.035150">
        <ele>1900.60</ele>
        <time>2026-04-14T17:18:33Z</time>
      </trkpt>
      <trkpt lat="46.482450" lon="12.035180">
        <ele>1901.20</ele>
        <time>2026-04-14T17:18:43Z</time>
      </trkpt>
      <trkpt lat="46.482390" lon="12.035190">
        <ele>1901.30</ele>
        <time>2026-04-14T17:18:53Z</time>
      </trkpt>
      <trkpt lat="46.482000" lon="12.035250">
        <ele>1901.90</ele>
        <time>2026-04-14T17:19:03Z</time>
      </trkpt>
      <trkpt lat="46.481910" lon="12.035260">
        <ele>1901.90</ele>
        <time>2026-04-14T17:19:13Z</time>
      </trkpt>
      <trkpt lat="46.481810" lon="12.035270">
        <ele>1901.90</ele>
        <time>2026-04-14T17:19:23Z</time>
      </trkpt>
      <trkpt lat="46.481800" lon="12.035280">
        <ele>1902.30</ele>
        <time>2026-04-14T17:19:33Z</time>
      </trkpt>
      <trkpt lat="46.481790" lon="12.035280">
        <ele>1902.30</ele>
        <time>2026-04-14T17:19:43Z</time>
      </trkpt>
      <trkpt lat="46.481790" lon="12.035290">
        <ele>1902.70</ele>
        <time>2026-04-14T17:19:53Z</time>
      </trkpt>
      <trkpt lat="46.481780" lon="12.035310">
        <ele>1903.50</ele>
        <time>2026-04-14T17:20:03Z</time>
      </trkpt>
      <trkpt lat="46.481770" lon="12.035340">
        <ele>1904.70</ele>
        <time>2026-04-14T17:20:13Z</time>
      </trkpt>
      <trkpt lat="46.481770" lon="12.035360">
        <ele>1905.50</ele>
        <time>2026-04-14T17:20:23Z</time>
      </trkpt>
      <trkpt lat="46.481770" lon="12.035380">
        <ele>1906.30</ele>
        <time>2026-04-14T17:20:33Z</time>
      </trkpt>
      <trkpt lat="46.481770" lon="12.035390">
        <ele>1906.70</ele>
        <time>2026-04-14T17:20:43Z</time>
      </trkpt>
      <trkpt lat="46.481770" lon="12.035400">
        <ele>1907.10</ele>
        <time>2026-04-14T17:20:53Z</time>
      </trkpt>
      <trkpt lat="46.481770" lon="12.035420">
        <ele>1908.00</ele>
        <time>2026-04-14T17:21:03Z</time>
      </trkpt>
      <trkpt lat="46.481780" lon="12.035450">
        <ele>1909.20</ele>
        <time>2026-04-14T17:21:13Z</time>
      </trkpt>
      <trkpt lat="46.481790" lon="12.035470">
        <ele>1910.10</ele>
        <time>2026-04-14T17:21:23Z</time>
      </trkpt>
      <trkpt lat="46.481800" lon="12.035480">
        <ele>1910.50</ele>
        <time>2026-04-14T17:21:33Z</time>
      </trkpt>
      <trkpt lat="46.481810" lon="12.035490">
        <ele>1910.90</ele>
        <time>2026-04-14T17:21:43Z</time>
      </trkpt>
      <trkpt lat="46.481820" lon="12.035500">
        <ele>1911.40</ele>
        <time>2026-04-14T17:21:53Z</time>
      </trkpt>
      <trkpt lat="46.481840" lon="12.035500">
        <ele>1911.40</ele>
        <time>2026-04-14T17:22:03Z</time>
      </trkpt>
      <trkpt lat="46.481880" lon="12.035510">
        <ele>1911.90</ele>
        <time>2026-04-14T17:22:13Z</time>
      </trkpt>
      <trkpt lat="46.481890" lon="12.035510">
        <ele>1911.90</ele>
        <time>2026-04-14T17:22:23Z</time>
      </trkpt>
      <trkpt lat="46.481900" lon="12.035510">
        <ele>1912.00</ele>
        <time>2026-04-14T17:22:33Z</time>
      </trkpt>
      <trkpt lat="46.481980" lon="12.035510">
        <ele>1912.20</ele>
        <time>2026-04-14T17:22:43Z</time>
      </trkpt>
      <trkpt lat="46.482060" lon="12.035520">
        <ele>1912.70</ele>
        <time>2026-04-14T17:22:53Z</time>
      </trkpt>
      <trkpt lat="46.482080" lon="12.035520">
        <ele>1912.80</ele>
        <time>2026-04-14T17:23:03Z</time>
      </trkpt>
      <trkpt lat="46.482120" lon="12.035520">
        <ele>1912.90</ele>
        <time>2026-04-14T17:23:13Z</time>
      </trkpt>
      <trkpt lat="46.482340" lon="12.035530">
        <ele>1913.70</ele>
        <time>2026-04-14T17:23:23Z</time>
      </trkpt>
      <trkpt lat="46.482500" lon="12.035540">
        <ele>1914.40</ele>
        <time>2026-04-14T17:23:33Z</time>
      </trkpt>
      <trkpt lat="46.483680" lon="12.035640">
        <ele>1931.30</ele>
        <time>2026-04-14T17:23:43Z</time>
      </trkpt>
      <trkpt lat="46.483920" lon="12.035660">
        <ele>1935.00</ele>
        <time>2026-04-14T17:23:53Z</time>
      </trkpt>
      <trkpt lat="46.484120" lon="12.035620">
        <ele>1935.70</ele>
        <time>2026-04-14T17:24:03Z</time>
      </trkpt>
      <trkpt lat="46.484250" lon="12.035590">
        <ele>1936.40</ele>
        <time>2026-04-14T17:24:13Z</time>
      </trkpt>
      <trkpt lat="46.484480" lon="12.035490">
        <ele>1936.00</ele>
        <time>2026-04-14T17:24:23Z</time>
      </trkpt>
      <trkpt lat="46.484650" lon="12.035420">
        <ele>1936.00</ele>
        <time>2026-04-14T17:24:33Z</time>
      </trkpt>
      <trkpt lat="46.484820" lon="12.035340">
        <ele>1935.70</ele>
        <time>2026-04-14T17:24:43Z</time>
      </trkpt>
      <trkpt lat="46.484910" lon="12.035310">
        <ele>1936.00</ele>
        <time>2026-04-14T17:24:53Z</time>
      </trkpt>
      <trkpt lat="46.485010" lon="12.035270">
        <ele>1936.30</ele>
        <time>2026-04-14T17:25:03Z</time>
      </trkpt>
      <trkpt lat="46.485030" lon="12.035270">
        <ele>1936.70</ele>
        <time>2026-04-14T17:25:13Z</time>
      </trkpt>
      <trkpt lat="46.485050" lon="12.035270">
        <ele>1937.20</ele>
        <time>2026-04-14T17:25:23Z</time>
      </trkpt>
      <trkpt lat="46.485060" lon="12.035280">
        <ele>1937.70</ele>
        <time>2026-04-14T17:25:33Z</time>
      </trkpt>
      <trkpt lat="46.485060" lon="12.035290">
        <ele>1938.10</ele>
        <time>2026-04-14T17:25:43Z</time>
      </trkpt>
      <trkpt lat="46.485070" lon="12.035300">
        <ele>1938.70</ele>
        <time>2026-04-14T17:25:53Z</time>
      </trkpt>
      <trkpt lat="46.485070" lon="12.035320">
        <ele>1939.40</ele>
        <time>2026-04-14T17:26:03Z</time>
      </trkpt>
      <trkpt lat="46.485070" lon="12.035340">
        <ele>1940.10</ele>
        <time>2026-04-14T17:26:13Z</time>
      </trkpt>
      <trkpt lat="46.485070" lon="12.035360">
        <ele>1940.80</ele>
        <time>2026-04-14T17:26:23Z</time>
      </trkpt>
      <trkpt lat="46.485070" lon="12.035380">
        <ele>1941.50</ele>
        <time>2026-04-14T17:26:33Z</time>
      </trkpt>
      <trkpt lat="46.485070" lon="12.035390">
        <ele>1941.90</ele>
        <time>2026-04-14T17:26:43Z</time>
      </trkpt>
      <trkpt lat="46.485060" lon="12.035420">
        <ele>1942.80</ele>
        <time>2026-04-14T17:26:53Z</time>
      </trkpt>
      <trkpt lat="46.485050" lon="12.035430">
        <ele>1942.90</ele>
        <time>2026-04-14T17:27:03Z</time>
      </trkpt>
      <trkpt lat="46.485020" lon="12.035490">
        <ele>1944.60</ele>
        <time>2026-04-14T17:27:13Z</time>
      </trkpt>
      <trkpt lat="46.484990" lon="12.035520">
        <ele>1945.20</ele>
        <time>2026-04-14T17:27:23Z</time>
      </trkpt>
      <trkpt lat="46.484980" lon="12.035540">
        <ele>1945.80</ele>
        <time>2026-04-14T17:27:33Z</time>
      </trkpt>
      <trkpt lat="46.484940" lon="12.035600">
        <ele>1947.40</ele>
        <time>2026-04-14T17:27:43Z</time>
      </trkpt>
      <trkpt lat="46.484760" lon="12.035770">
        <ele>1951.10</ele>
        <time>2026-04-14T17:27:53Z</time>
      </trkpt>
      <trkpt lat="46.484610" lon="12.035840">
        <ele>1951.60</ele>
        <time>2026-04-14T17:28:03Z</time>
      </trkpt>
      <trkpt lat="46.484520" lon="12.035880">
        <ele>1951.90</ele>
        <time>2026-04-14T17:28:13Z</time>
      </trkpt>
      <trkpt lat="46.484500" lon="12.035890">
        <ele>1952.00</ele>
        <time>2026-04-14T17:28:23Z</time>
      </trkpt>
      <trkpt lat="46.484430" lon="12.035920">
        <ele>1952.20</ele>
        <time>2026-04-14T17:28:33Z</time>
      </trkpt>
      <trkpt lat="46.484360" lon="12.035960">
        <ele>1952.90</ele>
        <time>2026-04-14T17:28:43Z</time>
      </trkpt>
      <trkpt lat="46.484350" lon="12.035960">
        <ele>1952.80</ele>
        <time>2026-04-14T17:28:53Z</time>
      </trkpt>
      <trkpt lat="46.484350" lon="12.035970">
        <ele>1953.20</ele>
        <time>2026-04-14T17:29:03Z</time>
      </trkpt>
      <trkpt lat="46.484340" lon="12.035980">
        <ele>1953.50</ele>
        <time>2026-04-14T17:29:13Z</time>
      </trkpt>
      <trkpt lat="46.484340" lon="12.035990">
        <ele>1953.90</ele>
        <time>2026-04-14T17:29:23Z</time>
      </trkpt>
      <trkpt lat="46.484340" lon="12.036010">
        <ele>1954.70</ele>
        <time>2026-04-14T17:29:33Z</time>
      </trkpt>
      <trkpt lat="46.484340" lon="12.036020">
        <ele>1955.10</ele>
        <time>2026-04-14T17:29:43Z</time>
      </trkpt>
      <trkpt lat="46.484340" lon="12.036040">
        <ele>1956.00</ele>
        <time>2026-04-14T17:29:53Z</time>
      </trkpt>
      <trkpt lat="46.484340" lon="12.036060">
        <ele>1956.80</ele>
        <time>2026-04-14T17:30:03Z</time>
      </trkpt>
      <trkpt lat="46.484360" lon="12.036090">
        <ele>1958.20</ele>
        <time>2026-04-14T17:30:13Z</time>
      </trkpt>
      <trkpt lat="46.484370" lon="12.036110">
        <ele>1959.20</ele>
        <time>2026-04-14T17:30:23Z</time>
      </trkpt>
      <trkpt lat="46.484380" lon="12.036120">
        <ele>1959.70</ele>
        <time>2026-04-14T17:30:33Z</time>
      </trkpt>
      <trkpt lat="46.484400" lon="12.036130">
        <ele>1960.30</ele>
        <time>2026-04-14T17:30:43Z</time>
      </trkpt>
      <trkpt lat="46.484420" lon="12.036140">
        <ele>1960.90</ele>
        <time>2026-04-14T17:30:53Z</time>
      </trkpt>
      <trkpt lat="46.484430" lon="12.036140">
        <ele>1961.00</ele>
        <time>2026-04-14T17:31:03Z</time>
      </trkpt>
      <trkpt lat="46.484450" lon="12.036140">
        <ele>1961.20</ele>
        <time>2026-04-14T17:31:13Z</time>
      </trkpt>
      <trkpt lat="46.484510" lon="12.036130">
        <ele>1961.40</ele>
        <time>2026-04-14T17:31:23Z</time>
      </trkpt>
      <trkpt lat="46.484530" lon="12.036120">
        <ele>1961.30</ele>
        <time>2026-04-14T17:31:33Z</time>
      </trkpt>
      <trkpt lat="46.484630" lon="12.036100">
        <ele>1961.60</ele>
        <time>2026-04-14T17:31:43Z</time>
      </trkpt>
      <trkpt lat="46.485060" lon="12.036020">
        <ele>1963.70</ele>
        <time>2026-04-14T17:31:53Z</time>
      </trkpt>
      <trkpt lat="46.485099" lon="12.036013">
        <ele>1963.49</ele>
        <time>2026-04-14T17:32:02Z</time>
      </trkpt>
      <trkpt lat="46.485170" lon="12.036000">
        <ele>1964.30</ele>
        <time>2026-04-14T17:32:03Z</time>
      </trkpt>
      <trkpt lat="46.485240" lon="12.035990">
        <ele>1964.70</ele>
        <time>2026-04-14T17:32:13Z</time>
      </trkpt>
      <trkpt lat="46.485430" lon="12.035950">
        <ele>1965.50</ele>
        <time>2026-04-14T17:32:23Z</time>
      </trkpt>
      <trkpt lat="46.485560" lon="12.035880">
        <ele>1964.60</ele>
        <time>2026-04-14T17:32:33Z</time>
      </trkpt>
      <trkpt lat="46.485790" lon="12.035860">
        <ele>1966.40</ele>
        <time>2026-04-14T17:32:43Z</time>
      </trkpt>
      <trkpt lat="46.486310" lon="12.035870">
        <ele>1976.20</ele>
        <time>2026-04-14T17:32:53Z</time>
      </trkpt>
      <trkpt lat="46.486460" lon="12.035880">
        <ele>1979.20</ele>
        <time>2026-04-14T17:33:03Z</time>
      </trkpt>
      <trkpt lat="46.486490" lon="12.035880">
        <ele>1979.80</ele>
        <time>2026-04-14T17:33:13Z</time>
      </trkpt>
      <trkpt lat="46.486710" lon="12.035880">
        <ele>1984.00</ele>
        <time>2026-04-14T17:33:23Z</time>
      </trkpt>
      <trkpt lat="46.486770" lon="12.035870">
        <ele>1985.00</ele>
        <time>2026-04-14T17:33:33Z</time>
      </trkpt>
      <trkpt lat="46.486780" lon="12.035870">
        <ele>1985.20</ele>
        <time>2026-04-14T17:33:43Z</time>
      </trkpt>
      <trkpt lat="46.486840" lon="12.035820">
        <ele>1985.60</ele>
        <time>2026-04-14T17:33:53Z</time>
      </trkpt>
      <trkpt lat="46.486860" lon="12.035790">
        <ele>1985.90</ele>
        <time>2026-04-14T17:34:03Z</time>
      </trkpt>
      <trkpt lat="46.486910" lon="12.035720">
        <ele>1986.50</ele>
        <time>2026-04-14T17:34:13Z</time>
      </trkpt>
      <trkpt lat="46.486910" lon="12.035710">
        <ele>1986.40</ele>
        <time>2026-04-14T17:34:23Z</time>
      </trkpt>
      <trkpt lat="46.486940" lon="12.035680">
        <ele>1986.90</ele>
        <time>2026-04-14T17:34:33Z</time>
      </trkpt>
      <trkpt lat="46.486950" lon="12.035630">
        <ele>1986.70</ele>
        <time>2026-04-14T17:34:43Z</time>
      </trkpt>
      <trkpt lat="46.486960" lon="12.035590">
        <ele>1986.70</ele>
        <time>2026-04-14T17:34:53Z</time>
      </trkpt>
      <trkpt lat="46.486970" lon="12.035540">
        <ele>1986.60</ele>
        <time>2026-04-14T17:35:03Z</time>
      </trkpt>
      <trkpt lat="46.486970" lon="12.035470">
        <ele>1986.10</ele>
        <time>2026-04-14T17:35:13Z</time>
      </trkpt>
      <trkpt lat="46.486970" lon="12.035430">
        <ele>1985.90</ele>
        <time>2026-04-14T17:35:23Z</time>
      </trkpt>
      <trkpt lat="46.486960" lon="12.035380">
        <ele>1985.30</ele>
        <time>2026-04-14T17:35:33Z</time>
      </trkpt>
      <trkpt lat="46.486940" lon="12.035310">
        <ele>1984.30</ele>
        <time>2026-04-14T17:35:43Z</time>
      </trkpt>
      <trkpt lat="46.486890" lon="12.035120">
        <ele>1981.80</ele>
        <time>2026-04-14T17:35:53Z</time>
      </trkpt>
      <trkpt lat="46.486880" lon="12.035070">
        <ele>1981.10</ele>
        <time>2026-04-14T17:36:03Z</time>
      </trkpt>
      <trkpt lat="46.486880" lon="12.035050">
        <ele>1981.00</ele>
        <time>2026-04-14T17:36:13Z</time>
      </trkpt>
      <trkpt lat="46.486890" lon="12.035010">
        <ele>1981.00</ele>
        <time>2026-04-14T17:36:23Z</time>
      </trkpt>
      <trkpt lat="46.486890" lon="12.034980">
        <ele>1980.80</ele>
        <time>2026-04-14T17:36:33Z</time>
      </trkpt>
      <trkpt lat="46.486900" lon="12.034980">
        <ele>1981.00</ele>
        <time>2026-04-14T17:36:43Z</time>
      </trkpt>
      <trkpt lat="46.486900" lon="12.034970">
        <ele>1981.00</ele>
        <time>2026-04-14T17:36:53Z</time>
      </trkpt>
      <trkpt lat="46.486910" lon="12.034950">
        <ele>1981.10</ele>
        <time>2026-04-14T17:37:03Z</time>
      </trkpt>
      <trkpt lat="46.486930" lon="12.034930">
        <ele>1981.50</ele>
        <time>2026-04-14T17:37:13Z</time>
      </trkpt>
      <trkpt lat="46.486950" lon="12.034910">
        <ele>1981.90</ele>
        <time>2026-04-14T17:37:23Z</time>
      </trkpt>
      <trkpt lat="46.486990" lon="12.034880">
        <ele>1982.70</ele>
        <time>2026-04-14T17:37:33Z</time>
      </trkpt>
      <trkpt lat="46.487050" lon="12.034870">
        <ele>1984.30</ele>
        <time>2026-04-14T17:37:43Z</time>
      </trkpt>
      <trkpt lat="46.487090" lon="12.034860">
        <ele>1985.30</ele>
        <time>2026-04-14T17:37:53Z</time>
      </trkpt>
      <trkpt lat="46.487120" lon="12.034870">
        <ele>1986.10</ele>
        <time>2026-04-14T17:38:03Z</time>
      </trkpt>
      <trkpt lat="46.487130" lon="12.034880">
        <ele>1986.50</ele>
        <time>2026-04-14T17:38:13Z</time>
      </trkpt>
      <trkpt lat="46.487300" lon="12.035170">
        <ele>1992.50</ele>
        <time>2026-04-14T17:38:23Z</time>
      </trkpt>
      <trkpt lat="46.487320" lon="12.035220">
        <ele>1993.30</ele>
        <time>2026-04-14T17:38:33Z</time>
      </trkpt>
      <trkpt lat="46.487480" lon="12.035690">
        <ele>1999.00</ele>
        <time>2026-04-14T17:38:43Z</time>
      </trkpt>
      <trkpt lat="46.487540" lon="12.035860">
        <ele>1999.50</ele>
        <time>2026-04-14T17:38:53Z</time>
      </trkpt>
      <trkpt lat="46.487550" lon="12.035920">
        <ele>1999.70</ele>
        <time>2026-04-14T17:39:03Z</time>
      </trkpt>
      <trkpt lat="46.487550" lon="12.035930">
        <ele>1999.70</ele>
        <time>2026-04-14T17:39:13Z</time>
      </trkpt>
      <trkpt lat="46.487550" lon="12.035970">
        <ele>1999.80</ele>
        <time>2026-04-14T17:39:23Z</time>
      </trkpt>
      <trkpt lat="46.487550" lon="12.036010">
        <ele>2000.00</ele>
        <time>2026-04-14T17:39:33Z</time>
      </trkpt>
      <trkpt lat="46.487540" lon="12.036070">
        <ele>2000.10</ele>
        <time>2026-04-14T17:39:43Z</time>
      </trkpt>
      <trkpt lat="46.487520" lon="12.036090">
        <ele>2000.30</ele>
        <time>2026-04-14T17:39:53Z</time>
      </trkpt>
      <trkpt lat="46.487480" lon="12.036150">
        <ele>2000.50</ele>
        <time>2026-04-14T17:40:03Z</time>
      </trkpt>
      <trkpt lat="46.487380" lon="12.036220">
        <ele>2001.00</ele>
        <time>2026-04-14T17:40:13Z</time>
      </trkpt>
      <trkpt lat="46.487320" lon="12.036270">
        <ele>2001.30</ele>
        <time>2026-04-14T17:40:23Z</time>
      </trkpt>
      <trkpt lat="46.487140" lon="12.036410">
        <ele>2002.20</ele>
        <time>2026-04-14T17:40:33Z</time>
      </trkpt>
      <trkpt lat="46.486970" lon="12.036560">
        <ele>2002.60</ele>
        <time>2026-04-14T17:40:43Z</time>
      </trkpt>
      <trkpt lat="46.486720" lon="12.036910">
        <ele>2006.90</ele>
        <time>2026-04-14T17:40:53Z</time>
      </trkpt>
      <trkpt lat="46.486460" lon="12.037140">
        <ele>2009.80</ele>
        <time>2026-04-14T17:41:03Z</time>
      </trkpt>
      <trkpt lat="46.486420" lon="12.037170">
        <ele>2010.20</ele>
        <time>2026-04-14T17:41:13Z</time>
      </trkpt>
      <trkpt lat="46.486370" lon="12.037250">
        <ele>2011.60</ele>
        <time>2026-04-14T17:41:23Z</time>
      </trkpt>
      <trkpt lat="46.486350" lon="12.037300">
        <ele>2012.60</ele>
        <time>2026-04-14T17:41:33Z</time>
      </trkpt>
      <trkpt lat="46.486350" lon="12.037370">
        <ele>2014.20</ele>
        <time>2026-04-14T17:41:43Z</time>
      </trkpt>
      <trkpt lat="46.486340" lon="12.037410">
        <ele>2015.00</ele>
        <time>2026-04-14T17:41:53Z</time>
      </trkpt>
      <trkpt lat="46.486340" lon="12.037480">
        <ele>2016.60</ele>
        <time>2026-04-14T17:42:03Z</time>
      </trkpt>
      <trkpt lat="46.486360" lon="12.037540">
        <ele>2018.40</ele>
        <time>2026-04-14T17:42:13Z</time>
      </trkpt>
      <trkpt lat="46.486380" lon="12.037580">
        <ele>2019.70</ele>
        <time>2026-04-14T17:42:23Z</time>
      </trkpt>
      <trkpt lat="46.486400" lon="12.037610">
        <ele>2020.80</ele>
        <time>2026-04-14T17:42:33Z</time>
      </trkpt>
      <trkpt lat="46.486440" lon="12.037640">
        <ele>2021.90</ele>
        <time>2026-04-14T17:42:43Z</time>
      </trkpt>
      <trkpt lat="46.486460" lon="12.037650">
        <ele>2022.40</ele>
        <time>2026-04-14T17:42:53Z</time>
      </trkpt>
      <trkpt lat="46.486490" lon="12.037660">
        <ele>2022.90</ele>
        <time>2026-04-14T17:43:03Z</time>
      </trkpt>
      <trkpt lat="46.486530" lon="12.037660">
        <ele>2023.10</ele>
        <time>2026-04-14T17:43:13Z</time>
      </trkpt>
      <trkpt lat="46.486550" lon="12.037660">
        <ele>2023.20</ele>
        <time>2026-04-14T17:43:23Z</time>
      </trkpt>
      <trkpt lat="46.486590" lon="12.037650">
        <ele>2023.20</ele>
        <time>2026-04-14T17:43:33Z</time>
      </trkpt>
      <trkpt lat="46.486660" lon="12.037600">
        <ele>2022.10</ele>
        <time>2026-04-14T17:43:43Z</time>
      </trkpt>
      <trkpt lat="46.486730" lon="12.037550">
        <ele>2021.50</ele>
        <time>2026-04-14T17:43:53Z</time>
      </trkpt>
      <trkpt lat="46.486750" lon="12.037530">
        <ele>2021.10</ele>
        <time>2026-04-14T17:44:03Z</time>
      </trkpt>
      <trkpt lat="46.487040" lon="12.037350">
        <ele>2021.00</ele>
        <time>2026-04-14T17:44:13Z</time>
      </trkpt>
      <trkpt lat="46.487060" lon="12.037330">
        <ele>2020.80</ele>
        <time>2026-04-14T17:44:23Z</time>
      </trkpt>
      <trkpt lat="46.487220" lon="12.037230">
        <ele>2020.70</ele>
        <time>2026-04-14T17:44:33Z</time>
      </trkpt>
      <trkpt lat="46.487590" lon="12.037000">
        <ele>2020.60</ele>
        <time>2026-04-14T17:44:43Z</time>
      </trkpt>
      <trkpt lat="46.487620" lon="12.037000">
        <ele>2021.10</ele>
        <time>2026-04-14T17:44:53Z</time>
      </trkpt>
      <trkpt lat="46.487650" lon="12.037000">
        <ele>2021.60</ele>
        <time>2026-04-14T17:45:03Z</time>
      </trkpt>
      <trkpt lat="46.487690" lon="12.037020">
        <ele>2022.80</ele>
        <time>2026-04-14T17:45:13Z</time>
      </trkpt>
      <trkpt lat="46.487730" lon="12.037070">
        <ele>2024.60</ele>
        <time>2026-04-14T17:45:23Z</time>
      </trkpt>
      <trkpt lat="46.487750" lon="12.037100">
        <ele>2025.60</ele>
        <time>2026-04-14T17:45:33Z</time>
      </trkpt>
      <trkpt lat="46.487760" lon="12.037140">
        <ele>2026.60</ele>
        <time>2026-04-14T17:45:43Z</time>
      </trkpt>
      <trkpt lat="46.487780" lon="12.037190">
        <ele>2028.00</ele>
        <time>2026-04-14T17:45:53Z</time>
      </trkpt>
      <trkpt lat="46.487780" lon="12.037260">
        <ele>2029.50</ele>
        <time>2026-04-14T17:46:03Z</time>
      </trkpt>
      <trkpt lat="46.487770" lon="12.037300">
        <ele>2030.20</ele>
        <time>2026-04-14T17:46:13Z</time>
      </trkpt>
      <trkpt lat="46.487760" lon="12.037360">
        <ele>2031.40</ele>
        <time>2026-04-14T17:46:23Z</time>
      </trkpt>
      <trkpt lat="46.487750" lon="12.037390">
        <ele>2031.90</ele>
        <time>2026-04-14T17:46:33Z</time>
      </trkpt>
      <trkpt lat="46.487730" lon="12.037430">
        <ele>2032.50</ele>
        <time>2026-04-14T17:46:43Z</time>
      </trkpt>
      <trkpt lat="46.487670" lon="12.037500">
        <ele>2033.20</ele>
        <time>2026-04-14T17:46:53Z</time>
      </trkpt>
      <trkpt lat="46.487520" lon="12.037610">
        <ele>2034.70</ele>
        <time>2026-04-14T17:47:03Z</time>
      </trkpt>
      <trkpt lat="46.487350" lon="12.037730">
        <ele>2036.00</ele>
        <time>2026-04-14T17:47:13Z</time>
      </trkpt>
      <trkpt lat="46.487190" lon="12.037840">
        <ele>2037.10</ele>
        <time>2026-04-14T17:47:23Z</time>
      </trkpt>
      <trkpt lat="46.486600" lon="12.038320">
        <ele>2044.00</ele>
        <time>2026-04-14T17:47:33Z</time>
      </trkpt>
      <trkpt lat="46.486230" lon="12.038560">
        <ele>2048.60</ele>
        <time>2026-04-14T17:47:43Z</time>
      </trkpt>
      <trkpt lat="46.486070" lon="12.038670">
        <ele>2050.40</ele>
        <time>2026-04-14T17:47:53Z</time>
      </trkpt>
      <trkpt lat="46.486018" lon="12.038704">
        <ele>2050.10</ele>
        <time>2026-04-14T17:48:02Z</time>
      </trkpt>
      <trkpt lat="46.485580" lon="12.038990">
        <ele>2053.20</ele>
        <time>2026-04-14T17:48:03Z</time>
      </trkpt>
      <trkpt lat="46.485500" lon="12.039090">
        <ele>2054.70</ele>
        <time>2026-04-14T17:48:13Z</time>
      </trkpt>
      <trkpt lat="46.485410" lon="12.039240">
        <ele>2057.30</ele>
        <time>2026-04-14T17:48:23Z</time>
      </trkpt>
      <trkpt lat="46.485330" lon="12.039370">
        <ele>2059.60</ele>
        <time>2026-04-14T17:48:33Z</time>
      </trkpt>
      <trkpt lat="46.485240" lon="12.039520">
        <ele>2062.30</ele>
        <time>2026-04-14T17:48:43Z</time>
      </trkpt>
      <trkpt lat="46.485170" lon="12.039590">
        <ele>2063.10</ele>
        <time>2026-04-14T17:48:53Z</time>
      </trkpt>
      <trkpt lat="46.485060" lon="12.039640">
        <ele>2062.90</ele>
        <time>2026-04-14T17:49:03Z</time>
      </trkpt>
      <trkpt lat="46.484880" lon="12.039650">
        <ele>2062.10</ele>
        <time>2026-04-14T17:49:13Z</time>
      </trkpt>
      <trkpt lat="46.484500" lon="12.039680">
        <ele>2061.90</ele>
        <time>2026-04-14T17:49:23Z</time>
      </trkpt>
      <trkpt lat="46.484320" lon="12.039690">
        <ele>2061.70</ele>
        <time>2026-04-14T17:49:33Z</time>
      </trkpt>
      <trkpt lat="46.484260" lon="12.039690">
        <ele>2061.50</ele>
        <time>2026-04-14T17:49:43Z</time>
      </trkpt>
      <trkpt lat="46.484240" lon="12.039700">
        <ele>2061.70</ele>
        <time>2026-04-14T17:49:53Z</time>
      </trkpt>
      <trkpt lat="46.484220" lon="12.039720">
        <ele>2062.10</ele>
        <time>2026-04-14T17:50:03Z</time>
      </trkpt>
      <trkpt lat="46.484200" lon="12.039750">
        <ele>2062.70</ele>
        <time>2026-04-14T17:50:13Z</time>
      </trkpt>
      <trkpt lat="46.484180" lon="12.039810">
        <ele>2063.90</ele>
        <time>2026-04-14T17:50:23Z</time>
      </trkpt>
      <trkpt lat="46.484170" lon="12.039860">
        <ele>2065.00</ele>
        <time>2026-04-14T17:50:33Z</time>
      </trkpt>
      <trkpt lat="46.484170" lon="12.039950">
        <ele>2066.90</ele>
        <time>2026-04-14T17:50:43Z</time>
      </trkpt>
      <trkpt lat="46.484170" lon="12.039980">
        <ele>2067.60</ele>
        <time>2026-04-14T17:50:53Z</time>
      </trkpt>
      <trkpt lat="46.484190" lon="12.040020">
        <ele>2068.20</ele>
        <time>2026-04-14T17:51:03Z</time>
      </trkpt>
      <trkpt lat="46.484200" lon="12.040050">
        <ele>2068.40</ele>
        <time>2026-04-14T17:51:13Z</time>
      </trkpt>
      <trkpt lat="46.484210" lon="12.040080">
        <ele>2068.50</ele>
        <time>2026-04-14T17:51:23Z</time>
      </trkpt>
      <trkpt lat="46.484230" lon="12.040090">
        <ele>2068.70</ele>
        <time>2026-04-14T17:51:33Z</time>
      </trkpt>
      <trkpt lat="46.484260" lon="12.040110">
        <ele>2068.90</ele>
        <time>2026-04-14T17:51:43Z</time>
      </trkpt>
      <trkpt lat="46.484300" lon="12.040130">
        <ele>2069.30</ele>
        <time>2026-04-14T17:51:53Z</time>
      </trkpt>
      <trkpt lat="46.484320" lon="12.040130">
        <ele>2069.40</ele>
        <time>2026-04-14T17:52:03Z</time>
      </trkpt>
      <trkpt lat="46.484370" lon="12.040120">
        <ele>2069.60</ele>
        <time>2026-04-14T17:52:13Z</time>
      </trkpt>
      <trkpt lat="46.484410" lon="12.040120">
        <ele>2069.90</ele>
        <time>2026-04-14T17:52:23Z</time>
      </trkpt>
      <trkpt lat="46.484550" lon="12.040100">
        <ele>2070.50</ele>
        <time>2026-04-14T17:52:33Z</time>
      </trkpt>
      <trkpt lat="46.484910" lon="12.040050">
        <ele>2072.10</ele>
        <time>2026-04-14T17:52:43Z</time>
      </trkpt>
      <trkpt lat="46.485070" lon="12.040060">
        <ele>2073.60</ele>
        <time>2026-04-14T17:52:53Z</time>
      </trkpt>
      <trkpt lat="46.485230" lon="12.040110">
        <ele>2076.20</ele>
        <time>2026-04-14T17:53:03Z</time>
      </trkpt>
      <trkpt lat="46.485450" lon="12.040220">
        <ele>2080.30</ele>
        <time>2026-04-14T17:53:13Z</time>
      </trkpt>
      <trkpt lat="46.485600" lon="12.040320">
        <ele>2083.40</ele>
        <time>2026-04-14T17:53:23Z</time>
      </trkpt>
      <trkpt lat="46.485670" lon="12.040370">
        <ele>2084.80</ele>
        <time>2026-04-14T17:53:33Z</time>
      </trkpt>
      <trkpt lat="46.485720" lon="12.040410">
        <ele>2085.90</ele>
        <time>2026-04-14T17:53:43Z</time>
      </trkpt>
      <trkpt lat="46.485750" lon="12.040460">
        <ele>2086.90</ele>
        <time>2026-04-14T17:53:53Z</time>
      </trkpt>
      <trkpt lat="46.485760" lon="12.040500">
        <ele>2087.40</ele>
        <time>2026-04-14T17:54:03Z</time>
      </trkpt>
      <trkpt lat="46.485770" lon="12.040540">
        <ele>2088.00</ele>
        <time>2026-04-14T17:54:13Z</time>
      </trkpt>
      <trkpt lat="46.485780" lon="12.040600">
        <ele>2088.80</ele>
        <time>2026-04-14T17:54:23Z</time>
      </trkpt>
      <trkpt lat="46.485780" lon="12.040640">
        <ele>2089.20</ele>
        <time>2026-04-14T17:54:33Z</time>
      </trkpt>
      <trkpt lat="46.485770" lon="12.040710">
        <ele>2089.80</ele>
        <time>2026-04-14T17:54:43Z</time>
      </trkpt>
      <trkpt lat="46.485720" lon="12.040940">
        <ele>2091.00</ele>
        <time>2026-04-14T17:54:53Z</time>
      </trkpt>
      <trkpt lat="46.485710" lon="12.040960">
        <ele>2091.00</ele>
        <time>2026-04-14T17:55:03Z</time>
      </trkpt>
      <trkpt lat="46.485660" lon="12.041300">
        <ele>2092.10</ele>
        <time>2026-04-14T17:55:13Z</time>
      </trkpt>
      <trkpt lat="46.485640" lon="12.041380">
        <ele>2092.20</ele>
        <time>2026-04-14T17:55:23Z</time>
      </trkpt>
      <trkpt lat="46.485640" lon="12.041460">
        <ele>2092.60</ele>
        <time>2026-04-14T17:55:33Z</time>
      </trkpt>
      <trkpt lat="46.485640" lon="12.041510">
        <ele>2092.90</ele>
        <time>2026-04-14T17:55:43Z</time>
      </trkpt>
      <trkpt lat="46.485660" lon="12.041550">
        <ele>2093.30</ele>
        <time>2026-04-14T17:55:53Z</time>
      </trkpt>
      <trkpt lat="46.485670" lon="12.041600">
        <ele>2093.70</ele>
        <time>2026-04-14T17:56:03Z</time>
      </trkpt>
      <trkpt lat="46.485690" lon="12.041630">
        <ele>2094.10</ele>
        <time>2026-04-14T17:56:13Z</time>
      </trkpt>
      <trkpt lat="46.485700" lon="12.041660">
        <ele>2094.40</ele>
        <time>2026-04-14T17:56:23Z</time>
      </trkpt>
      <trkpt lat="46.485720" lon="12.041670">
        <ele>2094.70</ele>
        <time>2026-04-14T17:56:33Z</time>
      </trkpt>
      <trkpt lat="46.485750" lon="12.041700">
        <ele>2095.30</ele>
        <time>2026-04-14T17:56:43Z</time>
      </trkpt>
      <trkpt lat="46.485800" lon="12.041730">
        <ele>2096.20</ele>
        <time>2026-04-14T17:56:53Z</time>
      </trkpt>
      <trkpt lat="46.485830" lon="12.041740">
        <ele>2096.70</ele>
        <time>2026-04-14T17:57:03Z</time>
      </trkpt>
      <trkpt lat="46.485860" lon="12.041740">
        <ele>2097.20</ele>
        <time>2026-04-14T17:57:13Z</time>
      </trkpt>
      <trkpt lat="46.485950" lon="12.041740">
        <ele>2099.10</ele>
        <time>2026-04-14T17:57:23Z</time>
      </trkpt>
      <trkpt lat="46.486070" lon="12.041710">
        <ele>2101.20</ele>
        <time>2026-04-14T17:57:33Z</time>
      </trkpt>
      <trkpt lat="46.486250" lon="12.041670">
        <ele>2104.50</ele>
        <time>2026-04-14T17:57:43Z</time>
      </trkpt>
      <trkpt lat="46.486330" lon="12.041650">
        <ele>2106.00</ele>
        <time>2026-04-14T17:57:53Z</time>
      </trkpt>
      <trkpt lat="46.486400" lon="12.041640">
        <ele>2107.40</ele>
        <time>2026-04-14T17:58:03Z</time>
      </trkpt>
      <trkpt lat="46.486450" lon="12.041640">
        <ele>2108.40</ele>
        <time>2026-04-14T17:58:13Z</time>
      </trkpt>
      <trkpt lat="46.486500" lon="12.041660">
        <ele>2109.60</ele>
        <time>2026-04-14T17:58:23Z</time>
      </trkpt>
      <trkpt lat="46.486540" lon="12.041680">
        <ele>2110.50</ele>
        <time>2026-04-14T17:58:33Z</time>
      </trkpt>
      <trkpt lat="46.486580" lon="12.041730">
        <ele>2111.80</ele>
        <time>2026-04-14T17:58:43Z</time>
      </trkpt>
      <trkpt lat="46.486600" lon="12.041760">
        <ele>2112.50</ele>
        <time>2026-04-14T17:58:53Z</time>
      </trkpt>
      <trkpt lat="46.486630" lon="12.041820">
        <ele>2113.70</ele>
        <time>2026-04-14T17:59:03Z</time>
      </trkpt>
      <trkpt lat="46.486640" lon="12.041900">
        <ele>2114.70</ele>
        <time>2026-04-14T17:59:13Z</time>
      </trkpt>
      <trkpt lat="46.486630" lon="12.041980">
        <ele>2115.30</ele>
        <time>2026-04-14T17:59:23Z</time>
      </trkpt>
      <trkpt lat="46.486630" lon="12.041990">
        <ele>2115.40</ele>
        <time>2026-04-14T17:59:33Z</time>
      </trkpt>
      <trkpt lat="46.486600" lon="12.042130">
        <ele>2116.10</ele>
        <time>2026-04-14T17:59:43Z</time>
      </trkpt>
      <trkpt lat="46.486540" lon="12.042400">
        <ele>2117.50</ele>
        <time>2026-04-14T17:59:53Z</time>
      </trkpt>
      <trkpt lat="46.486330" lon="12.043220">
        <ele>2124.00</ele>
        <time>2026-04-14T18:00:03Z</time>
      </trkpt>
      <trkpt lat="46.486270" lon="12.043470">
        <ele>2126.60</ele>
        <time>2026-04-14T18:00:13Z</time>
      </trkpt>
      <trkpt lat="46.486240" lon="12.043600">
        <ele>2128.10</ele>
        <time>2026-04-14T18:00:23Z</time>
      </trkpt>
      <trkpt lat="46.486180" lon="12.043870">
        <ele>2131.10</ele>
        <time>2026-04-14T18:00:33Z</time>
      </trkpt>
      <trkpt lat="46.486140" lon="12.043950">
        <ele>2131.40</ele>
        <time>2026-04-14T18:00:43Z</time>
      </trkpt>
      <trkpt lat="46.486050" lon="12.044130">
        <ele>2131.90</ele>
        <time>2026-04-14T18:00:53Z</time>
      </trkpt>
      <trkpt lat="46.486030" lon="12.044160">
        <ele>2131.90</ele>
        <time>2026-04-14T18:01:03Z</time>
      </trkpt>
      <trkpt lat="46.485800" lon="12.044560">
        <ele>2131.50</ele>
        <time>2026-04-14T18:01:13Z</time>
      </trkpt>
      <trkpt lat="46.485560" lon="12.044950">
        <ele>2134.50</ele>
        <time>2026-04-14T18:01:23Z</time>
      </trkpt>
      <trkpt lat="46.485430" lon="12.045140">
        <ele>2136.20</ele>
        <time>2026-04-14T18:01:33Z</time>
      </trkpt>
      <trkpt lat="46.485350" lon="12.045270">
        <ele>2137.60</ele>
        <time>2026-04-14T18:01:43Z</time>
      </trkpt>
      <trkpt lat="46.485150" lon="12.045500">
        <ele>2139.80</ele>
        <time>2026-04-14T18:01:53Z</time>
      </trkpt>
      <trkpt lat="46.485010" lon="12.045610">
        <ele>2140.60</ele>
        <time>2026-04-14T18:02:03Z</time>
      </trkpt>
      <trkpt lat="46.484983" lon="12.045634">
        <ele>2140.36</ele>
        <time>2026-04-14T18:02:12Z</time>
      </trkpt>
      <trkpt lat="46.484930" lon="12.045680">
        <ele>2141.30</ele>
        <time>2026-04-14T18:02:13Z</time>
      </trkpt>
      <trkpt lat="46.484860" lon="12.045760">
        <ele>2142.20</ele>
        <time>2026-04-14T18:02:23Z</time>
      </trkpt>
      <trkpt lat="46.484820" lon="12.045800">
        <ele>2142.60</ele>
        <time>2026-04-14T18:02:33Z</time>
      </trkpt>
      <trkpt lat="46.484770" lon="12.045900">
        <ele>2143.80</ele>
        <time>2026-04-14T18:02:43Z</time>
      </trkpt>
      <trkpt lat="46.484720" lon="12.046090">
        <ele>2146.00</ele>
        <time>2026-04-14T18:02:53Z</time>
      </trkpt>
      <trkpt lat="46.484770" lon="12.046940">
        <ele>2156.30</ele>
        <time>2026-04-14T18:03:03Z</time>
      </trkpt>
      <trkpt lat="46.484770" lon="12.047180">
        <ele>2158.40</ele>
        <time>2026-04-14T18:03:13Z</time>
      </trkpt>
      <trkpt lat="46.484780" lon="12.047250">
        <ele>2159.00</ele>
        <time>2026-04-14T18:03:23Z</time>
      </trkpt>
      <trkpt lat="46.484800" lon="12.047380">
        <ele>2160.20</ele>
        <time>2026-04-14T18:03:33Z</time>
      </trkpt>
      <trkpt lat="46.484800" lon="12.047510">
        <ele>2161.40</ele>
        <time>2026-04-14T18:03:43Z</time>
      </trkpt>
      <trkpt lat="46.484800" lon="12.047610">
        <ele>2162.40</ele>
        <time>2026-04-14T18:03:53Z</time>
      </trkpt>
      <trkpt lat="46.484790" lon="12.047650">
        <ele>2162.70</ele>
        <time>2026-04-14T18:04:03Z</time>
      </trkpt>
      <trkpt lat="46.484790" lon="12.047670">
        <ele>2162.90</ele>
        <time>2026-04-14T18:04:13Z</time>
      </trkpt>
      <trkpt lat="46.484780" lon="12.047690">
        <ele>2163.10</ele>
        <time>2026-04-14T18:04:23Z</time>
      </trkpt>
      <trkpt lat="46.484760" lon="12.047720">
        <ele>2163.30</ele>
        <time>2026-04-14T18:04:33Z</time>
      </trkpt>
      <trkpt lat="46.484750" lon="12.047740">
        <ele>2163.50</ele>
        <time>2026-04-14T18:04:43Z</time>
      </trkpt>
      <trkpt lat="46.484740" lon="12.047760">
        <ele>2163.70</ele>
        <time>2026-04-14T18:04:53Z</time>
      </trkpt>
      <trkpt lat="46.484710" lon="12.047780">
        <ele>2163.80</ele>
        <time>2026-04-14T18:05:03Z</time>
      </trkpt>
      <trkpt lat="46.484680" lon="12.047810">
        <ele>2164.00</ele>
        <time>2026-04-14T18:05:13Z</time>
      </trkpt>
      <trkpt lat="46.484640" lon="12.047820">
        <ele>2163.90</ele>
        <time>2026-04-14T18:05:23Z</time>
      </trkpt>
      <trkpt lat="46.484590" lon="12.047830">
        <ele>2163.90</ele>
        <time>2026-04-14T18:05:33Z</time>
      </trkpt>
      <trkpt lat="46.484520" lon="12.047840">
        <ele>2163.80</ele>
        <time>2026-04-14T18:05:43Z</time>
      </trkpt>
      <trkpt lat="46.484400" lon="12.047850">
        <ele>2163.50</ele>
        <time>2026-04-14T18:05:53Z</time>
      </trkpt>
      <trkpt lat="46.484220" lon="12.047870">
        <ele>2163.20</ele>
        <time>2026-04-14T18:06:03Z</time>
      </trkpt>
      <trkpt lat="46.484140" lon="12.047870">
        <ele>2163.00</ele>
        <time>2026-04-14T18:06:13Z</time>
      </trkpt>
      <trkpt lat="46.484020" lon="12.047890">
        <ele>2163.50</ele>
        <time>2026-04-14T18:06:23Z</time>
      </trkpt>
      <trkpt lat="46.483960" lon="12.047910">
        <ele>2163.80</ele>
        <time>2026-04-14T18:06:33Z</time>
      </trkpt>
      <trkpt lat="46.483910" lon="12.047940">
        <ele>2164.20</ele>
        <time>2026-04-14T18:06:43Z</time>
      </trkpt>
      <trkpt lat="46.483870" lon="12.047970">
        <ele>2164.60</ele>
        <time>2026-04-14T18:06:53Z</time>
      </trkpt>
      <trkpt lat="46.483840" lon="12.048010">
        <ele>2165.10</ele>
        <time>2026-04-14T18:07:03Z</time>
      </trkpt>
      <trkpt lat="46.483810" lon="12.048060">
        <ele>2165.80</ele>
        <time>2026-04-14T18:07:13Z</time>
      </trkpt>
      <trkpt lat="46.483800" lon="12.048100">
        <ele>2166.20</ele>
        <time>2026-04-14T18:07:23Z</time>
      </trkpt>
      <trkpt lat="46.483790" lon="12.048170">
        <ele>2167.10</ele>
        <time>2026-04-14T18:07:33Z</time>
      </trkpt>
      <trkpt lat="46.483800" lon="12.048240">
        <ele>2167.80</ele>
        <time>2026-04-14T18:07:43Z</time>
      </trkpt>
      <trkpt lat="46.483820" lon="12.048340">
        <ele>2168.90</ele>
        <time>2026-04-14T18:07:53Z</time>
      </trkpt>
      <trkpt lat="46.483850" lon="12.048430">
        <ele>2170.00</ele>
        <time>2026-04-14T18:08:03Z</time>
      </trkpt>
      <trkpt lat="46.483960" lon="12.048700">
        <ele>2173.30</ele>
        <time>2026-04-14T18:08:13Z</time>
      </trkpt>
      <trkpt lat="46.484000" lon="12.048770">
        <ele>2174.20</ele>
        <time>2026-04-14T18:08:23Z</time>
      </trkpt>
      <trkpt lat="46.484030" lon="12.048830">
        <ele>2174.90</ele>
        <time>2026-04-14T18:08:33Z</time>
      </trkpt>
      <trkpt lat="46.484050" lon="12.048860">
        <ele>2175.20</ele>
        <time>2026-04-14T18:08:43Z</time>
      </trkpt>
      <trkpt lat="46.484070" lon="12.048880">
        <ele>2175.40</ele>
        <time>2026-04-14T18:08:53Z</time>
      </trkpt>
      <trkpt lat="46.484100" lon="12.048910">
        <ele>2175.80</ele>
        <time>2026-04-14T18:09:03Z</time>
      </trkpt>
      <trkpt lat="46.484150" lon="12.048940">
        <ele>2176.00</ele>
        <time>2026-04-14T18:09:13Z</time>
      </trkpt>
      <trkpt lat="46.484210" lon="12.048970">
        <ele>2176.40</ele>
        <time>2026-04-14T18:09:23Z</time>
      </trkpt>
      <trkpt lat="46.484290" lon="12.048990">
        <ele>2176.70</ele>
        <time>2026-04-14T18:09:33Z</time>
      </trkpt>
      <trkpt lat="46.484360" lon="12.049020">
        <ele>2177.10</ele>
        <time>2026-04-14T18:09:43Z</time>
      </trkpt>
      <trkpt lat="46.484390" lon="12.049030">
        <ele>2177.30</ele>
        <time>2026-04-14T18:09:53Z</time>
      </trkpt>
      <trkpt lat="46.484450" lon="12.049060">
        <ele>2177.70</ele>
        <time>2026-04-14T18:10:03Z</time>
      </trkpt>
      <trkpt lat="46.484490" lon="12.049110">
        <ele>2178.30</ele>
        <time>2026-04-14T18:10:13Z</time>
      </trkpt>
      <trkpt lat="46.484500" lon="12.049130">
        <ele>2178.60</ele>
        <time>2026-04-14T18:10:23Z</time>
      </trkpt>
      <trkpt lat="46.484510" lon="12.049160">
        <ele>2178.90</ele>
        <time>2026-04-14T18:10:33Z</time>
      </trkpt>
      <trkpt lat="46.484520" lon="12.049190">
        <ele>2179.20</ele>
        <time>2026-04-14T18:10:43Z</time>
      </trkpt>
      <trkpt lat="46.484520" lon="12.049220">
        <ele>2179.50</ele>
        <time>2026-04-14T18:10:53Z</time>
      </trkpt>
      <trkpt lat="46.484520" lon="12.049250">
        <ele>2179.80</ele>
        <time>2026-04-14T18:11:03Z</time>
      </trkpt>
      <trkpt lat="46.484520" lon="12.049290">
        <ele>2180.10</ele>
        <time>2026-04-14T18:11:13Z</time>
      </trkpt>
      <trkpt lat="46.484510" lon="12.049310">
        <ele>2180.30</ele>
        <time>2026-04-14T18:11:23Z</time>
      </trkpt>
      <trkpt lat="46.484490" lon="12.049400">
        <ele>2181.10</ele>
        <time>2026-04-14T18:11:33Z</time>
      </trkpt>
      <trkpt lat="46.484480" lon="12.049420">
        <ele>2181.30</ele>
        <time>2026-04-14T18:11:43Z</time>
      </trkpt>
      <trkpt lat="46.484470" lon="12.049430">
        <ele>2181.40</ele>
        <time>2026-04-14T18:11:53Z</time>
      </trkpt>
      <trkpt lat="46.484460" lon="12.049450">
        <ele>2181.60</ele>
        <time>2026-04-14T18:12:03Z</time>
      </trkpt>
      <trkpt lat="46.484440" lon="12.049470">
        <ele>2181.80</ele>
        <time>2026-04-14T18:12:13Z</time>
      </trkpt>
      <trkpt lat="46.484410" lon="12.049480">
        <ele>2181.90</ele>
        <time>2026-04-14T18:12:23Z</time>
      </trkpt>
      <trkpt lat="46.484380" lon="12.049490">
        <ele>2182.00</ele>
        <time>2026-04-14T18:12:33Z</time>
      </trkpt>
      <trkpt lat="46.484330" lon="12.049500">
        <ele>2182.10</ele>
        <time>2026-04-14T18:12:43Z</time>
      </trkpt>
      <trkpt lat="46.484300" lon="12.049500">
        <ele>2182.10</ele>
        <time>2026-04-14T18:12:53Z</time>
      </trkpt>
      <trkpt lat="46.484080" lon="12.049540">
        <ele>2182.70</ele>
        <time>2026-04-14T18:13:03Z</time>
      </trkpt>
      <trkpt lat="46.484040" lon="12.049550">
        <ele>2182.90</ele>
        <time>2026-04-14T18:13:13Z</time>
      </trkpt>
      <trkpt lat="46.483980" lon="12.049600">
        <ele>2183.50</ele>
        <time>2026-04-14T18:13:23Z</time>
      </trkpt>
      <trkpt lat="46.483960" lon="12.049620">
        <ele>2183.70</ele>
        <time>2026-04-14T18:13:33Z</time>
      </trkpt>
      <trkpt lat="46.483960" lon="12.049630">
        <ele>2183.80</ele>
        <time>2026-04-14T18:13:43Z</time>
      </trkpt>
      <trkpt lat="46.483930" lon="12.049670">
        <ele>2184.20</ele>
        <time>2026-04-14T18:13:53Z</time>
      </trkpt>
      <trkpt lat="46.483910" lon="12.049710">
        <ele>2184.60</ele>
        <time>2026-04-14T18:14:03Z</time>
      </trkpt>
      <trkpt lat="46.483900" lon="12.049750">
        <ele>2185.00</ele>
        <time>2026-04-14T18:14:13Z</time>
      </trkpt>
      <trkpt lat="46.483880" lon="12.049810">
        <ele>2185.60</ele>
        <time>2026-04-14T18:14:23Z</time>
      </trkpt>
      <trkpt lat="46.483860" lon="12.049900">
        <ele>2186.50</ele>
        <time>2026-04-14T18:14:33Z</time>
      </trkpt>
      <trkpt lat="46.483870" lon="12.049970">
        <ele>2187.10</ele>
        <time>2026-04-14T18:14:43Z</time>
      </trkpt>
      <trkpt lat="46.483870" lon="12.050040">
        <ele>2187.80</ele>
        <time>2026-04-14T18:14:53Z</time>
      </trkpt>
      <trkpt lat="46.483890" lon="12.050110">
        <ele>2188.70</ele>
        <time>2026-04-14T18:15:03Z</time>
      </trkpt>
      <trkpt lat="46.483950" lon="12.050230">
        <ele>2190.00</ele>
        <time>2026-04-14T18:15:13Z</time>
      </trkpt>
      <trkpt lat="46.483990" lon="12.050260">
        <ele>2190.30</ele>
        <time>2026-04-14T18:15:23Z</time>
      </trkpt>
      <trkpt lat="46.484020" lon="12.050280">
        <ele>2190.50</ele>
        <time>2026-04-14T18:15:33Z</time>
      </trkpt>
      <trkpt lat="46.484250" lon="12.050420">
        <ele>2192.10</ele>
        <time>2026-04-14T18:15:43Z</time>
      </trkpt>
      <trkpt lat="46.484470" lon="12.050520">
        <ele>2193.60</ele>
        <time>2026-04-14T18:15:53Z</time>
      </trkpt>
      <trkpt lat="46.484520" lon="12.050560">
        <ele>2194.20</ele>
        <time>2026-04-14T18:16:03Z</time>
      </trkpt>
      <trkpt lat="46.484580" lon="12.050620">
        <ele>2195.10</ele>
        <time>2026-04-14T18:16:13Z</time>
      </trkpt>
      <trkpt lat="46.484620" lon="12.050700">
        <ele>2196.20</ele>
        <time>2026-04-14T18:16:23Z</time>
      </trkpt>
      <trkpt lat="46.484650" lon="12.050810">
        <ele>2197.80</ele>
        <time>2026-04-14T18:16:33Z</time>
      </trkpt>
      <trkpt lat="46.484660" lon="12.050910">
        <ele>2199.60</ele>
        <time>2026-04-14T18:16:43Z</time>
      </trkpt>
      <trkpt lat="46.484640" lon="12.050980">
        <ele>2200.80</ele>
        <time>2026-04-14T18:16:53Z</time>
      </trkpt>
      <trkpt lat="46.484630" lon="12.051000">
        <ele>2201.20</ele>
        <time>2026-04-14T18:17:03Z</time>
      </trkpt>
      <trkpt lat="46.484620" lon="12.051060">
        <ele>2202.20</ele>
        <time>2026-04-14T18:17:13Z</time>
      </trkpt>
      <trkpt lat="46.484580" lon="12.051110">
        <ele>2203.00</ele>
        <time>2026-04-14T18:17:23Z</time>
      </trkpt>
      <trkpt lat="46.484380" lon="12.051350">
        <ele>2205.90</ele>
        <time>2026-04-14T18:17:33Z</time>
      </trkpt>
      <trkpt lat="46.484240" lon="12.051520">
        <ele>2207.50</ele>
        <time>2026-04-14T18:17:43Z</time>
      </trkpt>
      <trkpt lat="46.484190" lon="12.051580">
        <ele>2208.00</ele>
        <time>2026-04-14T18:17:53Z</time>
      </trkpt>
      <trkpt lat="46.483970" lon="12.052020">
        <ele>2213.60</ele>
        <time>2026-04-14T18:18:03Z</time>
      </trkpt>
      <trkpt lat="46.483840" lon="12.052500">
        <ele>2219.60</ele>
        <time>2026-04-14T18:18:13Z</time>
      </trkpt>
      <trkpt lat="46.483800" lon="12.052610">
        <ele>2220.90</ele>
        <time>2026-04-14T18:18:23Z</time>
      </trkpt>
      <trkpt lat="46.483780" lon="12.052630">
        <ele>2221.10</ele>
        <time>2026-04-14T18:18:33Z</time>
      </trkpt>
      <trkpt lat="46.483740" lon="12.052720">
        <ele>2222.10</ele>
        <time>2026-04-14T18:18:43Z</time>
      </trkpt>
      <trkpt lat="46.483670" lon="12.052800">
        <ele>2223.00</ele>
        <time>2026-04-14T18:18:53Z</time>
      </trkpt>
      <trkpt lat="46.483640" lon="12.052840">
        <ele>2223.40</ele>
        <time>2026-04-14T18:19:03Z</time>
      </trkpt>
      <trkpt lat="46.483590" lon="12.052870">
        <ele>2223.70</ele>
        <time>2026-04-14T18:19:13Z</time>
      </trkpt>
      <trkpt lat="46.483490" lon="12.052890">
        <ele>2223.90</ele>
        <time>2026-04-14T18:19:23Z</time>
      </trkpt>
      <trkpt lat="46.483470" lon="12.052900">
        <ele>2224.00</ele>
        <time>2026-04-14T18:19:33Z</time>
      </trkpt>
      <trkpt lat="46.483310" lon="12.052920">
        <ele>2224.10</ele>
        <time>2026-04-14T18:19:43Z</time>
      </trkpt>
      <trkpt lat="46.483000" lon="12.052970">
        <ele>2225.40</ele>
        <time>2026-04-14T18:19:53Z</time>
      </trkpt>
      <trkpt lat="46.482770" lon="12.053050">
        <ele>2226.70</ele>
        <time>2026-04-14T18:20:03Z</time>
      </trkpt>
      <trkpt lat="46.482710" lon="12.053060">
        <ele>2227.00</ele>
        <time>2026-04-14T18:20:13Z</time>
      </trkpt>
      <trkpt lat="46.482660" lon="12.053110">
        <ele>2227.60</ele>
        <time>2026-04-14T18:20:23Z</time>
      </trkpt>
      <trkpt lat="46.482630" lon="12.053150">
        <ele>2228.00</ele>
        <time>2026-04-14T18:20:33Z</time>
      </trkpt>
      <trkpt lat="46.482630" lon="12.053160">
        <ele>2228.10</ele>
        <time>2026-04-14T18:20:43Z</time>
      </trkpt>
      <trkpt lat="46.482610" lon="12.053210">
        <ele>2228.60</ele>
        <time>2026-04-14T18:20:53Z</time>
      </trkpt>
      <trkpt lat="46.482590" lon="12.053350">
        <ele>2229.90</ele>
        <time>2026-04-14T18:21:03Z</time>
      </trkpt>
      <trkpt lat="46.482590" lon="12.053420">
        <ele>2230.10</ele>
        <time>2026-04-14T18:21:13Z</time>
      </trkpt>
      <trkpt lat="46.482580" lon="12.053580">
        <ele>2230.40</ele>
        <time>2026-04-14T18:21:23Z</time>
      </trkpt>
      <trkpt lat="46.482590" lon="12.053680">
        <ele>2230.60</ele>
        <time>2026-04-14T18:21:33Z</time>
      </trkpt>
    </trkseg>
  </trk>
</gpx>
