<?xml version="1.0" encoding="UTF-8"?>
<gpx creator="Lanterne Rouge" version="1.1" xmlns="http://www.topografix.com/GPX/1/1" xmlns:xsi="http://www.w3.org/2001/XMLSchema-instance" xsi:schemaLocation="http://www.topografix.com/GPX/1/1 http://www.topografix.com/GPX/1/1/gpx.xsd">
 <metadata>
  <name>French Fry</name>
  <author>
   <name>Lanterne Rouge</name>
   <link href="https://lanternerouge.app"/>
  </author>
 </metadata>
 <wpt lat="43.85202047812416" lon="-114.07878092931387">
  <name>French Fry Check</name>
 </wpt>
 <wpt lat="43.91931492847499" lon="-114.11036282755228">
  <name>Check</name>
 </wpt>
 <wpt lat="43.685778731770114" lon="-114.35912301465765">
  <name>START</name>
 </wpt>
 <wpt lat="43.825173332944416" lon="-114.26277174538428">
  <name>Trail Creek</name>
 </wpt>
 <wpt lat="43.8991943690221" lon="-114.10116182664028">
  <name>Wildhorse</name>
 </wpt>
 <wpt lat="43.89501989363899" lon="-114.15511082203906">
  <name>El Diablito</name>
 </wpt>
 <wpt lat="43.923002989408786" lon="-114.12203965531106">
  <name>Wildhorse</name>
 </wpt>
 <wpt lat="43.71857573892558" lon="-114.33388177160417">
  <name>Timed Finish</name>
 </wpt>
 <wpt lat="43.91884932026986" lon="-114.1062024472041">
  <name>The Chaise</name>
 </wpt>
 <wpt lat="43.87742880045937" lon="-114.09858368930938">
  <name>A Good Pepper</name>
 </wpt>
 <trk>
  <name>French Fry</name>
  <type>cycling</type>
  <trkseg>
   <trkpt lat="43.68579108758807" lon="-114.35916253977419">
    <ele>1791.6373714294991</ele>
   </trkpt>
   <trkpt lat="43.68569682984466" lon="-114.35879783205482">
    <ele>1792.1729266528005</ele>
   </trkpt>
   <trkpt lat="43.68629500062364" lon="-114.35842000389952">
    <ele>1793.0250629167836</ele>
   </trkpt>
   <trkpt lat="43.686910000000005" lon="-114.35804">
    <ele>1795.045995253868</ele>
   </trkpt>
   <trkpt lat="43.68757500069577" lon="-114.3576250046352">
    <ele>1795.7083039444988</ele>
   </trkpt>
   <trkpt lat="43.68824" lon="-114.35721000000001">
    <ele>1796.9233043385836</ele>
   </trkpt>
   <trkpt lat="43.68864000000001" lon="-114.35698000000001">
    <ele>1798.0084388349799</ele>
   </trkpt>
   <trkpt lat="43.689260000000004" lon="-114.3567">
    <ele>1799.0212079418725</ele>
   </trkpt>
   <trkpt lat="43.68974" lon="-114.35662">
    <ele>1799.6436939036753</ele>
   </trkpt>
   <trkpt lat="43.69005000000001" lon="-114.35657">
    <ele>1799.6436939036753</ele>
   </trkpt>
   <trkpt lat="43.69041000000001" lon="-114.35660000000001">
    <ele>1800.5479166438122</ele>
   </trkpt>
   <trkpt lat="43.69098" lon="-114.35675">
    <ele>1802.2223342082318</ele>
   </trkpt>
   <trkpt lat="43.69153500023894" lon="-114.35693499831795">
    <ele>1804.514506108849</ele>
   </trkpt>
   <trkpt lat="43.69209" lon="-114.35712000000001">
    <ele>1807.0440805276364</ele>
   </trkpt>
   <trkpt lat="43.69252" lon="-114.35724">
    <ele>1808.157945827912</ele>
   </trkpt>
   <trkpt lat="43.692730000000005" lon="-114.35728000000002">
    <ele>1808.157945827912</ele>
   </trkpt>
   <trkpt lat="43.69295314878203" lon="-114.35732008685378">
    <ele>1808.178588652383</ele>
   </trkpt>
   <trkpt lat="43.69312361895983" lon="-114.3573370480364">
    <ele>1808.3111159730718</ele>
   </trkpt>
   <trkpt lat="43.69329276711549" lon="-114.35734105502989">
    <ele>1808.3111159730718</ele>
   </trkpt>
   <trkpt lat="43.69371441213978" lon="-114.35725172857232">
    <ele>1809.0384108784224</ele>
   </trkpt>
   <trkpt lat="43.69455491345134" lon="-114.35705791562992">
    <ele>1810.9233753981573</ele>
   </trkpt>
   <trkpt lat="43.69525849025211" lon="-114.35686688712806">
    <ele>1814.2961899618183</ele>
   </trkpt>
   <trkpt lat="43.69565053974302" lon="-114.35672158767265">
    <ele>1816.1477827434203</ele>
   </trkpt>
   <trkpt lat="43.696007196645155" lon="-114.35654244323612">
    <ele>1816.6985261078873</ele>
   </trkpt>
   <trkpt lat="43.696313543877814" lon="-114.35634214111587">
    <ele>1817.9323001977173</ele>
   </trkpt>
   <trkpt lat="43.69661739776022" lon="-114.35609067606357">
    <ele>1818.6456712498239</ele>
   </trkpt>
   <trkpt lat="43.696916324356984" lon="-114.35578680455421">
    <ele>1818.7775000884417</ele>
   </trkpt>
   <trkpt lat="43.69718365428177" lon="-114.35545067582149">
    <ele>1818.774356168248</ele>
   </trkpt>
   <trkpt lat="43.69751245352106" lon="-114.35496333935421">
    <ele>1818.6666815095175</ele>
   </trkpt>
   <trkpt lat="43.697825038878015" lon="-114.35443326754134">
    <ele>1818.8948915382018</ele>
   </trkpt>
   <trkpt lat="43.69832439255353" lon="-114.35349472422821">
    <ele>1819.21653927695</ele>
   </trkpt>
   <trkpt lat="43.698855230408014" lon="-114.3525797317378">
    <ele>1820.5354593699547</ele>
   </trkpt>
   <trkpt lat="43.69910803652649" lon="-114.35218088271202">
    <ele>1820.760120920404</ele>
   </trkpt>
   <trkpt lat="43.69928500792365" lon="-114.3519715377393">
    <ele>1821.1218126025972</ele>
   </trkpt>
   <trkpt lat="43.69953382117107" lon="-114.35174594214885">
    <ele>1821.5900209754068</ele>
   </trkpt>
   <trkpt lat="43.699921409989194" lon="-114.35146328803407">
    <ele>1822.1031049177718</ele>
   </trkpt>
   <trkpt lat="43.7007284463755" lon="-114.35095766665837">
    <ele>1822.418407823694</ele>
   </trkpt>
   <trkpt lat="43.701514454056024" lon="-114.35048571566334">
    <ele>1822.2305895808468</ele>
   </trkpt>
   <trkpt lat="43.702305805510065" lon="-114.3500044771555">
    <ele>1822.6558712025453</ele>
   </trkpt>
   <trkpt lat="43.70306871611308" lon="-114.34953417660432">
    <ele>1824.5593848913657</ele>
   </trkpt>
   <trkpt lat="43.70381739080405" lon="-114.34906736078916">
    <ele>1827.3913436879327</ele>
   </trkpt>
   <trkpt lat="43.70462116143459" lon="-114.34855910859321">
    <ele>1829.8673854694177</ele>
   </trkpt>
   <trkpt lat="43.705410482026586" lon="-114.34804376644487">
    <ele>1832.6051719175505</ele>
   </trkpt>
   <trkpt lat="43.70621316834007" lon="-114.34750856333532">
    <ele>1835.3855862478204</ele>
   </trkpt>
   <trkpt lat="43.70666955803516" lon="-114.34718176039402">
    <ele>1836.9154727696025</ele>
   </trkpt>
   <trkpt lat="43.70693877041411" lon="-114.34694735928082">
    <ele>1837.0724730698553</ele>
   </trkpt>
   <trkpt lat="43.70711073651811" lon="-114.34675015146887">
    <ele>1837.5948752540353</ele>
   </trkpt>
   <trkpt lat="43.70744553737834" lon="-114.34627491859867">
    <ele>1837.4840817697443</ele>
   </trkpt>
   <trkpt lat="43.70793351111085" lon="-114.34549590141516">
    <ele>1836.734509270417</ele>
   </trkpt>
   <trkpt lat="43.70848766728203" lon="-114.34454176506127">
    <ele>1836.7888465496844</ele>
   </trkpt>
   <trkpt lat="43.70882613581004" lon="-114.343982752281">
    <ele>1837.9790272401763</ele>
   </trkpt>
   <trkpt lat="43.70914899154133" lon="-114.34351655891284">
    <ele>1838.8137238182833</ele>
   </trkpt>
   <trkpt lat="43.709499351775705" lon="-114.34308060033354">
    <ele>1839.2162276276904</ele>
   </trkpt>
   <trkpt lat="43.70986727799159" lon="-114.34268710815543">
    <ele>1839.4309610172775</ele>
   </trkpt>
   <trkpt lat="43.71023896786142" lon="-114.34234303406481">
    <ele>1839.80704996286</ele>
   </trkpt>
   <trkpt lat="43.71066225440117" lon="-114.34200302999692">
    <ele>1840.598517661845</ele>
   </trkpt>
   <trkpt lat="43.71141860841235" lon="-114.34144609554002">
    <ele>1841.9299370744193</ele>
   </trkpt>
   <trkpt lat="43.71216910950823" lon="-114.34090981096413">
    <ele>1843.1640752648661</ele>
   </trkpt>
   <trkpt lat="43.712946194511204" lon="-114.34035703474684">
    <ele>1844.3843580892997</ele>
   </trkpt>
   <trkpt lat="43.71371761140487" lon="-114.33979943905454">
    <ele>1844.8720809369609</ele>
   </trkpt>
   <trkpt lat="43.71445110817278" lon="-114.33924869605372">
    <ele>1845.7696657445765</ele>
   </trkpt>
   <trkpt lat="43.715175664090665" lon="-114.33866472434208">
    <ele>1846.7843216171084</ele>
   </trkpt>
   <trkpt lat="43.715674387192685" lon="-114.33821561346579">
    <ele>1847.9430040703917</ele>
   </trkpt>
   <trkpt lat="43.71608512057811" lon="-114.33779549173181">
    <ele>1849.1357050848637</ele>
   </trkpt>
   <trkpt lat="43.71645760481376" lon="-114.33735706697453">
    <ele>1850.2502494121575</ele>
   </trkpt>
   <trkpt lat="43.716790652152014" lon="-114.33690190740599">
    <ele>1851.5991964383581</ele>
   </trkpt>
   <trkpt lat="43.717190033483966" lon="-114.33627350007238">
    <ele>1852.6850407834002</ele>
   </trkpt>
   <trkpt lat="43.717607976779945" lon="-114.33557374063132">
    <ele>1853.685547305259</ele>
   </trkpt>
   <trkpt lat="43.71805865891561" lon="-114.33471084354026">
    <ele>1854.410280679386</ele>
   </trkpt>
   <trkpt lat="43.71855266708163" lon="-114.33369800064409">
    <ele>1855.2823121049476</ele>
   </trkpt>
   <trkpt lat="43.71904024189124" lon="-114.33265811217203">
    <ele>1856.0237374431308</ele>
   </trkpt>
   <trkpt lat="43.71950695755352" lon="-114.33163596479821">
    <ele>1856.1110878107222</ele>
   </trkpt>
   <trkpt lat="43.71987673898044" lon="-114.33090297950447">
    <ele>1855.6991104636993</ele>
   </trkpt>
   <trkpt lat="43.72033111086981" lon="-114.33008615409848">
    <ele>1854.8806399843834</ele>
   </trkpt>
   <trkpt lat="43.72090089462246" lon="-114.32914204012904">
    <ele>1853.255529851068</ele>
   </trkpt>
   <trkpt lat="43.721488495839886" lon="-114.32823211107359">
    <ele>1851.9503026554423</ele>
   </trkpt>
   <trkpt lat="43.7220293794765" lon="-114.32744740712012">
    <ele>1851.6646945552984</ele>
   </trkpt>
   <trkpt lat="43.72261694834747" lon="-114.32664576931744">
    <ele>1852.8418543267987</ele>
   </trkpt>
   <trkpt lat="43.7232357433897" lon="-114.32580071933789">
    <ele>1853.7653237719376</ele>
   </trkpt>
   <trkpt lat="43.72367699644596" lon="-114.32515525586561">
    <ele>1853.6786246983736</ele>
   </trkpt>
   <trkpt lat="43.72404779624517" lon="-114.32455233730671">
    <ele>1853.371716540475</ele>
   </trkpt>
   <trkpt lat="43.72435251774286" lon="-114.3239889882635">
    <ele>1853.5580305406068</ele>
   </trkpt>
   <trkpt lat="43.72459698081165" lon="-114.32347090016226">
    <ele>1854.8056456918748</ele>
   </trkpt>
   <trkpt lat="43.72489366902296" lon="-114.32274229661054">
    <ele>1856.1704490283228</ele>
   </trkpt>
   <trkpt lat="43.72527390907918" lon="-114.32170647683277">
    <ele>1857.0898433703308</ele>
   </trkpt>
   <trkpt lat="43.725648480058084" lon="-114.32061475085952">
    <ele>1858.8632052527016</ele>
   </trkpt>
   <trkpt lat="43.72601455794473" lon="-114.31956739637121">
    <ele>1860.7406675477912</ele>
   </trkpt>
   <trkpt lat="43.726412233425016" lon="-114.31851838483612">
    <ele>1863.0931360400675</ele>
   </trkpt>
   <trkpt lat="43.72681022694128" lon="-114.31756170711229">
    <ele>1864.058667922972</ele>
   </trkpt>
   <trkpt lat="43.727244390666435" lon="-114.31658056537705">
    <ele>1865.273355207322</ele>
   </trkpt>
   <trkpt lat="43.72769105794117" lon="-114.31557941780683">
    <ele>1866.7281796219102</ele>
   </trkpt>
   <trkpt lat="43.72810270803404" lon="-114.31465986846192">
    <ele>1868.0937580155605</ele>
   </trkpt>
   <trkpt lat="43.72852283403507" lon="-114.31372343725273">
    <ele>1868.9307872012077</ele>
   </trkpt>
   <trkpt lat="43.728934286947826" lon="-114.31280784474896">
    <ele>1869.2626926962664</ele>
   </trkpt>
   <trkpt lat="43.72938047496538" lon="-114.3118163145009">
    <ele>1869.3821380516758</ele>
   </trkpt>
   <trkpt lat="43.72981243417964" lon="-114.31085757406356">
    <ele>1869.5252525349651</ele>
   </trkpt>
   <trkpt lat="43.73028639670041" lon="-114.30980924832838">
    <ele>1870.4850245694242</ele>
   </trkpt>
   <trkpt lat="43.73078912895208" lon="-114.30885693115205">
    <ele>1872.392718792371</ele>
   </trkpt>
   <trkpt lat="43.731330492056486" lon="-114.30790790463823">
    <ele>1875.834745191796</ele>
   </trkpt>
   <trkpt lat="43.73179532252176" lon="-114.30715712602617">
    <ele>1879.5095014389199</ele>
   </trkpt>
   <trkpt lat="43.73224438331567" lon="-114.3064970259317">
    <ele>1883.450292696704</ele>
   </trkpt>
   <trkpt lat="43.732854205511906" lon="-114.30563271151385">
    <ele>1887.2242783423935</ele>
   </trkpt>
   <trkpt lat="43.73346036764255" lon="-114.30477651091466">
    <ele>1890.0448382509212</ele>
   </trkpt>
   <trkpt lat="43.73405965660317" lon="-114.30393572180053">
    <ele>1891.8341123391792</ele>
   </trkpt>
   <trkpt lat="43.73469005767018" lon="-114.30306352003049">
    <ele>1894.9690627623531</ele>
   </trkpt>
   <trkpt lat="43.735258395972245" lon="-114.30231126647904">
    <ele>1899.2697780535739</ele>
   </trkpt>
   <trkpt lat="43.73586672347414" lon="-114.30158145036201">
    <ele>1904.4614364916438</ele>
   </trkpt>
   <trkpt lat="43.73640388454603" lon="-114.30100012701959">
    <ele>1906.818915640728</ele>
   </trkpt>
   <trkpt lat="43.7365713703296" lon="-114.30083279670832">
    <ele>1906.818915640728</ele>
   </trkpt>
   <trkpt lat="43.73671322177587" lon="-114.30070975532858">
    <ele>1907.2467621539618</ele>
   </trkpt>
   <trkpt lat="43.73685666666667" lon="-114.30059">
    <ele>1907.2467621539618</ele>
   </trkpt>
   <trkpt lat="43.737" lon="-114.30047">
    <ele>1907.749612901591</ele>
   </trkpt>
   <trkpt lat="43.737680000000005" lon="-114.29998">
    <ele>1910.4811419011367</ele>
   </trkpt>
   <trkpt lat="43.73842455619718" lon="-114.29948369808562">
    <ele>1912.513504168003</ele>
   </trkpt>
   <trkpt lat="43.73916911024687" lon="-114.29898738382816">
    <ele>1914.4106087665511</ele>
   </trkpt>
   <trkpt lat="43.73991366214897" lon="-114.29849105722698">
    <ele>1916.0911850666582</ele>
   </trkpt>
   <trkpt lat="43.74065821190337" lon="-114.29799471828156">
    <ele>1917.7325701035377</ele>
   </trkpt>
   <trkpt lat="43.741402759509974" lon="-114.2974983669912">
    <ele>1919.7192899700647</ele>
   </trkpt>
   <trkpt lat="43.742147304968654" lon="-114.29700200335542">
    <ele>1921.9480874210574</ele>
   </trkpt>
   <trkpt lat="43.742891848279314" lon="-114.29650562737355">
    <ele>1924.193540188935</ele>
   </trkpt>
   <trkpt lat="43.743636389441846" lon="-114.29600923904505">
    <ele>1926.3144896772153</ele>
   </trkpt>
   <trkpt lat="43.74438092845613" lon="-114.29551283836928">
    <ele>1928.1123231073313</ele>
   </trkpt>
   <trkpt lat="43.74512546532205" lon="-114.29501642534568">
    <ele>1928.9996605359565</ele>
   </trkpt>
   <trkpt lat="43.745870000000004" lon="-114.29452">
    <ele>1931.884051564397</ele>
   </trkpt>
   <trkpt lat="43.74633000054753" lon="-114.29415500283126">
    <ele>1932.9552588345057</ele>
   </trkpt>
   <trkpt lat="43.746790000000004" lon="-114.29379000000002">
    <ele>1933.27778252647</ele>
   </trkpt>
   <trkpt lat="43.747420000000005" lon="-114.29321000000002">
    <ele>1934.2584982402477</ele>
   </trkpt>
   <trkpt lat="43.74793333574315" lon="-114.29269000886612">
    <ele>1936.449080875133</ele>
   </trkpt>
   <trkpt lat="43.74844666912892" lon="-114.29217000881313">
    <ele>1939.839120732427</ele>
   </trkpt>
   <trkpt lat="43.748960000000004" lon="-114.29165">
    <ele>1942.3823686764529</ele>
   </trkpt>
   <trkpt lat="43.749390000000005" lon="-114.29116">
    <ele>1943.6111305455752</ele>
   </trkpt>
   <trkpt lat="43.74976" lon="-114.29059000000001">
    <ele>1943.5343026487874</ele>
   </trkpt>
   <trkpt lat="43.750110001833214" lon="-114.28995500357638">
    <ele>1944.0105734985962</ele>
   </trkpt>
   <trkpt lat="43.750460000000004" lon="-114.28932">
    <ele>1944.0396945457123</ele>
   </trkpt>
   <trkpt lat="43.750620000000005" lon="-114.28906">
    <ele>1943.999838953049</ele>
   </trkpt>
   <trkpt lat="43.750930000000004" lon="-114.28866000000001">
    <ele>1943.6816567601884</ele>
   </trkpt>
   <trkpt lat="43.75148" lon="-114.28808000000001">
    <ele>1941.5847519145968</ele>
   </trkpt>
   <trkpt lat="43.75208250417307" lon="-114.28751751695566">
    <ele>1939.2455359314663</ele>
   </trkpt>
   <trkpt lat="43.7526850055877" lon="-114.28695502258584">
    <ele>1937.4898442289866</ele>
   </trkpt>
   <trkpt lat="43.75328750424379" lon="-114.28639251689016">
    <ele>1937.7371615835593</ele>
   </trkpt>
   <trkpt lat="43.753890000000006" lon="-114.28583">
    <ele>1938.9749108688743</ele>
   </trkpt>
   <trkpt lat="43.754490000000004" lon="-114.2853">
    <ele>1938.0309428295664</ele>
   </trkpt>
   <trkpt lat="43.75513" lon="-114.28484">
    <ele>1936.1727039236587</ele>
   </trkpt>
   <trkpt lat="43.755500000000005" lon="-114.28462">
    <ele>1936.0357689413272</ele>
   </trkpt>
   <trkpt lat="43.75596" lon="-114.28436">
    <ele>1937.4466797034022</ele>
   </trkpt>
   <trkpt lat="43.756660000515964" lon="-114.28402500390612">
    <ele>1940.7213769304867</ele>
   </trkpt>
   <trkpt lat="43.757360000000006" lon="-114.28369">
    <ele>1943.5468170155593</ele>
   </trkpt>
   <trkpt lat="43.757940000000005" lon="-114.28338000000001">
    <ele>1945.4005009890273</ele>
   </trkpt>
   <trkpt lat="43.75856" lon="-114.28301">
    <ele>1946.1747845618986</ele>
   </trkpt>
   <trkpt lat="43.759040000000006" lon="-114.28269">
    <ele>1945.5495891916821</ele>
   </trkpt>
   <trkpt lat="43.759676668474434" lon="-114.2822300098165">
    <ele>1943.9511735618455</ele>
   </trkpt>
   <trkpt lat="43.760313335104065" lon="-114.2817700098434">
    <ele>1942.901433512147</ele>
   </trkpt>
   <trkpt lat="43.76095" lon="-114.28131">
    <ele>1943.2405723783966</ele>
   </trkpt>
   <trkpt lat="43.76146000000001" lon="-114.28092000000001">
    <ele>1944.4276513784414</ele>
   </trkpt>
   <trkpt lat="43.76220215890125" lon="-114.28038794296508">
    <ele>1946.4641165972835</ele>
   </trkpt>
   <trkpt lat="43.762944315334366" lon="-114.27985587272947">
    <ele>1948.7515295636076</ele>
   </trkpt>
   <trkpt lat="43.76368646929921" lon="-114.27932378929255">
    <ele>1951.3291563326893</ele>
   </trkpt>
   <trkpt lat="43.76442862079567" lon="-114.27879169265366">
    <ele>1953.8519172040642</ele>
   </trkpt>
   <trkpt lat="43.76517076982361" lon="-114.27825958281223">
    <ele>1956.301505711669</ele>
   </trkpt>
   <trkpt lat="43.76591291638292" lon="-114.27772745976759">
    <ele>1958.4376270737002</ele>
   </trkpt>
   <trkpt lat="43.76665506047348" lon="-114.27719532351914">
    <ele>1959.7090372237644</ele>
   </trkpt>
   <trkpt lat="43.76739720209514" lon="-114.27666317406624">
    <ele>1960.2378470416236</ele>
   </trkpt>
   <trkpt lat="43.768139341247796" lon="-114.27613101140828">
    <ele>1960.6995216623473</ele>
   </trkpt>
   <trkpt lat="43.768881477931316" lon="-114.27559883554461">
    <ele>1961.7540176464333</ele>
   </trkpt>
   <trkpt lat="43.76962361214555" lon="-114.27506664647463">
    <ele>1963.318418317071</ele>
   </trkpt>
   <trkpt lat="43.77036574389041" lon="-114.27453444419768">
    <ele>1965.146911810859</ele>
   </trkpt>
   <trkpt lat="43.77110787316576" lon="-114.27400222871319">
    <ele>1967.2531650787762</ele>
   </trkpt>
   <trkpt lat="43.77185" lon="-114.27347">
    <ele>1969.6741832206617</ele>
   </trkpt>
   <trkpt lat="43.772240000000004" lon="-114.27318000000001">
    <ele>1971.2724838449594</ele>
   </trkpt>
   <trkpt lat="43.77264" lon="-114.27284000000002">
    <ele>1973.168496482146</ele>
   </trkpt>
   <trkpt lat="43.77329000163847" lon="-114.2722300066147">
    <ele>1977.237691572455</ele>
   </trkpt>
   <trkpt lat="43.77394" lon="-114.27162000000001">
    <ele>1983.363506248726</ele>
   </trkpt>
   <trkpt lat="43.77456750237492" lon="-114.27119751327302">
    <ele>1988.0903830446478</ele>
   </trkpt>
   <trkpt lat="43.77519500319359" lon="-114.27077501767943">
    <ele>1992.8164910836022</ele>
   </trkpt>
   <trkpt lat="43.7758225024559" lon="-114.2703525132189">
    <ele>1997.2930740171132</ele>
   </trkpt>
   <trkpt lat="43.776450000000004" lon="-114.26993000000002">
    <ele>2002.6349422995884</ele>
   </trkpt>
   <trkpt lat="43.776650000000004" lon="-114.26971">
    <ele>2004.84644304702</ele>
   </trkpt>
   <trkpt lat="43.776740000000004" lon="-114.26959000000001">
    <ele>2006.2913222827738</ele>
   </trkpt>
   <trkpt lat="43.777300000000004" lon="-114.26865000000001">
    <ele>2014.0923055135156</ele>
   </trkpt>
   <trkpt lat="43.777570000000004" lon="-114.26832">
    <ele>2018.079314606233</ele>
   </trkpt>
   <trkpt lat="43.7779" lon="-114.26802">
    <ele>2021.8738239135726</ele>
   </trkpt>
   <trkpt lat="43.77854400426089" lon="-114.26752602127873">
    <ele>2027.9188784202026</ele>
   </trkpt>
   <trkpt lat="43.77918800639422" lon="-114.26703203191637">
    <ele>2031.8900082778864</ele>
   </trkpt>
   <trkpt lat="43.77983200639995" lon="-114.26653803191249">
    <ele>2036.8973694528452</ele>
   </trkpt>
   <trkpt lat="43.780476004277915" lon="-114.26604402126667">
    <ele>2042.7345163475454</ele>
   </trkpt>
   <trkpt lat="43.78112" lon="-114.26555">
    <ele>2048.6886303370043</ele>
   </trkpt>
   <trkpt lat="43.781420000000004" lon="-114.26532">
    <ele>2051.0472677332687</ele>
   </trkpt>
   <trkpt lat="43.78161" lon="-114.26523">
    <ele>2053.4540088413055</ele>
   </trkpt>
   <trkpt lat="43.78235" lon="-114.26492">
    <ele>2060.024153216545</ele>
   </trkpt>
   <trkpt lat="43.78273" lon="-114.2647">
    <ele>2062.2123724861626</ele>
   </trkpt>
   <trkpt lat="43.78296" lon="-114.26452">
    <ele>2064.4054104145143</ele>
   </trkpt>
   <trkpt lat="43.78367" lon="-114.2638">
    <ele>2072.139262408192</ele>
   </trkpt>
   <trkpt lat="43.783970000000004" lon="-114.26354">
    <ele>2075.3478197652157</ele>
   </trkpt>
   <trkpt lat="43.78459500045157" lon="-114.26317500389159">
    <ele>2080.124736273823</ele>
   </trkpt>
   <trkpt lat="43.78522" lon="-114.26281000000002">
    <ele>2085.4311394474307</ele>
   </trkpt>
   <trkpt lat="43.78579333486639" lon="-114.26239334131195">
    <ele>2091.616879535914</ele>
   </trkpt>
   <trkpt lat="43.786366668219124" lon="-114.26197667463128">
    <ele>2096.766453233035</ele>
   </trkpt>
   <trkpt lat="43.78694" lon="-114.26156">
    <ele>2100.6976647748925</ele>
   </trkpt>
   <trkpt lat="43.787516667821585" lon="-114.26120667344358">
    <ele>2104.4564062989007</ele>
   </trkpt>
   <trkpt lat="43.7880933345547" lon="-114.26085334006962">
    <ele>2109.5309103871314</ele>
   </trkpt>
   <trkpt lat="43.78867" lon="-114.26050000000001">
    <ele>2115.7301292700818</ele>
   </trkpt>
   <trkpt lat="43.78923" lon="-114.26036">
    <ele>2120.1477422618636</ele>
   </trkpt>
   <trkpt lat="43.789480000000005" lon="-114.26024000000001">
    <ele>2122.246563687437</ele>
   </trkpt>
   <trkpt lat="43.7896" lon="-114.26017000000002">
    <ele>2122.885251348331</ele>
   </trkpt>
   <trkpt lat="43.78976" lon="-114.26">
    <ele>2124.1580697544987</ele>
   </trkpt>
   <trkpt lat="43.790040000000005" lon="-114.25968">
    <ele>2126.9658402168725</ele>
   </trkpt>
   <trkpt lat="43.790200000000006" lon="-114.25952000000001">
    <ele>2129.1966629341814</ele>
   </trkpt>
   <trkpt lat="43.7907" lon="-114.25924">
    <ele>2134.6008369790134</ele>
   </trkpt>
   <trkpt lat="43.791050000000006" lon="-114.25914000000002">
    <ele>2136.4004346938164</ele>
   </trkpt>
   <trkpt lat="43.791540000000005" lon="-114.25901">
    <ele>2141.973031747203</ele>
   </trkpt>
   <trkpt lat="43.79196" lon="-114.25893">
    <ele>2146.045925158038</ele>
   </trkpt>
   <trkpt lat="43.792320000000004" lon="-114.25892">
    <ele>2149.318374946045</ele>
   </trkpt>
   <trkpt lat="43.792970000000004" lon="-114.25893">
    <ele>2152.9832927446523</ele>
   </trkpt>
   <trkpt lat="43.79312" lon="-114.25892">
    <ele>2154.438819198875</ele>
   </trkpt>
   <trkpt lat="43.793260000000004" lon="-114.25888">
    <ele>2155.943815853556</ele>
   </trkpt>
   <trkpt lat="43.79339" lon="-114.25880000000001">
    <ele>2155.943815853556</ele>
   </trkpt>
   <trkpt lat="43.79356000000001" lon="-114.25865">
    <ele>2157.3418903968077</ele>
   </trkpt>
   <trkpt lat="43.79381" lon="-114.25822000000001">
    <ele>2160.2682816246565</ele>
   </trkpt>
   <trkpt lat="43.7939" lon="-114.25812">
    <ele>2161.3468667968054</ele>
   </trkpt>
   <trkpt lat="43.79428" lon="-114.25789">
    <ele>2162.054052549948</ele>
   </trkpt>
   <trkpt lat="43.79457" lon="-114.25768000000001">
    <ele>2161.9517586014376</ele>
   </trkpt>
   <trkpt lat="43.79471" lon="-114.25764000000001">
    <ele>2161.9289608470954</ele>
   </trkpt>
   <trkpt lat="43.794990000000006" lon="-114.25768000000001">
    <ele>2162.28113910945</ele>
   </trkpt>
   <trkpt lat="43.79513" lon="-114.25767">
    <ele>2163.0299428933236</ele>
   </trkpt>
   <trkpt lat="43.79563" lon="-114.25736">
    <ele>2167.0881096388953</ele>
   </trkpt>
   <trkpt lat="43.795910000000006" lon="-114.25713">
    <ele>2172.4658394786948</ele>
   </trkpt>
   <trkpt lat="43.796150000000004" lon="-114.25699000000002">
    <ele>2178.713953987823</ele>
   </trkpt>
   <trkpt lat="43.796350000000004" lon="-114.25691">
    <ele>2181.3063502327027</ele>
   </trkpt>
   <trkpt lat="43.796640000000004" lon="-114.25691">
    <ele>2185.298559108446</ele>
   </trkpt>
   <trkpt lat="43.796780000000005" lon="-114.25686">
    <ele>2187.569418509207</ele>
   </trkpt>
   <trkpt lat="43.797560000000004" lon="-114.25647000000001">
    <ele>2194.1258013170705</ele>
   </trkpt>
   <trkpt lat="43.797900000000006" lon="-114.25633">
    <ele>2196.7637443632043</ele>
   </trkpt>
   <trkpt lat="43.798080000000006" lon="-114.25623000000002">
    <ele>2198.1590519088177</ele>
   </trkpt>
   <trkpt lat="43.79833000000001" lon="-114.25587000000002">
    <ele>2201.255973510024</ele>
   </trkpt>
   <trkpt lat="43.798480000000005" lon="-114.2557">
    <ele>2202.760230931321</ele>
   </trkpt>
   <trkpt lat="43.7991" lon="-114.25534">
    <ele>2207.9953140520865</ele>
   </trkpt>
   <trkpt lat="43.7995" lon="-114.25516">
    <ele>2210.8682778054153</ele>
   </trkpt>
   <trkpt lat="43.79955" lon="-114.25512">
    <ele>2211.513837079336</ele>
   </trkpt>
   <trkpt lat="43.799640000000004" lon="-114.25499">
    <ele>2212.2666817401932</ele>
   </trkpt>
   <trkpt lat="43.799710000000005" lon="-114.25486000000001">
    <ele>2213.7391676559814</ele>
   </trkpt>
   <trkpt lat="43.79986" lon="-114.25417000000002">
    <ele>2217.6469132434936</ele>
   </trkpt>
   <trkpt lat="43.79999" lon="-114.25374000000001">
    <ele>2221.779110713162</ele>
   </trkpt>
   <trkpt lat="43.800050000000006" lon="-114.25361000000001">
    <ele>2222.613609794925</ele>
   </trkpt>
   <trkpt lat="43.8001" lon="-114.25356000000001">
    <ele>2223.233271064616</ele>
   </trkpt>
   <trkpt lat="43.80022" lon="-114.2535">
    <ele>2223.8896518200813</ele>
   </trkpt>
   <trkpt lat="43.800290000000004" lon="-114.25346">
    <ele>2223.8896518200813</ele>
   </trkpt>
   <trkpt lat="43.80050000000001" lon="-114.2535">
    <ele>2225.7109680682406</ele>
   </trkpt>
   <trkpt lat="43.800740000000005" lon="-114.25364">
    <ele>2227.3478248013794</ele>
   </trkpt>
   <trkpt lat="43.801310000840154" lon="-114.25408499573639">
    <ele>2232.4283260175816</ele>
   </trkpt>
   <trkpt lat="43.801880000000004" lon="-114.25453">
    <ele>2238.011985309965</ele>
   </trkpt>
   <trkpt lat="43.802020000000006" lon="-114.25458">
    <ele>2240.0812821745267</ele>
   </trkpt>
   <trkpt lat="43.80216" lon="-114.25458">
    <ele>2240.970802919019</ele>
   </trkpt>
   <trkpt lat="43.80266" lon="-114.25458">
    <ele>2245.905631688419</ele>
   </trkpt>
   <trkpt lat="43.802870000000006" lon="-114.25459000000001">
    <ele>2247.8068127168076</ele>
   </trkpt>
   <trkpt lat="43.80359000000001" lon="-114.25494">
    <ele>2255.6357421032685</ele>
   </trkpt>
   <trkpt lat="43.804140000000004" lon="-114.25513000000001">
    <ele>2259.694866824918</ele>
   </trkpt>
   <trkpt lat="43.80478" lon="-114.25547">
    <ele>2263.6389439275913</ele>
   </trkpt>
   <trkpt lat="43.805130000000005" lon="-114.25572000000001">
    <ele>2266.204319253667</ele>
   </trkpt>
   <trkpt lat="43.80547000000001" lon="-114.25601">
    <ele>2268.804878279046</ele>
   </trkpt>
   <trkpt lat="43.80608" lon="-114.2566">
    <ele>2273.949668704858</ele>
   </trkpt>
   <trkpt lat="43.80664" lon="-114.25727">
    <ele>2279.605017624729</ele>
   </trkpt>
   <trkpt lat="43.806850000000004" lon="-114.25767">
    <ele>2281.983128824186</ele>
   </trkpt>
   <trkpt lat="43.80698" lon="-114.25784000000002">
    <ele>2283.0919065365556</ele>
   </trkpt>
   <trkpt lat="43.80756" lon="-114.25848">
    <ele>2289.0312265932016</ele>
   </trkpt>
   <trkpt lat="43.80785" lon="-114.2587">
    <ele>2290.5534470138177</ele>
   </trkpt>
   <trkpt lat="43.80848" lon="-114.25907000000001">
    <ele>2296.107238524588</ele>
   </trkpt>
   <trkpt lat="43.808690000000006" lon="-114.25915">
    <ele>2297.8663138439324</ele>
   </trkpt>
   <trkpt lat="43.80919" lon="-114.25919">
    <ele>2300.48801345324</ele>
   </trkpt>
   <trkpt lat="43.809610000000006" lon="-114.25928">
    <ele>2303.036377392352</ele>
   </trkpt>
   <trkpt lat="43.809760000000004" lon="-114.25928">
    <ele>2304.1267678217164</ele>
   </trkpt>
   <trkpt lat="43.810190000000006" lon="-114.25923">
    <ele>2307.689536211267</ele>
   </trkpt>
   <trkpt lat="43.810750000000006" lon="-114.25906">
    <ele>2312.1599126477954</ele>
   </trkpt>
   <trkpt lat="43.811040000000006" lon="-114.25906">
    <ele>2314.0076309731257</ele>
   </trkpt>
   <trkpt lat="43.81154" lon="-114.25919">
    <ele>2317.0097798700926</ele>
   </trkpt>
   <trkpt lat="43.812250000000006" lon="-114.25932">
    <ele>2320.794627722328</ele>
   </trkpt>
   <trkpt lat="43.8128" lon="-114.25947000000001">
    <ele>2323.158943187838</ele>
   </trkpt>
   <trkpt lat="43.81295" lon="-114.2595">
    <ele>2323.644922963987</ele>
   </trkpt>
   <trkpt lat="43.81324" lon="-114.25943000000001">
    <ele>2324.9480849679558</ele>
   </trkpt>
   <trkpt lat="43.813660000000006" lon="-114.25932">
    <ele>2326.791068092494</ele>
   </trkpt>
   <trkpt lat="43.81416" lon="-114.25928">
    <ele>2330.141276670957</ele>
   </trkpt>
   <trkpt lat="43.8143" lon="-114.25923">
    <ele>2330.6749382973458</ele>
   </trkpt>
   <trkpt lat="43.814490000000006" lon="-114.25914000000002">
    <ele>2331.7813512931043</ele>
   </trkpt>
   <trkpt lat="43.814780000000006" lon="-114.25889000000001">
    <ele>2333.981086172353</ele>
   </trkpt>
   <trkpt lat="43.815150000664985" lon="-114.25848500256421">
    <ele>2338.0373353724176</ele>
   </trkpt>
   <trkpt lat="43.81552000000001" lon="-114.25808">
    <ele>2341.990895949168</ele>
   </trkpt>
   <trkpt lat="43.81575" lon="-114.25793000000002">
    <ele>2343.2317923071773</ele>
   </trkpt>
   <trkpt lat="43.816230000000004" lon="-114.2578">
    <ele>2347.2414357565967</ele>
   </trkpt>
   <trkpt lat="43.81668999992248" lon="-114.25775500035512">
    <ele>2351.0650248573097</ele>
   </trkpt>
   <trkpt lat="43.817150000000005" lon="-114.25771">
    <ele>2355.1299162396804</ele>
   </trkpt>
   <trkpt lat="43.8173" lon="-114.25771">
    <ele>2356.207529444333</ele>
   </trkpt>
   <trkpt lat="43.81763" lon="-114.25785">
    <ele>2358.423732678102</ele>
   </trkpt>
   <trkpt lat="43.817750000000004" lon="-114.25794">
    <ele>2359.105176611613</ele>
   </trkpt>
   <trkpt lat="43.81786" lon="-114.25803">
    <ele>2360.1126555883593</ele>
   </trkpt>
   <trkpt lat="43.81842" lon="-114.25879">
    <ele>2363.553972609536</ele>
   </trkpt>
   <trkpt lat="43.818920000000006" lon="-114.25932">
    <ele>2366.0448205456287</ele>
   </trkpt>
   <trkpt lat="43.8195400017546" lon="-114.25992499387267">
    <ele>2370.275348768549</ele>
   </trkpt>
   <trkpt lat="43.82016" lon="-114.26053">
    <ele>2374.9745858168176</ele>
   </trkpt>
   <trkpt lat="43.82057500074073" lon="-114.26087499778636">
    <ele>2378.094825158101</ele>
   </trkpt>
   <trkpt lat="43.82099" lon="-114.26122000000001">
    <ele>2382.0704142211935</ele>
   </trkpt>
   <trkpt lat="43.82124" lon="-114.26149000000001">
    <ele>2384.3885084138647</ele>
   </trkpt>
   <trkpt lat="43.821490000000004" lon="-114.26184">
    <ele>2389.587809174329</ele>
   </trkpt>
   <trkpt lat="43.82199000000001" lon="-114.26264">
    <ele>2399.04318822306</ele>
   </trkpt>
   <trkpt lat="43.8222" lon="-114.26286">
    <ele>2401.6772084224935</ele>
   </trkpt>
   <trkpt lat="43.82233" lon="-114.26292000000001">
    <ele>2402.8579333422394</ele>
   </trkpt>
   <trkpt lat="43.822540000000004" lon="-114.263">
    <ele>2404.5537192363972</ele>
   </trkpt>
   <trkpt lat="43.82325" lon="-114.26310000000001">
    <ele>2407.2962102994065</ele>
   </trkpt>
   <trkpt lat="43.82379500014973" lon="-114.26311999982285">
    <ele>2406.8944019574496</ele>
   </trkpt>
   <trkpt lat="43.82434000000001" lon="-114.26314">
    <ele>2406.797477494854</ele>
   </trkpt>
   <trkpt lat="43.824815000053604" lon="-114.26313000007846">
    <ele>2406.996668123723</ele>
   </trkpt>
   <trkpt lat="43.82529" lon="-114.26312000000001">
    <ele>2407.7685467495694</ele>
   </trkpt>
   <trkpt lat="43.82593000000001" lon="-114.26310000000001">
    <ele>2408.1344128415712</ele>
   </trkpt>
   <trkpt lat="43.82627" lon="-114.26304">
    <ele>2408.1160187416035</ele>
   </trkpt>
   <trkpt lat="43.8265" lon="-114.26292000000001">
    <ele>2407.8543712400265</ele>
   </trkpt>
   <trkpt lat="43.827130000000004" lon="-114.26223">
    <ele>2404.4107564597552</ele>
   </trkpt>
   <trkpt lat="43.82761000000001" lon="-114.26156">
    <ele>2401.155803214216</ele>
   </trkpt>
   <trkpt lat="43.827985000708566" lon="-114.26114000270644">
    <ele>2398.1394424248883</ele>
   </trkpt>
   <trkpt lat="43.82836" lon="-114.26072">
    <ele>2395.2882961984783</ele>
   </trkpt>
   <trkpt lat="43.82893000000001" lon="-114.26022">
    <ele>2390.856726994459</ele>
   </trkpt>
   <trkpt lat="43.82943" lon="-114.25995">
    <ele>2386.529958497368</ele>
   </trkpt>
   <trkpt lat="43.830070000000006" lon="-114.25977">
    <ele>2380.89788423707</ele>
   </trkpt>
   <trkpt lat="43.830420000000004" lon="-114.25973">
    <ele>2377.001655701109</ele>
   </trkpt>
   <trkpt lat="43.83108" lon="-114.25973">
    <ele>2371.5420883782176</ele>
   </trkpt>
   <trkpt lat="43.831340000000004" lon="-114.25968">
    <ele>2367.302672889656</ele>
   </trkpt>
   <trkpt lat="43.83217000061118" lon="-114.25932500491072">
    <ele>2363.9881122922206</ele>
   </trkpt>
   <trkpt lat="43.833000000000006" lon="-114.25897">
    <ele>2360.639146966089</ele>
   </trkpt>
   <trkpt lat="43.833400000000005" lon="-114.2587">
    <ele>2357.9484827045167</ele>
   </trkpt>
   <trkpt lat="43.833740000000006" lon="-114.25838">
    <ele>2353.725152102521</ele>
   </trkpt>
   <trkpt lat="43.834050000000005" lon="-114.25820000000002">
    <ele>2350.27231485222</ele>
   </trkpt>
   <trkpt lat="43.83449000025388" lon="-114.2579550018108">
    <ele>2347.371544283229</ele>
   </trkpt>
   <trkpt lat="43.83493000000001" lon="-114.25771">
    <ele>2344.2072984903666</ele>
   </trkpt>
   <trkpt lat="43.83525" lon="-114.25759000000001">
    <ele>2342.137023040051</ele>
   </trkpt>
   <trkpt lat="43.835460000000005" lon="-114.25755000000001">
    <ele>2341.027052389699</ele>
   </trkpt>
   <trkpt lat="43.83592499980096" lon="-114.25756499987665">
    <ele>2337.8179584329537</ele>
   </trkpt>
   <trkpt lat="43.83639" lon="-114.25758">
    <ele>2334.9961453227343</ele>
   </trkpt>
   <trkpt lat="43.83661" lon="-114.25754">
    <ele>2334.3028436603418</ele>
   </trkpt>
   <trkpt lat="43.836780000000005" lon="-114.25749">
    <ele>2333.6220557902666</ele>
   </trkpt>
   <trkpt lat="43.83691" lon="-114.2574">
    <ele>2333.232270736603</ele>
   </trkpt>
   <trkpt lat="43.837160000000004" lon="-114.25713">
    <ele>2331.704867543129</ele>
   </trkpt>
   <trkpt lat="43.83744" lon="-114.25668">
    <ele>2330.66885423525</ele>
   </trkpt>
   <trkpt lat="43.83771" lon="-114.25615">
    <ele>2329.675793877033</ele>
   </trkpt>
   <trkpt lat="43.83818" lon="-114.25543">
    <ele>2327.8378650019845</ele>
   </trkpt>
   <trkpt lat="43.83867" lon="-114.25444">
    <ele>2325.749563785348</ele>
   </trkpt>
   <trkpt lat="43.83909000388943" lon="-114.25350000653366">
    <ele>2323.8256527970457</ele>
   </trkpt>
   <trkpt lat="43.839510000000004" lon="-114.25256">
    <ele>2321.994974415863</ele>
   </trkpt>
   <trkpt lat="43.83973" lon="-114.25221">
    <ele>2320.9967611992206</ele>
   </trkpt>
   <trkpt lat="43.83997" lon="-114.25195000000001">
    <ele>2320.079860873647</ele>
   </trkpt>
   <trkpt lat="43.8404300012771" lon="-114.25141000415658">
    <ele>2318.679571941709</ele>
   </trkpt>
   <trkpt lat="43.84089" lon="-114.25087">
    <ele>2317.4175298934306</ele>
   </trkpt>
   <trkpt lat="43.84143000187956" lon="-114.2501950062431">
    <ele>2315.6170258667285</ele>
   </trkpt>
   <trkpt lat="43.84197" lon="-114.24952">
    <ele>2314.808416609608</ele>
   </trkpt>
   <trkpt lat="43.842470000000006" lon="-114.24886000000001">
    <ele>2315.86146584725</ele>
   </trkpt>
   <trkpt lat="43.84279" lon="-114.24827">
    <ele>2316.6773376671044</ele>
   </trkpt>
   <trkpt lat="43.842960000000005" lon="-114.24782">
    <ele>2316.4335874530434</ele>
   </trkpt>
   <trkpt lat="43.84339000000001" lon="-114.24676000000001">
    <ele>2312.455107652737</ele>
   </trkpt>
   <trkpt lat="43.84375000000001" lon="-114.24594">
    <ele>2309.497997214433</ele>
   </trkpt>
   <trkpt lat="43.8441050040872" lon="-114.24498000552559">
    <ele>2307.9330078438584</ele>
   </trkpt>
   <trkpt lat="43.844460000000005" lon="-114.24402">
    <ele>2307.186345286135</ele>
   </trkpt>
   <trkpt lat="43.844800000000006" lon="-114.24322000000001">
    <ele>2306.4282450587216</ele>
   </trkpt>
   <trkpt lat="43.8451900085469" lon="-114.2422300129426">
    <ele>2305.305150794651</ele>
   </trkpt>
   <trkpt lat="43.84558000854787" lon="-114.24124001294034">
    <ele>2303.214333098246</ele>
   </trkpt>
   <trkpt lat="43.84597" lon="-114.24025">
    <ele>2300.4718213934884</ele>
   </trkpt>
   <trkpt lat="43.846210000000006" lon="-114.23958">
    <ele>2298.48975042706</ele>
   </trkpt>
   <trkpt lat="43.84652667233974" lon="-114.23877334190024">
    <ele>2296.9490559684623</ele>
   </trkpt>
   <trkpt lat="43.8468433390056" lon="-114.23796667523573">
    <ele>2295.5946806518987</ele>
   </trkpt>
   <trkpt lat="43.84716" lon="-114.23716">
    <ele>2294.3260448730393</ele>
   </trkpt>
   <trkpt lat="43.847526673865204" lon="-114.23625001124276">
    <ele>2292.7755906617003</ele>
   </trkpt>
   <trkpt lat="43.84789334050982" lon="-114.2353400112977">
    <ele>2291.5632993674094</ele>
   </trkpt>
   <trkpt lat="43.84826" lon="-114.23443">
    <ele>2290.610956576499</ele>
   </trkpt>
   <trkpt lat="43.84855500253732" lon="-114.23365500404658">
    <ele>2289.6765332836567</ele>
   </trkpt>
   <trkpt lat="43.848850000000006" lon="-114.23288000000001">
    <ele>2288.8573715390453</ele>
   </trkpt>
   <trkpt lat="43.849140000000006" lon="-114.23241000000002">
    <ele>2288.2584252293423</ele>
   </trkpt>
   <trkpt lat="43.849320000000006" lon="-114.23221000000001">
    <ele>2288.005039931173</ele>
   </trkpt>
   <trkpt lat="43.84968000084331" lon="-114.23179000244843">
    <ele>2287.2722535143503</ele>
   </trkpt>
   <trkpt lat="43.85004000000001" lon="-114.23137000000001">
    <ele>2286.6231269962914</ele>
   </trkpt>
   <trkpt lat="43.85067000257192" lon="-114.23059500824382">
    <ele>2284.8920659813525</ele>
   </trkpt>
   <trkpt lat="43.8513" lon="-114.22982">
    <ele>2283.2039133578864</ele>
   </trkpt>
   <trkpt lat="43.85165000000001" lon="-114.22943000000001">
    <ele>2282.3500981567568</ele>
   </trkpt>
   <trkpt lat="43.852202505957464" lon="-114.22875501876223">
    <ele>2281.357899905702</ele>
   </trkpt>
   <trkpt lat="43.85275500794219" lon="-114.22808002501802">
    <ele>2281.7170179450573</ele>
   </trkpt>
   <trkpt lat="43.85330750595402" lon="-114.22740501876702">
    <ele>2282.805675088208</ele>
   </trkpt>
   <trkpt lat="43.853860000000005" lon="-114.22673">
    <ele>2283.6978883068127</ele>
   </trkpt>
   <trkpt lat="43.85448001464613" lon="-114.22598147528329">
    <ele>2283.705152290176</ele>
   </trkpt>
   <trkpt lat="43.85510002440659" lon="-114.22523293500161">
    <ele>2283.2945765594286</ele>
   </trkpt>
   <trkpt lat="43.85572002928121" lon="-114.22448437915445">
    <ele>2282.8307248556644</ele>
   </trkpt>
   <trkpt lat="43.85634002926978" lon="-114.22373580774126">
    <ele>2281.9809266264224</ele>
   </trkpt>
   <trkpt lat="43.85696002437209" lon="-114.22298722076151">
    <ele>2280.533537663601</ele>
   </trkpt>
   <trkpt lat="43.85758001458793" lon="-114.22223861821463">
    <ele>2279.0358978147005</ele>
   </trkpt>
   <trkpt lat="43.858200000000004" lon="-114.22149">
    <ele>2277.290475696291</ele>
   </trkpt>
   <trkpt lat="43.858410000000006" lon="-114.22122">
    <ele>2276.5068961138136</ele>
   </trkpt>
   <trkpt lat="43.8588" lon="-114.2206">
    <ele>2275.5471113346352</ele>
   </trkpt>
   <trkpt lat="43.85898" lon="-114.22028">
    <ele>2275.012024236585</ele>
   </trkpt>
   <trkpt lat="43.859280000000005" lon="-114.21962">
    <ele>2274.101696020798</ele>
   </trkpt>
   <trkpt lat="43.85951" lon="-114.21899">
    <ele>2273.569616145248</ele>
   </trkpt>
   <trkpt lat="43.859835003829694" lon="-114.2180500051895">
    <ele>2272.8656317607483</ele>
   </trkpt>
   <trkpt lat="43.86016" lon="-114.21711">
    <ele>2272.2913369455578</ele>
   </trkpt>
   <trkpt lat="43.86047000305215" lon="-114.21625500481797">
    <ele>2271.8389783241214</ele>
   </trkpt>
   <trkpt lat="43.860780000000005" lon="-114.2154">
    <ele>2271.399132107389</ele>
   </trkpt>
   <trkpt lat="43.86112500459219" lon="-114.21437000605941">
    <ele>2269.59495241419</ele>
   </trkpt>
   <trkpt lat="43.861470000000004" lon="-114.21334">
    <ele>2267.450098879862</ele>
   </trkpt>
   <trkpt lat="43.86172500170587" lon="-114.21272000257908">
    <ele>2267.1182279458585</ele>
   </trkpt>
   <trkpt lat="43.86198" lon="-114.2121">
    <ele>2267.0695716603627</ele>
   </trkpt>
   <trkpt lat="43.86207" lon="-114.21178">
    <ele>2266.913728906185</ele>
   </trkpt>
   <trkpt lat="43.86233000138073" lon="-114.21122000241324">
    <ele>2265.3200268023743</ele>
   </trkpt>
   <trkpt lat="43.862590000000004" lon="-114.21066">
    <ele>2263.172454402363</ele>
   </trkpt>
   <trkpt lat="43.86292" lon="-114.21000000000001">
    <ele>2261.7094496492637</ele>
   </trkpt>
   <trkpt lat="43.86303" lon="-114.20968">
    <ele>2261.2874212636566</ele>
   </trkpt>
   <trkpt lat="43.86314" lon="-114.20922000000002">
    <ele>2261.494384700435</ele>
   </trkpt>
   <trkpt lat="43.863150000000005" lon="-114.20878">
    <ele>2261.9916912489693</ele>
   </trkpt>
   <trkpt lat="43.86318000000001" lon="-114.20851">
    <ele>2262.0980036019696</ele>
   </trkpt>
   <trkpt lat="43.863260000000004" lon="-114.2082">
    <ele>2262.0811136697603</ele>
   </trkpt>
   <trkpt lat="43.86337" lon="-114.20798">
    <ele>2261.710929769084</ele>
   </trkpt>
   <trkpt lat="43.863510000000005" lon="-114.20779">
    <ele>2261.301757638362</ele>
   </trkpt>
   <trkpt lat="43.86417" lon="-114.20722">
    <ele>2259.7215782887315</ele>
   </trkpt>
   <trkpt lat="43.86435" lon="-114.20704">
    <ele>2259.5507118517316</ele>
   </trkpt>
   <trkpt lat="43.86453" lon="-114.20677">
    <ele>2259.4212072503315</ele>
   </trkpt>
   <trkpt lat="43.86484500183575" lon="-114.20614000311842">
    <ele>2259.395472665698</ele>
   </trkpt>
   <trkpt lat="43.86516" lon="-114.20551">
    <ele>2259.303252679675</ele>
   </trkpt>
   <trkpt lat="43.86539500141777" lon="-114.20493000240718">
    <ele>2258.12583828852</ele>
   </trkpt>
   <trkpt lat="43.86563" lon="-114.20435">
    <ele>2257.111964246001</ele>
   </trkpt>
   <trkpt lat="43.865660000000005" lon="-114.20417">
    <ele>2256.6809061302665</ele>
   </trkpt>
   <trkpt lat="43.865660000000005" lon="-114.2039">
    <ele>2256.086573577331</ele>
   </trkpt>
   <trkpt lat="43.86571000000001" lon="-114.20309">
    <ele>2255.2750628979315</ele>
   </trkpt>
   <trkpt lat="43.86581" lon="-114.20273">
    <ele>2255.276118481258</ele>
   </trkpt>
   <trkpt lat="43.866040000000005" lon="-114.20228000000002">
    <ele>2255.187389669656</ele>
   </trkpt>
   <trkpt lat="43.86646000328751" lon="-114.20167000853382">
    <ele>2254.752237956655</ele>
   </trkpt>
   <trkpt lat="43.86688000333041" lon="-114.2010600084716">
    <ele>2253.1549352099937</ele>
   </trkpt>
   <trkpt lat="43.8673" lon="-114.20045">
    <ele>2251.4789794500125</ele>
   </trkpt>
   <trkpt lat="43.867540000000005" lon="-114.20014">
    <ele>2250.8125200604586</ele>
   </trkpt>
   <trkpt lat="43.868020001096525" lon="-114.19967000365423">
    <ele>2250.49729300477</ele>
   </trkpt>
   <trkpt lat="43.868500000000004" lon="-114.1992">
    <ele>2250.3685368657348</ele>
   </trkpt>
   <trkpt lat="43.86920400787721" lon="-114.19852803174784">
    <ele>2250.558326681088</ele>
   </trkpt>
   <trkpt lat="43.869908011816946" lon="-114.19785604762154">
    <ele>2251.229423708213</ele>
   </trkpt>
   <trkpt lat="43.87061201181904" lon="-114.19718404762038">
    <ele>2250.051216380816</ele>
   </trkpt>
   <trkpt lat="43.87131600788329" lon="-114.19651203174375">
    <ele>2248.004438683334</ele>
   </trkpt>
   <trkpt lat="43.872020000000006" lon="-114.19584">
    <ele>2246.7543901788763</ele>
   </trkpt>
   <trkpt lat="43.87260000450992" lon="-114.1952525171578">
    <ele>2244.723289124283</ele>
   </trkpt>
   <trkpt lat="43.87318000601023" lon="-114.19466502288044">
    <ele>2242.383226417327</ele>
   </trkpt>
   <trkpt lat="43.87376000450081" lon="-114.19407751716754">
    <ele>2239.882939751169</ele>
   </trkpt>
   <trkpt lat="43.874340000000004" lon="-114.19349000000001">
    <ele>2236.909129428622</ele>
   </trkpt>
   <trkpt lat="43.875043337464966" lon="-114.19280001630729">
    <ele>2233.047841995435</ele>
   </trkpt>
   <trkpt lat="43.8757466707785" lon="-114.192110016327">
    <ele>2229.6611492207026</ele>
   </trkpt>
   <trkpt lat="43.876450000000006" lon="-114.19142000000001">
    <ele>2226.4403346488616</ele>
   </trkpt>
   <trkpt lat="43.87712500199938" lon="-114.19074000771985">
    <ele>2223.7524028205307</ele>
   </trkpt>
   <trkpt lat="43.8778" lon="-114.19006">
    <ele>2221.4747901614323</ele>
   </trkpt>
   <trkpt lat="43.87835000120388" lon="-114.18953000491233">
    <ele>2220.249089004421</ele>
   </trkpt>
   <trkpt lat="43.8789" lon="-114.18900000000001">
    <ele>2219.0231341017134</ele>
   </trkpt>
   <trkpt lat="43.87940333517508" lon="-114.18853667452278">
    <ele>2217.2684695570983</ele>
   </trkpt>
   <trkpt lat="43.87990666847819" lon="-114.18807334121736">
    <ele>2214.6545160467604</ele>
   </trkpt>
   <trkpt lat="43.880410000000005" lon="-114.18761">
    <ele>2212.814581489969</ele>
   </trkpt>
   <trkpt lat="43.88053" lon="-114.18746000000002">
    <ele>2212.6549272423217</ele>
   </trkpt>
   <trkpt lat="43.880770000000005" lon="-114.18724">
    <ele>2212.6507720153913</ele>
   </trkpt>
   <trkpt lat="43.88094" lon="-114.18702">
    <ele>2212.5468314095447</ele>
   </trkpt>
   <trkpt lat="43.88148669785207" lon="-114.18607451385398">
    <ele>2212.0767673557757</ele>
   </trkpt>
   <trkpt lat="43.88203338790878" lon="-114.18512901035594">
    <ele>2208.7915977473335</ele>
   </trkpt>
   <trkpt lat="43.88258007016987" lon="-114.18418348950549">
    <ele>2204.8665652851505</ele>
   </trkpt>
   <trkpt lat="43.88312674463505" lon="-114.18323795130219">
    <ele>2201.586260958198</ele>
   </trkpt>
   <trkpt lat="43.88367341130403" lon="-114.18229239574568">
    <ele>2199.3726732113914</ele>
   </trkpt>
   <trkpt lat="43.884220070176504" lon="-114.18134682283552">
    <ele>2197.5547733487147</ele>
   </trkpt>
   <trkpt lat="43.884766721252184" lon="-114.18040123257131">
    <ele>2195.629793444495</ele>
   </trkpt>
   <trkpt lat="43.88531336453079" lon="-114.1794556249527">
    <ele>2194.0722349166026</ele>
   </trkpt>
   <trkpt lat="43.88586" lon="-114.17851">
    <ele>2192.641527528602</ele>
   </trkpt>
   <trkpt lat="43.88642000367465" lon="-114.17758500878838">
    <ele>2190.3636892015093</ele>
   </trkpt>
   <trkpt lat="43.88698" lon="-114.17666000000001">
    <ele>2187.8569939173053</ele>
   </trkpt>
   <trkpt lat="43.887410007711594" lon="-114.1758925166098">
    <ele>2186.6006154662746</ele>
   </trkpt>
   <trkpt lat="43.887840010286695" lon="-114.1751250221385">
    <ele>2185.644292589665</ele>
   </trkpt>
   <trkpt lat="43.88827000772521" lon="-114.17435751658594">
    <ele>2184.2979121879675</ele>
   </trkpt>
   <trkpt lat="43.8887" lon="-114.17359">
    <ele>2182.9098740474965</ele>
   </trkpt>
   <trkpt lat="43.88897500121104" lon="-114.17308000221195">
    <ele>2181.533901724899</ele>
   </trkpt>
   <trkpt lat="43.889250000000004" lon="-114.17257000000001">
    <ele>2180.3519115905287</ele>
   </trkpt>
   <trkpt lat="43.88976000431774" lon="-114.1715850082653">
    <ele>2176.8228051383</ele>
   </trkpt>
   <trkpt lat="43.89027" lon="-114.17060000000001">
    <ele>2173.945014032822</ele>
   </trkpt>
   <trkpt lat="43.89027" lon="-114.17058000000002">
    <ele>2173.945014032822</ele>
   </trkpt>
   <trkpt lat="43.890640000000005" lon="-114.16988">
    <ele>2171.3065053374116</ele>
   </trkpt>
   <trkpt lat="43.890900001695876" lon="-114.16927500240847">
    <ele>2168.959569380716</ele>
   </trkpt>
   <trkpt lat="43.891160000000006" lon="-114.16867">
    <ele>2167.4534435753276</ele>
   </trkpt>
   <trkpt lat="43.89143000000001" lon="-114.16799">
    <ele>2165.453029269033</ele>
   </trkpt>
   <trkpt lat="43.891540000000006" lon="-114.16754">
    <ele>2163.9847551563403</ele>
   </trkpt>
   <trkpt lat="43.89162" lon="-114.16693000000001">
    <ele>2163.071349216044</ele>
   </trkpt>
   <trkpt lat="43.8916800026912" lon="-114.16614500073308">
    <ele>2161.864327921265</ele>
   </trkpt>
   <trkpt lat="43.891740000000006" lon="-114.16536">
    <ele>2161.1241277144773</ele>
   </trkpt>
   <trkpt lat="43.891830000000006" lon="-114.16499">
    <ele>2160.82127629535</ele>
   </trkpt>
   <trkpt lat="43.891940000000005" lon="-114.16474000000001">
    <ele>2160.702979794772</ele>
   </trkpt>
   <trkpt lat="43.892452511202954" lon="-114.1638150238601">
    <ele>2160.4016279342295</ele>
   </trkpt>
   <trkpt lat="43.89296501494501" lon="-114.16289003180003">
    <ele>2159.985885604766</ele>
   </trkpt>
   <trkpt lat="43.89347751122592" lon="-114.16196502381946">
    <ele>2158.521786141388</ele>
   </trkpt>
   <trkpt lat="43.89399" lon="-114.16104000000001">
    <ele>2156.827147398033</ele>
   </trkpt>
   <trkpt lat="43.89433000193631" lon="-114.16039500345038">
    <ele>2155.7179226506128</ele>
   </trkpt>
   <trkpt lat="43.894670000000005" lon="-114.15975">
    <ele>2154.9222710328518</ele>
   </trkpt>
   <trkpt lat="43.894800000000004" lon="-114.15939000000002">
    <ele>2154.622707418952</ele>
   </trkpt>
   <trkpt lat="43.89481000000001" lon="-114.15917">
    <ele>2154.335985661225</ele>
   </trkpt>
   <trkpt lat="43.89488" lon="-114.15859">
    <ele>2153.7098279730308</ele>
   </trkpt>
   <trkpt lat="43.89491500638205" lon="-114.15738000076432">
    <ele>2152.1244168111607</ele>
   </trkpt>
   <trkpt lat="43.89495" lon="-114.15617">
    <ele>2150.883996394046</ele>
   </trkpt>
   <trkpt lat="43.89502" lon="-114.15556000000001">
    <ele>2150.1524184660675</ele>
   </trkpt>
   <trkpt lat="43.89502" lon="-114.15532">
    <ele>2149.8745765458125</ele>
   </trkpt>
   <trkpt lat="43.895160000000004" lon="-114.15487">
    <ele>2149.4483869355936</ele>
   </trkpt>
   <trkpt lat="43.895450000000004" lon="-114.15425">
    <ele>2148.563187703727</ele>
   </trkpt>
   <trkpt lat="43.895820001892496" lon="-114.15358500419605">
    <ele>2147.442957868998</ele>
   </trkpt>
   <trkpt lat="43.896190000000004" lon="-114.15292000000001">
    <ele>2147.055268269138</ele>
   </trkpt>
   <trkpt lat="43.89669000311319" lon="-114.15208500688911">
    <ele>2147.091175671984</ele>
   </trkpt>
   <trkpt lat="43.89719" lon="-114.15125">
    <ele>2146.8353658757114</ele>
   </trkpt>
   <trkpt lat="43.89752" lon="-114.15065000000001">
    <ele>2146.287235923485</ele>
   </trkpt>
   <trkpt lat="43.89788" lon="-114.15">
    <ele>2145.6952048557773</ele>
   </trkpt>
   <trkpt lat="43.89842667304131" lon="-114.14914668229714">
    <ele>2144.883178573083</ele>
   </trkpt>
   <trkpt lat="43.89897333973286" lon="-114.14829334892521">
    <ele>2144.2701435288454</ele>
   </trkpt>
   <trkpt lat="43.89952" lon="-114.14744">
    <ele>2143.6823793062918</ele>
   </trkpt>
   <trkpt lat="43.90001000589246" lon="-114.1466200134485">
    <ele>2143.2157353525054</ele>
   </trkpt>
   <trkpt lat="43.90050000592156" lon="-114.14580001340002">
    <ele>2142.8139659327553</ele>
   </trkpt>
   <trkpt lat="43.90099" lon="-114.14498">
    <ele>2142.32690116951</ele>
   </trkpt>
   <trkpt lat="43.90148000000001" lon="-114.14404">
    <ele>2141.489687223412</ele>
   </trkpt>
   <trkpt lat="43.901885001875456" lon="-114.1433900043683">
    <ele>2140.6364536814285</ele>
   </trkpt>
   <trkpt lat="43.90229" lon="-114.14274">
    <ele>2139.867049582861</ele>
   </trkpt>
   <trkpt lat="43.90264500152956" lon="-114.14213500372072">
    <ele>2139.1913521957413</ele>
   </trkpt>
   <trkpt lat="43.903000000000006" lon="-114.14153">
    <ele>2138.5478820987214</ele>
   </trkpt>
   <trkpt lat="43.903560000000006" lon="-114.14090000000002">
    <ele>2137.709653715969</ele>
   </trkpt>
   <trkpt lat="43.903870000000005" lon="-114.14059">
    <ele>2137.567793801133</ele>
   </trkpt>
   <trkpt lat="43.90448500081059" lon="-114.14019000405892">
    <ele>2137.8164677737736</ele>
   </trkpt>
   <trkpt lat="43.905100000000004" lon="-114.13979">
    <ele>2138.0537315627193</ele>
   </trkpt>
   <trkpt lat="43.90578500210741" lon="-114.13938751390212">
    <ele>2137.5607723283106</ele>
   </trkpt>
   <trkpt lat="43.90647000280216" lon="-114.138985018541">
    <ele>2136.3314337592683</ele>
   </trkpt>
   <trkpt lat="43.90715500208415" lon="-114.13858251391625">
    <ele>2134.9498533893375</ele>
   </trkpt>
   <trkpt lat="43.90784" lon="-114.13818">
    <ele>2133.2743390396263</ele>
   </trkpt>
   <trkpt lat="43.90859000089504" lon="-114.13770500604146">
    <ele>2131.9152358768697</ele>
   </trkpt>
   <trkpt lat="43.90934" lon="-114.13723">
    <ele>2130.9702976009207</ele>
   </trkpt>
   <trkpt lat="43.909835000211146" lon="-114.13697000220627">
    <ele>2130.3877921291487</ele>
   </trkpt>
   <trkpt lat="43.91033" lon="-114.13671000000001">
    <ele>2129.729167047884</ele>
   </trkpt>
   <trkpt lat="43.910900000000005" lon="-114.13634">
    <ele>2129.114788071324</ele>
   </trkpt>
   <trkpt lat="43.91129" lon="-114.13603">
    <ele>2129.199108757273</ele>
   </trkpt>
   <trkpt lat="43.911770000000004" lon="-114.13553">
    <ele>2129.279294293638</ele>
   </trkpt>
   <trkpt lat="43.912320004246645" lon="-114.1345450090738">
    <ele>2128.3070462113287</ele>
   </trkpt>
   <trkpt lat="43.912870000000005" lon="-114.13356">
    <ele>2125.8280656693987</ele>
   </trkpt>
   <trkpt lat="43.9134900060487" lon="-114.1327300172391">
    <ele>2122.385295300848</ele>
   </trkpt>
   <trkpt lat="43.91411000609005" lon="-114.13190001718405">
    <ele>2119.527017004884</ele>
   </trkpt>
   <trkpt lat="43.914730000000006" lon="-114.13107000000001">
    <ele>2117.987406878122</ele>
   </trkpt>
   <trkpt lat="43.91498000000001" lon="-114.13065">
    <ele>2117.501447558459</ele>
   </trkpt>
   <trkpt lat="43.915310002422906" lon="-114.12991000402467">
    <ele>2117.6382659897704</ele>
   </trkpt>
   <trkpt lat="43.91564" lon="-114.12917000000002">
    <ele>2118.511836978595</ele>
   </trkpt>
   <trkpt lat="43.91594500320547" lon="-114.12830500459506">
    <ele>2119.276820841925</ele>
   </trkpt>
   <trkpt lat="43.916250000000005" lon="-114.12744">
    <ele>2118.947567575331</ele>
   </trkpt>
   <trkpt lat="43.916610000000006" lon="-114.12653">
    <ele>2118.6990746813526</ele>
   </trkpt>
   <trkpt lat="43.916970000000006" lon="-114.12613">
    <ele>2118.570458119699</ele>
   </trkpt>
   <trkpt lat="43.91742000000001" lon="-114.12574000000001">
    <ele>2118.302361317893</ele>
   </trkpt>
   <trkpt lat="43.91803000062573" lon="-114.12535500395994">
    <ele>2117.628629879785</ele>
   </trkpt>
   <trkpt lat="43.91864" lon="-114.12497">
    <ele>2116.8964006130986</ele>
   </trkpt>
   <trkpt lat="43.919250001471944" lon="-114.12456000840284">
    <ele>2115.91256631173</ele>
   </trkpt>
   <trkpt lat="43.91986000147799" lon="-114.12415000839889">
    <ele>2114.8860707629087</ele>
   </trkpt>
   <trkpt lat="43.92047" lon="-114.12374000000001">
    <ele>2114.0362850952456</ele>
   </trkpt>
   <trkpt lat="43.921123334950586" lon="-114.12331334268465">
    <ele>2113.1403757603434</ele>
   </trkpt>
   <trkpt lat="43.92177666831369" lon="-114.12288667599869">
    <ele>2112.1581227010133</ele>
   </trkpt>
   <trkpt lat="43.922430000000006" lon="-114.12246">
    <ele>2111.001121087304</ele>
   </trkpt>
   <trkpt lat="43.923160001175894" lon="-114.12193500646077">
    <ele>2110.111416208671</ele>
   </trkpt>
   <trkpt lat="43.92389" lon="-114.12141000000001">
    <ele>2110.5815761784665</ele>
   </trkpt>
   <trkpt lat="43.923390001076584" lon="-114.12090499571988">
    <ele>2111.7234126664353</ele>
   </trkpt>
   <trkpt lat="43.92289" lon="-114.1204">
    <ele>2113.3475571029276</ele>
   </trkpt>
   <trkpt lat="43.92231333688289" lon="-114.11975998756812">
    <ele>2114.7991901577134</ele>
   </trkpt>
   <trkpt lat="43.921736670193816" lon="-114.11911998754344">
    <ele>2115.615059048025</ele>
   </trkpt>
   <trkpt lat="43.92116" lon="-114.11848">
    <ele>2116.2987267073236</ele>
   </trkpt>
   <trkpt lat="43.92067500236647" lon="-114.11773999393536">
    <ele>2116.814599463947</ele>
   </trkpt>
   <trkpt lat="43.920190000000005" lon="-114.117">
    <ele>2117.659729630501</ele>
   </trkpt>
   <trkpt lat="43.91974500169245" lon="-114.11634999491976">
    <ele>2118.6328987159536</ele>
   </trkpt>
   <trkpt lat="43.91930000000001" lon="-114.1157">
    <ele>2119.88868050378</ele>
   </trkpt>
   <trkpt lat="43.91885500201704" lon="-114.11502499499782">
    <ele>2120.883355477019</ele>
   </trkpt>
   <trkpt lat="43.91841" lon="-114.11435000000002">
    <ele>2121.9013596945724</ele>
   </trkpt>
   <trkpt lat="43.91786000228219" lon="-114.11361999319745">
    <ele>2123.115997315128</ele>
   </trkpt>
   <trkpt lat="43.91731" lon="-114.11289000000001">
    <ele>2124.617993499387</ele>
   </trkpt>
   <trkpt lat="43.916672011830705" lon="-114.11206596464648">
    <ele>2126.0876300007753</ele>
   </trkpt>
   <trkpt lat="43.91604306984914" lon="-114.1112283964059">
    <ele>2127.5017284799364</ele>
   </trkpt>
   <trkpt lat="43.915396017728376" lon="-114.11041794694877">
    <ele>2129.1970038128575</ele>
   </trkpt>
   <trkpt lat="43.91475801179586" lon="-114.10959396460338">
    <ele>2132.1855758537604</ele>
   </trkpt>
   <trkpt lat="43.914120000000004" lon="-114.10877">
    <ele>2135.430952310873</ele>
   </trkpt>
   <trkpt lat="43.913623336782734" lon="-114.10813998946942">
    <ele>2136.148387934959</ele>
   </trkpt>
   <trkpt lat="43.91312667010429" lon="-114.10750998945461">
    <ele>2135.8419733034016</ele>
   </trkpt>
   <trkpt lat="43.91263" lon="-114.10688">
    <ele>2135.4149792828457</ele>
   </trkpt>
   <trkpt lat="43.91225" lon="-114.10650000000001">
    <ele>2135.7339117177607</ele>
   </trkpt>
   <trkpt lat="43.9118600006385" lon="-114.10610499736923">
    <ele>2136.344180378701</ele>
   </trkpt>
   <trkpt lat="43.91147" lon="-114.10571000000002">
    <ele>2137.018304461003</ele>
   </trkpt>
   <trkpt lat="43.911010000000005" lon="-114.10528000000001">
    <ele>2138.0245505839866</ele>
   </trkpt>
   <trkpt lat="43.91042000053647" lon="-114.10489499611184">
    <ele>2139.417872964439</ele>
   </trkpt>
   <trkpt lat="43.90983000000001" lon="-114.10451">
    <ele>2141.052176051796</ele>
   </trkpt>
   <trkpt lat="43.909280000446905" lon="-114.1041949970974">
    <ele>2142.985083409227</ele>
   </trkpt>
   <trkpt lat="43.908730000000006" lon="-114.10388">
    <ele>2144.902515061311</ele>
   </trkpt>
   <trkpt lat="43.90794" lon="-114.10339">
    <ele>2147.13580480893</ele>
   </trkpt>
   <trkpt lat="43.907435000548155" lon="-114.10304499709295">
    <ele>2148.6382112285173</ele>
   </trkpt>
   <trkpt lat="43.90693" lon="-114.10270000000001">
    <ele>2150.1726615707566</ele>
   </trkpt>
   <trkpt lat="43.906740000000006" lon="-114.10263">
    <ele>2150.539556401522</ele>
   </trkpt>
   <trkpt lat="43.90621500001306" lon="-114.10263">
    <ele>2151.384225110146</ele>
   </trkpt>
   <trkpt lat="43.90569000000001" lon="-114.10263">
    <ele>2151.894636020751</ele>
   </trkpt>
   <trkpt lat="43.90522499994841" lon="-114.10270000055779">
    <ele>2152.5938440842833</ele>
   </trkpt>
   <trkpt lat="43.90476" lon="-114.10277">
    <ele>2153.464395389681</ele>
   </trkpt>
   <trkpt lat="43.904430000000005" lon="-114.10294">
    <ele>2154.4707617078966</ele>
   </trkpt>
   <trkpt lat="43.903940000000006" lon="-114.1033">
    <ele>2156.547061933094</ele>
   </trkpt>
   <trkpt lat="43.903220000000005" lon="-114.10361">
    <ele>2159.4506773512444</ele>
   </trkpt>
   <trkpt lat="43.902890000000006" lon="-114.10366">
    <ele>2160.1244478334866</ele>
   </trkpt>
   <trkpt lat="43.902350000000006" lon="-114.1037">
    <ele>2160.6702096735185</ele>
   </trkpt>
   <trkpt lat="43.90207" lon="-114.10359000000001">
    <ele>2160.723500369619</ele>
   </trkpt>
   <trkpt lat="43.90175386527868" lon="-114.10333490779026">
    <ele>2160.178832316658</ele>
   </trkpt>
   <trkpt lat="43.9012700014105" lon="-114.10292499403803">
    <ele>2158.3839312239634</ele>
   </trkpt>
   <trkpt lat="43.90095500070525" lon="-114.10264249701902">
    <ele>2157.1579689818905</ele>
   </trkpt>
   <trkpt lat="43.90064" lon="-114.10236">
    <ele>2155.3211448015836</ele>
   </trkpt>
   <trkpt lat="43.90053" lon="-114.10218">
    <ele>2155.00418443515</ele>
   </trkpt>
   <trkpt lat="43.90046" lon="-114.102">
    <ele>2154.5634946608116</ele>
   </trkpt>
   <trkpt lat="43.900310000000005" lon="-114.10178">
    <ele>2153.286515207038</ele>
   </trkpt>
   <trkpt lat="43.900040000000004" lon="-114.10146">
    <ele>2151.9500306852397</ele>
   </trkpt>
   <trkpt lat="43.899350000000005" lon="-114.10101">
    <ele>2148.7429899683866</ele>
   </trkpt>
   <trkpt lat="43.89905" lon="-114.10085000000001">
    <ele>2147.476339430708</ele>
   </trkpt>
   <trkpt lat="43.89891" lon="-114.10079">
    <ele>2146.800526064319</ele>
   </trkpt>
   <trkpt lat="43.89846000000001" lon="-114.10066">
    <ele>2144.8399392594756</ele>
   </trkpt>
   <trkpt lat="43.8982" lon="-114.10066">
    <ele>2144.189218590177</ele>
   </trkpt>
   <trkpt lat="43.897740000000006" lon="-114.10061">
    <ele>2142.0633355816576</ele>
   </trkpt>
   <trkpt lat="43.89729000035518" lon="-114.10042999872523">
    <ele>2139.316814951206</ele>
   </trkpt>
   <trkpt lat="43.896840000000005" lon="-114.10025">
    <ele>2138.3139857734627</ele>
   </trkpt>
   <trkpt lat="43.89668" lon="-114.10022000000001">
    <ele>2138.2190001027016</ele>
   </trkpt>
   <trkpt lat="43.896440000000005" lon="-114.10025">
    <ele>2138.577528398481</ele>
   </trkpt>
   <trkpt lat="43.896350000000005" lon="-114.10031000000001">
    <ele>2138.441835927671</ele>
   </trkpt>
   <trkpt lat="43.8962" lon="-114.10053">
    <ele>2138.680355012255</ele>
   </trkpt>
   <trkpt lat="43.89596" lon="-114.10101">
    <ele>2140.3970596871445</ele>
   </trkpt>
   <trkpt lat="43.89587" lon="-114.10111">
    <ele>2140.7703242137895</ele>
   </trkpt>
   <trkpt lat="43.895500000000006" lon="-114.10134000000001">
    <ele>2142.84369899739</ele>
   </trkpt>
   <trkpt lat="43.89535" lon="-114.10151">
    <ele>2143.4298852466586</ele>
   </trkpt>
   <trkpt lat="43.894870000000004" lon="-114.10182">
    <ele>2144.4892710969066</ele>
   </trkpt>
   <trkpt lat="43.89426" lon="-114.10196">
    <ele>2144.815560046439</ele>
   </trkpt>
   <trkpt lat="43.89365" lon="-114.10196">
    <ele>2144.7085152992136</ele>
   </trkpt>
   <trkpt lat="43.89300000012384" lon="-114.10202500069892">
    <ele>2144.362598636077</ele>
   </trkpt>
   <trkpt lat="43.89235" lon="-114.10209">
    <ele>2144.0442593037506</ele>
   </trkpt>
   <trkpt lat="43.891615000095086" lon="-114.10218000110338">
    <ele>2144.355034242866</ele>
   </trkpt>
   <trkpt lat="43.89088" lon="-114.10227">
    <ele>2145.0744882796766</ele>
   </trkpt>
   <trkpt lat="43.89026000002504" lon="-114.10231500046726">
    <ele>2145.6805048781002</ele>
   </trkpt>
   <trkpt lat="43.88964000000001" lon="-114.10236">
    <ele>2146.3139701407968</ele>
   </trkpt>
   <trkpt lat="43.88891499992121" lon="-114.10245000110966">
    <ele>2147.701261480803</ele>
   </trkpt>
   <trkpt lat="43.88819" lon="-114.10254">
    <ele>2149.198629550696</ele>
   </trkpt>
   <trkpt lat="43.88794" lon="-114.10249">
    <ele>2149.490877064358</ele>
   </trkpt>
   <trkpt lat="43.88768" lon="-114.1024">
    <ele>2149.900010692563</ele>
   </trkpt>
   <trkpt lat="43.887010000000004" lon="-114.10227">
    <ele>2151.104504371851</ele>
   </trkpt>
   <trkpt lat="43.88631500027467" lon="-114.10205499751413">
    <ele>2152.2294510640068</ele>
   </trkpt>
   <trkpt lat="43.88562" lon="-114.10184000000001">
    <ele>2153.534003338681</ele>
   </trkpt>
   <trkpt lat="43.88501" lon="-114.10169">
    <ele>2154.2590954390535</ele>
   </trkpt>
   <trkpt lat="43.884515000097295" lon="-114.10157499905364">
    <ele>2154.5580511453245</ele>
   </trkpt>
   <trkpt lat="43.88402000000001" lon="-114.10146">
    <ele>2154.802238326679</ele>
   </trkpt>
   <trkpt lat="43.883160000000004" lon="-114.10145000000001">
    <ele>2155.2039869440687</ele>
   </trkpt>
   <trkpt lat="43.882560000000005" lon="-114.10147">
    <ele>2155.415363776141</ele>
   </trkpt>
   <trkpt lat="43.88204" lon="-114.10146">
    <ele>2155.7950213608265</ele>
   </trkpt>
   <trkpt lat="43.88154" lon="-114.10142">
    <ele>2156.2072703919002</ele>
   </trkpt>
   <trkpt lat="43.881150000000005" lon="-114.10130000000001">
    <ele>2156.6556758972565</ele>
   </trkpt>
   <trkpt lat="43.88045" lon="-114.10101">
    <ele>2156.868605849432</ele>
   </trkpt>
   <trkpt lat="43.879900000000006" lon="-114.10049000000001">
    <ele>2157.0825302271314</ele>
   </trkpt>
   <trkpt lat="43.87926" lon="-114.10021">
    <ele>2157.2054628034853</ele>
   </trkpt>
   <trkpt lat="43.87876000000001" lon="-114.09985">
    <ele>2157.23184238243</ele>
   </trkpt>
   <trkpt lat="43.8783" lon="-114.09928000000001">
    <ele>2157.327346584787</ele>
   </trkpt>
   <trkpt lat="43.87811000000001" lon="-114.09909">
    <ele>2157.409954459517</ele>
   </trkpt>
   <trkpt lat="43.877900000000004" lon="-114.09895000000002">
    <ele>2157.5212354086325</ele>
   </trkpt>
   <trkpt lat="43.87734000001729" lon="-114.09877499831902">
    <ele>2158.176191778512</ele>
   </trkpt>
   <trkpt lat="43.876780000000004" lon="-114.0986">
    <ele>2159.1087868733866</ele>
   </trkpt>
   <trkpt lat="43.875980000000006" lon="-114.09821000000001">
    <ele>2159.9851185753782</ele>
   </trkpt>
   <trkpt lat="43.87525" lon="-114.09783000000002">
    <ele>2160.7203589200635</ele>
   </trkpt>
   <trkpt lat="43.874990000000004" lon="-114.0977">
    <ele>2161.1226361713616</ele>
   </trkpt>
   <trkpt lat="43.87456" lon="-114.09739">
    <ele>2161.7374110688147</ele>
   </trkpt>
   <trkpt lat="43.87424" lon="-114.09722000000001">
    <ele>2162.749847504049</ele>
   </trkpt>
   <trkpt lat="43.874080000000006" lon="-114.09718000000001">
    <ele>2163.2432277687008</ele>
   </trkpt>
   <trkpt lat="43.873670000000004" lon="-114.09716">
    <ele>2164.4976780604393</ele>
   </trkpt>
   <trkpt lat="43.87344" lon="-114.09721">
    <ele>2164.9967809608706</ele>
   </trkpt>
   <trkpt lat="43.872800000000005" lon="-114.09712">
    <ele>2166.3460723146136</ele>
   </trkpt>
   <trkpt lat="43.872150000000005" lon="-114.09668">
    <ele>2167.9611349469533</ele>
   </trkpt>
   <trkpt lat="43.871370000000006" lon="-114.09621000000001">
    <ele>2169.153542498436</ele>
   </trkpt>
   <trkpt lat="43.87077" lon="-114.09579000000001">
    <ele>2170.1448937130613</ele>
   </trkpt>
   <trkpt lat="43.87024" lon="-114.09525000000001">
    <ele>2170.9556507968928</ele>
   </trkpt>
   <trkpt lat="43.86974" lon="-114.09484">
    <ele>2171.7382963953605</ele>
   </trkpt>
   <trkpt lat="43.869530000000005" lon="-114.09474000000002">
    <ele>2171.9717265592235</ele>
   </trkpt>
   <trkpt lat="43.869085000110346" lon="-114.0945699987248">
    <ele>2172.6126456160387</ele>
   </trkpt>
   <trkpt lat="43.868640000000006" lon="-114.09440000000001">
    <ele>2173.3886908362942</ele>
   </trkpt>
   <trkpt lat="43.868280000000006" lon="-114.09416">
    <ele>2173.9065731045894</ele>
   </trkpt>
   <trkpt lat="43.867820000233806" lon="-114.09389499791321">
    <ele>2174.5747479034912</ele>
   </trkpt>
   <trkpt lat="43.867360000000005" lon="-114.09363">
    <ele>2175.3567107913423</ele>
   </trkpt>
   <trkpt lat="43.86674" lon="-114.09333000000001">
    <ele>2176.232825387023</ele>
   </trkpt>
   <trkpt lat="43.866350000000004" lon="-114.09319">
    <ele>2176.608625350256</ele>
   </trkpt>
   <trkpt lat="43.86600000000001" lon="-114.093">
    <ele>2176.9836114704067</ele>
   </trkpt>
   <trkpt lat="43.86583" lon="-114.09278">
    <ele>2177.083364525671</ele>
   </trkpt>
   <trkpt lat="43.865550000000006" lon="-114.09247">
    <ele>2177.287761474594</ele>
   </trkpt>
   <trkpt lat="43.86529" lon="-114.09233">
    <ele>2177.4078274616522</ele>
   </trkpt>
   <trkpt lat="43.86459000000001" lon="-114.09202">
    <ele>2178.117959110838</ele>
   </trkpt>
   <trkpt lat="43.86407500006594" lon="-114.09183999841868">
    <ele>2179.090346607451</ele>
   </trkpt>
   <trkpt lat="43.86356000000001" lon="-114.09166">
    <ele>2179.9849469710116</ele>
   </trkpt>
   <trkpt lat="43.863440000000004" lon="-114.0917">
    <ele>2180.2713932478846</ele>
   </trkpt>
   <trkpt lat="43.863080000000004" lon="-114.09197">
    <ele>2180.8425816780773</ele>
   </trkpt>
   <trkpt lat="43.862700000000004" lon="-114.09202">
    <ele>2181.569157481286</ele>
   </trkpt>
   <trkpt lat="43.862165000139434" lon="-114.0919049989856">
    <ele>2182.315423598627</ele>
   </trkpt>
   <trkpt lat="43.861630000000005" lon="-114.09179">
    <ele>2184.0158870319806</ele>
   </trkpt>
   <trkpt lat="43.86097" lon="-114.09162">
    <ele>2186.573501989405</ele>
   </trkpt>
   <trkpt lat="43.86048" lon="-114.09157">
    <ele>2187.708945024695</ele>
   </trkpt>
   <trkpt lat="43.86025" lon="-114.09152">
    <ele>2188.0541665563064</ele>
   </trkpt>
   <trkpt lat="43.860130000000005" lon="-114.09145000000001">
    <ele>2188.128503408278</ele>
   </trkpt>
   <trkpt lat="43.85981" lon="-114.09143">
    <ele>2188.4234973480056</ele>
   </trkpt>
   <trkpt lat="43.85972" lon="-114.09149000000001">
    <ele>2188.529806421249</ele>
   </trkpt>
   <trkpt lat="43.859390000000005" lon="-114.09192000000002">
    <ele>2189.011313452457</ele>
   </trkpt>
   <trkpt lat="43.85906000000001" lon="-114.09221000000001">
    <ele>2190.0626683515466</ele>
   </trkpt>
   <trkpt lat="43.85866" lon="-114.0922">
    <ele>2191.4716270857293</ele>
   </trkpt>
   <trkpt lat="43.85801" lon="-114.09184">
    <ele>2193.0923168184327</ele>
   </trkpt>
   <trkpt lat="43.85750000047306" lon="-114.09150999717637">
    <ele>2194.408701830834</ele>
   </trkpt>
   <trkpt lat="43.85699" lon="-114.09118000000001">
    <ele>2196.012895478928</ele>
   </trkpt>
   <trkpt lat="43.856550000000006" lon="-114.09103">
    <ele>2197.1037103243984</ele>
   </trkpt>
   <trkpt lat="43.8562" lon="-114.09081">
    <ele>2198.1370832429243</ele>
   </trkpt>
   <trkpt lat="43.85559000000001" lon="-114.09058">
    <ele>2198.540402754461</ele>
   </trkpt>
   <trkpt lat="43.85512000000001" lon="-114.09031">
    <ele>2197.7314410784693</ele>
   </trkpt>
   <trkpt lat="43.85495" lon="-114.09018">
    <ele>2197.237752839945</ele>
   </trkpt>
   <trkpt lat="43.854820000000004" lon="-114.09">
    <ele>2197.030759560144</ele>
   </trkpt>
   <trkpt lat="43.854370002763915" lon="-114.0891949938157">
    <ele>2194.1629920240584</ele>
   </trkpt>
   <trkpt lat="43.85392" lon="-114.08839">
    <ele>2191.164900151133</ele>
   </trkpt>
   <trkpt lat="43.85365000150701" lon="-114.08782499768316">
    <ele>2189.77446129304</ele>
   </trkpt>
   <trkpt lat="43.85338" lon="-114.08726000000001">
    <ele>2188.562632388014</ele>
   </trkpt>
   <trkpt lat="43.853120000000004" lon="-114.08681000000001">
    <ele>2188.9007193220264</ele>
   </trkpt>
   <trkpt lat="43.852590000000006" lon="-114.08645000000001">
    <ele>2190.361401114943</ele>
   </trkpt>
   <trkpt lat="43.852450000000005" lon="-114.08633">
    <ele>2190.8299909102693</ele>
   </trkpt>
   <trkpt lat="43.85188" lon="-114.08602">
    <ele>2192.3193855609616</ele>
   </trkpt>
   <trkpt lat="43.85157" lon="-114.08588">
    <ele>2193.237595147403</ele>
   </trkpt>
   <trkpt lat="43.85116" lon="-114.08564000000001">
    <ele>2194.5087365644404</ele>
   </trkpt>
   <trkpt lat="43.85105" lon="-114.08522">
    <ele>2195.605959745498</ele>
   </trkpt>
   <trkpt lat="43.850950000000005" lon="-114.08499">
    <ele>2196.1331832297305</ele>
   </trkpt>
   <trkpt lat="43.850820000000006" lon="-114.08454">
    <ele>2197.0631989736216</ele>
   </trkpt>
   <trkpt lat="43.850680000000004" lon="-114.08418">
    <ele>2198.4515243228434</ele>
   </trkpt>
   <trkpt lat="43.850500000000004" lon="-114.08388000000001">
    <ele>2199.2772093016383</ele>
   </trkpt>
   <trkpt lat="43.85029" lon="-114.08337000000002">
    <ele>2199.6625831835045</ele>
   </trkpt>
   <trkpt lat="43.850370000000005" lon="-114.08297">
    <ele>2199.6934009408174</ele>
   </trkpt>
   <trkpt lat="43.85032" lon="-114.08266">
    <ele>2199.6985408205387</ele>
   </trkpt>
   <trkpt lat="43.850550000000005" lon="-114.08199">
    <ele>2198.83992489506</ele>
   </trkpt>
   <trkpt lat="43.85056" lon="-114.08182000000001">
    <ele>2198.94136662791</ele>
   </trkpt>
   <trkpt lat="43.850480000000005" lon="-114.08154">
    <ele>2199.013118532611</ele>
   </trkpt>
   <trkpt lat="43.85031" lon="-114.08118">
    <ele>2199.5430247194636</ele>
   </trkpt>
   <trkpt lat="43.8504" lon="-114.08113000000002">
    <ele>2199.622079342861</ele>
   </trkpt>
   <trkpt lat="43.850860000000004" lon="-114.08055">
    <ele>2201.3481435175686</ele>
   </trkpt>
   <trkpt lat="43.850930000000005" lon="-114.08037000000002">
    <ele>2202.048246023217</ele>
   </trkpt>
   <trkpt lat="43.85117" lon="-114.07998">
    <ele>2203.7598223127834</ele>
   </trkpt>
   <trkpt lat="43.85139" lon="-114.07952">
    <ele>2204.3132684652373</ele>
   </trkpt>
   <trkpt lat="43.851510000000005" lon="-114.07935">
    <ele>2204.46238307308</ele>
   </trkpt>
   <trkpt lat="43.8519" lon="-114.07903">
    <ele>2204.3929056738893</ele>
   </trkpt>
   <trkpt lat="43.852070000000005" lon="-114.07867">
    <ele>2203.8911269675777</ele>
   </trkpt>
   <trkpt lat="43.85219" lon="-114.07853000000001">
    <ele>2203.5079389669927</ele>
   </trkpt>
   <trkpt lat="43.852410000000006" lon="-114.07881">
    <ele>2202.6336499857575</ele>
   </trkpt>
   <trkpt lat="43.85255" lon="-114.07921">
    <ele>2201.6430057543353</ele>
   </trkpt>
   <trkpt lat="43.852690002103664" lon="-114.07990499835726">
    <ele>2200.107744135939</ele>
   </trkpt>
   <trkpt lat="43.852830000000004" lon="-114.0806">
    <ele>2198.1248718045854</ele>
   </trkpt>
   <trkpt lat="43.85289" lon="-114.08117000000001">
    <ele>2196.982778343075</ele>
   </trkpt>
   <trkpt lat="43.85289" lon="-114.08118">
    <ele>2196.982778343075</ele>
   </trkpt>
   <trkpt lat="43.852880000000006" lon="-114.08199">
    <ele>2195.5275631345</ele>
   </trkpt>
   <trkpt lat="43.852940000000004" lon="-114.08221">
    <ele>2195.185854330647</ele>
   </trkpt>
   <trkpt lat="43.85318" lon="-114.08271">
    <ele>2194.3737928606774</ele>
   </trkpt>
   <trkpt lat="43.85325" lon="-114.08306">
    <ele>2194.020916093556</ele>
   </trkpt>
   <trkpt lat="43.853260000000006" lon="-114.08339000000001">
    <ele>2193.603085879447</ele>
   </trkpt>
   <trkpt lat="43.85323" lon="-114.08373">
    <ele>2193.262535923174</ele>
   </trkpt>
   <trkpt lat="43.852900000000005" lon="-114.08463">
    <ele>2192.090929864376</ele>
   </trkpt>
   <trkpt lat="43.8528" lon="-114.08499">
    <ele>2191.549976483766</ele>
   </trkpt>
   <trkpt lat="43.852790000000006" lon="-114.08521">
    <ele>2191.2761434077</ele>
   </trkpt>
   <trkpt lat="43.85284" lon="-114.08584">
    <ele>2190.614393983914</ele>
   </trkpt>
   <trkpt lat="43.852880000000006" lon="-114.08615">
    <ele>2190.1741198243794</ele>
   </trkpt>
   <trkpt lat="43.853" lon="-114.08652000000001">
    <ele>2189.4943732237357</ele>
   </trkpt>
   <trkpt lat="43.853120000000004" lon="-114.08681000000001">
    <ele>2189.1101263813744</ele>
   </trkpt>
   <trkpt lat="43.85338" lon="-114.08726000000001">
    <ele>2188.6910736974673</ele>
   </trkpt>
   <trkpt lat="43.85365000127652" lon="-114.08782499720081">
    <ele>2189.7744608918033</ele>
   </trkpt>
   <trkpt lat="43.85392" lon="-114.08839">
    <ele>2191.1648997783414</ele>
   </trkpt>
   <trkpt lat="43.85437000288665" lon="-114.08919499403524">
    <ele>2194.162991963386</ele>
   </trkpt>
   <trkpt lat="43.854820000000004" lon="-114.09">
    <ele>2197.0307595960203</ele>
   </trkpt>
   <trkpt lat="43.85495" lon="-114.09018">
    <ele>2197.2377528826337</ele>
   </trkpt>
   <trkpt lat="43.85512000000001" lon="-114.09031">
    <ele>2197.7314411232774</ele>
   </trkpt>
   <trkpt lat="43.85559000000001" lon="-114.09058">
    <ele>2198.540402754462</ele>
   </trkpt>
   <trkpt lat="43.8562" lon="-114.09081">
    <ele>2198.137083242925</ele>
   </trkpt>
   <trkpt lat="43.856550000000006" lon="-114.09103">
    <ele>2197.103710323773</ele>
   </trkpt>
   <trkpt lat="43.85699" lon="-114.09118000000001">
    <ele>2196.0128954774345</ele>
   </trkpt>
   <trkpt lat="43.85750000047651" lon="-114.0915099971786">
    <ele>2194.4087018290593</ele>
   </trkpt>
   <trkpt lat="43.85801" lon="-114.09184">
    <ele>2193.092316816688</ele>
   </trkpt>
   <trkpt lat="43.85866" lon="-114.0922">
    <ele>2191.4716270854487</ele>
   </trkpt>
   <trkpt lat="43.85906000000001" lon="-114.09221000000001">
    <ele>2190.0626683515475</ele>
   </trkpt>
   <trkpt lat="43.859390000000005" lon="-114.09192000000002">
    <ele>2189.0113134524577</ele>
   </trkpt>
   <trkpt lat="43.85972" lon="-114.09149000000001">
    <ele>2188.529806421249</ele>
   </trkpt>
   <trkpt lat="43.85981" lon="-114.09143">
    <ele>2188.4234973480056</ele>
   </trkpt>
   <trkpt lat="43.860130000000005" lon="-114.09145000000001">
    <ele>2188.1285034082784</ele>
   </trkpt>
   <trkpt lat="43.86025" lon="-114.09152">
    <ele>2188.0541665563064</ele>
   </trkpt>
   <trkpt lat="43.86048" lon="-114.09157">
    <ele>2187.7089450246954</ele>
   </trkpt>
   <trkpt lat="43.86097" lon="-114.09162">
    <ele>2186.5735020059124</ele>
   </trkpt>
   <trkpt lat="43.861630000000005" lon="-114.09179">
    <ele>2184.0158871959106</ele>
   </trkpt>
   <trkpt lat="43.86216499997588" lon="-114.09190499895044">
    <ele>2182.315423765591</ele>
   </trkpt>
   <trkpt lat="43.862700000000004" lon="-114.09202">
    <ele>2181.569157628074</ele>
   </trkpt>
   <trkpt lat="43.863080000000004" lon="-114.09197">
    <ele>2180.842581688104</ele>
   </trkpt>
   <trkpt lat="43.863440000000004" lon="-114.0917">
    <ele>2180.2713931690887</ele>
   </trkpt>
   <trkpt lat="43.86356000000001" lon="-114.09166">
    <ele>2179.984946886139</ele>
   </trkpt>
   <trkpt lat="43.8640750002166" lon="-114.09183999847133">
    <ele>2179.0903465302945</ele>
   </trkpt>
   <trkpt lat="43.86459000000001" lon="-114.09202">
    <ele>2178.1179590336815</ele>
   </trkpt>
   <trkpt lat="43.86529" lon="-114.09233">
    <ele>2177.4078274616513</ele>
   </trkpt>
   <trkpt lat="43.865550000000006" lon="-114.09247">
    <ele>2177.2877614745926</ele>
   </trkpt>
   <trkpt lat="43.86583" lon="-114.09278">
    <ele>2177.0833645256703</ele>
   </trkpt>
   <trkpt lat="43.86600000000001" lon="-114.093">
    <ele>2176.9836114704053</ele>
   </trkpt>
   <trkpt lat="43.866350000000004" lon="-114.09319">
    <ele>2176.608625350255</ele>
   </trkpt>
   <trkpt lat="43.86674" lon="-114.09333000000001">
    <ele>2176.232825379219</ele>
   </trkpt>
   <trkpt lat="43.867360000000005" lon="-114.09363">
    <ele>2175.3567107317513</ele>
   </trkpt>
   <trkpt lat="43.86782000037855" lon="-114.09389499799661">
    <ele>2174.5747478439</ele>
   </trkpt>
   <trkpt lat="43.868280000000006" lon="-114.09416">
    <ele>2173.906573041692</ele>
   </trkpt>
   <trkpt lat="43.868640000000006" lon="-114.09440000000001">
    <ele>2173.388690792142</ele>
   </trkpt>
   <trkpt lat="43.86908500014166" lon="-114.09456999873679">
    <ele>2172.6126456047746</ele>
   </trkpt>
   <trkpt lat="43.869530000000005" lon="-114.09474000000002">
    <ele>2171.971726546833</ele>
   </trkpt>
   <trkpt lat="43.86974" lon="-114.09484">
    <ele>2171.7382963843725</ele>
   </trkpt>
   <trkpt lat="43.87024" lon="-114.09525000000001">
    <ele>2170.9556507968914</ele>
   </trkpt>
   <trkpt lat="43.87077" lon="-114.09579000000001">
    <ele>2170.1448937130604</ele>
   </trkpt>
   <trkpt lat="43.871370000000006" lon="-114.09621000000001">
    <ele>2169.153542498434</ele>
   </trkpt>
   <trkpt lat="43.872150000000005" lon="-114.09668">
    <ele>2167.9611349469515</ele>
   </trkpt>
   <trkpt lat="43.872800000000005" lon="-114.09712">
    <ele>2166.3460723146122</ele>
   </trkpt>
   <trkpt lat="43.87344" lon="-114.09721">
    <ele>2164.996780960869</ele>
   </trkpt>
   <trkpt lat="43.873670000000004" lon="-114.09716">
    <ele>2164.497678060438</ele>
   </trkpt>
   <trkpt lat="43.874080000000006" lon="-114.09718000000001">
    <ele>2163.2432277687</ele>
   </trkpt>
   <trkpt lat="43.87424" lon="-114.09722000000001">
    <ele>2162.749847504048</ele>
   </trkpt>
   <trkpt lat="43.87456" lon="-114.09739">
    <ele>2161.7374110688133</ele>
   </trkpt>
   <trkpt lat="43.874990000000004" lon="-114.0977">
    <ele>2161.1226361713607</ele>
   </trkpt>
   <trkpt lat="43.87525" lon="-114.09783000000002">
    <ele>2160.7203589200626</ele>
   </trkpt>
   <trkpt lat="43.875980000000006" lon="-114.09821000000001">
    <ele>2159.9851185753773</ele>
   </trkpt>
   <trkpt lat="43.876780000000004" lon="-114.0986">
    <ele>2159.108786789997</ele>
   </trkpt>
   <trkpt lat="43.87734000024976" lon="-114.09877499839165">
    <ele>2158.176191699383</ele>
   </trkpt>
   <trkpt lat="43.877900000000004" lon="-114.09895000000002">
    <ele>2157.5212353424495</ele>
   </trkpt>
   <trkpt lat="43.87811000000001" lon="-114.09909">
    <ele>2157.4099544224314</ele>
   </trkpt>
   <trkpt lat="43.8783" lon="-114.09928000000001">
    <ele>2157.3273465664274</ele>
   </trkpt>
   <trkpt lat="43.87876000000001" lon="-114.09985">
    <ele>2157.2318423824286</ele>
   </trkpt>
   <trkpt lat="43.87926" lon="-114.10021">
    <ele>2157.205462803484</ele>
   </trkpt>
   <trkpt lat="43.879900000000006" lon="-114.10049000000001">
    <ele>2157.08253022713</ele>
   </trkpt>
   <trkpt lat="43.88045" lon="-114.10101">
    <ele>2156.8686058494304</ele>
   </trkpt>
   <trkpt lat="43.881150000000005" lon="-114.10130000000001">
    <ele>2156.6556758972556</ele>
   </trkpt>
   <trkpt lat="43.88154" lon="-114.10142">
    <ele>2156.2072703918993</ele>
   </trkpt>
   <trkpt lat="43.88204" lon="-114.10146">
    <ele>2155.7412867766448</ele>
   </trkpt>
   <trkpt lat="43.882560000000005" lon="-114.10147">
    <ele>2155.414069668635</ele>
   </trkpt>
   <trkpt lat="43.88286" lon="-114.10146">
    <ele>2155.267310004841</ele>
   </trkpt>
   <trkpt lat="43.88344000017862" lon="-114.10146">
    <ele>2155.195419356675</ele>
   </trkpt>
   <trkpt lat="43.88402000000001" lon="-114.10146">
    <ele>2154.820813353004</ele>
   </trkpt>
   <trkpt lat="43.88451500001805" lon="-114.10157499903524">
    <ele>2154.643415691312</ele>
   </trkpt>
   <trkpt lat="43.88501" lon="-114.10169">
    <ele>2154.2590954612165</ele>
   </trkpt>
   <trkpt lat="43.88562" lon="-114.10184000000001">
    <ele>2153.534003450162</ele>
   </trkpt>
   <trkpt lat="43.88631500012841" lon="-114.10205499746888">
    <ele>2152.229451194511</ele>
   </trkpt>
   <trkpt lat="43.887010000000004" lon="-114.10227">
    <ele>2151.10450445375</ele>
   </trkpt>
   <trkpt lat="43.88768" lon="-114.1024">
    <ele>2149.900010651958</ele>
   </trkpt>
   <trkpt lat="43.88794" lon="-114.10249">
    <ele>2149.4908769834224</ele>
   </trkpt>
   <trkpt lat="43.88819" lon="-114.10254">
    <ele>2149.198629430272</ele>
   </trkpt>
   <trkpt lat="43.88891500014941" lon="-114.10245000108132">
    <ele>2147.701261319425</ele>
   </trkpt>
   <trkpt lat="43.88964000000001" lon="-114.10236">
    <ele>2146.313970071651</ele>
   </trkpt>
   <trkpt lat="43.890259999992615" lon="-114.10231500046963">
    <ele>2145.6805048843016</ele>
   </trkpt>
   <trkpt lat="43.89088" lon="-114.10227">
    <ele>2145.074488361505</ele>
   </trkpt>
   <trkpt lat="43.891614999975545" lon="-114.10218000111801">
    <ele>2144.355034329883</ele>
   </trkpt>
   <trkpt lat="43.89235" lon="-114.10209">
    <ele>2144.0442592278623</ele>
   </trkpt>
   <trkpt lat="43.892999999913" lon="-114.10202500071999">
    <ele>2144.362598495937</ele>
   </trkpt>
   <trkpt lat="43.89365" lon="-114.10196">
    <ele>2144.708515156879</ele>
   </trkpt>
   <trkpt lat="43.89426" lon="-114.10196">
    <ele>2144.8155600385735</ele>
   </trkpt>
   <trkpt lat="43.894870000000004" lon="-114.10182">
    <ele>2144.4892710969048</ele>
   </trkpt>
   <trkpt lat="43.89535" lon="-114.10151">
    <ele>2143.429885246657</ele>
   </trkpt>
   <trkpt lat="43.895500000000006" lon="-114.10134000000001">
    <ele>2142.843698997388</ele>
   </trkpt>
   <trkpt lat="43.89587" lon="-114.10111">
    <ele>2140.7703242137877</ele>
   </trkpt>
   <trkpt lat="43.89596" lon="-114.10101">
    <ele>2140.397059687143</ele>
   </trkpt>
   <trkpt lat="43.8962" lon="-114.10053">
    <ele>2138.68035491249</ele>
   </trkpt>
   <trkpt lat="43.896350000000005" lon="-114.10031000000001">
    <ele>2138.4418356942288</ele>
   </trkpt>
   <trkpt lat="43.896440000000005" lon="-114.10025">
    <ele>2138.5775281373094</ele>
   </trkpt>
   <trkpt lat="43.89668" lon="-114.10022000000001">
    <ele>2138.218999817916</ele>
   </trkpt>
   <trkpt lat="43.896840000000005" lon="-114.10025">
    <ele>2138.3139854340347</ele>
   </trkpt>
   <trkpt lat="43.897289999927374" lon="-114.10042999855412">
    <ele>2139.3168146400644</ele>
   </trkpt>
   <trkpt lat="43.897740000000006" lon="-114.10061">
    <ele>2142.063335270516</ele>
   </trkpt>
   <trkpt lat="43.8982" lon="-114.10066">
    <ele>2144.189218540205</ele>
   </trkpt>
   <trkpt lat="43.89846000000001" lon="-114.10066">
    <ele>2144.839939209385</ele>
   </trkpt>
   <trkpt lat="43.89891" lon="-114.10079">
    <ele>2146.800526064318</ele>
   </trkpt>
   <trkpt lat="43.89905" lon="-114.10085000000001">
    <ele>2147.476339430707</ele>
   </trkpt>
   <trkpt lat="43.899350000000005" lon="-114.10101">
    <ele>2148.7429899683852</ele>
   </trkpt>
   <trkpt lat="43.900040000000004" lon="-114.10146">
    <ele>2151.9500306852383</ele>
   </trkpt>
   <trkpt lat="43.900310000000005" lon="-114.10178">
    <ele>2153.723448802365</ele>
   </trkpt>
   <trkpt lat="43.90046" lon="-114.102">
    <ele>2154.5532646282522</ele>
   </trkpt>
   <trkpt lat="43.90053" lon="-114.10218">
    <ele>2155.3100235059983</ele>
   </trkpt>
   <trkpt lat="43.90064" lon="-114.10236">
    <ele>2155.3100235059983</ele>
   </trkpt>
   <trkpt lat="43.90124000128118" lon="-114.10289999456676">
    <ele>2157.9772548620213</ele>
   </trkpt>
   <trkpt lat="43.90195611910431" lon="-114.10340406422903">
    <ele>2158.6887844584435</ele>
   </trkpt>
   <trkpt lat="43.902031374823906" lon="-114.10302372029096">
    <ele>2158.0019880827576</ele>
   </trkpt>
   <trkpt lat="43.902382630783855" lon="-114.1019110547374">
    <ele>2154.867161481399</ele>
   </trkpt>
   <trkpt lat="43.90251543916369" lon="-114.10159332707896">
    <ele>2153.290457592601</ele>
   </trkpt>
   <trkpt lat="43.90272249063895" lon="-114.10118798948433">
    <ele>2152.2357792482685</ele>
   </trkpt>
   <trkpt lat="43.90281086080945" lon="-114.1009410473585">
    <ele>2151.6326164914108</ele>
   </trkpt>
   <trkpt lat="43.90291891156187" lon="-114.10052084507889">
    <ele>2150.7727488332584</ele>
   </trkpt>
   <trkpt lat="43.90302292009915" lon="-114.10026086488395">
    <ele>2149.856692330486</ele>
   </trkpt>
   <trkpt lat="43.90316952505007" lon="-114.09996910717098">
    <ele>2149.0492889891466</ele>
   </trkpt>
   <trkpt lat="43.90356012211585" lon="-114.09886237995411">
    <ele>2146.9535586923976</ele>
   </trkpt>
   <trkpt lat="43.90379323352497" lon="-114.09813878582851">
    <ele>2145.468955821481</ele>
   </trkpt>
   <trkpt lat="43.90385276433682" lon="-114.09793176762176">
    <ele>2144.0092768305162</ele>
   </trkpt>
   <trkpt lat="43.903946618541546" lon="-114.09774989198021">
    <ele>2143.5375173954303</ele>
   </trkpt>
   <trkpt lat="43.90415211505717" lon="-114.09742858747838">
    <ele>2143.1601149607422</ele>
   </trkpt>
   <trkpt lat="43.904242075714976" lon="-114.09737364183515">
    <ele>2142.9803466716758</ele>
   </trkpt>
   <trkpt lat="43.90439058313033" lon="-114.09732193785041">
    <ele>2142.9803466716758</ele>
   </trkpt>
   <trkpt lat="43.90446507145923" lon="-114.09724969705883">
    <ele>2141.159255153941</ele>
   </trkpt>
   <trkpt lat="43.90464101643197" lon="-114.09702261728842">
    <ele>2141.948767948732</ele>
   </trkpt>
   <trkpt lat="43.90480228105352" lon="-114.09694679794069">
    <ele>2142.6902865035013</ele>
   </trkpt>
   <trkpt lat="43.904986162814446" lon="-114.09692650121494">
    <ele>2143.330935075807</ele>
   </trkpt>
   <trkpt lat="43.905321219136034" lon="-114.09688359084356">
    <ele>2145.51136494537</ele>
   </trkpt>
   <trkpt lat="43.905686275220035" lon="-114.09680292936275">
    <ele>2146.1977083968636</ele>
   </trkpt>
   <trkpt lat="43.90577537400318" lon="-114.09675325003825">
    <ele>2147.9889942512955</ele>
   </trkpt>
   <trkpt lat="43.905999350395774" lon="-114.09653736261559">
    <ele>2149.439003315444</ele>
   </trkpt>
   <trkpt lat="43.9061205500568" lon="-114.09647047455921">
    <ele>2149.7129775873555</ele>
   </trkpt>
   <trkpt lat="43.90652761765459" lon="-114.09640631505931">
    <ele>2149.4811525029777</ele>
   </trkpt>
   <trkpt lat="43.90680264809058" lon="-114.0963860673845">
    <ele>2148.5007168614443</ele>
   </trkpt>
   <trkpt lat="43.9069085489168" lon="-114.09641823867005">
    <ele>2148.358740785901</ele>
   </trkpt>
   <trkpt lat="43.9069831578776" lon="-114.09646212868626">
    <ele>2147.8460269056272</ele>
   </trkpt>
   <trkpt lat="43.907057980384806" lon="-114.09650538741813">
    <ele>2147.538203565526</ele>
   </trkpt>
   <trkpt lat="43.907132931619735" lon="-114.09654754502294">
    <ele>2147.018497229066</ele>
   </trkpt>
   <trkpt lat="43.9071945625408" lon="-114.0965578215644">
    <ele>2147.018497229066</ele>
   </trkpt>
   <trkpt lat="43.90725638630344" lon="-114.0965572979881">
    <ele>2146.547458115868</ele>
   </trkpt>
   <trkpt lat="43.907318343035236" lon="-114.09655467530713">
    <ele>2146.547458115868</ele>
   </trkpt>
   <trkpt lat="43.907379098041346" lon="-114.0965590670394">
    <ele>2146.547458115868</ele>
   </trkpt>
   <trkpt lat="43.907440783865944" lon="-114.0965539685521">
    <ele>2146.1134687303293</ele>
   </trkpt>
   <trkpt lat="43.907541183343604" lon="-114.09650806916342">
    <ele>2146.1134687303293</ele>
   </trkpt>
   <trkpt lat="43.907606947218234" lon="-114.09643142536494">
    <ele>2145.703010799059</ele>
   </trkpt>
   <trkpt lat="43.907707104729106" lon="-114.09619332652984">
    <ele>2144.5540984942418</ele>
   </trkpt>
   <trkpt lat="43.90775776734093" lon="-114.09599727289735">
    <ele>2143.7024349015624</ele>
   </trkpt>
   <trkpt lat="43.907760518340275" lon="-114.0957856261017">
    <ele>2142.7977525442325</ele>
   </trkpt>
   <trkpt lat="43.90772293195573" lon="-114.09529034377624">
    <ele>2140.2576401207843</ele>
   </trkpt>
   <trkpt lat="43.90777924964638" lon="-114.09529916489338">
    <ele>2139.872268527161</ele>
   </trkpt>
   <trkpt lat="43.90806638401622" lon="-114.09590823561112">
    <ele>2139.8225678204735</ele>
   </trkpt>
   <trkpt lat="43.90846562318673" lon="-114.09656017309811">
    <ele>2140.1320722077025</ele>
   </trkpt>
   <trkpt lat="43.9085251177792" lon="-114.0966533310806">
    <ele>2140.1320722077025</ele>
   </trkpt>
   <trkpt lat="43.90858452880429" lon="-114.09674659087608">
    <ele>2140.1320722077025</ele>
   </trkpt>
   <trkpt lat="43.90864397492794" lon="-114.0968398074928">
    <ele>2140.2877793460993</ele>
   </trkpt>
   <trkpt lat="43.908703523939096" lon="-114.09693289884466">
    <ele>2140.3129419613097</ele>
   </trkpt>
   <trkpt lat="43.908763169595815" lon="-114.09702587303885">
    <ele>2140.3129419613097</ele>
   </trkpt>
   <trkpt lat="43.9090230323498" lon="-114.0973892904137">
    <ele>2140.337733929525</ele>
   </trkpt>
   <trkpt lat="43.90922359565603" lon="-114.09768136683805">
    <ele>2140.2551724495725</ele>
   </trkpt>
   <trkpt lat="43.90940255621931" lon="-114.09801110683122">
    <ele>2140.319323278382</ele>
   </trkpt>
   <trkpt lat="43.909559217369136" lon="-114.0983460821684">
    <ele>2140.319323278382</ele>
   </trkpt>
   <trkpt lat="43.90974468134244" lon="-114.09862835518597">
    <ele>2139.5019185458104</ele>
   </trkpt>
   <trkpt lat="43.9102874532732" lon="-114.09939488871107">
    <ele>2138.038600994771</ele>
   </trkpt>
   <trkpt lat="43.91039449828036" lon="-114.09960317599389">
    <ele>2138.027079294678</ele>
   </trkpt>
   <trkpt lat="43.91063596032084" lon="-114.09992991740049">
    <ele>2138.022067880891</ele>
   </trkpt>
   <trkpt lat="43.91074234582645" lon="-114.10009099837806">
    <ele>2138.022067880891</ele>
   </trkpt>
   <trkpt lat="43.91080812493435" lon="-114.10013000550158">
    <ele>2138.022067880891</ele>
   </trkpt>
   <trkpt lat="43.91087283173271" lon="-114.10009033889777">
    <ele>2138.022067880891</ele>
   </trkpt>
   <trkpt lat="43.91129151276745" lon="-114.09967898030405">
    <ele>2138.3828716743474</ele>
   </trkpt>
   <trkpt lat="43.91181862412735" lon="-114.09920450938414">
    <ele>2134.8379300161705</ele>
   </trkpt>
   <trkpt lat="43.91192136964133" lon="-114.09914602024126">
    <ele>2134.059002537634</ele>
   </trkpt>
   <trkpt lat="43.91203787922081" lon="-114.09913342496193">
    <ele>2133.4303850549913</ele>
   </trkpt>
   <trkpt lat="43.912259367188774" lon="-114.09918429529141">
    <ele>2132.770778473668</ele>
   </trkpt>
   <trkpt lat="43.91246313192337" lon="-114.09922332606587">
    <ele>2132.323080238178</ele>
   </trkpt>
   <trkpt lat="43.91273365749544" lon="-114.09925125291552">
    <ele>2131.7070754708143</ele>
   </trkpt>
   <trkpt lat="43.91282941791092" lon="-114.09929889142015">
    <ele>2131.543744853531</ele>
   </trkpt>
   <trkpt lat="43.91290086068263" lon="-114.09938400410863">
    <ele>2131.587873729325</ele>
   </trkpt>
   <trkpt lat="43.91295583262313" lon="-114.09951721835776">
    <ele>2131.51820745434</ele>
   </trkpt>
   <trkpt lat="43.91305062700188" lon="-114.09980607713169">
    <ele>2131.526484700363</ele>
   </trkpt>
   <trkpt lat="43.91306040030036" lon="-114.10029750625996">
    <ele>2131.6245246657436</ele>
   </trkpt>
   <trkpt lat="43.91308921884565" lon="-114.10040447252915">
    <ele>2131.691590296396</ele>
   </trkpt>
   <trkpt lat="43.91314267555487" lon="-114.10047846669623">
    <ele>2131.8101925439396</ele>
   </trkpt>
   <trkpt lat="43.91322528814888" lon="-114.10052103526826">
    <ele>2131.878712857854</ele>
   </trkpt>
   <trkpt lat="43.91370018415632" lon="-114.10056553608705">
    <ele>2131.7903628804856</ele>
   </trkpt>
   <trkpt lat="43.91390413592088" lon="-114.10062017912595">
    <ele>2131.6311893243283</ele>
   </trkpt>
   <trkpt lat="43.91417772645155" lon="-114.10079239229665">
    <ele>2131.3346849773525</ele>
   </trkpt>
   <trkpt lat="43.914325679068725" lon="-114.10092724171314">
    <ele>2131.101567755912</ele>
   </trkpt>
   <trkpt lat="43.91444737014329" lon="-114.10109343330646">
    <ele>2130.854952888818</ele>
   </trkpt>
   <trkpt lat="43.91456558916584" lon="-114.10132935557215">
    <ele>2130.629576776368</ele>
   </trkpt>
   <trkpt lat="43.914977956825695" lon="-114.10222045690149">
    <ele>2129.8765510447197</ele>
   </trkpt>
   <trkpt lat="43.915208991746894" lon="-114.10265352378045">
    <ele>2129.6868395615643</ele>
   </trkpt>
   <trkpt lat="43.915374861836284" lon="-114.10300486068316">
    <ele>2129.863740422738</ele>
   </trkpt>
   <trkpt lat="43.91548535517921" lon="-114.10315639613857">
    <ele>2129.7529735662624</ele>
   </trkpt>
   <trkpt lat="43.915672427853195" lon="-114.10334337290416">
    <ele>2129.335693069299</ele>
   </trkpt>
   <trkpt lat="43.9158703106773" lon="-114.10361686029631">
    <ele>2128.798392025447</ele>
   </trkpt>
   <trkpt lat="43.91597076585798" lon="-114.103703757658">
    <ele>2128.2396233010472</ele>
   </trkpt>
   <trkpt lat="43.91606942719464" lon="-114.10373898319274">
    <ele>2127.811053420904</ele>
   </trkpt>
   <trkpt lat="43.916177383382106" lon="-114.10372412238847">
    <ele>2127.23226265642</ele>
   </trkpt>
   <trkpt lat="43.916385289127106" lon="-114.10363946588933">
    <ele>2126.1261580865507</ele>
   </trkpt>
   <trkpt lat="43.91654416494606" lon="-114.10364491830742">
    <ele>2125.65133081577</ele>
   </trkpt>
   <trkpt lat="43.916753560882064" lon="-114.10365212820074">
    <ele>2124.4887783290583</ele>
   </trkpt>
   <trkpt lat="43.91705888433638" lon="-114.1036285387733">
    <ele>2123.0602248052514</ele>
   </trkpt>
   <trkpt lat="43.91716365869884" lon="-114.10365010765706">
    <ele>2122.3275502122387</ele>
   </trkpt>
   <trkpt lat="43.917232091520404" lon="-114.10370532253903">
    <ele>2122.0465577931677</ele>
   </trkpt>
   <trkpt lat="43.917311915836464" lon="-114.10384554018175">
    <ele>2121.5964642981735</ele>
   </trkpt>
   <trkpt lat="43.917378486743395" lon="-114.10395385058936">
    <ele>2121.191917763874</ele>
   </trkpt>
   <trkpt lat="43.91744830180869" lon="-114.1040035982808">
    <ele>2121.191917763874</ele>
   </trkpt>
   <trkpt lat="43.91760349650573" lon="-114.10403526752337">
    <ele>2120.8174813896126</ele>
   </trkpt>
   <trkpt lat="43.91791812829678" lon="-114.10405161842367">
    <ele>2120.1167847119486</ele>
   </trkpt>
   <trkpt lat="43.917986574304706" lon="-114.10412109448998">
    <ele>2119.934869285191</ele>
   </trkpt>
   <trkpt lat="43.91815140492086" lon="-114.10438705322284">
    <ele>2119.0968583721137</ele>
   </trkpt>
   <trkpt lat="43.918292657962816" lon="-114.1046771976683">
    <ele>2118.1569054891975</ele>
   </trkpt>
   <trkpt lat="43.918505991666564" lon="-114.10516309707698">
    <ele>2117.946229172027</ele>
   </trkpt>
   <trkpt lat="43.9185500695903" lon="-114.10533929289542">
    <ele>2118.0003544274937</ele>
   </trkpt>
   <trkpt lat="43.91858013591158" lon="-114.10561274698294">
    <ele>2118.0252670498485</ele>
   </trkpt>
   <trkpt lat="43.91863743279786" lon="-114.10581710245226">
    <ele>2117.9655297705895</ele>
   </trkpt>
   <trkpt lat="43.91879201336493" lon="-114.1061882109097">
    <ele>2117.821296460916</ele>
   </trkpt>
   <trkpt lat="43.91891177880947" lon="-114.10660336332984">
    <ele>2117.5344210296535</ele>
   </trkpt>
   <trkpt lat="43.91909998802005" lon="-114.10743203025625">
    <ele>2116.031700700534</ele>
   </trkpt>
   <trkpt lat="43.91930268183984" lon="-114.10814478764898">
    <ele>2115.1690088427845</ele>
   </trkpt>
   <trkpt lat="43.919370991201134" lon="-114.10857904638702">
    <ele>2115.717544816282</ele>
   </trkpt>
   <trkpt lat="43.91941632238058" lon="-114.1088759606764">
    <ele>2115.84850572729</ele>
   </trkpt>
   <trkpt lat="43.91945351557686" lon="-114.10912806287335">
    <ele>2116.3335922457063</ele>
   </trkpt>
   <trkpt lat="43.91945149326173" lon="-114.10930738693814">
    <ele>2116.5495754473513</ele>
   </trkpt>
   <trkpt lat="43.91941870472619" lon="-114.10942681416627">
    <ele>2116.935241879605</ele>
   </trkpt>
   <trkpt lat="43.91932076018202" lon="-114.10962936285503">
    <ele>2117.3612895666006</ele>
   </trkpt>
   <trkpt lat="43.91931710428507" lon="-114.10973072283714">
    <ele>2117.3612895666006</ele>
   </trkpt>
   <trkpt lat="43.91938654700567" lon="-114.11002318661987">
    <ele>2118.044167183186</ele>
   </trkpt>
   <trkpt lat="43.919383249805115" lon="-114.11013816321348">
    <ele>2118.495796898272</ele>
   </trkpt>
   <trkpt lat="43.91934584553165" lon="-114.11029923711767">
    <ele>2118.495796898272</ele>
   </trkpt>
   <trkpt lat="43.91929415510971" lon="-114.11039721906471">
    <ele>2119.004398430813</ele>
   </trkpt>
   <trkpt lat="43.91922623593009" lon="-114.11045067311474">
    <ele>2119.3131194316866</ele>
   </trkpt>
   <trkpt lat="43.91906934271882" lon="-114.11049417665022">
    <ele>2119.7908918398293</ele>
   </trkpt>
   <trkpt lat="43.91890552599514" lon="-114.11049287666025">
    <ele>2120.223265440891</ele>
   </trkpt>
   <trkpt lat="43.918666775513124" lon="-114.11042975814414">
    <ele>2120.647571741056</ele>
   </trkpt>
   <trkpt lat="43.91845733094612" lon="-114.11043188565469">
    <ele>2121.487614381345</ele>
   </trkpt>
   <trkpt lat="43.91823618857594" lon="-114.1104820462063">
    <ele>2122.241545028973</ele>
   </trkpt>
   <trkpt lat="43.91805397414175" lon="-114.11052659609982">
    <ele>2122.5919322800464</ele>
   </trkpt>
   <trkpt lat="43.91772107701955" lon="-114.11054707265555">
    <ele>2123.565361332638</ele>
   </trkpt>
   <trkpt lat="43.91747186658071" lon="-114.1106340238129">
    <ele>2123.9967214217795</ele>
   </trkpt>
   <trkpt lat="43.9173511189452" lon="-114.11067266634309">
    <ele>2124.2363338176983</ele>
   </trkpt>
   <trkpt lat="43.91722103853085" lon="-114.11066001116957">
    <ele>2124.632707961089</ele>
   </trkpt>
   <trkpt lat="43.91708173946019" lon="-114.11059787194547">
    <ele>2124.824844705049</ele>
   </trkpt>
   <trkpt lat="43.91642503303361" lon="-114.11010225963838">
    <ele>2126.843918342665</ele>
   </trkpt>
   <trkpt lat="43.91625414876514" lon="-114.10992574621213">
    <ele>2127.410625082175</ele>
   </trkpt>
   <trkpt lat="43.91615492235281" lon="-114.10975685002362">
    <ele>2127.8535402314214</ele>
   </trkpt>
   <trkpt lat="43.91608546188276" lon="-114.10970288423746">
    <ele>2128.0069059928405</ele>
   </trkpt>
   <trkpt lat="43.915993387394316" lon="-114.10969072579434">
    <ele>2128.1481460915634</ele>
   </trkpt>
   <trkpt lat="43.91581099094557" lon="-114.10972710401654">
    <ele>2128.694050950949</ele>
   </trkpt>
   <trkpt lat="43.91542170542246" lon="-114.10988497660544">
    <ele>2129.2121028008205</ele>
   </trkpt>
   <trkpt lat="43.915291667413825" lon="-114.10990039963734">
    <ele>2129.2227819325662</ele>
   </trkpt>
   <trkpt lat="43.91521099523636" lon="-114.10987127867595">
    <ele>2129.290631880299</ele>
   </trkpt>
   <trkpt lat="43.91504900804613" lon="-114.10970284617558">
    <ele>2129.443822118013</ele>
   </trkpt>
   <trkpt lat="43.914978509499264" lon="-114.1096878288125">
    <ele>2129.443822118013</ele>
   </trkpt>
   <trkpt lat="43.914943503881744" lon="-114.10975470328056">
    <ele>2129.4822033939913</ele>
   </trkpt>
   <trkpt lat="43.91532875587511" lon="-114.11030714149649">
    <ele>2129.2756491860364</ele>
   </trkpt>
   <trkpt lat="43.91582627730883" lon="-114.11094935280202">
    <ele>2127.987306103672</ele>
   </trkpt>
   <trkpt lat="43.916315007220184" lon="-114.11160497853975">
    <ele>2126.902595320951</ele>
   </trkpt>
   <trkpt lat="43.91681250543059" lon="-114.11224748392455">
    <ele>2125.74775606339</ele>
   </trkpt>
   <trkpt lat="43.91731" lon="-114.11289000000001">
    <ele>2124.669428648395</ele>
   </trkpt>
   <trkpt lat="43.91786000236491" lon="-114.11361999330724">
    <ele>2123.1159972057717</ele>
   </trkpt>
   <trkpt lat="43.91841" lon="-114.11435000000002">
    <ele>2121.901359687883</ele>
   </trkpt>
   <trkpt lat="43.91885500195621" lon="-114.11502499490555">
    <ele>2120.883355512078</ele>
   </trkpt>
   <trkpt lat="43.91930000000001" lon="-114.1157">
    <ele>2119.8886803180058</ele>
   </trkpt>
   <trkpt lat="43.91974500199194" lon="-114.11634999535724">
    <ele>2118.6328984031043</ele>
   </trkpt>
   <trkpt lat="43.920190000000005" lon="-114.117">
    <ele>2117.6597293544414</ele>
   </trkpt>
   <trkpt lat="43.92067500240884" lon="-114.117739994">
    <ele>2116.814599472341</ele>
   </trkpt>
   <trkpt lat="43.92116" lon="-114.11848">
    <ele>2116.2987266778614</ele>
   </trkpt>
   <trkpt lat="43.92173667026091" lon="-114.1191199876179">
    <ele>2115.6150590058915</ele>
   </trkpt>
   <trkpt lat="43.92231333695" lon="-114.1197599876426">
    <ele>2114.7991901358837</ele>
   </trkpt>
   <trkpt lat="43.92289" lon="-114.1204">
    <ele>2113.347557010089</ele>
   </trkpt>
   <trkpt lat="43.92339000114736" lon="-114.12090499579138">
    <ele>2111.726052724981</ele>
   </trkpt>
   <trkpt lat="43.92389" lon="-114.12141000000001">
    <ele>2110.5710084070147</ele>
   </trkpt>
   <trkpt lat="43.923320000000004" lon="-114.12182000000001">
    <ele>2110.117479374029</ele>
   </trkpt>
   <trkpt lat="43.92331" lon="-114.12182000000001">
    <ele>2110.117479374029</ele>
   </trkpt>
   <trkpt lat="43.92287000064247" lon="-114.1221400022242">
    <ele>2110.5294101842956</ele>
   </trkpt>
   <trkpt lat="43.922430000000006" lon="-114.12246">
    <ele>2110.9364457503098</ele>
   </trkpt>
   <trkpt lat="43.92177666822445" lon="-114.12288667605696">
    <ele>2111.993666875553</ele>
   </trkpt>
   <trkpt lat="43.92112333486134" lon="-114.12331334274293">
    <ele>2113.140375832208</ele>
   </trkpt>
   <trkpt lat="43.92047" lon="-114.12374000000001">
    <ele>2114.0362851389395</ele>
   </trkpt>
   <trkpt lat="43.91986000145989" lon="-114.12415000841106">
    <ele>2114.8860707855715</ele>
   </trkpt>
   <trkpt lat="43.91925000145382" lon="-114.12456000841502">
    <ele>2115.9125663346986</ele>
   </trkpt>
   <trkpt lat="43.91864" lon="-114.12497">
    <ele>2116.8964006339074</ele>
   </trkpt>
   <trkpt lat="43.918030000666874" lon="-114.12535500393398">
    <ele>2117.62862988688</ele>
   </trkpt>
   <trkpt lat="43.91742000000001" lon="-114.12574000000001">
    <ele>2118.3023613254145</ele>
   </trkpt>
   <trkpt lat="43.916970000000006" lon="-114.12613">
    <ele>2118.570458116102</ele>
   </trkpt>
   <trkpt lat="43.916610000000006" lon="-114.12653">
    <ele>2118.6990746813494</ele>
   </trkpt>
   <trkpt lat="43.916250000000005" lon="-114.12744">
    <ele>2118.9475674697815</ele>
   </trkpt>
   <trkpt lat="43.91594500331934" lon="-114.12830500427215">
    <ele>2119.276820743209</ele>
   </trkpt>
   <trkpt lat="43.91564" lon="-114.12917000000002">
    <ele>2118.5118369097327</ele>
   </trkpt>
   <trkpt lat="43.91531000235239" lon="-114.12991000418278">
    <ele>2117.6382659789</ele>
   </trkpt>
   <trkpt lat="43.91498000000001" lon="-114.13065">
    <ele>2117.5014475793646</ele>
   </trkpt>
   <trkpt lat="43.914730000000006" lon="-114.13107000000001">
    <ele>2117.9874068867184</ele>
   </trkpt>
   <trkpt lat="43.91411000596624" lon="-114.13190001734979">
    <ele>2119.527017393739</ele>
   </trkpt>
   <trkpt lat="43.9134900059249" lon="-114.13273001740485">
    <ele>2122.385295799327</ele>
   </trkpt>
   <trkpt lat="43.912870000000005" lon="-114.13356">
    <ele>2125.828065905746</ele>
   </trkpt>
   <trkpt lat="43.91232000421407" lon="-114.13454500913214">
    <ele>2128.30704627778</ele>
   </trkpt>
   <trkpt lat="43.911770000000004" lon="-114.13553">
    <ele>2129.27929433874</ele>
   </trkpt>
   <trkpt lat="43.91129" lon="-114.13603">
    <ele>2129.199108760001</ele>
   </trkpt>
   <trkpt lat="43.910900000000005" lon="-114.13634">
    <ele>2129.1147880561643</ele>
   </trkpt>
   <trkpt lat="43.91033" lon="-114.13671000000001">
    <ele>2129.7291669524175</ele>
   </trkpt>
   <trkpt lat="43.90983500037835" lon="-114.13697000211845">
    <ele>2130.3877920216237</ele>
   </trkpt>
   <trkpt lat="43.90934" lon="-114.13723">
    <ele>2130.97029751701</ele>
   </trkpt>
   <trkpt lat="43.90859000107248" lon="-114.13770500592906">
    <ele>2131.9152358403617</ele>
   </trkpt>
   <trkpt lat="43.90784" lon="-114.13818">
    <ele>2133.274338964821</ele>
   </trkpt>
   <trkpt lat="43.907155002130814" lon="-114.13858251388884">
    <ele>2134.9498533202686</ele>
   </trkpt>
   <trkpt lat="43.90647000284881" lon="-114.1389850185136">
    <ele>2136.3314336755425</ele>
   </trkpt>
   <trkpt lat="43.90578500215408" lon="-114.13938751387471">
    <ele>2137.560772277031</ele>
   </trkpt>
   <trkpt lat="43.905100000000004" lon="-114.13979">
    <ele>2138.0537314572784</ele>
   </trkpt>
   <trkpt lat="43.904485000584664" lon="-114.14019000420586">
    <ele>2137.8164676674974</ele>
   </trkpt>
   <trkpt lat="43.903870000000005" lon="-114.14059">
    <ele>2137.567793712286</ele>
   </trkpt>
   <trkpt lat="43.903560000000006" lon="-114.14090000000002">
    <ele>2137.7096536950894</ele>
   </trkpt>
   <trkpt lat="43.903000000000006" lon="-114.14153">
    <ele>2138.547882034486</ele>
   </trkpt>
   <trkpt lat="43.90264500166227" lon="-114.14213500349453">
    <ele>2139.1913521249153</ele>
   </trkpt>
   <trkpt lat="43.90229" lon="-114.14274">
    <ele>2139.867049560717</ele>
   </trkpt>
   <trkpt lat="43.901885001808836" lon="-114.14339000447522">
    <ele>2140.6364537100685</ele>
   </trkpt>
   <trkpt lat="43.90148000000001" lon="-114.14404">
    <ele>2141.4896872586423</ele>
   </trkpt>
   <trkpt lat="43.90099" lon="-114.14498">
    <ele>2142.3269011855537</ele>
   </trkpt>
   <trkpt lat="43.90050000583448" lon="-114.14580001354575">
    <ele>2142.8139659290623</ele>
   </trkpt>
   <trkpt lat="43.900010005805406" lon="-114.14662001359422">
    <ele>2143.2157353567504</ele>
   </trkpt>
   <trkpt lat="43.89952" lon="-114.14744">
    <ele>2143.6823792980877</ele>
   </trkpt>
   <trkpt lat="43.898973339658404" lon="-114.14829334904142">
    <ele>2144.270143593471</ele>
   </trkpt>
   <trkpt lat="43.89842667296684" lon="-114.14914668241336">
    <ele>2144.883178654318</ele>
   </trkpt>
   <trkpt lat="43.89788" lon="-114.15">
    <ele>2145.689999300156</ele>
   </trkpt>
   <trkpt lat="43.89753500162862" lon="-114.15062500375629">
    <ele>2146.2820309382932</ele>
   </trkpt>
   <trkpt lat="43.89719" lon="-114.15125">
    <ele>2146.835348147194</ele>
   </trkpt>
   <trkpt lat="43.89677500198104" lon="-114.15193500488105">
    <ele>2147.0503864538664</ele>
   </trkpt>
   <trkpt lat="43.89636" lon="-114.15262000000001">
    <ele>2146.96993982214</ele>
   </trkpt>
   <trkpt lat="43.89590500294489" lon="-114.15343500613993">
    <ele>2147.242979272626</ele>
   </trkpt>
   <trkpt lat="43.895450000000004" lon="-114.15425">
    <ele>2148.599141938805</ele>
   </trkpt>
   <trkpt lat="43.895160000000004" lon="-114.15487">
    <ele>2149.450757501525</ele>
   </trkpt>
   <trkpt lat="43.89502" lon="-114.15532">
    <ele>2149.874576542583</ele>
   </trkpt>
   <trkpt lat="43.89502" lon="-114.15556000000001">
    <ele>2150.152418456401</ele>
   </trkpt>
   <trkpt lat="43.89495" lon="-114.15617">
    <ele>2150.883996344513</ele>
   </trkpt>
   <trkpt lat="43.894915006385126" lon="-114.15738000065804">
    <ele>2152.1244167459695</ele>
   </trkpt>
   <trkpt lat="43.89488" lon="-114.15859">
    <ele>2153.709827933676</ele>
   </trkpt>
   <trkpt lat="43.89481000000001" lon="-114.15917">
    <ele>2154.335985662082</ele>
   </trkpt>
   <trkpt lat="43.894800000000004" lon="-114.15939000000002">
    <ele>2154.6227074656063</ele>
   </trkpt>
   <trkpt lat="43.894670000000005" lon="-114.15975">
    <ele>2154.922271149658</ele>
   </trkpt>
   <trkpt lat="43.8943300016915" lon="-114.16039500391479">
    <ele>2155.717922800513</ele>
   </trkpt>
   <trkpt lat="43.89399" lon="-114.16104000000001">
    <ele>2156.8271475869174</ele>
   </trkpt>
   <trkpt lat="43.893477511180535" lon="-114.1619650239014">
    <ele>2158.5217862498725</ele>
   </trkpt>
   <trkpt lat="43.892965014899644" lon="-114.16289003188194">
    <ele>2159.9858856488</ele>
   </trkpt>
   <trkpt lat="43.89245251115759" lon="-114.16381502394202">
    <ele>2160.4016279031707</ele>
   </trkpt>
   <trkpt lat="43.891940000000005" lon="-114.16474000000001">
    <ele>2160.7029797836794</ele>
   </trkpt>
   <trkpt lat="43.891830000000006" lon="-114.16499">
    <ele>2160.821276318625</ele>
   </trkpt>
   <trkpt lat="43.891740000000006" lon="-114.16536">
    <ele>2161.12412775994</ele>
   </trkpt>
   <trkpt lat="43.89168000268237" lon="-114.16614500084863">
    <ele>2161.8643279688476</ele>
   </trkpt>
   <trkpt lat="43.89162" lon="-114.16693000000001">
    <ele>2163.071349265085</ele>
   </trkpt>
   <trkpt lat="43.891540000000006" lon="-114.16754">
    <ele>2163.9847551814482</ele>
   </trkpt>
   <trkpt lat="43.89143000000001" lon="-114.16799">
    <ele>2165.4530294629267</ele>
   </trkpt>
   <trkpt lat="43.891160000000006" lon="-114.16867">
    <ele>2167.453444148824</ele>
   </trkpt>
   <trkpt lat="43.89090000149591" lon="-114.16927500287377">
    <ele>2168.9607316546517</ele>
   </trkpt>
   <trkpt lat="43.890640000000005" lon="-114.16988">
    <ele>2171.0835232760473</ele>
   </trkpt>
   <trkpt lat="43.89017667369676" lon="-114.17077668058077">
    <ele>2174.591540389229</ele>
   </trkpt>
   <trkpt lat="43.88971334038234" lon="-114.1716733472106">
    <ele>2177.5789671490525</ele>
   </trkpt>
   <trkpt lat="43.889250000000004" lon="-114.17257000000001">
    <ele>2180.3815158143107</ele>
   </trkpt>
   <trkpt lat="43.88897500105706" lon="-114.17308000249744">
    <ele>2181.548562854711</ele>
   </trkpt>
   <trkpt lat="43.8887" lon="-114.17359">
    <ele>2182.9098741926196</ele>
   </trkpt>
   <trkpt lat="43.88827000769825" lon="-114.17435751663406">
    <ele>2184.297912261385</ele>
   </trkpt>
   <trkpt lat="43.887840010259744" lon="-114.17512502218663">
    <ele>2185.6442926643595</ele>
   </trkpt>
   <trkpt lat="43.887410007684636" lon="-114.17589251665792">
    <ele>2186.600615522544</ele>
   </trkpt>
   <trkpt lat="43.88698" lon="-114.17666000000001">
    <ele>2187.856993819511</ele>
   </trkpt>
   <trkpt lat="43.88642000378646" lon="-114.17758500860371">
    <ele>2190.363688909515</ele>
   </trkpt>
   <trkpt lat="43.88586" lon="-114.17851">
    <ele>2192.641527346754</ele>
   </trkpt>
   <trkpt lat="43.88531336451879" lon="-114.17945562497347">
    <ele>2194.0722349374337</ele>
   </trkpt>
   <trkpt lat="43.88476672124019" lon="-114.18040123259209">
    <ele>2195.6297934783524</ele>
   </trkpt>
   <trkpt lat="43.88422007016451" lon="-114.18134682285627">
    <ele>2197.5547733930725</ele>
   </trkpt>
   <trkpt lat="43.88367341129202" lon="-114.18229239576644">
    <ele>2199.3726732529426</ele>
   </trkpt>
   <trkpt lat="43.88312674462306" lon="-114.18323795132295">
    <ele>2201.586261014411</ele>
   </trkpt>
   <trkpt lat="43.882580070157864" lon="-114.18418348952623">
    <ele>2204.866565361747</ele>
   </trkpt>
   <trkpt lat="43.88203338789677" lon="-114.18512901037668">
    <ele>2208.791597831654</ele>
   </trkpt>
   <trkpt lat="43.88148669784005" lon="-114.18607451387473">
    <ele>2212.076767407784</ele>
   </trkpt>
   <trkpt lat="43.88094" lon="-114.18702">
    <ele>2212.546831406249</ele>
   </trkpt>
   <trkpt lat="43.880770000000005" lon="-114.18724">
    <ele>2212.6507719678903</ele>
   </trkpt>
   <trkpt lat="43.88053" lon="-114.18746000000002">
    <ele>2212.654927123363</ele>
   </trkpt>
   <trkpt lat="43.880410000000005" lon="-114.18761">
    <ele>2212.8145813085093</ele>
   </trkpt>
   <trkpt lat="43.87990666856889" lon="-114.18807334113386">
    <ele>2214.6545157382025</ele>
   </trkpt>
   <trkpt lat="43.87940333526577" lon="-114.18853667443928">
    <ele>2217.268469253921</ele>
   </trkpt>
   <trkpt lat="43.8789" lon="-114.18900000000001">
    <ele>2219.02313397099</ele>
   </trkpt>
   <trkpt lat="43.878350001245565" lon="-114.18953000487217">
    <ele>2220.2490889754063</ele>
   </trkpt>
   <trkpt lat="43.8778" lon="-114.19006">
    <ele>2221.4747901186524</ele>
   </trkpt>
   <trkpt lat="43.87712500203272" lon="-114.19074000768629">
    <ele>2223.752402771971</ele>
   </trkpt>
   <trkpt lat="43.876450000000006" lon="-114.19142000000001">
    <ele>2226.4403345285614</ele>
   </trkpt>
   <trkpt lat="43.875746670838126" lon="-114.1921100162685">
    <ele>2229.661148999718</ele>
   </trkpt>
   <trkpt lat="43.87504333752463" lon="-114.19280001624877">
    <ele>2233.0478418027947</ele>
   </trkpt>
   <trkpt lat="43.874340000000004" lon="-114.19349000000001">
    <ele>2236.9091293429956</ele>
   </trkpt>
   <trkpt lat="43.87376000451927" lon="-114.19407751714884">
    <ele>2239.8829396938527</ele>
   </trkpt>
   <trkpt lat="43.87318000602869" lon="-114.19466502286173">
    <ele>2242.383226335076</ele>
   </trkpt>
   <trkpt lat="43.872600004528366" lon="-114.19525251713908">
    <ele>2244.723289052829</ele>
   </trkpt>
   <trkpt lat="43.872020000000006" lon="-114.19584">
    <ele>2246.7543901418303</ele>
   </trkpt>
   <trkpt lat="43.871316007873794" lon="-114.19651203175283">
    <ele>2248.004438709407</ele>
   </trkpt>
   <trkpt lat="43.870612011809555" lon="-114.19718404762946">
    <ele>2250.0512164048605</ele>
   </trkpt>
   <trkpt lat="43.86990801180745" lon="-114.19785604763062">
    <ele>2251.2294236996495</ele>
   </trkpt>
   <trkpt lat="43.86920400786771" lon="-114.19852803175692">
    <ele>2250.558326663826</ele>
   </trkpt>
   <trkpt lat="43.868500000000004" lon="-114.1992">
    <ele>2250.3685368095557</ele>
   </trkpt>
   <trkpt lat="43.86802000082969" lon="-114.19967000391551">
    <ele>2250.497292960219</ele>
   </trkpt>
   <trkpt lat="43.867540000000005" lon="-114.20014">
    <ele>2250.8125201380353</ele>
   </trkpt>
   <trkpt lat="43.8673" lon="-114.20045">
    <ele>2251.478979720702</ele>
   </trkpt>
   <trkpt lat="43.86688000320179" lon="-114.2010600086584">
    <ele>2253.154935655002</ele>
   </trkpt>
   <trkpt lat="43.86646000315888" lon="-114.20167000872061">
    <ele>2254.752238371547</ele>
   </trkpt>
   <trkpt lat="43.866040000000005" lon="-114.20228000000002">
    <ele>2255.1873898906906</ele>
   </trkpt>
   <trkpt lat="43.86581" lon="-114.20273">
    <ele>2255.2761184952437</ele>
   </trkpt>
   <trkpt lat="43.86571000000001" lon="-114.20309">
    <ele>2255.2750628913172</ele>
   </trkpt>
   <trkpt lat="43.865660000000005" lon="-114.2039">
    <ele>2256.0865734515105</ele>
   </trkpt>
   <trkpt lat="43.865660000000005" lon="-114.20417">
    <ele>2256.6809060065616</ele>
   </trkpt>
   <trkpt lat="43.86563" lon="-114.20435">
    <ele>2257.111964133518</ele>
   </trkpt>
   <trkpt lat="43.86539500151558" lon="-114.2049300021658">
    <ele>2258.1258383069417</ele>
   </trkpt>
   <trkpt lat="43.86516" lon="-114.20551">
    <ele>2259.3032527621644</ele>
   </trkpt>
   <trkpt lat="43.86484500162514" lon="-114.20614000353963">
    <ele>2259.395472798719</ele>
   </trkpt>
   <trkpt lat="43.86453" lon="-114.20677">
    <ele>2259.4212073145745</ele>
   </trkpt>
   <trkpt lat="43.86435" lon="-114.20704">
    <ele>2259.5507118393884</ele>
   </trkpt>
   <trkpt lat="43.86417" lon="-114.20722">
    <ele>2259.721578227074</ele>
   </trkpt>
   <trkpt lat="43.863510000000005" lon="-114.20779">
    <ele>2261.301757638356</ele>
   </trkpt>
   <trkpt lat="43.86337" lon="-114.20798">
    <ele>2261.710929769078</ele>
   </trkpt>
   <trkpt lat="43.863260000000004" lon="-114.2082">
    <ele>2262.081113669755</ele>
   </trkpt>
   <trkpt lat="43.86318000000001" lon="-114.20851">
    <ele>2262.098003601964</ele>
   </trkpt>
   <trkpt lat="43.863150000000005" lon="-114.20878">
    <ele>2261.9916912489634</ele>
   </trkpt>
   <trkpt lat="43.86314" lon="-114.20922000000002">
    <ele>2261.4943847004292</ele>
   </trkpt>
   <trkpt lat="43.86303" lon="-114.20968">
    <ele>2261.2874212636507</ele>
   </trkpt>
   <trkpt lat="43.86292" lon="-114.21000000000001">
    <ele>2261.7094496889713</ele>
   </trkpt>
   <trkpt lat="43.862590000000004" lon="-114.21066">
    <ele>2263.172454491086</ele>
   </trkpt>
   <trkpt lat="43.8623300013538" lon="-114.21122000247124">
    <ele>2265.505957919991</ele>
   </trkpt>
   <trkpt lat="43.86207" lon="-114.21178">
    <ele>2266.8898540068567</ele>
   </trkpt>
   <trkpt lat="43.86198" lon="-114.2121">
    <ele>2267.1070111207705</ele>
   </trkpt>
   <trkpt lat="43.86175500126414" lon="-114.21265000220944">
    <ele>2267.095131490951</ele>
   </trkpt>
   <trkpt lat="43.86153" lon="-114.21320000000001">
    <ele>2267.247687460386</ele>
   </trkpt>
   <trkpt lat="43.86151" lon="-114.21322">
    <ele>2267.247687460386</ele>
   </trkpt>
   <trkpt lat="43.86114500520986" lon="-114.21431000658384">
    <ele>2269.1087090885103</ele>
   </trkpt>
   <trkpt lat="43.860780000000005" lon="-114.2154">
    <ele>2271.3650150171575</ele>
   </trkpt>
   <trkpt lat="43.86040501456341" lon="-114.21645501989148">
    <ele>2271.936192422201</ele>
   </trkpt>
   <trkpt lat="43.860030019421295" lon="-114.21751002651195">
    <ele>2272.5729287302115</ele>
   </trkpt>
   <trkpt lat="43.85965501457388" lon="-114.21856501986137">
    <ele>2273.168830341457</ele>
   </trkpt>
   <trkpt lat="43.859280000000005" lon="-114.21962">
    <ele>2274.1701422893034</ele>
   </trkpt>
   <trkpt lat="43.85898" lon="-114.22028">
    <ele>2275.0067967176337</ele>
   </trkpt>
   <trkpt lat="43.8588" lon="-114.2206">
    <ele>2275.547111334629</ele>
   </trkpt>
   <trkpt lat="43.858410000000006" lon="-114.22122">
    <ele>2276.5068961041957</ele>
   </trkpt>
   <trkpt lat="43.858200000000004" lon="-114.22149">
    <ele>2277.2904756462185</ele>
   </trkpt>
   <trkpt lat="43.857580014670845" lon="-114.22223861811452">
    <ele>2279.03589767208</ele>
   </trkpt>
   <trkpt lat="43.856960024455" lon="-114.22298722066138">
    <ele>2280.5335374478864</ele>
   </trkpt>
   <trkpt lat="43.8563400293527" lon="-114.22373580764115">
    <ele>2281.980926426145</ele>
   </trkpt>
   <trkpt lat="43.855720029364136" lon="-114.22448437905435">
    <ele>2282.830724738859</ele>
   </trkpt>
   <trkpt lat="43.85510002448951" lon="-114.22523293490151">
    <ele>2283.294576482877</ele>
   </trkpt>
   <trkpt lat="43.85448001472904" lon="-114.22598147518318">
    <ele>2283.7051522482016</ele>
   </trkpt>
   <trkpt lat="43.853860000000005" lon="-114.22673">
    <ele>2283.69788831342</ele>
   </trkpt>
   <trkpt lat="43.85330750596121" lon="-114.22740501875822">
    <ele>2282.8056751010995</ele>
   </trkpt>
   <trkpt lat="43.8527550079494" lon="-114.22808002500925">
    <ele>2281.7170179545965</ele>
   </trkpt>
   <trkpt lat="43.85220250596466" lon="-114.22875501875345">
    <ele>2281.357899904002</ele>
   </trkpt>
   <trkpt lat="43.85165000000001" lon="-114.22943000000001">
    <ele>2282.350098135663</ele>
   </trkpt>
   <trkpt lat="43.8513" lon="-114.22982">
    <ele>2283.2039132742157</ele>
   </trkpt>
   <trkpt lat="43.85067000266532" lon="-114.2305950081289">
    <ele>2284.8920659005926</ele>
   </trkpt>
   <trkpt lat="43.85004000000001" lon="-114.23137000000001">
    <ele>2286.6231271841484</ele>
   </trkpt>
   <trkpt lat="43.84968000069483" lon="-114.23179000262166">
    <ele>2287.272253688111</ele>
   </trkpt>
   <trkpt lat="43.849320000000006" lon="-114.23221000000001">
    <ele>2288.005040103255</ele>
   </trkpt>
   <trkpt lat="43.849140000000006" lon="-114.23241000000002">
    <ele>2288.2584252997344</ele>
   </trkpt>
   <trkpt lat="43.848850000000006" lon="-114.23288000000001">
    <ele>2288.8573713561814</ele>
   </trkpt>
   <trkpt lat="43.84855500269991" lon="-114.23365500361945">
    <ele>2289.6765330296585</ele>
   </trkpt>
   <trkpt lat="43.84826" lon="-114.23443">
    <ele>2290.610956290727</ele>
   </trkpt>
   <trkpt lat="43.847893340576185" lon="-114.23534001113295">
    <ele>2291.563299260391</ele>
   </trkpt>
   <trkpt lat="43.84752667393159" lon="-114.23625001107803">
    <ele>2292.775590525375</ele>
   </trkpt>
   <trkpt lat="43.84716" lon="-114.23716">
    <ele>2294.326044800368</ele>
   </trkpt>
   <trkpt lat="43.84684333900813" lon="-114.23796667522929">
    <ele>2295.5946806368274</ele>
   </trkpt>
   <trkpt lat="43.846526672342264" lon="-114.23877334189379">
    <ele>2296.9490559611613</ele>
   </trkpt>
   <trkpt lat="43.846210000000006" lon="-114.23958">
    <ele>2298.489750423957</ele>
   </trkpt>
   <trkpt lat="43.84597" lon="-114.24025">
    <ele>2300.471821397297</ele>
   </trkpt>
   <trkpt lat="43.84558000854518" lon="-114.24124001294723">
    <ele>2303.2143331087045</ele>
   </trkpt>
   <trkpt lat="43.84519000854421" lon="-114.24223001294948">
    <ele>2305.305150802274</ele>
   </trkpt>
   <trkpt lat="43.844800000000006" lon="-114.24322000000001">
    <ele>2306.4282450725277</ele>
   </trkpt>
   <trkpt lat="43.844460000000005" lon="-114.24402">
    <ele>2307.186345572303</ele>
   </trkpt>
   <trkpt lat="43.84410500394875" lon="-114.24498000590002">
    <ele>2307.9330080700047</ele>
   </trkpt>
   <trkpt lat="43.84375000000001" lon="-114.24594">
    <ele>2309.497997290554</ele>
   </trkpt>
   <trkpt lat="43.84339000000001" lon="-114.24676000000001">
    <ele>2312.4551076557746</ele>
   </trkpt>
   <trkpt lat="43.842960000000005" lon="-114.24782">
    <ele>2316.433587453038</ele>
   </trkpt>
   <trkpt lat="43.84279" lon="-114.24827">
    <ele>2316.677337667099</ele>
   </trkpt>
   <trkpt lat="43.842470000000006" lon="-114.24886000000001">
    <ele>2315.8614658495576</ele>
   </trkpt>
   <trkpt lat="43.84197" lon="-114.24952">
    <ele>2314.808416351883</ele>
   </trkpt>
   <trkpt lat="43.84143000209328" lon="-114.25019500597593">
    <ele>2315.61702541836</ele>
   </trkpt>
   <trkpt lat="43.84089" lon="-114.25087">
    <ele>2317.4175296076446</ele>
   </trkpt>
   <trkpt lat="43.84043000126552" lon="-114.2514100041702">
    <ele>2318.6795719171646</ele>
   </trkpt>
   <trkpt lat="43.83997" lon="-114.25195000000001">
    <ele>2320.079860897111</ele>
   </trkpt>
   <trkpt lat="43.83973" lon="-114.25221">
    <ele>2320.996761271363</ele>
   </trkpt>
   <trkpt lat="43.839510000000004" lon="-114.25256">
    <ele>2321.994974511803</ele>
   </trkpt>
   <trkpt lat="43.8390900038151" lon="-114.25350000670002">
    <ele>2323.8256528650695</ele>
   </trkpt>
   <trkpt lat="43.83867" lon="-114.25444">
    <ele>2325.749563746637</ele>
   </trkpt>
   <trkpt lat="43.83818" lon="-114.25543">
    <ele>2327.837865001978</ele>
   </trkpt>
   <trkpt lat="43.83771" lon="-114.25615">
    <ele>2329.6757938770265</ele>
   </trkpt>
   <trkpt lat="43.83744" lon="-114.25668">
    <ele>2330.668854235244</ele>
   </trkpt>
   <trkpt lat="43.837160000000004" lon="-114.25713">
    <ele>2331.704867543123</ele>
   </trkpt>
   <trkpt lat="43.83691" lon="-114.2574">
    <ele>2333.232270459657</ele>
   </trkpt>
   <trkpt lat="43.836780000000005" lon="-114.25749">
    <ele>2333.622055298064</ele>
   </trkpt>
   <trkpt lat="43.83661" lon="-114.25754">
    <ele>2334.302843024628</ele>
   </trkpt>
   <trkpt lat="43.83639" lon="-114.25758">
    <ele>2334.9961446063867</ele>
   </trkpt>
   <trkpt lat="43.835925000201" lon="-114.25756499988957">
    <ele>2337.817957716606</ele>
   </trkpt>
   <trkpt lat="43.835460000000005" lon="-114.25755000000001">
    <ele>2341.027051666302</ele>
   </trkpt>
   <trkpt lat="43.83525" lon="-114.25759000000001">
    <ele>2342.1370223889567</ele>
   </trkpt>
   <trkpt lat="43.83493000000001" lon="-114.25771">
    <ele>2344.207298245797</ele>
   </trkpt>
   <trkpt lat="43.83449000026952" lon="-114.2579550018021">
    <ele>2347.371544262804</ele>
   </trkpt>
   <trkpt lat="43.834050000000005" lon="-114.25820000000002">
    <ele>2350.2723148297528</ele>
   </trkpt>
   <trkpt lat="43.833740000000006" lon="-114.25838">
    <ele>2353.725152087808</ele>
   </trkpt>
   <trkpt lat="43.833400000000005" lon="-114.2587">
    <ele>2357.9484827092183</ele>
   </trkpt>
   <trkpt lat="43.833000000000006" lon="-114.25897">
    <ele>2360.639146866895</ele>
   </trkpt>
   <trkpt lat="43.83217000048769" lon="-114.25932500496354">
    <ele>2363.988112363742</ele>
   </trkpt>
   <trkpt lat="43.831340000000004" lon="-114.25968">
    <ele>2367.30267301004</ele>
   </trkpt>
   <trkpt lat="43.83108" lon="-114.25973">
    <ele>2371.5420885053545</ele>
   </trkpt>
   <trkpt lat="43.830420000000004" lon="-114.25973">
    <ele>2377.0016557011013</ele>
   </trkpt>
   <trkpt lat="43.830070000000006" lon="-114.25977">
    <ele>2380.897884237062</ele>
   </trkpt>
   <trkpt lat="43.82943" lon="-114.25995">
    <ele>2386.529958497361</ele>
   </trkpt>
   <trkpt lat="43.82893000000001" lon="-114.26022">
    <ele>2390.856726951947</ele>
   </trkpt>
   <trkpt lat="43.82836" lon="-114.26072">
    <ele>2395.2882959502876</ele>
   </trkpt>
   <trkpt lat="43.827985000829536" lon="-114.26114000257093">
    <ele>2398.1394421766977</ele>
   </trkpt>
   <trkpt lat="43.82761000000001" lon="-114.26156">
    <ele>2401.1558029660246</ele>
   </trkpt>
   <trkpt lat="43.827130000000004" lon="-114.26223">
    <ele>2404.4107564328115</ele>
   </trkpt>
   <trkpt lat="43.8265" lon="-114.26292000000001">
    <ele>2407.8543712400196</ele>
   </trkpt>
   <trkpt lat="43.82627" lon="-114.26304">
    <ele>2408.1160187415967</ele>
   </trkpt>
   <trkpt lat="43.82593000000001" lon="-114.26310000000001">
    <ele>2408.1344128393916</ele>
   </trkpt>
   <trkpt lat="43.82529" lon="-114.26312000000001">
    <ele>2407.7685467524416</ele>
   </trkpt>
   <trkpt lat="43.824814999947264" lon="-114.2631300000807">
    <ele>2406.9966681697065</ele>
   </trkpt>
   <trkpt lat="43.82434000000001" lon="-114.26314">
    <ele>2406.7974776297538</ele>
   </trkpt>
   <trkpt lat="43.82379499985377" lon="-114.263119999812">
    <ele>2406.8944020905183</ele>
   </trkpt>
   <trkpt lat="43.82325" lon="-114.26310000000001">
    <ele>2407.296210471944</ele>
   </trkpt>
   <trkpt lat="43.822540000000004" lon="-114.263">
    <ele>2404.5537192430415</ele>
   </trkpt>
   <trkpt lat="43.82233" lon="-114.26292000000001">
    <ele>2402.8579333422335</ele>
   </trkpt>
   <trkpt lat="43.8222" lon="-114.26286">
    <ele>2401.6772084224876</ele>
   </trkpt>
   <trkpt lat="43.82199000000001" lon="-114.26264">
    <ele>2399.043188223054</ele>
   </trkpt>
   <trkpt lat="43.821490000000004" lon="-114.26184">
    <ele>2389.587809045027</ele>
   </trkpt>
   <trkpt lat="43.82124" lon="-114.26149000000001">
    <ele>2384.3885075066582</ele>
   </trkpt>
   <trkpt lat="43.82099" lon="-114.26122000000001">
    <ele>2382.070413168775</ele>
   </trkpt>
   <trkpt lat="43.82057500029707" lon="-114.26087499741755">
    <ele>2378.0948239089153</ele>
   </trkpt>
   <trkpt lat="43.82016" lon="-114.26053">
    <ele>2374.9745839703664</ele>
   </trkpt>
   <trkpt lat="43.81954000143687" lon="-114.25992499356259">
    <ele>2370.275347784455</ele>
   </trkpt>
   <trkpt lat="43.818920000000006" lon="-114.25932">
    <ele>2366.044820078508</ele>
   </trkpt>
   <trkpt lat="43.81842" lon="-114.25879">
    <ele>2363.5539725604353</ele>
   </trkpt>
   <trkpt lat="43.81786" lon="-114.25803">
    <ele>2360.112655588353</ele>
   </trkpt>
   <trkpt lat="43.817750000000004" lon="-114.25794">
    <ele>2359.105176654185</ele>
   </trkpt>
   <trkpt lat="43.81763" lon="-114.25785">
    <ele>2358.423732786201</ele>
   </trkpt>
   <trkpt lat="43.8173" lon="-114.25771">
    <ele>2356.2075296751987</ele>
   </trkpt>
   <trkpt lat="43.817150000000005" lon="-114.25771">
    <ele>2355.1299164789834</ele>
   </trkpt>
   <trkpt lat="43.816690000095186" lon="-114.25775500033822">
    <ele>2351.0650250966128</ele>
   </trkpt>
   <trkpt lat="43.816230000000004" lon="-114.2578">
    <ele>2347.2414359959</ele>
   </trkpt>
   <trkpt lat="43.81575" lon="-114.25793000000002">
    <ele>2343.231792618307</ele>
   </trkpt>
   <trkpt lat="43.81552000000001" lon="-114.25808">
    <ele>2341.9908962761447</ele>
   </trkpt>
   <trkpt lat="43.81515000076517" lon="-114.25848500245455">
    <ele>2338.0373356916602</ele>
   </trkpt>
   <trkpt lat="43.814780000000006" lon="-114.25889000000001">
    <ele>2333.9810865206173</ele>
   </trkpt>
   <trkpt lat="43.814490000000006" lon="-114.25914000000002">
    <ele>2331.7813515386497</ele>
   </trkpt>
   <trkpt lat="43.8143" lon="-114.25923">
    <ele>2330.674938415256</ele>
   </trkpt>
   <trkpt lat="43.81416" lon="-114.25928">
    <ele>2330.1412767085776</ele>
   </trkpt>
   <trkpt lat="43.813660000000006" lon="-114.25932">
    <ele>2326.791068092489</ele>
   </trkpt>
   <trkpt lat="43.81324" lon="-114.25943000000001">
    <ele>2324.9480849679503</ele>
   </trkpt>
   <trkpt lat="43.81295" lon="-114.2595">
    <ele>2323.6449229639825</ele>
   </trkpt>
   <trkpt lat="43.8128" lon="-114.25947000000001">
    <ele>2323.158943187833</ele>
   </trkpt>
   <trkpt lat="43.812250000000006" lon="-114.25932">
    <ele>2320.7946277223236</ele>
   </trkpt>
   <trkpt lat="43.81154" lon="-114.25919">
    <ele>2317.009779870088</ele>
   </trkpt>
   <trkpt lat="43.811040000000006" lon="-114.25906">
    <ele>2314.0076309731216</ele>
   </trkpt>
   <trkpt lat="43.810750000000006" lon="-114.25906">
    <ele>2312.1599126477913</ele>
   </trkpt>
   <trkpt lat="43.810190000000006" lon="-114.25923">
    <ele>2307.6895362112623</ele>
   </trkpt>
   <trkpt lat="43.809760000000004" lon="-114.25928">
    <ele>2304.1267678217114</ele>
   </trkpt>
   <trkpt lat="43.809610000000006" lon="-114.25928">
    <ele>2303.0363773923473</ele>
   </trkpt>
   <trkpt lat="43.80919" lon="-114.25919">
    <ele>2300.488013453236</ele>
   </trkpt>
   <trkpt lat="43.808690000000006" lon="-114.25915">
    <ele>2297.866313843928</ele>
   </trkpt>
   <trkpt lat="43.80848" lon="-114.25907000000001">
    <ele>2296.107238524584</ele>
   </trkpt>
   <trkpt lat="43.80785" lon="-114.2587">
    <ele>2290.5534470138136</ele>
   </trkpt>
   <trkpt lat="43.80756" lon="-114.25848">
    <ele>2289.0312265931975</ele>
   </trkpt>
   <trkpt lat="43.80698" lon="-114.25784000000002">
    <ele>2283.091906536551</ele>
   </trkpt>
   <trkpt lat="43.806850000000004" lon="-114.25767">
    <ele>2281.983128824182</ele>
   </trkpt>
   <trkpt lat="43.80664" lon="-114.25727">
    <ele>2279.6050176247245</ele>
   </trkpt>
   <trkpt lat="43.80608" lon="-114.2566">
    <ele>2273.949668704854</ele>
   </trkpt>
   <trkpt lat="43.80547000000001" lon="-114.25601">
    <ele>2268.8048782790415</ele>
   </trkpt>
   <trkpt lat="43.805130000000005" lon="-114.25572000000001">
    <ele>2266.2043192536626</ele>
   </trkpt>
   <trkpt lat="43.80478" lon="-114.25547">
    <ele>2263.638943927587</ele>
   </trkpt>
   <trkpt lat="43.804140000000004" lon="-114.25513000000001">
    <ele>2259.6948668249142</ele>
   </trkpt>
   <trkpt lat="43.80359000000001" lon="-114.25494">
    <ele>2255.635742103264</ele>
   </trkpt>
   <trkpt lat="43.802870000000006" lon="-114.25459000000001">
    <ele>2247.8068127168035</ele>
   </trkpt>
   <trkpt lat="43.80266" lon="-114.25458">
    <ele>2245.905631688415</ele>
   </trkpt>
   <trkpt lat="43.80216" lon="-114.25458">
    <ele>2240.970802965249</ele>
   </trkpt>
   <trkpt lat="43.802020000000006" lon="-114.25458">
    <ele>2240.081282234312</ele>
   </trkpt>
   <trkpt lat="43.801880000000004" lon="-114.25453">
    <ele>2238.011985377094</ele>
   </trkpt>
   <trkpt lat="43.801310000886424" lon="-114.2540849957725">
    <ele>2232.4283261044893</ele>
   </trkpt>
   <trkpt lat="43.800740000000005" lon="-114.25364">
    <ele>2227.3478248556703</ele>
   </trkpt>
   <trkpt lat="43.80050000000001" lon="-114.2535">
    <ele>2225.7109680849935</ele>
   </trkpt>
   <trkpt lat="43.800290000000004" lon="-114.25346">
    <ele>2223.8896518293186</ele>
   </trkpt>
   <trkpt lat="43.80022" lon="-114.2535">
    <ele>2223.8896518293186</ele>
   </trkpt>
   <trkpt lat="43.8001" lon="-114.25356000000001">
    <ele>2223.233271073143</ele>
   </trkpt>
   <trkpt lat="43.800050000000006" lon="-114.25361000000001">
    <ele>2222.613609794922</ele>
   </trkpt>
   <trkpt lat="43.79999" lon="-114.25374000000001">
    <ele>2221.7791107131593</ele>
   </trkpt>
   <trkpt lat="43.79986" lon="-114.25417000000002">
    <ele>2217.646913243491</ele>
   </trkpt>
   <trkpt lat="43.799710000000005" lon="-114.25486000000001">
    <ele>2213.739167655978</ele>
   </trkpt>
   <trkpt lat="43.799640000000004" lon="-114.25499">
    <ele>2212.26668174019</ele>
   </trkpt>
   <trkpt lat="43.79955" lon="-114.25512">
    <ele>2211.513837079333</ele>
   </trkpt>
   <trkpt lat="43.7995" lon="-114.25516">
    <ele>2210.8682778054126</ele>
   </trkpt>
   <trkpt lat="43.7991" lon="-114.25534">
    <ele>2207.9953140520834</ele>
   </trkpt>
   <trkpt lat="43.798480000000005" lon="-114.2557">
    <ele>2202.760230931317</ele>
   </trkpt>
   <trkpt lat="43.79833000000001" lon="-114.25587000000002">
    <ele>2201.2559735100203</ele>
   </trkpt>
   <trkpt lat="43.798080000000006" lon="-114.25623000000002">
    <ele>2198.1590519088136</ele>
   </trkpt>
   <trkpt lat="43.797900000000006" lon="-114.25633">
    <ele>2196.7637443632</ele>
   </trkpt>
   <trkpt lat="43.797560000000004" lon="-114.25647000000001">
    <ele>2194.1258013170664</ele>
   </trkpt>
   <trkpt lat="43.796780000000005" lon="-114.25686">
    <ele>2187.5694185092034</ele>
   </trkpt>
   <trkpt lat="43.796640000000004" lon="-114.25691">
    <ele>2185.2985591084425</ele>
   </trkpt>
   <trkpt lat="43.796350000000004" lon="-114.25691">
    <ele>2181.3063502326995</ele>
   </trkpt>
   <trkpt lat="43.796150000000004" lon="-114.25699000000002">
    <ele>2178.7139539878194</ele>
   </trkpt>
   <trkpt lat="43.795910000000006" lon="-114.25713">
    <ele>2172.4658394786916</ele>
   </trkpt>
   <trkpt lat="43.79563" lon="-114.25736">
    <ele>2167.088109638892</ele>
   </trkpt>
   <trkpt lat="43.79513" lon="-114.25767">
    <ele>2163.029942893321</ele>
   </trkpt>
   <trkpt lat="43.794990000000006" lon="-114.25768000000001">
    <ele>2162.281139109447</ele>
   </trkpt>
   <trkpt lat="43.79471" lon="-114.25764000000001">
    <ele>2161.928960847092</ele>
   </trkpt>
   <trkpt lat="43.79457" lon="-114.25768000000001">
    <ele>2161.9517586014344</ele>
   </trkpt>
   <trkpt lat="43.79428" lon="-114.25789">
    <ele>2162.054052549945</ele>
   </trkpt>
   <trkpt lat="43.7939" lon="-114.25812">
    <ele>2161.3468667968023</ele>
   </trkpt>
   <trkpt lat="43.79381" lon="-114.25822000000001">
    <ele>2160.268281624653</ele>
   </trkpt>
   <trkpt lat="43.79356000000001" lon="-114.25865">
    <ele>2157.341890396804</ele>
   </trkpt>
   <trkpt lat="43.79339" lon="-114.25880000000001">
    <ele>2155.943815853552</ele>
   </trkpt>
   <trkpt lat="43.793260000000004" lon="-114.25888">
    <ele>2155.943815853552</ele>
   </trkpt>
   <trkpt lat="43.79312" lon="-114.25892">
    <ele>2154.4388191988714</ele>
   </trkpt>
   <trkpt lat="43.792970000000004" lon="-114.25893">
    <ele>2152.9832927446487</ele>
   </trkpt>
   <trkpt lat="43.792320000000004" lon="-114.25892">
    <ele>2149.3183749460413</ele>
   </trkpt>
   <trkpt lat="43.79196" lon="-114.25893">
    <ele>2146.045925158034</ele>
   </trkpt>
   <trkpt lat="43.791540000000005" lon="-114.25901">
    <ele>2141.9730317471995</ele>
   </trkpt>
   <trkpt lat="43.791050000000006" lon="-114.25914000000002">
    <ele>2136.4004346938127</ele>
   </trkpt>
   <trkpt lat="43.7907" lon="-114.25924">
    <ele>2134.6008369790097</ele>
   </trkpt>
   <trkpt lat="43.790200000000006" lon="-114.25952000000001">
    <ele>2129.1966629341778</ele>
   </trkpt>
   <trkpt lat="43.790040000000005" lon="-114.25968">
    <ele>2126.965840216869</ele>
   </trkpt>
   <trkpt lat="43.78976" lon="-114.26">
    <ele>2124.158069754495</ele>
   </trkpt>
   <trkpt lat="43.7896" lon="-114.26017000000002">
    <ele>2122.885251348327</ele>
   </trkpt>
   <trkpt lat="43.789480000000005" lon="-114.26024000000001">
    <ele>2122.2465636874335</ele>
   </trkpt>
   <trkpt lat="43.78923" lon="-114.26036">
    <ele>2120.147742181625</ele>
   </trkpt>
   <trkpt lat="43.78867" lon="-114.26050000000001">
    <ele>2115.7301287173896</ele>
   </trkpt>
   <trkpt lat="43.788093334355416" lon="-114.26085334019173">
    <ele>2109.53090927817</ele>
   </trkpt>
   <trkpt lat="43.7875166676223" lon="-114.26120667356567">
    <ele>2104.456405232619</ele>
   </trkpt>
   <trkpt lat="43.78694" lon="-114.26156">
    <ele>2100.697664144088</ele>
   </trkpt>
   <trkpt lat="43.78636666816098" lon="-114.26197667467353">
    <ele>2096.766452857621</ele>
   </trkpt>
   <trkpt lat="43.785793334808254" lon="-114.26239334135418">
    <ele>2091.6168792251356</ele>
   </trkpt>
   <trkpt lat="43.78522" lon="-114.26281000000002">
    <ele>2085.4311395750333</ele>
   </trkpt>
   <trkpt lat="43.78459500071001" lon="-114.26317500374064">
    <ele>2080.124736740268</ele>
   </trkpt>
   <trkpt lat="43.783970000000004" lon="-114.26354">
    <ele>2075.3478202121146</ele>
   </trkpt>
   <trkpt lat="43.78367" lon="-114.2638">
    <ele>2072.1392627318864</ele>
   </trkpt>
   <trkpt lat="43.78296" lon="-114.26452">
    <ele>2064.4054104145107</ele>
   </trkpt>
   <trkpt lat="43.78273" lon="-114.2647">
    <ele>2062.2123724861585</ele>
   </trkpt>
   <trkpt lat="43.78235" lon="-114.26492">
    <ele>2060.0241532165414</ele>
   </trkpt>
   <trkpt lat="43.78161" lon="-114.26523">
    <ele>2053.4540088345016</ele>
   </trkpt>
   <trkpt lat="43.781420000000004" lon="-114.26532">
    <ele>2051.047267694591</ele>
   </trkpt>
   <trkpt lat="43.78112" lon="-114.26555">
    <ele>2048.688630272027</ele>
   </trkpt>
   <trkpt lat="43.78047600424985" lon="-114.2660440212882">
    <ele>2042.7345161693981</ele>
   </trkpt>
   <trkpt lat="43.77983200637186" lon="-114.26653803193402">
    <ele>2036.8973692081777</ele>
   </trkpt>
   <trkpt lat="43.77918800636615" lon="-114.26703203193789">
    <ele>2031.8900080796475</ele>
   </trkpt>
   <trkpt lat="43.778544004232806" lon="-114.26752602130026">
    <ele>2027.9188783093527</ele>
   </trkpt>
   <trkpt lat="43.7779" lon="-114.26802">
    <ele>2021.8738238637743</ele>
   </trkpt>
   <trkpt lat="43.777570000000004" lon="-114.26832">
    <ele>2018.0793145857056</ele>
   </trkpt>
   <trkpt lat="43.777300000000004" lon="-114.26865000000001">
    <ele>2014.092305513512</ele>
   </trkpt>
   <trkpt lat="43.776740000000004" lon="-114.26959000000001">
    <ele>2006.2913221789138</ele>
   </trkpt>
   <trkpt lat="43.776650000000004" lon="-114.26971">
    <ele>2004.8464428247996</ele>
   </trkpt>
   <trkpt lat="43.776450000000004" lon="-114.26993000000002">
    <ele>2002.634941802913</ele>
   </trkpt>
   <trkpt lat="43.775822502294076" lon="-114.27035251332786">
    <ele>1997.2930732694745</ele>
   </trkpt>
   <trkpt lat="43.775195003031754" lon="-114.27077501778838">
    <ele>1992.8164898948366</ele>
   </trkpt>
   <trkpt lat="43.774567502213095" lon="-114.27119751338198">
    <ele>1988.0903822669961</ele>
   </trkpt>
   <trkpt lat="43.77394" lon="-114.27162000000001">
    <ele>1983.3635056107946</ele>
   </trkpt>
   <trkpt lat="43.77329000160573" lon="-114.27223000664543">
    <ele>1977.2376914660604</ele>
   </trkpt>
   <trkpt lat="43.77264" lon="-114.27284000000002">
    <ele>1973.1684964200858</ele>
   </trkpt>
   <trkpt lat="43.772240000000004" lon="-114.27318000000001">
    <ele>1971.2724838373356</ele>
   </trkpt>
   <trkpt lat="43.77185" lon="-114.27347">
    <ele>1969.674183235532</ele>
   </trkpt>
   <trkpt lat="43.77110787319428" lon="-114.27400222869271">
    <ele>1967.253165123778</ele>
   </trkpt>
   <trkpt lat="43.77036574391895" lon="-114.27453444417722">
    <ele>1965.1469118779637</ele>
   </trkpt>
   <trkpt lat="43.76962361217408" lon="-114.27506664645416">
    <ele>1963.318418391861</ele>
   </trkpt>
   <trkpt lat="43.76888147795983" lon="-114.27559883552415">
    <ele>1961.7540176954053</ele>
   </trkpt>
   <trkpt lat="43.76813934127632" lon="-114.27613101138782">
    <ele>1960.6995216980945</ele>
   </trkpt>
   <trkpt lat="43.76739720212367" lon="-114.27666317404578">
    <ele>1960.2378470613867</ele>
   </trkpt>
   <trkpt lat="43.766655060502" lon="-114.27719532349867">
    <ele>1959.7090372449716</ele>
   </trkpt>
   <trkpt lat="43.76591291641146" lon="-114.27772745974711">
    <ele>1958.4376271436793</ele>
   </trkpt>
   <trkpt lat="43.76517076985214" lon="-114.27825958279175">
    <ele>1956.3015058039866</ele>
   </trkpt>
   <trkpt lat="43.7644286208242" lon="-114.27879169263319">
    <ele>1953.851917293418</ele>
   </trkpt>
   <trkpt lat="43.76368646932775" lon="-114.27932378927208">
    <ele>1951.3291564293022</ele>
   </trkpt>
   <trkpt lat="43.76294431536289" lon="-114.279855872709">
    <ele>1948.7515296659024</ele>
   </trkpt>
   <trkpt lat="43.76220215892979" lon="-114.28038794294461">
    <ele>1946.4641166592867</ele>
   </trkpt>
   <trkpt lat="43.76146000000001" lon="-114.28092000000001">
    <ele>1944.4276514100509</ele>
   </trkpt>
   <trkpt lat="43.76095" lon="-114.28131">
    <ele>1943.240572405332</ele>
   </trkpt>
   <trkpt lat="43.76031333521522" lon="-114.2817700097631">
    <ele>1942.9014334132644</ele>
   </trkpt>
   <trkpt lat="43.75967666858559" lon="-114.28223000973618">
    <ele>1943.9511734484543</ele>
   </trkpt>
   <trkpt lat="43.759040000000006" lon="-114.28269">
    <ele>1945.5495890732577</ele>
   </trkpt>
   <trkpt lat="43.75856" lon="-114.28301">
    <ele>1946.174784532548</ele>
   </trkpt>
   <trkpt lat="43.757940000000005" lon="-114.28338000000001">
    <ele>1945.4005009913162</ele>
   </trkpt>
   <trkpt lat="43.757360000000006" lon="-114.28369">
    <ele>1943.5468169675732</ele>
   </trkpt>
   <trkpt lat="43.75666000046246" lon="-114.2840250039317">
    <ele>1940.721376829661</ele>
   </trkpt>
   <trkpt lat="43.75596" lon="-114.28436">
    <ele>1937.4466796198753</ele>
   </trkpt>
   <trkpt lat="43.755500000000005" lon="-114.28462">
    <ele>1936.0357689181596</ele>
   </trkpt>
   <trkpt lat="43.75513" lon="-114.28484">
    <ele>1936.1727039236516</ele>
   </trkpt>
   <trkpt lat="43.754490000000004" lon="-114.2853">
    <ele>1938.0309428190074</ele>
   </trkpt>
   <trkpt lat="43.753890000000006" lon="-114.28583">
    <ele>1938.9749106768054</ele>
   </trkpt>
   <trkpt lat="43.75328750410258" lon="-114.28639251702201">
    <ele>1937.7371614378726</ele>
   </trkpt>
   <trkpt lat="43.752685005446494" lon="-114.2869550227177">
    <ele>1937.4898443516665</ele>
   </trkpt>
   <trkpt lat="43.75208250403186" lon="-114.2875175170875">
    <ele>1939.245536331196</ele>
   </trkpt>
   <trkpt lat="43.75148" lon="-114.28808000000001">
    <ele>1941.5847520623615</ele>
   </trkpt>
   <trkpt lat="43.750930000000004" lon="-114.28866000000001">
    <ele>1943.6816567446915</ele>
   </trkpt>
   <trkpt lat="43.750620000000005" lon="-114.28906">
    <ele>1943.9998388965064</ele>
   </trkpt>
   <trkpt lat="43.750460000000004" lon="-114.28932">
    <ele>1944.039694617184</ele>
   </trkpt>
   <trkpt lat="43.75011000168223" lon="-114.28995500385032">
    <ele>1944.0105736124156</ele>
   </trkpt>
   <trkpt lat="43.74976" lon="-114.29059000000001">
    <ele>1943.5343028217694</ele>
   </trkpt>
   <trkpt lat="43.749390000000005" lon="-114.29116">
    <ele>1943.6111305773911</ele>
   </trkpt>
   <trkpt lat="43.748960000000004" lon="-114.29165">
    <ele>1942.3823682882094</ele>
   </trkpt>
   <trkpt lat="43.74844666897172" lon="-114.29217000897235">
    <ele>1939.8391200251826</ele>
   </trkpt>
   <trkpt lat="43.747933335585955" lon="-114.29269000902535">
    <ele>1936.4490801520233</ele>
   </trkpt>
   <trkpt lat="43.747420000000005" lon="-114.29321000000002">
    <ele>1934.2584978901436</ele>
   </trkpt>
   <trkpt lat="43.746790000000004" lon="-114.29379000000002">
    <ele>1933.2777825911312</ele>
   </trkpt>
   <trkpt lat="43.746330000613966" lon="-114.29415500277854">
    <ele>1932.9552589019574</ele>
   </trkpt>
   <trkpt lat="43.745870000000004" lon="-114.29452">
    <ele>1931.8840515972934</ele>
   </trkpt>
   <trkpt lat="43.745125465282534" lon="-114.29501642537204">
    <ele>1928.9996604412536</ele>
   </trkpt>
   <trkpt lat="43.74438092841661" lon="-114.29551283839562">
    <ele>1928.1123230076062</ele>
   </trkpt>
   <trkpt lat="43.74363638940232" lon="-114.29600923907141">
    <ele>1926.3144895885168</ele>
   </trkpt>
   <trkpt lat="43.74289184823981" lon="-114.2965056273999">
    <ele>1924.1935400783998</ele>
   </trkpt>
   <trkpt lat="43.742147304929134" lon="-114.29700200338176">
    <ele>1921.9480873148534</ele>
   </trkpt>
   <trkpt lat="43.74140275947044" lon="-114.29749836701755">
    <ele>1919.719289871258</ele>
   </trkpt>
   <trkpt lat="43.74065821186384" lon="-114.29799471830789">
    <ele>1917.732570014946</ele>
   </trkpt>
   <trkpt lat="43.73991366210944" lon="-114.29849105725333">
    <ele>1916.0911849993088</ele>
   </trkpt>
   <trkpt lat="43.73916911020734" lon="-114.2989873838545">
    <ele>1914.4106087130465</ele>
   </trkpt>
   <trkpt lat="43.738424556157646" lon="-114.29948369811197">
    <ele>1912.5135041467568</ele>
   </trkpt>
   <trkpt lat="43.737680000000005" lon="-114.29998">
    <ele>1910.4811418909073</ele>
   </trkpt>
   <trkpt lat="43.737" lon="-114.30047">
    <ele>1907.7496129015917</ele>
   </trkpt>
   <trkpt lat="43.73685666666667" lon="-114.30059">
    <ele>1907.2467621539624</ele>
   </trkpt>
   <trkpt lat="43.73671322177587" lon="-114.30070975532858">
    <ele>1907.2467621539624</ele>
   </trkpt>
   <trkpt lat="43.7365713703296" lon="-114.30083279670832">
    <ele>1906.8189156407286</ele>
   </trkpt>
   <trkpt lat="43.73640388454603" lon="-114.30100012701959">
    <ele>1906.8189156407286</ele>
   </trkpt>
   <trkpt lat="43.73586672347414" lon="-114.30158145036201">
    <ele>1904.4614364916445</ele>
   </trkpt>
   <trkpt lat="43.735258395972245" lon="-114.30231126647904">
    <ele>1899.2697780535748</ele>
   </trkpt>
   <trkpt lat="43.73469005767018" lon="-114.30306352003049">
    <ele>1894.9690627623543</ele>
   </trkpt>
   <trkpt lat="43.73405965660317" lon="-114.30393572180053">
    <ele>1891.8341123391804</ele>
   </trkpt>
   <trkpt lat="43.73346036764255" lon="-114.30477651091466">
    <ele>1890.0448382509223</ele>
   </trkpt>
   <trkpt lat="43.732854205511906" lon="-114.30563271151385">
    <ele>1887.2242783423947</ele>
   </trkpt>
   <trkpt lat="43.73224438331567" lon="-114.3064970259317">
    <ele>1883.4502926967052</ele>
   </trkpt>
   <trkpt lat="43.73179532252176" lon="-114.30715712602617">
    <ele>1879.5095014389208</ele>
   </trkpt>
   <trkpt lat="43.731330492056486" lon="-114.30790790463823">
    <ele>1875.8347451917969</ele>
   </trkpt>
   <trkpt lat="43.73078912895208" lon="-114.30885693115205">
    <ele>1872.3927187923719</ele>
   </trkpt>
   <trkpt lat="43.73028639670041" lon="-114.30980924832838">
    <ele>1870.4850245694251</ele>
   </trkpt>
   <trkpt lat="43.72981243417964" lon="-114.31085757406356">
    <ele>1869.525252534966</ele>
   </trkpt>
   <trkpt lat="43.72938047496538" lon="-114.3118163145009">
    <ele>1869.3821380516767</ele>
   </trkpt>
   <trkpt lat="43.728934286947826" lon="-114.31280784474896">
    <ele>1869.2626926962669</ele>
   </trkpt>
   <trkpt lat="43.72852283403507" lon="-114.31372343725273">
    <ele>1868.9307872012084</ele>
   </trkpt>
   <trkpt lat="43.72810270803404" lon="-114.31465986846192">
    <ele>1868.0937580155612</ele>
   </trkpt>
   <trkpt lat="43.72769105794117" lon="-114.31557941780683">
    <ele>1866.7281796219104</ele>
   </trkpt>
   <trkpt lat="43.727244390666435" lon="-114.31658056537705">
    <ele>1865.2733552073223</ele>
   </trkpt>
   <trkpt lat="43.72681022694128" lon="-114.31756170711229">
    <ele>1864.0586679229725</ele>
   </trkpt>
   <trkpt lat="43.726412233425016" lon="-114.31851838483612">
    <ele>1863.093136040068</ele>
   </trkpt>
   <trkpt lat="43.72601455794473" lon="-114.31956739637121">
    <ele>1860.7406675477916</ele>
   </trkpt>
   <trkpt lat="43.725648480058084" lon="-114.32061475085952">
    <ele>1858.863205252702</ele>
   </trkpt>
   <trkpt lat="43.72527390907918" lon="-114.32170647683277">
    <ele>1857.0898433703314</ele>
   </trkpt>
   <trkpt lat="43.72489366902296" lon="-114.32274229661054">
    <ele>1856.1704490283234</ele>
   </trkpt>
   <trkpt lat="43.72459698081165" lon="-114.32347090016226">
    <ele>1854.8056456918755</ele>
   </trkpt>
   <trkpt lat="43.72435251774286" lon="-114.3239889882635">
    <ele>1853.5580305406074</ele>
   </trkpt>
   <trkpt lat="43.72404779624517" lon="-114.32455233730671">
    <ele>1853.3717165404757</ele>
   </trkpt>
   <trkpt lat="43.72367699644596" lon="-114.32515525586561">
    <ele>1853.678624698374</ele>
   </trkpt>
   <trkpt lat="43.7232357433897" lon="-114.32580071933789">
    <ele>1853.765323771938</ele>
   </trkpt>
   <trkpt lat="43.72261694834747" lon="-114.32664576931744">
    <ele>1852.8418543267992</ele>
   </trkpt>
   <trkpt lat="43.7220293794765" lon="-114.32744740712012">
    <ele>1851.664694555299</ele>
   </trkpt>
   <trkpt lat="43.721488495839886" lon="-114.32823211107359">
    <ele>1851.950302655443</ele>
   </trkpt>
   <trkpt lat="43.72090089462246" lon="-114.32914204012904">
    <ele>1853.2555298510688</ele>
   </trkpt>
   <trkpt lat="43.72033111086981" lon="-114.33008615409848">
    <ele>1854.880639984384</ele>
   </trkpt>
   <trkpt lat="43.71987673898044" lon="-114.33090297950447">
    <ele>1855.6991104636998</ele>
   </trkpt>
   <trkpt lat="43.71950695755352" lon="-114.33163596479821">
    <ele>1856.1110878107227</ele>
   </trkpt>
   <trkpt lat="43.71904024189124" lon="-114.33265811217203">
    <ele>1856.023737443131</ele>
   </trkpt>
   <trkpt lat="43.71855266708163" lon="-114.33369800064409">
    <ele>1855.2823121049478</ele>
   </trkpt>
   <trkpt lat="43.71805865891561" lon="-114.33471084354026">
    <ele>1854.4102806793865</ele>
   </trkpt>
   <trkpt lat="43.717607976779945" lon="-114.33557374063132">
    <ele>1853.6855473052594</ele>
   </trkpt>
   <trkpt lat="43.717190033483966" lon="-114.33627350007238">
    <ele>1852.6850407834008</ele>
   </trkpt>
   <trkpt lat="43.716790652152014" lon="-114.33690190740599">
    <ele>1851.5991964383586</ele>
   </trkpt>
   <trkpt lat="43.71645760481376" lon="-114.33735706697453">
    <ele>1850.2502494121582</ele>
   </trkpt>
   <trkpt lat="43.71608512057811" lon="-114.33779549173181">
    <ele>1849.1357050848644</ele>
   </trkpt>
   <trkpt lat="43.715674387192685" lon="-114.33821561346579">
    <ele>1847.943004070392</ele>
   </trkpt>
   <trkpt lat="43.715175664090665" lon="-114.33866472434208">
    <ele>1846.7843216171088</ele>
   </trkpt>
   <trkpt lat="43.71445110817278" lon="-114.33924869605372">
    <ele>1845.769665744577</ele>
   </trkpt>
   <trkpt lat="43.71371761140487" lon="-114.33979943905454">
    <ele>1844.8720809369615</ele>
   </trkpt>
   <trkpt lat="43.712946194511204" lon="-114.34035703474684">
    <ele>1844.3843580893001</ele>
   </trkpt>
   <trkpt lat="43.71216910950823" lon="-114.34090981096413">
    <ele>1843.1640752648666</ele>
   </trkpt>
   <trkpt lat="43.71141860841235" lon="-114.34144609554002">
    <ele>1841.92993707442</ele>
   </trkpt>
   <trkpt lat="43.71066225440117" lon="-114.34200302999692">
    <ele>1840.5985176618458</ele>
   </trkpt>
   <trkpt lat="43.71023896786142" lon="-114.34234303406481">
    <ele>1839.8070499628602</ele>
   </trkpt>
   <trkpt lat="43.70986727799159" lon="-114.34268710815543">
    <ele>1839.4309610172775</ele>
   </trkpt>
   <trkpt lat="43.709499351775705" lon="-114.34308060033354">
    <ele>1839.2162276276904</ele>
   </trkpt>
   <trkpt lat="43.70914899154133" lon="-114.34351655891284">
    <ele>1838.8137238182833</ele>
   </trkpt>
   <trkpt lat="43.70882613581004" lon="-114.343982752281">
    <ele>1837.9790272401763</ele>
   </trkpt>
   <trkpt lat="43.70848766728203" lon="-114.34454176506127">
    <ele>1836.7888465496842</ele>
   </trkpt>
   <trkpt lat="43.70793351111085" lon="-114.34549590141516">
    <ele>1836.7345092704165</ele>
   </trkpt>
   <trkpt lat="43.70744553737834" lon="-114.34627491859867">
    <ele>1837.484081769744</ele>
   </trkpt>
   <trkpt lat="43.70711073651811" lon="-114.34675015146887">
    <ele>1837.5948752540353</ele>
   </trkpt>
   <trkpt lat="43.70693877041411" lon="-114.34694735928082">
    <ele>1837.0724730698553</ele>
   </trkpt>
   <trkpt lat="43.70666955803516" lon="-114.34718176039402">
    <ele>1836.9154727696027</ele>
   </trkpt>
   <trkpt lat="43.70621316834007" lon="-114.34750856333532">
    <ele>1835.3855862478206</ele>
   </trkpt>
   <trkpt lat="43.705410482026586" lon="-114.34804376644487">
    <ele>1832.6051719175505</ele>
   </trkpt>
   <trkpt lat="43.70462116143459" lon="-114.34855910859321">
    <ele>1829.8673854694177</ele>
   </trkpt>
   <trkpt lat="43.70381739080405" lon="-114.34906736078916">
    <ele>1827.3913436879327</ele>
   </trkpt>
   <trkpt lat="43.70306871611308" lon="-114.34953417660432">
    <ele>1824.5593848913657</ele>
   </trkpt>
   <trkpt lat="43.702305805510065" lon="-114.3500044771555">
    <ele>1822.6558712025453</ele>
   </trkpt>
   <trkpt lat="43.701514454056024" lon="-114.35048571566334">
    <ele>1822.2305895808468</ele>
   </trkpt>
   <trkpt lat="43.7007284463755" lon="-114.35095766665837">
    <ele>1822.418407823694</ele>
   </trkpt>
   <trkpt lat="43.699921409989194" lon="-114.35146328803407">
    <ele>1822.1031049177718</ele>
   </trkpt>
   <trkpt lat="43.69953382117107" lon="-114.35174594214885">
    <ele>1821.5900209754068</ele>
   </trkpt>
   <trkpt lat="43.69928500792365" lon="-114.3519715377393">
    <ele>1821.1218126025972</ele>
   </trkpt>
   <trkpt lat="43.69910803652649" lon="-114.35218088271202">
    <ele>1820.760120920404</ele>
   </trkpt>
   <trkpt lat="43.698855230408014" lon="-114.3525797317378">
    <ele>1820.5354593699544</ele>
   </trkpt>
   <trkpt lat="43.69832439255353" lon="-114.35349472422821">
    <ele>1819.2165392769493</ele>
   </trkpt>
   <trkpt lat="43.697825038878015" lon="-114.35443326754134">
    <ele>1818.8948915382014</ele>
   </trkpt>
   <trkpt lat="43.69751245352106" lon="-114.35496333935421">
    <ele>1818.6666815095168</ele>
   </trkpt>
   <trkpt lat="43.69718365428177" lon="-114.35545067582149">
    <ele>1818.7743561682473</ele>
   </trkpt>
   <trkpt lat="43.696916324356984" lon="-114.35578680455421">
    <ele>1818.7775000884408</ele>
   </trkpt>
   <trkpt lat="43.69661739776022" lon="-114.35609067606357">
    <ele>1818.6456712498232</ele>
   </trkpt>
   <trkpt lat="43.696313543877814" lon="-114.35634214111587">
    <ele>1817.9323001977166</ele>
   </trkpt>
   <trkpt lat="43.696007196645155" lon="-114.35654244323612">
    <ele>1816.6985261078867</ele>
   </trkpt>
   <trkpt lat="43.69565053974302" lon="-114.35672158767265">
    <ele>1816.1477827434192</ele>
   </trkpt>
   <trkpt lat="43.69525849025211" lon="-114.35686688712806">
    <ele>1814.2961899618172</ele>
   </trkpt>
   <trkpt lat="43.69455491345134" lon="-114.35705791562992">
    <ele>1810.923375398156</ele>
   </trkpt>
   <trkpt lat="43.69371441213978" lon="-114.35725172857232">
    <ele>1809.164959106699</ele>
   </trkpt>
   <trkpt lat="43.693178810621575" lon="-114.35733643160745">
    <ele>1808.293844984434</ele>
   </trkpt>
   <trkpt lat="43.69299184987407" lon="-114.35730537499805">
    <ele>1808.293844984434</ele>
   </trkpt>
   <trkpt lat="43.69280333335262" lon="-114.35725833334844">
    <ele>1807.801720894828</ele>
   </trkpt>
   <trkpt lat="43.692620000000005" lon="-114.35726000000001">
    <ele>1807.801720894828</ele>
   </trkpt>
   <trkpt lat="43.6919733336826" lon="-114.35706666250445">
    <ele>1806.5945858835976</ele>
   </trkpt>
   <trkpt lat="43.691326667039334" lon="-114.35687332917816">
    <ele>1803.9234072660065</ele>
   </trkpt>
   <trkpt lat="43.69068" lon="-114.35668000000001">
    <ele>1801.3607437977328</ele>
   </trkpt>
   <trkpt lat="43.690149999881214" lon="-114.35665999981873">
    <ele>1800.1725753149458</ele>
   </trkpt>
   <trkpt lat="43.689620000000005" lon="-114.35664000000001">
    <ele>1799.015208067897</ele>
   </trkpt>
   <trkpt lat="43.689035000223015" lon="-114.3568650021936">
    <ele>1798.3573551278805</ele>
   </trkpt>
   <trkpt lat="43.68845" lon="-114.35709000000001">
    <ele>1797.2669723370382</ele>
   </trkpt>
   <trkpt lat="43.687836667919065" lon="-114.35746667436011">
    <ele>1796.3082931253682</ele>
   </trkpt>
   <trkpt lat="43.68722333460129" lon="-114.3578433410171">
    <ele>1794.75095478632</ele>
   </trkpt>
   <trkpt lat="43.68661" lon="-114.35822">
    <ele>1793.4851874962842</ele>
   </trkpt>
   <trkpt lat="43.686635" lon="-114.35843500000001">
    <ele>1793.3196277113313</ele>
   </trkpt>
   <trkpt lat="43.68665662994192" lon="-114.35865033784948">
    <ele>1792.8367027208042</ele>
   </trkpt>
   <trkpt lat="43.68665705926126" lon="-114.35894887445684">
    <ele>1792.5330707524906</ele>
   </trkpt>
   <trkpt lat="43.68663530357671" lon="-114.35924961221929">
    <ele>1792.5330707524906</ele>
   </trkpt>
   <trkpt lat="43.68656474282845" lon="-114.3594724534515">
    <ele>1792.3246566537348</ele>
   </trkpt>
   <trkpt lat="43.68643638026271" lon="-114.35960174736472">
    <ele>1792.1668823831153</ele>
   </trkpt>
   <trkpt lat="43.68629699925351" lon="-114.35970157230288">
    <ele>1792.0555829908797</ele>
   </trkpt>
   <trkpt lat="43.68615290615299" lon="-114.35979018829451">
    <ele>1792.0555829908797</ele>
   </trkpt>
  </trkseg>
 </trk>
</gpx>